# Burmese pronunciation lexicon (the 🟡→✅ lexical layer) — undiacritized word ⇥ canonical IPA, for words the
# rule g2p gets wrong (lexical rime, colloquial, Pali gemination, loanword ⟨ရ⟩→ɹ). Mined from the kaikki gold
# (Wiktionary, CC-BY-SA) by tools/build-my-dict.ts; tone diacritics converted to our Chao letters. Applied in
# burmese.ts (an exact-word override before the g2p rules); OOV words keep the rule reading.
ကကတစ်	ka˥ˀɡədɪʔ
ကကုသန်	ka˥ˀku˥ˀθa˨ɴ
ကကုသန်ဘုရား	ka˥ˀku˥ˀθa˨ɴpʰəja˥˩
ကကြီး	ka˥ˀd͡ʑi˥˩
ကကွက်	ka˥ˀɡwɛʔ
ကချေသည်	ka˥ˀd͡ʑe˨ðe˨
ကင်ပွန်းတပ်	kəmʊ˥˩ɴdaʔ
ကင်ဘာရာ	kɪ˨ɴba˨ɹa˨
ကင်မရာ	kɪ˨ɴməɹa˨
ကင်မရွန်း	kɪ˨ɴma˥ˀɹʊ˥˩ɴ
ကင်းခြေများ	kɪ˥˩ɴt͡ɕi˨mja˥˩
ကင်းထောက်လေယာဉ်	kɪ˥˩ɴdaʊʔle˨jɪ˨ɴ
ကစ္ဆပနဒီ	kɪʔsʰa˥ˀpənədi˨
ကဆုန်လပြည့်နေ့	kəsʰo˨ʊɴla˥ˀpji˥ˀne˥ˀ
ကတညုတ	kətɪ˨ɴɲu˥ˀta˥ˀ
ကတည်းက	ɡədɛ˥˩ɡa˥ˀ
ကတ္တီပါ	ɡədi˨ba˨
ကတ်ကြေး	kaʔt͡ɕi˥˩
ကတ်ကြေးကိုက်	kaʔt͡ɕi˥˩kaɪʔ
ကထာန	məha˨kətʰa˨na˥ˀ
ကဒ်	ka˨d
ကနေဒါ	ka˥ˀne˨da˨
ကန့်လန့်ကာ	kələɡa˨
ကန်စွန်း	ɡəzʊ˥˩ɴ
ကန်စွန်းဥ	ɡəzʊ˥˩ɴʔu˥ˀ
ကန်တော့	ɡədɔ˥ˀ
ကန်တော့ပွဲ	ɡədɔ˥ˀbwɛ˥˩
ကန်ထရိုက်	ka˨ɴtʰəɹaɪʔ
ကပိလဝတ်	kəpi˥ˀla˥ˀwʊʔ
ကပြား	ka˥ˀbja˥˩
ကပွဲရုံ	ka˥ˀbwɛ˥˩jo˨ʊɴ
ကဘီလူး	ka˥ˀbəlu˥˩
ကဘူးလ်	ka˥ˀbu˥˩
ကမန်	ka˥ˀma˨ɴ
ကမ္ပည်း	ɡəbji˥˩
ကမ္ပည်းထိုး	ɡəbji˥˩tʰo˥˩
ကမ္ဗလာ	ɡəbəla˨
ကမ္ဗောဇရဋ္ဌ	ka˨ɴbɔ˥˩za˥ˀjaʔtʰa˥ˀ
ကမ္ဘာ	ɡəba˨
ကမ္ဘာကျော်	ɡəba˨d͡ʑɔ˨
ကမ္ဘာဂြိုဟ်	ɡəba˨d͡ʑo˨
ကမ္ဘာစစ်	ɡəba˨sɪʔ
ကမ္ဘာဖလား	ɡəba˨pʰəla˥˩
ကမ္ဘာရန်	ɡəba˨ja˨ɴ
ကမ္ဘာလုံး	ɡəba˨lo˥˩ʊɴ
ကမ္ဘာလုံးခြမ်း	ɡəba˨lo˥˩ʊɴd͡ʑa˨ɴ
ကမ္ဘာလှည့်ခရီးသည်	ɡəba˨l̥ɛ˥ˀkʰəji˨ðe˨
ကမ္ဘာ့ဖလား	ɡəba˥ˀpʰəla˥˩
ကမ္မဝါ	ka˨ɴma˥ˀwa˨
ကမ္မဝါစာ	ka˨ɴma˥ˀwa˨sa˨
ကရကဋ်	kəɹa˥ˀkaʔ
ကရက်	ka˥ˀɹɛʔ
ကရစ်ကက်	kəɹɪʔkɛʔ
ကရမက်	kəɹəmɛʔ
ကရဝိက်	kəɹa˥ˀweɪʔ
ကရဝေး	kəɹəwe˥˩
ကရဝေးရွက်	kəɹəwe˥˩jwɛʔ
ကရာတေး	kəɹa˨te˥˩
ကရိန်း	kəɹe˥˩ɪɴ
ကလိုရင်း	kəlo˨ɹɪ˥˩ɴ
ကလေး	kʰəle˥˩
ကလျာ	kələja˨
ကလျာဏမိတ္တ	kələja˨na˥ˀmeɪʔta˥ˀ
ကလျာဏီ	kələja˨ni˨
ကာကွယ်	ka˨ɡwɛ˨
ကာကွယ်ဆေး	ka˨ɡwɛ˨ze˥˩
ကာကွယ်ရေး	ka˨ɡwɛ˨je˥˩
ကာကွယ်ရေးဦးစီးချုပ်	ka˨ɡwɛ˨je˥˩ʔu˥˩zi˥˩d͡ʑoʊʔ
ကာဂစ်စတန်	kəɡɪʔsəta˨ɴ
ကာဂျစ္စတန်	kəd͡ʑɪʔsəta˨ɴ
ကာမသုတ်	ka˨ma˥ˀθoʊʔ
ကာယ	kəja˥ˀ
ကာယဆရာ	ka˨ja˥ˀsʰəja˨
ကာယပညာ	ka˨ja˥ˀpjɪ˨ɴɲa˨
ကာရန်	kəja˨ɴ
ကာရာအိုကေ	ka˨ɹa˨ʔo˨ke˨
ကာလသားရောဂါ	ka˨la˥ˀθa˥˩jɔ˥˩ɡa˨
ကာလာမသုတ်	ka˨la˨ma˥ˀθoʊʔ
ကား	ɡa˥˩
ကိစ္စ	keɪʔsa˥ˀ
ကိစ္စမရှိပါဘူး	keɪʔsa˥ˀməʃi˥ˀpa˨bu˥˩
ကိစ္စမရှိဘူး	keɪʔsa˥ˀməʃi˥ˀbu˥˩
ကိတ်ဗာဒီ	keɪʔbədi˨
ကိမိလဗေဒ	ki˥ˀmi˥ˀla˥ˀbe˨da˥ˀ
ကိရိယာ	kəɹi˥ˀja˨
ကိုမိုရို	ko˨mo˨ɹo˨
ကိုယ့်ဥမှဥထင်	ko˥ˀjʔu˥ˀm̥a˥ˀʔu˥ˀtʰɪ˨ɴ
ကိုယ်စားလှယ်	ko˨zəlɛ˨
ကိုယ်စားလှယ်အဖွဲ့	ko˨jzəl̥ɛ˨ʔəpʰwɛ˥ˀ
ကိုယ်တွေ့	ko˨jdwe˥ˀ
ကိုယ်ပိုင်	ko˨jba˨ɪɴ
ကိုယ်ရည်သွေး	ko˨jje˨θwe˥˩
ကိုယ်ဝန်ဆောင်	ko˨jwʊ˨ɴsʰa˨ʊɴ
ကိုယ်ဝန်ရှိ	ko˨jwʊ˨ɴʃi˥ˀ
ကိုရမ်ကျမ်း	ko˨ɹa˨ɴt͡ɕa˥˩ɴ
ကိုရိုနာဗိုင်းရပ်စ်	ko˨ɹo˨na˨ba˥˩ɪɴɹaʔs
ကိုရီးယား	ko˨ɹi˥˩ja˥˩
ကိုလိုနီခေတ်	ko˨lo˨ni˨kʰɪʔ
ကိုးကွယ်	ko˥˩ɡwɛ˨
ကီလိုဂရမ်	ki˨lo˨ɡəɹa˨ɴ
ကုဋေ	ɡəde˨
ကုန်ကျစရိတ်	ko˨ʊɴt͡ɕa˥ˀzəjeɪʔ
ကုန်စည်ပြပွဲ	ko˨ʊɴzi˨pja˥ˀbwɛ˥˩
ကုန်ထုတ်သမဝါယမ	ko˨ʊɴtʰoʊʔθəma˥ˀwa˨jəma˥ˀ
ကုန်သည်	ko˨ʊɴðe˨
ကုန်သည်ကြီး	ko˨ʊɴðe˨d͡ʑi˥˩
ကုန်သည်များအသင်း	ko˨ʊɴðe˨mja˥˩ʔəθɪ˥˩ɴ
ကုန်သွယ်ရေး	ko˨ʊɴθwɛ˨je˥˩
ကုန်သွယ်ရေးသမဂ္ဂ	ko˨ʊɴθwɛ˨je˥˩ða˥ˀmɛʔɡa˥ˀ
ကုန်းဘောင်ခေတ်	ko˥˩ʊɴba˨ʊɴkʰɪʔ
ကုမုဒ	ku˥ˀmoʊʔda˥ˀ
ကုလသမဂ္ဂ	ku˥ˀla˥ˀθa˥ˀmɛʔɡa˥ˀ
ကုလား	kəla˥˩
ကုလားတန်	kələda˨ɴ
ကုလားထိုင်	kələtʰa˨ɪɴ
ကုလားနို့	kələno˥ˀ
ကုလားပဲ	kələpɛ˥˩
ကုလားဖြူ	kələpʰju˨
ကုလားအုတ်	kələʔoʊʔ
ကုလားအော်	kələʔɔ˨
ကုသိုလ်	ku˥ˀθo˨
ကုသိုလ်ကောင်းမှု	ku˥ˀðo˨ka˥˩ʊɴm̥u˥ˀ
ကုသိုလ်ကံ	ku˥ˀðo˨ɡa˨ɴ
ကုသိုလ်ရှင်	ku˥ˀθo˨ʃɪ˨ɴ
ကုံကုမံ	ɡo˨ʊɴɡəma˨ɴ
ကူးတို့	ɡədo˥ˀ
ကူးတို့ဆိပ်	ɡədo˥ˀzeɪʔ
ကူးသန်းရောင်းဝယ်ရေး	ku˥˩θa˥˩ɴja˥˩ʊɴwɛ˨je˥˩
ကောင်မငယ်	ka˨ʊɴma˥ˀŋɛ˨
ကောင်မလေး	ka˨ʊɴma˥ˀle˥˩
ကောဋိပကောဋိ	kɔ˥˩di˥ˀpa˥ˀkɔ˥˩di˥ˀ
ကောဏဂုံဘုရား	kɔ˥˩nəɡo˨ʊɴpʰəja˥˩
ကောဏ္ဍည	kɔ˥˩dɪ˨ɴɲa˥ˀ(or)kʊ˥˩ɴdɪ˨ɴɲa˥ˀ
ကောဏ္ဍညဘုရား	kɔ˥˩dɪ˨ɴɲa˥ˀpʰəja˥˩
ကော့စတာရီကာ	kɔ˥ˀsəta˨ɹi˨ka˨
ကော်ပီသီချင်း	kɔ˨pi˨θət͡ɕʰɪ˥˩ɴ
ကံကြမ္မာ	ka˨ɴt͡ɕəma˨
ကံ့ကော်	ɡa˥ˀɴɡɔ˨
ကျင်စွယ်	t͡ɕɪ˨ɴzwɛ˨
ကျင်လည်	t͡ɕɪ˨ɴlɛ˨
ကျစ်လျစ်	t͡ɕɪʔlɪʔ
ကျဆင်း	t͡ɕa˥ˀsʰɪ˥˩ɴ
ကျဆုံး	t͡ɕa˥ˀsʰo˥˩ʊɴ
ကျန်းမာရေးပညာ	t͡ɕa˥˩ɴma˨je˥˩pa˥ˀɲa˨
ကျရှုံး	t͡ɕa˥ˀʃo˥˩ʊɴ
ကျားကျားလျားလျား	t͡ɕa˥˩d͡ʑa˥˩ja˥˩ja˥˩
ကျားလက်သည်း	t͡ɕa˥˩lɛʔθɛ˥˩
ကျားသစ်	t͡ɕəθɪʔ
ကျိန္တလီ	t͡ɕe˨ɪɴta˥ˀli˨
ကျိုက်မရော	t͡ɕaɪʔməɹɔ˥˩
ကျောက်ခေတ်	t͡ɕaʊʔkʰɪʔ
ကျောင်းသားသမဂ္ဂ	t͡ɕa˥˩ʊɴða˥ˀmɛʔɡa˥ˀ
ကျေးဇူးပြု၍	t͡ɕe˥˩zu˥˩pju˥ˀjwe˥ˀ
ကျေးဇူးသိ	kjeiuthi
ကျွန်မတို့	t͡ɕʊ˨ɴma˥ˀdo˥ˀ
ကျွန်ုပ်	t͡ɕənoʊʔ
ကျွန်းဆွယ်	t͡ɕʊ˥˩ɴzwɛ˨
ကျွမ်း	t͡ɕwa˥˩ɴ
ကျွမ်းကျင်သူ	t͡ɕwa˥˩ɴt͡ɕɪ˨ɴðu˨
ကြက်သီးထ	t͡ɕɛʔθe˥˩ɪɴtʰa˥ˀ
ကြက်သီးမွေးညင်းထ	t͡ɕɛʔθe˥˩ɪɴmwe˥˩ɲɪ˥˩ɴtʰa˥ˀ
ကြက်သွန်ဖြူ	t͡ɕɛʔθʊ˨ɴbju˨
ကြည်ဖြူ	t͡ɕi˨bju˨
ကြမ္မာ	t͡ɕəma˨
ကြမ္မာဒိုက်	t͡ɕəma˨daɪʔ
ကြမ်းပိုး	d͡ʑəbo˥˩
ကြမ်းပြင်	ɡəbjɪ˨ɴ
ကြယ်တံခွန်	t͡ɕɛ˨dəɡʊ˨ɴ
ကြာသပတေးဂြိုဟ်	t͡ɕa˨ðəbəde˥˩d͡ʑo˨
ကြိယာ	kəɹi˥ˀja˨
ကြိယာဝိသေသန	kəɹi˥ˀja˨wi˥ˀθe˨θəna˥ˀ
ကြိုဆိုပါ၏	t͡ɕo˨zo˨ba˨ʔi˥ˀ
ကြိုးကြာ	d͡ʑo˥˩d͡ʑa˨
ကြီးတော်	d͡ʑi˥˩dɔ˨
ကြောင့်	d͡ʑa˥ˀʊɴ
ကြေးချွတ်ဆေး	d͡ʑe˥˩t͡ɕʰʊʔsʰe˥˩
ကြံ့လျော်	t͡ɕa˥ˀɴʃɔ˨
ကြွက်	t͡ɕwɛʔ
ကြွက်နို့	t͡ɕwɛʔno˥ˀ
ကြွက်သား	t͡ɕwɛʔθa˥˩
ကြွယ်	t͡ɕwɛ˨
ကြွယ်ဝ	t͡ɕwɛ˨wa˥ˀ
ကွက်	kwɛʔ
ကွက်ကွက်ကွင်းကွင်း	kwɛʔkwɛʔkwɪ˥˩ɴɡwɪ˥˩ɴ
ကွင်းစ	ɡwɪ˥˩ɴza˥ˀ
ကွင်းထိုးဖိနပ်	ɡwɪ˥˩ɴdo˥˩pʰənaʔ
ကွင်းပိတ်	ɡwɪ˥˩ɴbeɪʔ
ကွင်းလျှော	ɡwɪ˥˩ɴʃɔ˥˩
ကွန်ကရစ်	kʊ˨ɴɡəɹɪʔ
ကွန်ဂရက်	kʊ˨ɴɡəɹɛʔ
ကွန်ပျူတာသိပ္ပံပညာ	kʊ˨ɴpju˨ta˨ðeɪʔpa˨ɴpjɪ˨ɴɲa˨
ကွန်ဖက်ဒရေးရှင်း	kʊ˨ɴpʰɛʔdəɹe˥˩ʃɪ˥˩ɴ
ကွန်ဖရင့်	kʊ˨ɴpʰəɹɪ˥ˀɴ
ကွမ်ရင်	kwa˨ɴjɪ˨ɴ
ကွမ်ရင်မယ်တော်	kwa˨ɴjɪ˨ɴmɛ˨dɔ˨
ကွမ်းရွက်ပင်	kʊ˥˩ɴjwɛʔpɪ˨ɴ
ကွယ်	kwɛ˨
ကွယ်လွန်	kwɛ˨lʊ˨ɴ
ကွယ်ဝှက်	kwɛ˨ʍɛʔ
ကွာစေ့	kwa˨si˥ˀ
ကွဲပြား	kwɛ˥˩bja˥˩
ကဿပ	kaʔθəpa˥ˀ
ကဿပဘုရား	kaʔθəpa˥ˀpʰəja˥˩
ခက်ရင်း	kʰəjɪ˥˩ɴ
ခကွေး	kʰa˥ˀɡwe˥˩
ခခွေး	kʰa˥ˀɡwe˥˩
ခင်ဗျာ	kʰəmja˨
ခဏခဏ	kʰəna˥ˀkʰəna˥ˀ
ခရစ္စမတ်	kʰəɹɪʔsəmaʔ
ခရစ်	kʰəɹɪʔ
ခရစ်တော်	kʰəɹɪʔtɔ˨
ခရစ်ယာန်	kʰəɹɪʔja˨n
ခရိုင်းမီးယား	kʰəɹa˥˩ɪɴmi˥˩ja˥˩
ခရိုနီ	kʰəɹo˨ni˨
ခရိုမီယမ်	kʰəɹo˨mi˨ja˨ɴ
ခရိုအေးရှား	kʰəɹo˨ʔe˥˩ʃa˥˩
ခရီးသည်	kʰəji˥˩ðe˨
ခရီးသွား	kʰa˥ˀji˥˩θwa˥˩
ခရီးသွားအေဂျင်စီ	kʰa˥ˀji˥˩θwa˥˩ʔe˨d͡ʑɪ˨ɴsi˨
ခါးပတ်	ɡəbaʔ
ခုခံအားကျရောဂါ	kʰu˥ˀɡa˨ɴʔa˥˩t͡ɕa˥ˀjɔ˥˩ɡa˨
ခုနစ်	kʰʊ˨ɴn̥ɪʔ
ခုနစ်လ	kʰʊ˨ɴn̥əla˥ˀ
ခုံတန်းလျား	kʰo˨ʊɴta˥˩ɴja˥˩
ခုံရှည်	kʰo˨ʊɴʃe˨
ခေတ္တ	kʰɪʔta˥ˀ
ခေတ်	kʰɪʔ
ခေတ်ပြိုင်	kʰɪʔpja˨ɪɴ
ခေမာရဋ္ဌ	kʰe˨ma˨jətʰa˥ˀ
ခေါင်ရည်	kʰa˨ʊɴje˨
ခေါင်း	ɡa˥˩ʊɴ
ခေါင်းကိုက်	ɡa˥˩ʊɴkaɪʔ
ခေါင်းဆောင်	ɡa˥˩ʊɴsʰa˨ʊɴ
ခေါင်းညိတ်	ɡa˥˩ʊɴɲeɪʔ
ခေါင်းပေါင်း	ɡa˥˩ʊɴba˥˩ʊɴ
ခေါင်းဖြီး	ɡa˥˩ʊɴpʰi˥˩
ခေါင်းမူး	ɡa˥˩ʊɴmu˥˩
ခေါင်းလျှော်ရည်	ɡa˥˩ʊɴʃɔ˨je˨
ခေါင်းအုံး	ɡa˥˩ʊɴʔo˥˩ʊɴ
ခေါပျဉ်	kʰɔ˥˩bjɪ˨ɴ
ခဲဖျက်	kʰɛ˥˩bjɛʔ
ချက်သမ္မတနိုင်ငံ	t͡ɕʰɛʔθəməda˥ˀna˨ɪɴŋa˨ɴ
ချင်းသုပ်	d͡ʑɪ˥˩ɴðoʊʔ
ချဉ်ဖတ်တည်	t͡ɕʰɪ˨ɴbaʔtɛ˨
ချဒ်	t͡ɕʰa˨d
ချပ်	d͡ʑaʔ
ချယ်ရီ	t͡ɕʰɛ˨ɹi˨
ချားလ်	t͡ɕʰa˥˩l
ချိတ်	d͡ʑeɪʔ
ချို	d͡ʑo˨
ချိုင့်ဝှမ်း	d͡ʑa˥ˀɪɴʍa˥˩ɴ
ချိုင်း	d͡ʑa˥˩ɪɴ
ချိုင်းထောက်	d͡ʑa˥˩ɪɴdaʊʔ
ချေး	t͡ɕʰi˥˩
ချေးငွေ	t͡ɕʰi˥˩ŋwe˨
ခြတောင်ပို့	t͡ɕʰa˥ˀta˨ʊɴbo˥ˀ
ခြေသည်း	t͡ɕʰe˨ðe˥˩
ခွ	kwa˥ˀ
ခွက်	kʰwɛʔ
ခွက်ခွင်း	kʰwɛʔkʰwɪ˥˩ɴ
ခွကျ	ɡwa˥ˀt͡ɕa˥ˀ
ခွင်	ɡwɪ˨ɴ
ခွစာ	ɡwa˥ˀza˨
ခွဆုံ	ɡwa˥ˀzo˨ʊɴ
ခွေးမသား	kʰwe˥˩ma˥ˀða˥˩
ခွေးရူးပြန်ရောဂါ	kʰwe˥˩ju˥˩bja˨ɴjɔ˥˩ɡa˨
ခွေးသူတောင်းစား	kʰwe˥˩ðəda˥˩ʊɴza˥˩
ခွဲစိတ်ကုပညာ	kʰwɛ˥˩seɪʔku˥ˀpjɪ˨ɴɲa˨
ဂငယ်	ɡa˥ˀŋɛ˨
ဂငယ်ကွေ့	ɡa˥ˀŋɛ˨ɡwe˥ˀ
ဂဏန်းတွက်စက်	ɡəna˥˩ɴtwɛʔsɛʔ
ဂန္ထဗေဒ	ɡa˨ɴtʰa˥ˀbe˨da˥ˀ
ဂန္ဓာရ	ɡa˨ɴda˨ɹa˥ˀ
ဂရင်းလန်	ɡəɹɪ˥˩ɴla˨ɴ
ဂရပ်	ɡəɹaʔ
ဂရပ်ဖစ်	ɡəɹaʔpʰɪʔ
ဂရမ်	ɡəɹa˨ɴ
ဂရိ	ɡəɹi˥ˀ
ဂရိတ်ဗြိတိန်	ɡəɹeɪʔbəɹi˥ˀte˨ɪɴ
ဂရုသံ	ɡəɹu˥ˀða˨ɴ
ဂါရဝပြု	ɡa˨jəwa˥ˀpju˥ˀ
ဂိမှာန်	ɡe˨ɪɴm̥a˨ɴ
ဂိရိမေခလာ	ɡi˥ˀɹi˥ˀme˨kʰəla˨
ဂိုဏ်းထောက်	ɡo˥˩ndaʊʔ
ဂိုဏ်းအုပ်	ɡo˥˩nʔoʊʔ
ဂီတပညာ	ɡi˨ta˥ˀpjɪ˨ɴɲa˨
ဂီတသမား	ɡi˨ta˥ˀðəma˥˩
ဂုရု	ɡu˥ˀɹu˥ˀ
ဂေဟဗေဒ	ɡe˨ha˥ˀta˥ˀbe˨da˥ˀ
ဂေါတမဘုရား	ɡɔ˥˩təma˥ˀpʰəja˥˩
ဂေါပကအဖွဲ့	ɡɔ˥˩pəka˥ˀʔəpʰwɛ˥ˀ
ဂေါ်ရခါး	ɡɔ˨ɹəkʰa˥˩
ဂျက်လေယာဉ်	d͡ʑɛʔle˨jɪ˨ɴ
ဂျင်နရေတာ	d͡ʑɪ˨ɴnəɹe˨ta˨
ဂျီဩမေတြီ	d͡ʑi˨ʔɔ˥˩me˨tɹi˨
ဂျေရုဆလင်	d͡ʑe˨ɹu˥ˀsʰa˥ˀlɪ˨ɴ
ဂျော့ခ်ျ	d͡ʑɔ˥ˀt͡ɕʰə
ဂြိုဟ်	d͡ʑo˨
ဂြိုဟ်ကျ	d͡ʑo˨ht͡ɕa˥ˀ
ဂြိုဟ်တု	d͡ʑo˨du˥ˀ
ဂြိုဟ်မွှေ	d͡ʑo˨hm̥we˨
ဂၐ	ɡəʃa˥ˀ
ဃကြီး	ɡa˥ˀd͡ʑi˥˩
ငတုံး	ŋa˥ˀto˥˩ʊɴ
ငပျင်း	ŋa˥ˀpjɪ˥˩ɴ
ငါးခူ	ŋəkʰu˨
ငါးစိမ်းသည်	ŋəze˥˩ɪɴðɛ˨
ငါးပိ	ŋəpi˥ˀ
ငါးပိရည်	ŋəpi˥ˀje˨
ငါးပုဏ္ဏား	ŋəpo˨ʊɴna˥˩
ငါးပေါင်းထုပ်	ŋəba˥˩ʊɴdoʊʔ
ငါးဖန်ခွက်	ŋəpʰa˨ɴɡwɛʔ
ငါးဖယ်	ŋəpʰɛ˨
ငါးဖျင်းသလက်	ŋəpʰjɪ˥˩ɴθəlɛʔ
ငါးမန်း	ŋəma˥˩ɴ
ငါးမန်းတောင်	ŋəma˥˩ɴda˨ʊɴ
ငါးမျှားတံ	ŋəm̥ja˥˩da˨ɴ
ငါးမြစ်ချင်း	ŋəmjɪʔt͡ɕʰɪ˥˩ɴ
ငါးရံ့	ŋəja˥ˀɴ
ငါးသလောက်	ŋəθəlaʊʔ
ငါးသလောက်ပေါင်း	ŋəθəlaʊʔba˥˩ʊɴ
ငံပြာရည်	ŋa˨ɴbja˨je˨
ငြိမ်းချမ်းရေးဆွေးနွေးပွဲများ	ɲe˥˩ɪɴd͡ʑa˥˩ɴje˥˩sʰwe˥˩nwe˥˩bwɛ˥˩
ငွေကြေးဖောင်းပွခြင်း	ŋwe˨t͡ɕe˥˩pʰa˥˩ʊɴpwa˥ˀd͡ʑɪ˥˩ɴ
ငှက်ကုလားအုတ်	ŋ̊ɛʔkəla˥˩ʔoʊʔ
ငှက်ပျော	ŋəpjɔ˥˩
ငှက်ပျောပေါင်း	ŋ̊əbjɔ˥˩ba˥˩ʊɴ
စကားထာ	zəɡətʰa˨
စကားနည်းရန်စဲ	zəɡa˥˩nɛ˥˩ja˨ɴzɛ˥˩
စကားပလ္လင်ခံ	zəɡa˥˩pəlɪ˨ɴkʰa˨ɴ
စကားပုံ	zəɡəbo˨ʊɴ
စကားပြန်	zəɡəbja˨ɴ
စကားပြေ	zəɡəbje˨
စကားပြောကြေးနန်း	zəɡa˥˩bjɔ˥˩t͡ɕe˥˩na˥˩ɴ
စကားလုံး	zəɡəlo˥˩ʊɴ
စကားဝှက်	zəɡəʍɛʔ
စကေး	sa˥ˀke˥˩
စက္ကရီတေရီ	sɛʔkəɹi˨te˨ji˨
စက်ကိရိယာ	sɛʔkəɹi˥ˀja˨
စက်ဘီး	sɛʔbe˥˩ɪɴ
စက်သေနတ်	sɛʔθənaʔ
စကြဝဠာ	sɛʔt͡ɕa˨wəla˨
စကြဝဠာဗေဒ	sɛʔt͡ɕa˨wəla˨be˨da˥ˀ
စကြာ	sɛʔt͡ɕa˨
စကြာမုန့်	sɛʔt͡ɕa˨mo˥ˀʊɴ
စင်ကာပူ	sɪ˨ɴɡəpu˨
စင်္ကာပူ	sɪ˨ɴɡəpu˨
စင်္ကြံ	zɪ˥˩ɴd͡ʑa˨ɴ
စစ်ကိုင်း	zəɡa˥˩ɪɴ
စစ်တန်းလျား	sɪʔta˥˩ɴja˥˩
စစ်တရားခံ	sɪʔtəjəkʰa˨ɴ
စစ်ဗိုလ်	sɪʔbo˨
စစ်မြေပြင်	sɪʔmje˨bjɪ˨ɴ
စတင်	sa˥ˀtɪ˨ɴ
စတီရီယို	səti˨ɹi˨jo˨
စတီရီယိုတေးစီးရီး	səti˨ɹi˨jo˨te˥˩si˥˩ɹi˥˩
စတုမဟာရာဇ်	sətu˥ˀməha˨jɪʔ
စတော်ဘယ်ရီ	sətɔ˨bɛ˨ɹi˨
စနေဂြိုဟ်	səne˨d͡ʑo˨
စန္ဒြမာသ	sa˨ɴdɹa˥ˀma˨θa˥ˀ
စန္ဒြာ	sa˨ɴdɹa˨
စပ	sa˥ˀpa˥ˀ
စပါးကျီ	zəbəd͡ʑi˨
စပါးလင်	zəbəlɪ˨ɴ
စပျစ်	zəbjɪʔ
စပျစ်စေ့ဆီ	zəbjɪʔse˥ˀzi˨
စပျစ်သီး	zəbjɪʔθi˥˩
စလုံး	sa˥ˀlo˥˩ʊɴ
စလွယ်	səlwe˨
စာကြမ်းပိုး	sa˨d͡ʑəbo˥˩
စာစကား	sa˨zəɡə
စာတိုက်သေတ္တာ	sa˨daɪʔθɪʔta˨
စာနယ်ဇင်းကိုယ်စားလှယ်	sa˨nɛ˨zɪ˥˩ɴko˨zəlɛ˨
စာမွဲ	səmwɛ˥˩
စာရင်း	səjɪ˥˩ɴ
စာရင်းကိုင်	səjɪ˥˩ɴɡa˨ɪɴ
စာရင်းကိုင်ပညာ	səjɪ˥˩ɴɡa˨ɪɴpjɪ˨ɴɲa˨
စာရင်းပိတ်	səjɪ˥˩ɴpeɪʔ
စာရင်းအင်းပညာ	səjɪ˥˩ɴʔɪ˥˩ɴpjɪ˨ɴɲa˨
စာရေး	səje˥˩
စာရွက်	sa˨jwɛʔ
စာရွက်စာတမ်း	sa˨jwɛʔsa˨da˥˩ɴ
စာလုံးပေါင်းသတ်ပုံ	səlo˥˩ʊɴba˥˩ʊɴθaʔpo˨ʊɴ
စားကျက်	zəd͡ʑɛʔ
စားချဉ့်ပြန်	sət͡ɕʰɪ˥ˀɴpja˨ɴ
စားတော်ပဲ	zədɔ˨bɛ˥˩
စားပြီးပြီလား	sa˥˩pi˥˩bi˨la˥˩
စားပွဲ	zəbwɛ˥˩
စားပွဲတင်တင်းနစ်	zəbwɛ˥˩dɪ˨ɴtɪ˥˩ɴnɪʔ
စားပွဲထိုး	zəbwɛ˥˩do˥˩
စားဖို	səpʰo˨
စားဖိုဆောင်	səpʰo˨za˨ʊɴ
စားဖိုမှူး	səpʰo˨m̥u˥˩
စားမြုံ့ပြန်	səmjo˥ˀʊɴpja˨ɴ
စားသုံးသူသမဝါယမ	sa˥˩θo˥˩ʊɴðəma˥ˀwa˨jəma˥ˀ
စိတ္တဇနာ	seɪʔdəza˥ˀna˨
စိတ္တဇပန်းချီ	seɪʔdəza˥ˀbəd͡ʑi˨
စိတ္တဇရောဂါ	seɪʔdəza˥ˀjɔ˥˩ɡa˨
စိတ္တဗေဒ	seɪʔta˥ˀbe˨da˥ˀ
စိတ်ဓာတ်	seɪʔda˨t
စိတ်ပညာ	seɪʔpjɪ˨ɴɲa˨
စိတ်ရှည်	seɪʔʃe˨
စိန်တစ်လုံး	se˨ɪɴtəlo˥˩ʊɴ
စိပ်ပုတီး	seɪʔbədi˥˩
စီတင်း	si˨ti˥˩̃
စီးကရက်	si˥˩kəɹɛʔ
စီးရီး	si˥˩ɹi˥˩
စုလျား	su˥ˀja˥˩
စုလျားရစ်ပတ်	su˥ˀja˥˩jɪʔpaʔ
စူပါမားကတ်	su˨pəma˥˩kaʔ
စေတီ	ze˨di˨
စောင်းလျား	za˥˩ʊɴja˥˩
စောပြာ	sɔ˥˩bja˨
စောဥမ္မာ	sɔ˥˩ʔo˨ʊɴma˨
စေး	si˥˩
စံကား	zəɡa˥˩
စံပယ်	zəbɛ˨
စွတ်ကပါစိနံပါစိ	sʊʔka˥ˀpa˨si˥ˀna˨ɴpa˨si˥ˀ
စွမ်း	swa˥˩ɴ
စွမ်းအင်	swa˥˩ɴʔɪ˨ɴ
စွယ်	swɛ˨
စွယ်စုံ	swɛ˨zo˨ʊɴ
စွယ်စုံကျမ်း	swɛ˨zo˨ʊɴt͡ɕa˥˩ɴ
ဆက်သွယ်	sʰɛʔθwɛ˨
ဆက်သွယ်ရေး	sʰɛʔθwɛ˨je˥˩
ဆင်စွယ်	sʰɪ˨ɴzwɛ˨
ဆဋ္ဌမအာရုံ	sʰaʔtʰəma˥ˀʔa˨jo˨ʊɴ
ဆတ္တာသည်	sʰaʔta˨ðe˨
ဆန္ဒခံယူပွဲ	sʰa˨ɴda˥ˀkʰa˨ɴju˨bwɛ˥˩
ဆန္ဒပြ	sʰa˨ɴda˥ˀpja˥ˀ
ဆန္ဒပြပွဲ	sʰa˨ɴda˥ˀpja˥ˀbwɛ˥˩
ဆန်ကွဲ	zəɡwɛ˥˩
ဆန်ခါ	zəɡa˨
ဆန်တာကလော့စ်	sʰa˨ɴta˨kəlɔ˥ˀs
ဆန်ပြား	sʰa˨ɴbja˥˩
ဆန်ပြုတ်	sʰa˨ɴbjoʊʔ
ဆန်ဖရန်စစ္စကို	sʰa˨ɴpʰəɹa˨ɴsɪʔsəko˨
ဆန်ဖျား	sʰa˨ɴbja˥˩
ဆန်မာရီနို	sʰa˨ɴma˨ɹi˨no˨
ဆယ့်ခုနှစ်	sʰɛ˥ˀkʰʊ˨ɴnɪʔ
ဆယ့်နှစ်ရာသီ	sʰɛ˥ˀn̥əja˨θi˨
ဆယ့်နှစ်လ	sʰɛ˥ˀn̥əla˥ˀ
ဆရာဝန်	sʰa˥ˀja˨wʊ˨ɴ
ဆရာသမား	sʰa˥ˀja˨θəma˥˩
ဆလဗ	sʰəla˥ˀba˥ˀ
ဆလိမ်	sʰa˥ˀle˨ɪɴ
ဆာမူရိုင်း	sʰa˨mu˨ɹa˥˩ɪɴ
ဆာရာယေဗို	sʰa˨ɹa˨je˨bo˨
ဆာရီ	sʰa˨ɹi˨
ဆားရည်	sʰa˥˩je˨
ဆိတ်ကုလား	sʰeɪʔkəla˥˩
ဆိတ်ချေး	sʰeɪʔt͡ɕʰi˥˩
ဆိုကရေးတီး	sʰo˨kəɹe˥˩ti˥˩
ဆိုက်ပရပ်စ်	sʰaɪʔpəɹaʔs
ဆိုက်ဘေးရီးယား	sʰaɪʔbe˥˩ɹi˥˩ja˥˩
ဆိုလျှင်	sʰo˨l̥jɪ˨ɴ
ဆီပြန်	sʰi˨bja˨ɴ
ဆီမီးခွက်	sʰi˨mi˥˩ɡwɛʔ
ဆီရာလီယွန်	sʰi˨ɹa˨li˨jʊ˨ɴ
ဆီသတ်ရွက်	sʰi˨θaʔjwɛʔ
ဆီဥကြော်	sʰəʔu˥ˀd͡ʑɔ˨
ဆီးဖြူ	zi˥˩bju˨
ဆီးရီးယား	sʰi˥˩ɹi˥˩ja˥˩
ဆူရာနမ်	sʰu˨ɹa˨na˨ɴ
ဆောရီး	sʰɔ˥˩ɹi˥˩
ဆော့ဖ်ဝဲလ်	sʰaʊʔwɛ˥˩
ဆော်ဒီအာရေဗျ	sʰɔ˨di˨ʔa˨ɹe˨bja˥ˀ
ဆေးပြင်းလိပ်	sʰe˥˩bjɪ˥˩ɴleɪʔ
ဆံပင်	zəbɪ˨ɴ
ဆံပင်ညှပ်	zəbɪ˨ɴɲ̊aʔ
ဆံပင်ညှပ်ဆိုင်	zəbɪ˨ɴɲ̊aʔsʰa˨ɪɴ
ဆံပင်တု	zəbɪ˨ɴdu˥ˀ
ဆံပင်ပုံစံ	zəbɪ˨ɴpo˨ʊɴza˨ɴ
ဆွစ်ကွန်ဖက်ဒရေးရှင်း	sʰwɪʔkʊ˨ɴpʰɛʔdəɹe˥˩ʃɪ˥˩ɴ
ဆွစ်ဇာလန်	sʰwɪʔzəla˨ɴ
ဆွဆွ	sʰwa˥ˀzwa˥ˀ
ဆွယ်တာ	sʰwɛ˨ta˨
ဆွေခုနစ်ဆက်မျိုးခုနစ်ဆက်	sʰwe˨kʰənəzɛʔmjo˥˩kʰənəzɛʔ
ဇကွဲ	za˥ˀɡwɛ˥˩
ဇင့်ခ်	zɪ˥ˀɴ
ဇင်္ဂမဥစ္စာ	zɪ˨ɴɡəma˥ˀʔoʊʔsa˨
ဇနကထာ	zəna˥ˀɡətʰa˨
ဇန်နဝါရီ	zənəwa˨ɹi˨
ဇမ္ဗုသပြေ	zəbu˥ˀðəpje˨
ဇမ္ဗူ	zəbu˨
ဇမ္ဗူဒီပါ	zəbu˨di˨pa˨
ဇမ္ဗူပနီ	zəbu˨pəni˨
ဇလဗေဒ	zəla˥ˀbe˨da˥ˀ
ဇာဂရက်	za˨ɡəɹɛʔ
ဇာတိပ္ဖိုလ်	za˨deɪʔpʰo˨
ဇာတိပ္ဖိုလ်စေ့	za˨deɪʔpʰo˨ze˥ˀ
ဇာတ်ညွှန်း	za˨tɲ̊ʊ˥˩ɴ
ဇာတ်ပွဲ	za˨tpwɛ˥˩
ဇာတ်ဝင်သီချင်း	zaʔwɪ˨ɴθət͡ɕʰɪ˥˩ɴ
ဇီဝကမ္မဗေဒ	zi˨wa˥ˀka˨ɴma˥ˀbe˨da˥ˀ
ဇီဝစက်	zi˨wa˥ˀsɛʔ
ဇီဝဓာတုဗေဒ	zi˨wa˥ˀda˨tu˥ˀbe˨da˥ˀ
ဇီဝဗေဒ	zi˨wa˥ˀbe˨da˥ˀ
ဇေယျ	ze˨ja˥ˀ
ဇေယျာပူရ	ze˨ja˥ˀpu˨ɹa˥ˀ
ဈမျဉ်းဆွဲ	za˥ˀmjɪ˥˩ɴzwɛ˥˩
ဈေးကွက်စီးပွားရေး	ze˥˩ɡwɛʔsi˥˩bwa˥˩je˥˩
ဈေးဝယ်	ze˥˩wɛ˨
ဈေးဝယ်စင်တာ	ze˥˩wɛ˨sɪ˨ɴta˨
ဈေးသည်	ze˥˩ðɛ˨
ဉာဉ်	ɲɪ˨ɴ
ဉာဏလုပ်သား	ɲa˨na˥ˀloʊʔða˥˩
ဉာဏ်ပညာ	ɲa˨npjɪ˨ɴɲa˨
ညကလေး	ɲa˥ˀkəle˥˩
ညကြီး	ɲa˥ˀt͡ɕi˥˩
ညချမ်း	ɲa˥ˀd͡ʑa˥˩ɴ
ညစာ	ɲa˥ˀza˨
ညစ်ထည်း	ɲɪʔtʰe˥˩
ညဈေး	ɲa˥ˀze˥˩
ညနေ	ɲa˥ˀne˨
ညနေခင်း	ɲa˥ˀne˨ɡɪ˥˩ɴ
ညနေစာ	ɲa˥ˀne˨za˨
ညလုံးပေါက်	ɲa˥ˀlo˥˩ʊɴbaʊʔ
ညလေး	ɲa˥ˀle˥˩
ညသန်းခေါင်	ɲa˥ˀðəɡa˨ʊɴ
ညအိပ်ဝတ်စုံ	ɲa˥ˀʔeɪʔwʊʔso˨ʊɴ
ညီမျှခြင်း	ɲi˨m̥ja˥ˀd͡ʑɪ˥˩ɴ
ညီအစ်ကို	ɲi˨ʔəko˨
ညီအစ်မ	ɲi˨ʔəma˥ˀ
ညောင်ဖြူ	ɲa˨ʊɴbju˨
ညောင်းကျရောဂါ	ɲa˥˩ʊɴt͡ɕa˥ˀjɔ˥˩ɡa˨
ညှပ်ဖိနပ်	ɲ̊aʔpʰənaʔ
ဋသန်လျင်းချိတ်	ta˥ˀθəjɪ˥˩ɴd͡ʑeɪʔ
ဌဝမ်းဘဲ	tʰa˥ˀwʊ˥˩ɴbɛ˥˩
ဍရင်ကောက်	da˥ˀjɪ˨ɴɡaʊʔ
ဎရေမှုတ်	da˥ˀje˨m̥oʊʔ
ဏကြီး	na˥ˀd͡ʑi˥˩
တက္ကစီ	tɛʔsi˨
တက္ကဗေဒ	tɛʔka˥ˀbe˨da˥ˀ
တက္ကသိုလ်	tɛʔkəθo˨
တင်ပါ့ဘုရား	tɪ˨ɴba˥ˀpʰəja˥˩
တင်းကျမ်းပြည့်	dɪ˥˩ɴd͡ʑa˥˩ɴpji˥ˀ
တင်းပြည့်ကျပ်ပြည့်	tɪ˥˩ɴbje˥ˀt͡ɕaʔbje˥ˀ
တစပြင်	dəza˥ˀbjɪ˨ɴ
တစ္ဆေ	təsʰe˨
တစ်ခန်းရပ်ပြဇာတ်	təkʰa˥˩ɴjaʔpja˥ˀzaʔ
တစ်ခါ	təkʰa˨
တစ်ခါတစ်လေ	təkʰa˨təle˨
တစ်ခုခု	təkʰu˥ˀkʰu˥ˀ
တစ်ခုလပ်	təkʰu˥ˀlaʔ
တစ်ချောင်းငင်	tət͡ɕʰa˥˩ʊɴŋɪ˨ɴ
တစ်ချောင်းပုဒ်	tət͡ɕʰa˥˩ʊɴpoʊʔ
တစ်စိတ်တစ်ဒေသ	dəzeɪʔdəde˨θa˥ˀ
တစ်စုံ	dəzo˨ʊɴ
တစ်စုံတစ်ခု	təzo˨ʊɴtəkʰu˥ˀ
တစ်စုံတစ်ယောက်	təzo˨ʊɴtəjaʊʔ
တစ်စုံတစ်ရာ	təzo˨ʊɴtəja˨
တစ်စုံတစ်ဦး	təzo˨ʊɴtəʔu˥˩
တစ်ဆင့်	təsʰɪ˥ˀɴ
တစ်ဆင့်စကား	təsʰɪ˥ˀɴzəɡa˥˩
တစ်ဆယ်	təzɛ˨
တစ်ထောင်	tətʰa˨ʊɴ
တစ်နည်းတစ်ဖုံ	təni˥˩təpʰo˨ʊɴ
တစ်နေကုန်	təne˨ɡo˨ʊɴ
တစ်ပင်တိုင်	dəbɪ˨ɴda˨ɪɴ
တစ်ပင်တိုင်မင်းသမီး	dəbɪ˨ɴda˨ɪɴmɪ˥˩ɴðəmi˥˩
တစ်ပတ်	dəbaʔ
တစ်ဖက်လှည့်	təpʰɛʔl̥i˥ˀ
တစ်ယောက်တည်း	təjaʊʔtɛ˥˩
တစ်ယောက်ယောက်	təjaʊʔjaʊʔ
တစ်ရာ	təja˨
တစ်လ	təla˥ˀ
တစ်လျှောက်	təʃaʊʔ
တစ်ဝန်း	təwʊ˥˩ɴ
တစ်သက်	təθɛʔ
တစ်သဝေမတိမ်း	təθwe˨məte˥˩ɪɴ
တည်း	tɛ˥˩
တည်းခိုခန်း	tʰɛ˥˩kʰo˨ɡa˥˩ɴ
တဏှင်္ကရာ	tən̥ɪ˨ɴkəɹa˨
တဏှင်္ကရာဘုရား	tən̥ɪ˨ɴkəɹa˨pʰəja˥˩
တတိယ	ta˥ˀti˥ˀja˥ˀ
တန	ta˥ˀna˥ˀ
တန်ခိုး	dəɡo˥˩
တန်ခူး	dəɡu˥˩
တန်ဆာ	dəza˨
တန်ဆောင်	dəza˨ʊɴ
တန်ဆောင်မုန်း	dəza˨ʊɴmo˥˩ʊɴ
တပည့်	dəbe˥ˀ
တပည့်တော်	dəbe˥ˀdɔ˨
တပိုင်းလျှပ်ကူး	ta˥ˀpa˥˩ɪɴl̥jaʔku˥˩
တပေါင်းလပြည့်နေ့	dəba˥˩ʊɴla˥ˀpji˥ˀne˥ˀ
တမ္ပဒီပ	ta˥ˀmpa˥ˀdi˨pa˥ˀ
တရ	ta˥ˀja˥ˀ
တရဖျား	ta˥ˀja˥ˀpʰja˥˩
တရားခံ	təjəkʰa˨ɴ
တရားခွင်	təjəkʰwɪ˨ɴ
တရားမျှတ	ta˥ˀja˥˩m̥ja˥ˀta˥ˀ
တရုတ်စံကား	təjoʊʔzəɡa˥˩
တရုတ်နံနံ	ta˥ˀjoʊʔna˨ɴna˨ɴ
တရုတ်နှင်းသီး	ta˥ˀjoʊʔn̥ɪ˥˩ɴθi˥˩
တရှကင့်	ta˥ˀʃəkɪ˥ˀɴ
တလည်း	təle˥˩
တဝမ်းပူ	ta˥ˀwɪ˥˩ɴbu˨
တာဝတိံသာ	ta˨wa˥ˀte˨ɪɴθa˨
တာ့ခ်မင်နစ္စတန်	ta˥ˀkʰmɪ˨ɴnɪʔsəta˨ɴ
တိရစ္ဆာန်	təɹeɪʔsʰa˨ɴ
တိရစ္ဆာန်ရုံ	təɹeɪʔsʰa˨ɴjo˨ʊɴ
တိရစ္ဆာန်ဥယျာဉ်	təɹeɪʔsʰa˨ɴʔu˥ˀjɪ˨ɴ
တိုက်လေယာဉ်	taɪʔle˨jɪ˨ɴ
တိုင်းဒေသကြီး	ta˥˩ɪɴde˨θa˥ˀd͡ʑi˥˩
တိုရ	to˨ɹa˥ˀ
တို့	do˥ˀ
တိဿ	teɪʔθa˥ˀ
တိဿဘုရား	teɪʔθa˥ˀpʰəja˥˩
တီရာနာ	ti˨ɹa˨na˨
တီဟီရန်	ti˨hi˨ɹa˨ɴ
တုတ်ထိုး	doʊʔtʰo˥˩
တုတ်မီး	doʊʔmi˥˩
တုသိတာ	toʊʔθi˥ˀta˨
တူနစ်စ်	tu˨nɪʔs
တူရကီ	tu˨ɹəki˨
တူရိယာ	tu˨ɹi˥ˀja˨
တူးရစ်	tu˥˩ɹɪʔ
တောက်တိုမည်ရ	taʊʔto˨mji˨ja˥ˀ
တောင်ကိုရီးယား	ta˨ʊɴko˨ɹi˥˩ja˥˩
တောင်ပြုန်းပွဲ	ta˨ʊɴbjo˥˩ʊɴpwɛ˥˩
တောင်ရှည်ပုဆိုး	ta˨ʊɴʃi˨pəsʰo˥˩
တောင်အမေရိက	ta˨ʊɴʔəme˨ɹi˥ˀka˥ˀ
တောင်အာဖရိက	ta˨ʊɴʔa˨pʰəɹi˥ˀka˥ˀ
တောမန်ကျည်း	tɔ˥˩məd͡ʑi˥˩
တော်ကာလျော်ကာ	tɔ˨ɡa˨jɔ˨ɡa˨
တော်ပြီ	tɔ˨bi˨
တော်ရိလျော်ရိ	tɔ˨ji˥ˀjɔ˨ji˥ˀ
တေးစီးရီး	te˥˩si˥˩ɹi˥˩
တဲ့	dɛ˥ˀ
တဲ့တိုး	dɛ˥ˀdo˥˩
တံခါး	dəɡa˥˩
တံခါးခုံ	dəɡəkʰo˨ʊɴ
တံခါးဗိုလ်	dəɡa˥˩bo˨
တံခွန်	dəɡʊ˨ɴ
တံခွန်တိုင်	dəɡʊ˨ɴda˨ɪɴ
တံငါ	təŋa˨
တံငါတာရာ	təŋa˨ta˨ja˨
တံစဉ်	dəzɪ˨ɴ
တံစဉ်း	dəzɪ˥˩ɴ
တံဆိပ်	dəzeɪʔ
တံဆိပ်ခေါင်း	dəzeɪʔɡa˥˩ʊɴ
တံဆိပ်တုံး	dəzeɪʔto˥˩ʊɴ
တံတား	dəda˥˩
တံတိုင်း	dəda˥˩ɪɴ
တံတောင်	dəda˨ʊɴ
တံတွေး	da˥ˀdwe˥˩
တံပိုး	dəbo˥˩
တံပူ	dəbu˨
တံမြက်စည်း	dəbjɛʔsi˥˩
တြိ	təɹi˥ˀ
တြိဂံ	tɹi˥ˀɡa˨ɴ
တြိပူရ	təɹi˥ˀpu˨ja˥ˀ
တွက်	twɛʔ
တွယ်	twɛ˨
ထက်ဝယ်ဖွဲ့ခွေ	tʰɛʔwɛ˨pʰwɛ˥ˀkʰwe˨
ထဆင်ထူး	tʰa˥ˀsʰɪ˨ɴdu˥˩
ထည့်	tʰɛ˥ˀ
ထည်	tʰɛ˨
ထန်းရည်	tʰəje˨
ထန်းလျက်	tʰəɲɛʔ
ထပ်တစ်ရာ	tʰaʔtəja˨
ထဘီ	tʰəmi˨
ထမင်းလုံးတစ္ဆေခြောက်	tʰəmɪ˥˩ɴlo˥˩ʊɴtəsʰe˨t͡ɕʰaʊʔ
ထမင်းသုပ်	tʰa˥ˀmɪ˥˩ɴθoʊʔ
ထမနဲ	tʰa˥ˀma˥ˀnɛ˥˩
ထရီလီယံ	tʰəɹi˨li˨ja˨ɴ
ထာဝရဘုရား	tʰa˨wəɹa˥ˀpʰəja˥˩
ထာဝရဥစ္စာ	tʰa˨wəja˥ˀʔoʊʔsa˨
ထားဝယ်	dəwɛ˨
ထိပ်စုဖုရား	tʰeɪʔsu˥ˀpʰəja˥˩
ထိုင်ဝမ်	tʰa˨ɪɴwa˨ɴ
ထီးဖြူ	tʰi˥˩bju˨
ထေရဝါဒ	tʰe˨ja˥ˀwa˨da˥ˀ
ထွက်	tʰwɛʔ
ထွက်ကုန်	tʰwɛʔko˨ʊɴ
ထွက်ပေါက်	tʰwɛʔpaʊʔ
ထွက်ပြေး	tʰwɛʔpje˥˩
ဒထွေး	da˥ˀdwe˥˩
ဒန္တပူရ	da˨ɴta˥ˀpu˨ɹa˥ˀ
ဒန်ပူ	dəbu˨
ဒဗ္ဗလျူ	da˨bba˥ˀju˨
ဒမားစကပ်	da˥ˀma˥˩səkaʔ
ဒရာမာ	dəɹa˨ma˨
ဒသပါရမီ	dəθa˥ˀpa˨ɹəmi˨
ဒသမ	da˥ˀθəma˥ˀ
ဒါမှမဟုတ်	da˨m̥a˥ˀməhoʊʔ
ဒါယိကာ	da˨jəka˨
ဒိဌိ	deɪʔtʰi˥ˀ
ဒိုင်ခွက်	da˨ɪɴɡwɛʔ
ဒိုင်ယာရီ	da˨ɪɴja˨ɹi˨
ဒိုမီနီကန်သမ္မတ	do˨mi˨ni˨ka˨ɴθəməda˥ˀ
ဒီဂရီ	di˨ɡəɹi˨
ဒီပင်္ကရာ	di˨pɪ˨ɴkəɹa˨
ဒီပင်္ကရာဘုရား	di˨pɪ˨ɴkəɹa˨pʰəja˥˩
ဒီမိုကရေစီ	di˨mo˨kəɹe˨si˨
ဒုက္ခပေး	du˨kkʰa˥ˀpe˥˩
ဒုက္ခရောက်	du˨kkʰa˥ˀjaʊʔ
ဒုက္ခရှာ	du˨kkʰa˥ˀʃa˨
ဒုက္ခသည်	doʊʔkʰa˥ˀðe˨
ဒုက္ခသည်စခန်း	doʊʔkʰa˥ˀðɛ˨səkʰa˥˩ɴ
ဒုဋ္ဌဝတီ	doʊʔtʰa˥ˀwədi˨
ဒုတိယကမ္ဘာစစ်	du˥ˀti˥ˀja˥ˀɡəba˨sɪʔ
ဒုတိယတပ်ကြပ်	du˥ˀti˥ˀja˥ˀtaʔt͡ɕaʔ
ဒုတိယဗိုလ်	du˥ˀti˥ˀja˥ˀbo˨
ဒုတိယဗိုလ်ချုပ်ကြီး	du˥ˀti˥ˀja˥ˀbo˨d͡ʑoʊʔd͡ʑi˥˩
ဒုတိယဗိုလ်ချုပ်မှူးကြီး	du˥ˀti˥ˀja˥ˀbo˨d͡ʑoʊʔm̥u˥˩d͡ʑi˥˩
ဒုတိယဗိုလ်မှူးကြီး	du˥ˀti˥ˀja˥ˀbo˨m̥u˥˩d͡ʑi˥˩
ဒုတိယအရာခံဗိုလ်	du˥ˀti˥ˀja˥ˀʔəja˨ɡa˨ɴbo˨
ဒုဗ္ဘိက္ခန္တရကပ်	doʊʔbeɪʔkʰa˨ɴtəɹa˥ˀkaʔ
ဒုယင်တော်	dəjɪ˨ɴdɔ˨
ဒုံးပျံ	do˥˩ʊɴbja˨ɴ
ဒေတာဘေ့စ်	de˨ta˨be˥ˀs
ဒေဝနာဂရီ	de˨wa˥ˀna˨ɡəɹi˨
ဒေသန္တရစကား	de˨θa˨ɴtəɹa˥ˀzəɡa˥˩
ဒေသိယစကား	de˨θi˥ˀja˥ˀzəɡa˥˩
ဒေါသကြီး	dɔ˥˩ða˥ˀt͡ɕi˥˩
ဒေါသထွက်	dɔ˥˩ða˥ˀtʰwɛʔ
ဒြပ်	dəɹaʔ
ဒြပ်စင်	dəɹaʔsɪ˨ɴ
ဒြပ်ထု	dəɹaʔtʰu˨
ဒွယံဒွယံ	dwa˥ˀja˨ɴdwa˥ˀja˨ɴ
ဒွါဒသမ	dwa˨da˥ˀθəma˥ˀ
ဒွိလိင်	dwi˥ˀle˨ɪɴ
ဒဿဂီရိ	dəθa˥ˀɡi˨ji˥ˀ
ဒဿနဗေဒ	da˥ˀθəna˥ˀbe˨da˥ˀ
ဒဿနိကဗေဒ	da˥ˀθəni˥ˀka˥ˀbe˨da˥ˀ
ဓနရှင်	dəna˥ˀʃɪ˨ɴ
ဓမ္မ	dəma˥ˀ
ဓမ္မစကြာ	da˨ɴma˥ˀsa˥ˀt͡ɕa˨
ဓမ္မတာ	dəməda˨
ဓမ္မတာကာလ	dəməda˨ka˨la˥ˀ
ဓမ္မတာလာ	dəməda˨la˨
ဓမ္မတာဝန်	dəməda˨wʊ˨ɴ
ဓမ္မဒူတ	dəma˥ˀdu˨ta˥ˀ
ဓမ္မဒဿီ	dəma˥ˀma˥ˀdaʔθi˨
ဓမ္မဒဿီဘုရား	dəma˥ˀdətθi˨pʰəja˥˩
ဓမ္မပါလ	da˨ɴma˥ˀpa˨la˥ˀ
ဓမ္မသတ်	dəməθaʔ
ဓအောက်ခြိုက်	da˥ˀʔaʊʔt͡ɕʰaɪʔ
ဓာတ်ကြီးလေးပါး	da˨tt͡ɕi˥˩le˥˩pa˥˩
ဓာတ်ခဲ	daʔkʰe˥˩
ဓာတ်ခွက်	da˨tkʰwɛʔ
ဓာတ်မှန်	da˨tm̥a˨ɴ
ဓာတ်သွား	da˨tθwa˥˩
ဓာတ်အား	da˨tʔa˥˩
ဓာတ်အားပေးစက်ရုံ	da˨tʔa˥˩be˥˩sɛʔjo˨ʊɴ
ဓားစာခံ	dəza˨ɡa˨ɴ
ဓားပြ	dəmja˥ˀ
ဓားပြား	dəbja˥˩
ဓားမြှောင်	dəm̥ja˨ʊɴ
ဓားအိမ်	dəʔe˨ɪɴ
နက္ခတ္တဗေဒ	nɛʔkʰəta˥ˀbe˨da˥ˀ
နက္ခတ်တာရာပြခန်း	nɛʔkʰaʔta˨ja˨pja˥ˀɡa˥˩ɴ
နဂါးငွေ့တန်း	na˥ˀɡa˥˩ŋwe˥ˀta˥˩ɴ
နဂါးမောက်	na˥ˀɡa˥˩maʊʔ
နဂါးမောက်သီး	na˥ˀɡa˥˩maʊʔθi˥˩
နငယ်	na˥ˀŋɛ˨
နည်း	nɛ˥˩;nɛ˥˩
နည်းနည်း	nɛ˥˩nɛ˥˩
နည်းပညာ	ni˥˩pjɪ˨ɴɲa˨
နတ်တော်	nədɔ˨
နတ်ဖွက်	naʔpʰwɛʔ
နတ်လျောင်းလ	naʔja˥˩ʊɴla˥ˀ
နတ်သမီး	naʔθa˥ˀmi˥˩
နတ်သုဓာ	naʔθoʊʔda˨
နတ်သုဓာထမင်း	naʔθoʊʔda˨tʰəmɪ˥˩ɴ
နန်းပြား	na˥˩ɴbja˥˩
နန်းပြားကြီး	na˥˩ɴbja˥˩d͡ʑi˥˩
နန်းပြားသုပ်	na˥˩ɴbja˥˩θoʊʔ
နနွင်း	sʰənwɪ˥˩ɴ
နမီးဘီးယား	na˥ˀmi˥˩bi˥˩ja˥˩
နယ်သာလန်	nɛ˨ðəla˨ɴ
နရက်	nəɹɛʔ
နလပိန်းတုံး	na˥ˀləbe˥˩ɪɴdo˥˩ʊɴ
နဝကမ္မ	nəwa˥ˀka˨ɴma˥ˀ
နဝရတ်	nəwəɹaʔ
နဝရူပ	na˥ˀwa˥ˀju˨pa˥ˀ
နဟုတံ	nəhoʊʔta˨ɴ
နာဂဒေဝ	na˨ɡa˥ˀde˨wa˥ˀ
နာဂရီ	na˨ɡəɹi˨
နာဆူလ်တန်	na˨sʰu˨lta˨ɴ
နာနတ်	nənaʔ
နာနတ်ပွင့်	nənaʔpwɪ˥ˀɴ
နာမကရဏ	na˨ma˥ˀkəɹəna˥ˀ
နာမည်	na˨mji˨
နာမည်ကဒ်	na˨mji˨ka˨d
နာမဝိသေသန	na˨ma˥ˀwi˥ˀθe˨θəna˥ˀ
နာမ်စား	na˨mza˥˩
နာရဒ	na˨ɹəda˥ˀ
နာရဒဘုရား	na˨ɹəda˥ˀpʰəja˥˩
နားကပ်	nəɡaʔ
နားကြပ်	nəd͡ʑaʔ
နားကွင်း	nəɡwɪ˥˩ɴ
နားတောင်း	nəda˥˩ʊɴ
နားထင်	nətʰɪ˨ɴ
နားရည်ဝ	na˥˩je˨wa˥ˀ
နားရွက်	nəjwɛʔ
နားလည်	na˥˩lɛ˨
နားလည်မှု	na˥˩lɛ˨m̥u˥ˀ
နားသမင်္ဂလာ	na˥˩ða˥ˀmɪ˨ɴɡəla˨
နိခါတကဗေဒ	ni˥ˀkʰa˨təka˥ˀbe˨da˥ˀ
နိဂ္ဂဟိတ	neɪʔɡəhi˥ˀta˥ˀ
နိစ္စ	ne˨sa˥ˀ
နိန္နဟုတံ	ne˨ɪɴnəhoʊʔta˨ɴ
နိမိတ်	nəmeɪʔ
နိမိတ်ကြီးလေးပါး	nəmeɪʔt͡ɕi˥˩le˥˩pa˥˩
နိမ္မာနရတိ	ne˨ɪɴma˨nəɹəti˥ˀ
နိရဗ္ဗုဒ	ni˥ˀɹaʔboʊʔda˥ˀ
နိုက်ထရိုဂျင်	naɪʔtʰəɹo˨d͡ʑɪ˨ɴ
နိုင်ဂျီးရီးယား	na˨ɪɴd͡ʑi˥˩ɹi˥˩ja˥˩
နိုင်ငံခြားသား	na˨ɪɴɡa˨ɴd͡ʑa˥˩ða˨
နိုင်ငံတော်တံဆိပ်	na˨ɪɴŋa˨ɴdɔ˨dəzeɪʔ
နိုင်ငံတော်သီချင်း	na˨ɪɴŋa˨ɴdɔ˨θət͡ɕʰɪ˥˩ɴ
နို့တိုက်သတ္တဝါ	no˥ˀdaɪʔðədəwa˨
နိဿယ	neɪʔθəja˥ˀ
နီကာရာဂွါ	ni˨ka˨ɹa˨ɡwa˨
နူဟ်	nu˨h
နေစကြဝဠာ	ne˨sɛʔt͡ɕa˨wəla˨
နေထွက်	ne˨tʰwɛʔ
နေထွက်ဘုရင်	ne˨tʰwɛʔbu˥ˀjɪ˨ɴ
နေရာငါးသွယ်	ne˨ja˨ŋa˥˩θwɛ˨
နေဝင်ဖျိုးဖျ	ne˨wɪ˨ɴpʰjo˥˩bja˥ˀ
နောက်ပစ်	naʊʔpjɪʔ
နောက်ပြီး	naʊʔpi˥˩
နေ့လည်	ne˥ˀlɛ˨
နံပါတ်ဖိုး	na˨ɴpa˨tpʰo˥˩
နံပြား	na˨ɴbja˥˩
နွယ်	nwɛ˨
နွယ်ချို	nwɛ˨d͡ʑo˨
နွယ်တာ	nwɛ˨ta˨
နွားထီး	nətʰi˥˩
နွားနောက်	nənaʊʔ
နွားမ	nəma˥ˀ
နှစ်ကျိပ်ရှစ်ဆူ	n̥a˥ˀt͡ɕeɪʔʃɪʔsʰu˨
နှစ်ချောင်းငင်	n̥ət͡ɕʰa˥˩ʊɴŋɪ˨ɴ
နှစ်ချောင်းပုဒ်	n̥ət͡ɕʰa˥˩ʊɴpoʊʔ
နှစ်ဆန်းတစ်ရက်	n̥ɪʔsʰa˥˩ɴtəjɛʔ
နှစ်ဆန်းတစ်ရက်နေ့	n̥ɪʔsʰa˥˩ɴtəjɛʔne˥ˀ
နှစ်ဆယ်	n̥əsʰɛ˨
နှစ်ပါးသွား	n̥əpa˥˩θwa˥˩
နှစ်ရာ	n̥əja˨
နှစ်လ	n̥əla˥ˀ
နှစ်သစ်အဓိဋ္ဌာန်	n̥ɪʔθɪʔʔədi˨ttʰa˨n
နှာခေါင်း	n̥əkʰa˥˩ʊɴ
နှာခေါင်းပိတ်	n̥əkʰa˥˩ʊɴpeɪʔ
နှာခေါင်းပေါက်	n̥əkʰa˥˩ʊɴbaʊʔ
နှာစေး	n̥a˨si˥˩
နှာမောင်း	n̥əma˥˩ʊɴ
ပခုက္ကူ	pəkʰu˨kku˨
ပင်မှည့်	pɪ˨ɴm̥ɛ˥ˀ
ပင်လယ်ဓားပြ	pɪ˨ɴlɛ˨dəmja˥ˀ
ပစောက်	pa˥ˀzaʊʔ
ပစ္စက္ခ	pjɪʔsɛʔkʰa˥ˀ
ပစ္စည်း	pjɪʔsi˥˩
ပစ္စည်းလေးပါး	pjɪʔsi˥˩le˥˩ba˥˩
ပစ္စယာ	pjɪʔsəja˨
ပစ္စုပ္ပန်	pjɪʔsoʊʔpa˨ɴ
ပစ်	pjɪʔ
ပစ်မှတ်	pjɪʔm̥aʔ
ပဉ္စ	pjɪ˨ɴsa˥ˀ
ပဉ္စကလျာဏီ	pjɪ˨ɴsa˥ˀkələja˨ni˨
ပဉ္စဂံ	pjɪ˨ɴsəɡa˨ɴ
ပဉ္စင်တူရိယာ	pjɪʔsɪ˨ɴtu˨ɹi˥ˀja˨
ပဉ္စင်း	bəzɪ˥˩ɴ
ပဉ္စရူပ	pjɪ˨ɴsa˥ˀɹu˨pa˥ˀ
ပဉ္စသီလ	pjɪ˨ɴsa˥ˀθi˨la˥ˀ
ပညတ်	pɪ˨ɴɲaʔ
ပညတ်တော်	pjɪ˥ˀɴnaʔtɔ˨
ပညာ	pjɪ˨ɴɲa˨
ပညာကျော်	pjɪ˨ɴɲa˨d͡ʑɔ˨
ပညာတတ်	pjɪ˨ɴɲa˨daʔ
ပညာတတ်လူတန်းစား	pjɪ˨ɴɲa˨daʔlu˨da˥˩ɴza˥˩
ပညာပေး	pjɪ˨ɴɲa˨pe˥˩
ပညာဗလ	pjɪ˨ɴɲa˨bəla˥ˀ
ပညာရေး	pjɪ˨ɴɲa˨je˥˩
ပညာရှင်	pjɪ˨ɴɲa˨ʃɪ˨ɴ
ပညာရှိ	pjɪ˨ɴɲa˨ʃi˥ˀ
ပညာသင်	pjɪ˨ɴɲa˨ðɪ˨ɴ
ပညာသင်ဆု	pjɪ˨ɴɲa˨θɪ˨ɴsʰu˥ˀ
ပညာသည်	pjɪ˨ɴɲa˨ðe˨
ပဋိက္ကရား	pəteɪʔkəja˥˩
ပဋိဇီဝဆေး	pədi˥ˀzi˨wa˥ˀsʰe˥˩
ပဋိပက္ခဒေသ	pədi˥ˀpɛʔkʰa˥ˀde˨θa˥ˀ
ပဏ္ဏာ	pəna˨
ပတ္တမြား	bədəmja˥˩
ပတ္တလား	paʔta˥ˀla˥˩
ပတ္ထနာ	pətʰəna˨
ပထမကမ္ဘာစစ်	pa˥ˀtʰəma˥ˀɡəba˨sɪʔ
ပထမဘွဲ့	pa˥ˀtʰəma˥ˀbwɛ˥ˀ
ပဒုမ	pədo˨ʊɴma˥ˀ
ပဒုမဘုရား	pədu˥ˀma˥ˀpʰəja˥˩
ပဒုမုတ္တရ	pədu˥ˀmoʊʔtəɹa˥ˀ
ပဒုမုတ္တရဘုရား	pədu˥ˀmoʊʔtəɹa˥ˀpʰəja˥˩
ပဒေသရာဇ်	bəde˨θəɹɪʔ
ပဒေသာပင်ခေတ်	bəde˨θa˨bɪ˨ɴkʰɪʔ
ပနားမား	pa˥ˀna˥˩ma˥˩
ပန်တျာ	pa˨ɴtəja˨
ပန်းကန်	bəɡa˨ɴ
ပန်းခုနစ်မည်	pa˥˩ɴkʰənəmji˨
ပန်းချီ	bəd͡ʑi˨
ပန်းချီဆရာ	bəd͡ʑi˨sʰəja˨
ပန်းတဉ်း	bədɪ˥˩ɴ
ပန်းထိမ်	bəde˨ɪɴ
ပန်းပု	bəbu˥ˀ
ပန်းပဲ	bəbɛ˥˩
ပန်းပွတ်	bəbʊʔ
ပန်းမုန်လာဖြူ	pa˥˩ɴmo˨ʊɴla˨bju˨
ပန်းရန်	bəja˨ɴ
ပန်းဝတ်ရည်	pa˥˩ɴwʊʔje˨
ပရက်ဂ်	pəɹɛʔɡ
ပရစ်ဇမ်	pəɹɪʔza˨ɴ
ပရနိမ္မိတဝသဝတ္တီ	pəɹa˥ˀne˨ɪɴmi˥ˀta˥ˀwəθaʔti˨
ပရဟိတ	pəɹa˥ˀhi˥ˀta˥ˀ
ပရာ့ဂ်	pəɹa˥ˀɡ
ပရိက္ခရာ	pəɹeɪʔkʰəja˨
ပရိဒေဝ	pəɹi˥ˀde˨wa˥ˀ
ပရိနိဗ္ဗာန်	pəɹeɪʔneɪʔba˨ɴ
ပရိနိဗ္ဗာန်စံ	pəɹeɪʔneɪʔba˨ɴsa˨ɴ
ပရိဘောဂ	pəɹi˥ˀbɔ˥˩ɡa˥ˀ
ပရိယာယ်	pəɹi˥ˀjɛ˨
ပရိဝုဏ်	pəɹəwo˨ʊɴ
ပရိသတ်	pəjeɪʔθaʔ
ပရိုဂရမ်	pəɹo˨ɡəɹa˨ɴ
ပရိုဂရမ်မာ	pəɹo˨ɡəɹa˨ɴma˨
ပရိုဂျက်	pəɹo˨d͡ʑɛʔ
ပရိုင်းမိတ်	pəɹa˥˩ɪɴmeɪʔ
ပရိုတင်း	pəɹo˨tɪ˥˩ɴ
ပရီတိုရီးယား	pəɹi˨to˨ɹi˥˩ja˥˩
ပလပ်ကျွတ်	pa˥ˀlaʔt͡ɕʊʔ
ပလ္လင်	pəlɪ˨ɴ
ပလ္လင်ခံ	pəlɪ˨ɴkʰa˨ɴ
ပလွေ	pa˥ˀlwe˨
ပဝရ	pəwəɹa˥ˀ
ပသျှူး	pəʃu˥˩
ပသျှူးရာမ	pəʃu˥˩ja˨ma˥ˀ
ပအိုဝ်း	pəʔo˥˩w
ပအို့ဝ်	pəʔo˥˩w
ပါရဂူ	pa˨ɹəɡu˨
ပါရစေ	pa˨ja˥ˀze˨
ပါရမီ	pa˨ɹəmi˨
ပါရမီဆယ်ပါး	pa˨ɹəmi˨sʰɛ˨ba˥˩
ပါရရာ	pa˨ɹəja˨
ပါရာဂွေး	pa˨ɹa˨ɡwe˥˩
ပါရီ	pa˨ɹi˨
ပါရုပန	pa˨ɹu˥ˀpəna˥ˀ
ပါးစပ်	bəzaʔ
ပါးစပ်ကြမ်း	bəzaʔt͡ɕa˥˩ɴ
ပါးစပ်ရာဇဝင်	bəzaʔja˨zəwɪ˨ɴ
ပါးဟက်	pəhɛʔ
ပိစပ်	bi˥ˀzaʔ
ပိဋကတ်	bi˥ˀdəɡaʔ
ပိဋကတ်တိုက်	bi˥ˀdəɡaʔdaɪʔ
ပိတောက်	bədaʊʔ
ပိရမစ်	pi˥ˀɹəmɪʔ
ပိုက်ကွက်	paɪʔkwɛʔ
ပိဿာ	peɪʔθa˨
ပီယဒဿီ	pi˨ja˥ˀdaʔθi˨
ပီယဒဿီဘုရား	pi˨ja˥ˀdaʔθi˨pʰəja˥˩
ပီရူး	pi˨ɹu˥˩
ပုခက်	pəkʰɛʔ
ပုဂံ	bəɡa˨ɴ
ပုဂ္ဂိုလ်	poʊʔɡo˨
ပုစဉ်း	bəzɪ˥˩ɴ
ပုစဉ်းရင်ကွဲ	bəzɪ˥˩ɴjɪ˨ɴɡwɛ˥˩
ပုစွန်	bəzʊ˨ɴ
ပုစွန်တာရာ	bəzʊ˨ɴta˨ja˨
ပုဆိန်	pəsʰe˨ɪɴ
ပုဆိုး	pəsʰo˥˩
ပုည	po˨ʊɴɲa˥ˀ
ပုဏ္ဍရိက	po˨ʊɴda˥ˀɹi˥ˀka˥ˀ
ပုဏ္ဏမန္တာနီပုတ္တ	po˨ʊɴna˥ˀma˨ɴta˨ni˨poʊʔta˥ˀ
ပုတို	bu˥ˀdo˨
ပုတီး	bədi˥˩
ပုထိုး	pətʰo˥˩
ပုဒ်ထီး	poʊʔkəle˥˩
ပုန်းရည်ကြီး	po˥˩ʊɴje˨d͡ʑi˥˩
ပုရစ်	pəjɪʔ
ပုရပိုက်	pəɹəbaɪʔ
ပုရွက်	pəjwɛʔ
ပုရွက်ဆိတ်	pəjwɛʔsʰeɪʔ
ပုလင်း	pəlɪ˥˩ɴ
ပုလိပ်	pəleɪʔ
ပုလဲ	pəlɛ˥˩
ပုသိမ်	pəθe˨ɪɴ
ပုံပြင်	po˨ʊɴbjɪ˨ɴ
ပူတကေ	pu˨ta˥ˀke˨
ပူဒီနာ	pu˨si˨na˨
ပူဖောင်း	bu˨ba˥˩ʊɴ
ပူရ	pu˨ɹa˥ˀ
ပူရီ	pu˨ɹi˨
ပေမဲ့	be˨mɛ˥ˀ
ပေယျာလ	pe˨ja˨la˥ˀ
ပေါလော	bɔ˥˩lɔ˥˩
ပေါ့ဒ်ဂိုရစ်ဆာ	pɔ˥ˀdɡo˨ɹɪʔsʰa˨
ပေါ့ပ်ဂီတ	pɔ˥ˀpɡi˨ta˥ˀ
ပေါ်ကြော့	bɔ˨d͡ʑɔ˥ˀ
ပဲကတ္တီပါ	pɛ˥˩ɡədi˨pa˨
ပဲခူး	bəɡo˥˩
ပဲငံပြာရည်	pɛ˥˩ŋa˨ɴbja˨je˨
ပဲစောင်းလျား	pɛ˥˩za˥˩ʊɴja˥˩
ပဲတောင့်ပြုတ်	pɛ˥˩da˥ˀʊɴbjoʊʔ
ပဲနပြား	pɛ˥˩nəbja˥˩
ပဲပုစွန်	pəpəzʊ˥˩ɴ
ပဲပြုတ်	pɛ˥˩bjoʊʔ
ပဲလေးညှင်း	pɛ˥˩ni˨ɡəle˥˩
ပျဉ်းမနား	pjɪ˥˩ɴma˥ˀna˥˩
ပျပျ	pja˥ˀbja˥ˀ
ပျားတူ	ba˥ˀdu˨
ပျားရည်	pja˥˩je˨
ပျောက်ကွယ်	pjaʊʔkwɛ˨
ပျော်ပျော်	pjɔ˨bjɔ˨
ပျံကျ	bja˨ɴd͡ʑa˥ˀ
ပြခန်း	pja˥ˀɡa˥˩ɴ
ပြချက်	pja˥ˀd͡ʑɛʔ
ပြင်ပြင်	pjɪ˨ɴbjɪ˨ɴ
ပြဇာတ်	pja˥ˀza˨t
ပြည့်	pje˥ˀ
ပြည့်တန်ဆာ	pji˥ˀdəza˨
ပြည်ထောင်စုသမ္မတမြန်မာနိုင်ငံတော်	pji˨tʰa˨ʊɴsu˥ˀθa˨ɴma˥ˀta˥ˀmja˨ɴma˨na˨ɪɴŋa˨ɴtɔ˨
ပြတင်းပေါက်	bədɪ˥˩ɴbaʊʔ
ပြတိုက်	pja˥ˀdaɪʔ
ပြဒါးချိန်	bəda˥˩d͡ʑe˨ɪɴ
ပြပွဲ	pja˥ˀbwɛ˥˩
ပြယုဂ်	pja˥ˀjoʊʔ
ပြသ	pja˥ˀθa˥ˀ
ပြာခွက်	pja˨ɡwɛʔ
ပြာသာဒ်	pjaʔθaʔ
ပြိဿ	pjeɪʔθa˥ˀ
ပြီး	pi˥˩
ပြီးတော့	pi˥˩dɔ˥ˀ
ပြီးပြီ	pi˥˩bi˨
ပြုပြင်	pju˥ˀbjɪ˨ɴ
ပြောက်သောက်	bjaʊʔθaʊʔ
ပြောင်တိုက်	bja˨ʊɴtaɪʔ
ပြောင်းပြန်	bja˥˩ʊɴbja˨ɴ
ပြဿဒါး	pjaʔðəda˥˩
ပြဿနာ	pjaʔθəna˨
ပၑ	pəʃa˥ˀ
ဖက်ဒရယ်	pʰɛʔdəɹɛ˨
ဖခင်	pʰa˥ˀɡɪ˨ɴ
ဖငယ်	pʰa˥ˀŋɛ˨
ဖင်လျက်	pʰɪ˨ɴjɛʔ
ဖယ်ဒရယ်	pʰɛ˨dəɹɛ˨
ဖယ်ဒရေးရှင်း	pʰɛ˨dəɹe˥˩ʃɪ˥˩ɴ
ဖရင်းချား	pʰəɹɪ˥˩ɴd͡ʑa˥˩
ဖရန့်	pʰəɹa˥ˀɴ
ဖရု	pʰa˥ˀju˥ˀ
ဖရုသဝါစာ	pʰəɹu˥ˀθa˥ˀwa˨sa˨
ဖာသည်မ	pʰa˨θɛ˨ma˥ˀ
ဖားပြုပ်	pʰəbjoʊʔ
ဖားလောင်း	pʰəla˥˩ʊɴ
ဖိနပ်	pʰənaʔ
ဖိနပ်ချွတ်	pʰənaʔt͡ɕʰʊʔ
ဖုဿ	pʰoʊʔθa˥ˀ
ဖုဿဘုရား	pʰoʊʔθa˥ˀpʰəja˥˩
ဖေ	ʔəpʰe˨
ဖေဖော်ဝါရီ	pʰe˨pʰɔ˨wa˨ɹi˨
ဖေါ်ပြချက်	pʰɔ˨pja˥ˀt͡ɕʰɛʔ
ဖောက်သည်	pʰaʊʔθɛ˨
ဖော့ဖျက်	pʰɔ˥ˀbjɛʔ
ဖျင်ဖျင်	pʰjɪ˨ɴbjɪ˨ɴ
ဖျောင်းဖျ	pʰja˥˩ʊɴbja˥ˀ
ဖျော်ဖြေ	pʰjɔ˨bje˨
ဖျော်ဖြေပွဲ	pʰjɔ˨bje˨bwɛ˥˩
ဖြည့်	pʰje˥ˀ
ဖြည်း	pʰje˥˩
ဖြည်းဖြည်း	pʰje˥˩bje˥˩
ဖြုန်း	bjo˥˩ʊɴ
ဖြေဖျောက်	pʰje˨bjaʊʔ
ဖြောဖြော	pʰjɔ˥˩bjɔ˥˩
ဖြော်ဖြော်	pʰjɔ˨bjɔ˨
ဖွက်	pʰwɛʔ
ဗက်တီးရီးယား	bɛʔti˥˩ɹi˥˩ja˥˩
ဗထက်ခြိုက်	ba˥ˀtʰɛʔt͡ɕʰaɪʔ
ဗန်ရှည်	ba˨ɴʃe˨
ဗဟိုအာဖရိကသမ္မတ	bəho˨ʔa˨pʰəɹi˥ˀka˥ˀθəməda˥ˀ
ဗာတီကန်မြို့ပြနိုင်ငံ	ba˨ti˨ka˨ɴmjo˥ˀpja˥ˀna˨ɪɴŋa˨ɴ
ဗိမာန်	beɪʔma˨ɴ
ဗိသုကာ	bi˥ˀðəɡa˨
ဗိုင်းရပ်စ်	ba˥˩ɪɴɹaʔs
ဗိုလ်	bo˨
ဗိုလ်ကိတ်ပဲ	bo˨keɪʔbɛ˥˩
ဗိုလ်ကေ	bo˨ke˨
ဗိုလ်ကျ	bo˨t͡ɕa˥ˀ
ဗိုလ်ကြီး	bo˨d͡ʑi˥˩
ဗိုလ်ချုပ်	bo˨d͡ʑoʊʔ
ဗိုလ်ချုပ်ကြီး	bo˨d͡ʑoʊʔd͡ʑi˥˩
ဗိုလ်ချုပ်မှူးကြီး	bo˨d͡ʑoʊʔm̥u˥˩d͡ʑi˥˩
ဗိုလ်ခြေ	bo˨d͡ʑe˨
ဗိုလ်စားပဲ	bo˨za˥˩bɛ˥˩
ဗိုလ်မှူး	bo˨m̥u˥˩
ဗိုလ်မှူးကြီး	bo˨m̥u˥˩d͡ʑi˥˩
ဗိုလ်မှူးချုပ်	bo˨m̥u˥˩d͡ʑoʊʔ
ဗိုလ်လုပွဲ	bo˨llu˥ˀpwɛ˥˩
ဗိုလ်လောင်း	bo˨la˥˩ʊɴ
ဗိဿနိုး	beɪʔθəno˥˩
ဗီရို	bi˨do˨
ဗုဒ္ဓဘာသာ	boʊʔda˥ˀba˨ða˨
ဗုဒ္ဓဝါဒီ	boʊʔda˥ˀwa˨di˨
ဗုဒ္ဓသာသနာ	boʊʔda˥ˀθa˨ðəna˨
ဗုဒ္ဓဟူးဂြိုဟ်	boʊʔdəhu˥˩d͡ʑo˨
ဗုံးကြဲလေယာဉ်	bo˥˩ʊɴt͡ɕɛ˥˩le˨jɪ˨ɴ
ဗူးခရက်	bu˥˩kʰa˥ˀɹɛʔ
ဗူးဒပက်	bu˥˩da˥ˀpɛʔ
ဗော့ဒ်ကာ	bɔ˥ˀdka˨
ဗျူရို	bju˨ɹo˨
ဗျူရိုကရေစီ	bju˨ɹo˨kəɹe˨si˨
ဗြဟ္မစိုရ်တရား	bjəməzo˨təja˥˩
ဗြဟ္မာ	bjəma˨
ဗြဟ္မာပုတ္တ	bja˨hma˨poʊʔta˥ˀ
ဗြာဟ္မဏ	bjəməna˥ˀ
ဗြိစ္ဆာ	bjeɪʔsʰa˨
ဗြိတိသျှ	bəɹi˥ˀti˥ˀʃa˥ˀ
ဗွက်	bwɛʔ
ဘကကျောင်း	ba˥ˀka˥ˀt͡ɕa˥˩ʊɴ
ဘကုန်း	ba˥ˀko˥˩ʊɴ
ဘက်ထရီ	bɛʔtʰa˥ˀɹi˨
ဘကြီး	ba˥ˀd͡ʑi˥˩
ဘဂ္ဂဒက်	ba˨ɡɡədɛʔ
ဘင်္ဂလားဒေ့ရှ်	bɪ˨ɴla˥˩de˥ˀʃ
ဘဇူကာ	ba˥ˀzu˨ka˨
ဘထွေး	ba˥ˀtʰwe˥˩
ဘယ်တော့မှ	bɛ˨dəma˥ˀ
ဘယ်နှစ်	bɛ˨n̥ə
ဘယ်ရီလီယမ်	bɛ˨ɹi˨li˨ja˨ɴ
ဘယ်လ်ဂျီယမ်	bɛ˨ld͡ʑi˨ja˨ɴ
ဘယ်သူ	bəθu˨
ဘယ်သူ့	bəθu˥ˀ
ဘရင်ဂျီ	bəɹɪ˨ɴd͡ʑi˨
ဘရင်းဂန်း	ba˥ˀɹɪ˥˩ɴɡa˥˩ɴ
ဘရဏီ	ba˥ˀjəni˨
ဘရန်ဒီ	ba˥ˀɹa˨ɴdi˨
ဘရပ်ဆဲလ်	bəɹaʔsʰɛ˥˩l
ဘရာစီယာ	bəɹa˨si˨ja˨
ဘရာဇီး	bəɹa˨zi˥˩
ဘရာတစ်လာဗာ	bəɹa˨tɪʔla˨ba˨
ဘရိတ်	bəɹeɪʔ
ဘရူနိုင်း	bəɹu˨na˥˩ɪɴ
ဘလိဇ်	bəli˨z
ဘလောက်	ba˥ˀlaʊʔ
ဘလော့ဂ်	bəloʊʔ
ဘလေး	ba˥ˀle˥˩
ဘဝရှင်	bəwa˥ˀʃɪ˨ɴ
ဘဟားမား	ba˥ˀha˥˩ma˥˩
ဘာရိန်း	ba˨ɹe˥˩ɪɴ
ဘာသန္တရ	ba˨ða˨ɴdəɹa˥ˀ
ဘိက္ခု	beɪʔkʰu˥ˀ
ဘိက္ခုနီ	beɪʔkʰu˥ˀni˨
ဘိလပ်ရည်	bi˥ˀlaʔje˨
ဘိသိက်	beɪʔθeɪʔ
ဘိသိက်ဆရာ	beɪʔθeɪʔsʰəja˨
ဘိုရွန်	bo˨ɹʊ˨ɴ
ဘိုးဘိုး	pʰo˥˩pʰo˥˩
ဘီလာရုဇ်	bi˨la˨ɹu˨z
ဘီလူး	bəlu˥˩
ဘီလူးစီး	bəlu˥˩si˥˩
ဘုန်း	pʰo˥˩ʊɴ
ဘုန်းကြီး	pʰo˥˩ʊɴd͡ʑi˥˩
ဘုန်းကြီးကျောင်း	pʰo˥˩ʊɴd͡ʑi˥˩t͡ɕa˥˩ʊɴ
ဘုန်းကြီးပျံ	pʰo˥˩ʊɴd͡ʑi˥˩bja˨ɴ
ဘုန်းတော်ကြီးဘုရား	pʰo˥˩ʊɴdɔ˨d͡ʑi˥˩pʰəja˥˩
ဘုန်းဘုန်း	pʰo˥˩ʊɴpʰo˥˩ʊɴ
ဘုရင်	bəjɪ˨ɴ
ဘုရင်ခံ	ba˥ˀjɪ˨ɴɡa˨ɴ
ဘုရင်မ	ba˥ˀjɪ˨ɴma˥ˀ
ဘုရင်မင်းမြတ်	bəjɪ˨ɴmɪ˥˩ɴmjaʔ
ဘုရား	pʰəja˥˩
ဘုရားကိုးဆူ	pʰəja˥˩ko˥˩sʰu˨
ဘုရားကျောင်း	pʰəja˥˩d͡ʑa˥˩ʊɴ
ဘုရားဖူး	pʰəja˥˩pʰu˥˩
ဘုရားရှိခိုး	pʰəja˥˩ʃi˥ˀkʰo˥˩
ဘုရားရှိခိုးကျောင်း	pʰəja˥˩ʃi˥ˀkʰo˥˩d͡ʑa˥˩ʊɴ
ဘုရားလောင်း	pʰəja˥˩la˥˩ʊɴ
ဘုရားသခင်	pʰəja˥˩θəkʰɪ˨ɴ
ဘုရားအလောင်း	pʰəja˥˩ʔəla˥˩ʊɴ
ဘူဂေးရီးယား	bu˨ɡe˥˩ɹi˥˩ja˥˩
ဘူမိရူပဗေဒ	bu˨mi˥ˀju˨pa˥ˀbe˨da˥ˀ
ဘူရွန်ဒီ	bu˨ɹʊ˨ɴdi˨
ဘေရွတ်	be˨ɹʊʔ
ဘောဂဗေဒ	bɔ˥˩ɡa˥ˀta˥ˀbe˨da˥ˀ
ဘော့စနီးယားနှင့်ဟာဇီဂိုဗီးနား	bɔ˥ˀsəni˥˩ja˥˩n̥ɪ˥ˀɴhəzi˨ɡo˨bi˥˩na˥˩
ဘေ့စ်ဘော	be˥ˀsbɔ˥˩
ဘဲလ်ဂရိတ်	bɛ˥˩lɡəɹeɪʔ
ဘွားဘွား	pʰwa˥˩pʰwa˥˩
မက	ma˥ˀka˥ˀ
မကရ	məkəɹa˥ˀ
မကြာခဏ	ma˥ˀt͡ɕa˨kʰa˥ˀna˥ˀ
မချစ်စု	ma˥ˀt͡ɕʰɪʔsu˥ˀ
မဂ္ဂဇင်း	mɛʔɡa˥ˀzɪ˥˩ɴ
မင့်စ်	mɪ˥ˀɴs
မင်းမျိုးမင်းနွယ်	mɪ˥˩ɴmjo˥˩mɪ˥˩ɴnwɛ˨
မင်းမြောက်တန်ဆာ	mɪ˥˩ɴmjaʊʔdəza˨
မင်းလက်ထပ်ပြီးပြီလား	mɪ˥˩ɴlɛʔtʰaʔpi˥˩bi˨la˥˩
မင်္ဂလဘုရား	mɪ˨ɴɡəla˥ˀpʰəja˥˩
မင်္ဂလသုတ်	mɪ˨ɴɡəla˥ˀθoʊʔ
မစင်	ma˥ˀsɪ˨ɴ
မဆလာ	ma˥ˀsʰəla˨
မဇ္ဈဒေသ	mɪʔza˥ˀde˨θa˥ˀ
မဉ္ဇူ	mjɪ˥ˀɴzu˨
မည်	mji˨
မည်စည်	mɛ˨zɛ˨
မည်း	mɛ˥˩
မဏိပူရ	məni˥ˀpu˨ɹa˥ˀ
မတကဘတ်	mətəka˥ˀbaʔ
မတရား	ma˥ˀta˥ˀja˥˩
မတော်တဆမှု	mətɔ˨təsʰa˥ˀm̥u˥ˀ
မတ်ခွက်	maʔkʰwɛʔ
မတ်စေ့	maʔsi˥ˀ
မထော်မနန်း	ma˥ˀtʰɔ˨ma˥ˀna˥˩ɴ
မဒရစ်	ma˥ˀdəɹɪʔ
မဒါဂတ်စကား	ma˥ˀda˨ɡaʔsəka˥˩
မနာလို	ma˥ˀna˨lo˨
မနာလိုတိုရှည်	məna˨lo˨to˨ʃe˨
မနိုင်ရင်ကန်	ma˥ˀna˨ɪɴjɪ˨ɴɡa˨ɴ
မနီလာ	ma˥ˀni˨la˨
မနုဿ	ma˥ˀnoʊʔθa˥ˀ
မနုဿဗေဒ	mənoʊʔθa˥ˀbe˨da˥ˀ
မနုဿီဟ	mənoʊʔθi˨ha˥ˀ
မန်ကျည်း	məd͡ʑi˥˩
မမ	ma˥ˀma˥ˀ
မရဏ	məɹəna˥ˀ
မရမန်	məɹəma˨ɴ
မရမာ	məɹəma˨
မရမာကြီး	məɹəma˨d͡ʑi˥˩
မရမ်းကုန်း	ma˥ˀja˥˩ɴko˥˩ʊɴ
မလိုင်	ma˥ˀla˨ɪɴ
မလ္လိကာ	ma˨ɴli˥ˀka˨
မသိပါဘူး	ma˥ˀθi˥ˀba˨bu˥˩
မသိဘူး	ma˥ˀθi˥ˀbu˥˩
မသိမသာ	ma˥ˀθi˥ˀma˥ˀθa˨
မဟာ	ma˥ˀha˨
မဟာကဿပ	məha˨kaʔθəpa˥ˀ
မဟာဇနပဒ	məha˨zəna˥ˀpəda˥ˀ
မဟာပညာဗလ	məha˨pjɪ˨ɴɲa˨bəla˥ˀ
မဟာဘာရတ	məha˨ba˨ɹəta˥ˀ
မဟာရဋ္ဌ	məha˨jətʰa˥ˀ
မဟာဝိဇ္ဇာဘွဲ့	məha˨weɪʔza˨bwɛ˥ˀ
မအလ	ma˥ˀʔa˥ˀla˥ˀ
မအူလက်တံရှည်	məʔu˨lɛʔta˨ɴʃe˨
မာနကြီး	ma˨na˥ˀt͡ɕi˥˩
မာလဝီ	ma˨la˥ˀwi˨
မိကောင်းဖခင်	mi˥ˀɡa˥˩ʊɴpʰa˥ˀkʰɪ˨ɴ
မိစ္ဆာ	meɪʔsʰa˨
မိစ္ဆာဒိဌိ	meɪʔsʰa˨deɪʔtʰi˥ˀ
မိန်းမလျာ	me˥˩ɪɴməʃa˨
မိဖုရား	mi˥ˀbəja˥˩
မိဘပြည်သူများ	mi˥ˀba˥ˀpji˨ðu˨mja˥˩
မိဘမောင်ဖား	mi˥ˀba˥ˀma˨ʊɴba˥˩
မိဘမဲ့	mi˥ˀba˥ˀmɛ˥ˀ
မိဘမဲ့ဂေဟာ	mi˥ˀba˥ˀmɛ˥ˀɡe˨ha˨
မိုဘိုင်းလ်ဖုန်း	mo˨ba˥˩ɪɴpʰo˥˩ʊɴ
မိုးကျရွှေကိုယ်	mo˥˩d͡ʑa˥ˀʃwe˨ɡo˨j
မိဿ	meɪʔθa˥ˀ
မီလီဂရမ်	mi˨li˨ɡəɹa˨ɴ
မီးခံသေတ္တာ	mi˥˩ɡa˨ɴθɪʔta˨
မီးခွက်	mi˥˩ɡwɛʔ
မီးပုံးပျံ	mi˥˩bo˥˩ʊɴbja˨ɴ
မီးပူတိုက်	mi˥˩bu˨
မီးပြတိုက်	mi˥˩bja˥ˀdaɪʔ
မီးပြောင်း	mi˥˩bja˥˩ʊɴ
မီးယပ်ပညာ	mi˥˩jaʔpjɪ˨ɴɲa˨
မီးသင်္ဂြိုဟ်	mi˥˩ða˥ˀd͡ʑo˨
မုချ	moʊʔt͡ɕʰa˥ˀ
မုဆိုး	moʊʔsʰo˨
မုဆိုးဖို	moʊʔsʰo˥˩bo˨
မုဆိုးမ	moʊʔsʰo˥˩ma˥ˀ
မုတ္ထမ	moʊʔtəma˥ˀ
မုဒ္ဓဇ	mu˨ddəza˥ˀ
မုဒြာ	mu˥ˀdɹa˨
မုန့်ကျွဲသည်း	mo˥ˀʊɴt͡ɕwɛ˥˩ðɛ˥˩
မုန့်ကြာခွက်	mo˥ˀʊɴt͡ɕa˨ɡwɛʔ
မုန့်ခဲဘွယ်	mo˥ˀʊɴkʰɛ˥˩bwɛ˨
မုန့်စကြာ	mo˥ˀʊɴsɛʔt͡ɕa˨
မုန့်ဖော်ခွက်	mo˥ˀʊɴpʰɔ˨ɡwɛʔ
မုန့်ဦးနှောက်	mo˥ˀʊɴʔo˥˩ʊɴði˥˩
မုန်ညှင်းဖြူ	mo˨ʊɴɲ̊ɪ˥˩ɴbju˨
မုရား	məja˥˩
မုဟမ္မဒ်	mu˥ˀha˨ɴma˨d
မူလတန်း	mu˨la˥ˀda˥˩ɴ
မူလတန်းကြိုကျောင်း	mu˨la˥ˀda˥˩ɴd͡ʑo˨d͡ʑa˥˩ʊɴ
မူလဘာသာ	mu˨la˥ˀba˨θa˨
မေတ္တာ	mjɪʔta˨
မေတ္တေယျ	mjɪʔte˨ja˥ˀ
မေဓင်္ကရာ	me˨dɪ˨ɴkəɹa˨
မေဓင်္ကရာဘုရား	me˨dɪ˨ɴkəɹa˨pʰəja˥˩
မောင်းမမိဿံ	ma˥˩ʊɴma˥ˀmeɪʔθa˨ɴ
မောရစ်ရှ	mɔ˥˩ɹɪʔʃa˥ˀ
မော်တော်ယာဉ်	mɔ˨tɔ˨jɪ˨ɴ
မော်ရိုကို	mɔ˨ɹo˨ko˨
မော်ရီတေးနီးယား	mɔ˨ɹi˨te˥˩ni˥˩ja˥˩
မော်လ်ဒိုဗာ	mɔ˨ldo˨ba˨
မေးစေ့	me˥˩zi˥ˀ
မဲဆန္ဒနယ်	mɛ˥˩sʰa˨ɴda˥ˀnɛ˨
မဲဆန္ဒရှင်	mɛ˥˩sʰa˨ɴda˥ˀʃɪ˨ɴ
မျက်နှာပြောင်တိုက်	mjɛʔn̥a˨bja˨ʊɴtaɪʔ
မျက်နှာဖုံး	mjɛʔn̥əpʰo˥˩ʊɴ
မျက်နှာသုတ်ပဝါ	mjɛʔn̥a˨θoʊʔpa˥ˀwa˨
မျက်ရည်	mjɛʔje˨
မျက်လှည့်	mjɛʔl̥ɛ˥ˀ
မျက်လှည့်ဆရာ	mjɛʔl̥ɛ˥ˀsʰəja˨
မျိုးခွဲပညာ	mjo˥˩ɡwɛ˥˩pjɪ˨ɴɲa˨
မျိုးရိုးပညာ	mjo˥˩jo˥˩pjɪ˨ɴɲa˨
မျှတ	m̥ja˥ˀta˥ˀ
မြင်းခွာရွက်သုပ်	mjɪ˥˩ɴkʰwa˨jwɛʔθoʊʔ
မြင်းမကလေး	mjɪ˥˩ɴma˥ˀɡəle˥˩
မြင်းလှည်း	mjɪ˥˩ɴl̥ɛ˥˩
မြန်နှုန်းပြကိရိယာ	mja˨ɴn̥o˥˩ʊɴpja˥ˀki˥ˀji˥ˀja˨
မြန်မာကြီး	mjəma˨d͡ʑi˥˩
မြန်မာလိုကြီး	mjəma˨lo˨d͡ʑi˥˩
မြဝတီ	mja˥ˀwədi˨
မြို့ပြနိုင်ငံ	mjo˥ˀpja˥ˀna˨ɪɴŋa˨ɴ
မြူစွမ်	mju˨swa˨ɴ
မြေကွက်	mje˨ɡwɛʔ
မြေပုံဆွဲပညာ	mje˨bo˨ʊɴsʰwɛ˥˩pjɪ˨ɴɲa˨
မြေပြင်	mje˨bjɪ˨ɴ
မြေပြန့်	mje˨bja˥ˀɴ
မြေဖြူခဲ	mje˨bju˨ɡɛ˥˩
မြောက်ကိုရီးယား	mjaʊʔko˨ɹi˥˩ja˥˩
မြောက်အမေရိက	mjaʊʔʔəme˨ɹi˥ˀka˥ˀ
မြောက်အိုင်ယာလန်	mjaʊʔʔa˨ɪɴjəla˨ɴ
မြွက်	mjwɛʔ
မြွေ	mwe˨
မြွေပါ	mwe˨ba˨
မြွှင်း	m̥wɪ˥˩ɴ
မြွှာ	m̥wa˨
မြှောက်ရကိန်း	m̥jaʊʔja˥ˀke˥˩ɪɴ
မွန်တီနီဂရိုး	mʊ˨ɴti˨ni˨ɡəɹo˥˩
မွေးသက္ကရာဇ်	mwe˥˩θɛʔkəɹɪʔ
မှတ်မှတ်ရရ	m̥aʔm̥aʔja˥ˀja˥ˀ
မှန်ပါ့ဘုရား	m̥a˨ɴba˥ˀpʰəja˥˩
မှန်ပြောင်း	m̥a˨ɴbja˥˩ʊɴ
မှန်ဖြူ	m̥a˨ɴbju˨
မှန်ဘီလူး	m̥a˨ɴbəlu˥˩
မှောင်မည်း	m̥a˨ʊɴmɛ˥˩
ယကွင်း	ja˥ˀɡwɪ˥˩ɴ
ယတြာ	jədəja˨
ယတြာချေ	jədəja˨t͡ɕʰe˨
ယနေ့	ja˥ˀne˥ˀ
ယပက်လက်	ja˥ˀpɛʔlɛʔ
ယပင့်	ja˥ˀpɪ˥ˀɴ
ယမမင်း	jəma˥ˀmɪ˥˩ɴ
ယဝဒီပ	ja˥ˀwa˥ˀdi˨pa˥ˀ
ယသောဓရာ	ja˥ˀθɔ˥˩dəja˨
ယအ္ကူဗ်	ja˨ʔku˨b
ယာဉ်	jɪ˨ɴ
ယာဉ်မောင်း	jɪ˨ɴma˨ʊɴ
ယာဉ်မောင်းလိုင်စင်	jɪ˨ɴma˥˩ʊɴla˨ɪɴsɪ˨ɴ
ယာဉ်ရပ်	jɪ˨ɴjaʔ
ယိုးဒယားကြေးသွား	jo˥˩dəja˥˩
ယိုးဒယားဆယ့်နှစ်ခန်း	jo˥˩dəja˥˩sʰɛ˥ˀn̥əkʰa˥˩ɴ
ယိုးဒယားနှဲသွား	jo˥˩dəja˥˩
ယိုးဒယားသီချင်း	jo˥˩dəja˥˩θət͡ɕʰɪ˥˩ɴ
ယိုးဒယားသံရှစ်မျိုး	jo˥˩dəja˥˩
ယုဇန	ju˥ˀza˥ˀna˥ˀ
ယူကရိန်း	ju˨kəɹe˥˩ɪɴ
ယူရို	ju˨ɹo˨
ယူရေနတ်	ju˨ɹe˨naʔ
ယူရေးရှား	ju˨ɹe˥˩ʃa˥˩
ယေဘုယျ	je˨bo˨ʊɴja˥ˀ
ယေရေဗန်	je˨ɹe˨ba˨ɴ
ယောက်မ	ja˥˩ʊɴma˥ˀ
ယောက်ျား	jaʊʔt͡ɕa˥˩
ယောက်ျားလျာ	jaʊʔkəʃa˨
ယွန်းထည်	jʊ˥˩ɴtʰɛ˨
ယွန်းပန်းချီ	jʊ˥˩ɴbəd͡ʑi˨
ယွန်းပေါင်ပုရပိုက်	jʊ˥˩ɴba˨ʊɴpəɹəbaɪʔ
ရကောက်	ja˥ˀkaʊʔ
ရင်ထိုးတံဆိပ်	jɪ˨ɴdo˥˩dəzeɪʔ
ရင်ပြင်	jɪ˨ɴbjɪ˨ɴ
ရည်ရွယ်	ji˨jwɛ˨
ရည်ရွယ်ချက်	ji˨jwɛ˨d͡ʑɛʔ
ရတနာပုံ	jɛ˨dəna˨bo˨ʊɴ
ရတနာပူရ	jədəna˨pu˨ɹa˥ˀ
ရတနာသိင်္ဃ	jədəna˨θe˨ɪɴɡa˥ˀ
ရပါတယ်	ja˥ˀba˨dɛ˨
ရပ်ကွက်	jaʔkwɛʔ
ရမ္မက်	jəmɛʔ
ရမ်	ɹa˨ɴ
ရယူ	ja˥ˀju˨
ရရစ်	ja˥ˀjɪʔ
ရရှိ	ja˥ˀʃi˥ˀ
ရလဒ်	ja˥ˀlaʔ
ရဝမ်ဒါ	ɹəwa˨ɴda˨
ရသ	ja˥ˀða˨
ရသစာပေ	ja˥ˀθa˥ˀsa˨pe˨
ရသာ	ja˥ˀða˨
ရသာရုံ	ja˥ˀθa˨jo˨ʊɴ
ရဟတ်ယာဉ်	jəhaʔjɪ˨ɴ
ရအောင်	ja˥ˀʔa˨ʊɴ
ရာဇဂုရု	ja˨za˥ˀɡu˥ˀɹu˥ˀ
ရာဇဌာန်	ɹa˨zətʰa˨n
ရာဇာဓိရာဇဂုရု	ja˨za˥ˀdi˥ˀja˨za˥ˀɡu˥ˀɹu˥ˀ
ရာဘတ်	ɹa˨baʔ
ရာမည	ɹa˨məɲa˥ˀ
ရာရာစစ	ja˨ja˨sa˥ˀsa˥ˀ
ရာဝဏ	ɹa˨wəna˥ˀ
ရာဟုဂြိုဟ်	ja˨hu˥ˀd͡ʑo˨
ရိက္ခါ	jeɪʔkʰa˨
ရိက္ခာ	jeɪʔkʰa˨
ရိုင်ဖယ်	ɹa˨ɪɴpʰɛ˨
ရိုဟင်ဂျာ	ɹo˨hɪ˨ɴd͡ʑa˨
ရိုးရာအမည်	jo˥˩ja˨ʔəmji˨
ရီကော်ဒါ	ɹa˨kɔ˨da˨
ရီဂါ	ɹi˨ɡa˨
ရုက္ခဗေဒ	joʊʔkʰa˥ˀbe˨da˥ˀ
ရုက္ခဗေဒဥယျာဉ်	joʊʔkʰa˥ˀbe˨da˥ˀʔu˥ˀjɪ˨ɴ
ရုတ်တရက်	joʊʔta˥ˀjɛʔ
ရုပ်ရှင်မင်းသမီး	joʊʔʃɪ˨ɴmɪ˥˩ɴða˥˩
ရုဘစ်ကုဗတုံး	ɹu˥ˀbɪʔku˥ˀbəto˥˩ʊɴ
ရုရှား	ɹa˥ˀʃa˥˩~ɹaʔʃa˥˩
ရုရှားဖယ်ဒရေးရှင်း	ɹu˥ˀʃa˨pʰɛ˨dəɹe˥˩ʃɪ˨ɴ
ရူပကအလင်္ကာ	ju˨pəka˥ˀʔəli˨ɡa˨
ရူပနက္ခတ္တဗေဒ	ju˨pa˥ˀnɛʔkʰaʔta˥ˀbe˨da˥ˀ
ရူပဗေဒ	ju˨pa˥ˀbe˨da˥ˀ
ရူပီး	ɹu˨pi˥˩
ရူမေးနီးယား	ɹu˨me˥˩ni˥˩ja˥˩
ရေခဲခေတ်	je˨ɡɛ˥˩kʰɪʔ
ရေခဲသေတ္တာ	je˨ɡɛ˥˩θɪʔta˨
ရေခွက်	je˨ɡwɛʔ
ရေဂျာဗစ်	ɹe˨d͡ʑa˨bɪʔ
ရေစစ္စရီ	je˨sɪʔsəɹi˨
ရေတံခွန်	je˨da˨ɡʊ˨ɴ
ရေတွက်	je˨twɛʔ
ရေဒါ	ɹe˨da˨
ရေဒီယို	ɹe˨di˨jo˨
ရေဘေးဒုက္ခသည်	je˨be˥˩doʊʔkʰa˥ˀðɛ˨
ရေဝတ	ɹe˨wəta˥ˀ
ရေဝတဘုရား	je˨wəta˥ˀpʰəja˥˩
ရေသပ္ပါယ်	je˨θaʔpɛ˨
ရောက်တာ	ɹaʊʔta˨
ရောဂန္တရကပ်	jɔ˥˩ɡa˨ɴtəɹa˥ˀkaʔ
ရောင်းဝယ်	ja˥˩ʊɴwɛ˨
ရောမ	ɹɔ˥˩ma˥ˀ
ရောမဂဏန်း	ɹɔ˥˩ma˥ˀɡəna˥˩ɴ
ရော်ဘာ	ɹɔ˨ba˨
ရွက်	jwɛʔ
ရွက်ကျပင်ပေါက်	jwɛʔt͡ɕa˥ˀpɪ˨ɴbaʊʔ
ရွက်ကြမ်း	jwɛʔd͡ʑa˥˩ɴ
ရွက်ကြမ်းရေကျို	jwɛʔt͡ɕa˥˩ɴje˨d͡ʑo˨
ရွက်စုံဖွင့်	jwɛʔso˨ʊɴpʰwɪ˥ˀɴ
ရွက်တိုင်	jwɛʔta˨ɪɴ
ရွက်ပုန်းသီး	jwɛʔpo˥˩ʊɴði˥˩
ရွက်လှေ	jwɛʔl̥e˨
ရွယ်	jwɛ˨
ရွရွ	jwa˥ˀjwa˥ˀ
ရွာသူကြီး	jwa˨θəd͡ʑi˥˩
ရွှေတြိဂံ	ʃwe˨tɹi˥ˀɡa˨ɴ
ရွှေနန်းရွှေပြာသာဒ်သခင်	ʃwe˨na˥˩ɴʃwe˨pjaʔθaʔθəkʰɪ˨ɴ
ရွှေနန်းရှင်ဘုရား	ʃwe˨na˥˩ɴʃɪ˨ɴpʰəja˥˩
ရွှေဖြူ	ʃwe˨bju˨
ရွှံ့ပွက်	ʃʊ˥ˀɴbwɛʔ
ရှင်ဘုရင်	ʃɪ˨ɴbəjɪ˨ɴ
ရှည်	ʃe˨
ရှည်မျော	ʃe˨mjɔ˥˩
ရှလကာရည်	ʃa˨ləka˨je˨
ရှလပတ်ရည်	ʃa˥ˀləpaʔje˨
ရှူးဖိနပ်	ʃu˥˩pʰənaʔ
ရှေ့ကပေါက်	ʃe˥ˀɡa˥ˀpaʊʔ
ရှေးခေတ်ဂရိ	ʃe˥˩kʰɪʔɡəɹi˥ˀ
ရဿ	ɹaʔθa˥ˀ
လက်ကိုင်ပဝါ	lɛʔka˨ɪɴpa˥ˀwa˨
လက်ကွက်	lɛʔkwɛʔ
လက်ဆွဲသေတ္တာ	lɛʔsʰwɛ˥˩θɪʔta˨
လက်တင်အမေရိက	lɛʔtɪ˨ɴʔəme˨ɹi˥ˀka˥ˀ
လက်ဖက်	ləpʰɛʔ
လက်ဖက်ခြောက်	ləpʰɛʔt͡ɕʰaʊʔ
လက်ဖက်စို	ləpʰɛʔso˨
လက်ဖက်ထုပ်	ləpʰɛʔtʰoʊʔ
လက်ဖက်ရည်	ləpʰɛʔje˨
လက်ဖက်ရည်ကြမ်း	ləpʰɛʔji˨d͡ʑa˥˩ɴ
လက်ဖက်ရည်ဆိုင်	ləpʰɛʔje˨za˨ɪɴ
လက်ဖက်ရည်အချို	ləpʰɛʔji˨ʔət͡ɕʰo˨
လက်ဖက်သုပ်	ləpʰɛʔθoʊʔ
လက်ရှည်	lɛʔʃe˨
လက်လွတ်စပယ်	lɛʔlʊʔza˥ˀbɛ˨
လက်ဝါးကပ်တိုင်	lɛʔwəɡaʔta˨ɪɴ
လက်သည်	lɛʔθɛ˨
လက်သည်း	lɛʔθɛ˥˩
လက်သည်းကွင်း	lɛʔθe˥˩ɡwɪ˥˩ɴ
လက်သမား	lɛʔθa˥ˀma˥˩
လက်သုတ်ပဝါ	lɛʔθoʊʔpa˥ˀwa˨
လက်သူကြွယ်	lɛʔðəd͡ʑwɛ˨
လကြတ်	la˥ˀt͡ɕaʔ
လကွယ်	la˥ˀɡwɛ˨
လခ	la˥ˀɡa˥ˀ
လခြမ်း	la˥ˀd͡ʑa˥˩ɴ
လခြမ်းဆိုင်း	la˥ˀd͡ʑa˥˩ɴsʰa˥˩ɪɴ
လငယ်	la˥ˀŋɛ˨
လစဉ်	la˥ˀzɪ˨ɴ
လစာ	la˥ˀza˨
လဆန်း	la˥ˀza˥˩ɴ
လဆုတ်	la˥ˀzoʊʔ
လဆွဲ	la˥ˀsʰwɛ˥˩
လည်	lɛ˨
လည်ချောင်း	lɛ˨d͡ʑa˥˩ʊɴ
လည်စည်း	le˨zi˥˩
လည်ဆွဲ	lɛ˨zwɛ˥˩
လည်ပင်း	lɛ˨bɪ˥˩ɴ
လည်လိမ်နာ	lɛ˨le˨ɪɴna˨
လည်း	lɛ˥˩
လည်းကောင်း	ləɡa˥˩ʊɴ
လပြည့်	la˥ˀbje˥ˀ
လပြည့်နေ့	la˥ˀpji˥ˀne˥ˀ
လပြည့်ဝန်း	la˥ˀbje˥ˀwʊ˥˩ɴ
လမုန့်	la˥ˀmo˥ˀʊɴ
လမ်းဘေးစာ	la˥˩ɴဘေးza˨
လယ်ပြင်	lɛ˨bjɪ˨ɴ
လဝက	la˥ˀwa˥ˀka˥ˀ
လသာ	la˥ˀθa˨
လာဘ်စား	la˨bsa˥˩
လိင်	le˨ɪɴ
လိင်ဆက်ဆံ	le˨ɪɴsʰɛʔsʰa˨ɴ
လိင်တံ	le˨ɪɴda˨ɴ
လိင်ပညာ	le˨ɪɴpjɪ˨ɴɲa˨
လိင်အင်္ဂါ	le˨ɪɴʔɪ˨ɴɡa˨
လိပ်ခေါင်း	leɪʔɡa˥˩ʊɴjɔ˥˩ɡa˨
လိုက်ဘေးရီးယား	laɪʔbe˥˩ɹi˥˩ja˥˩
လုပ်ရည်ကိုင်ရည်	loʊʔje˨ka˨ɪɴje˨
လူကြီးမင်းများခင်ဗျား	lu˨d͡ʑi˥˩mɪ˥˩ɴmja˥˩kʰəbja˥˩
လူစွမ်းကောင်း	lu˨zwa˥˩ɴɡa˥˩ʊɴ
လူနည်းစု	lu˨nɛ˥˩zu˥ˀ
လူပျက်	lu˨bjɛʔ
လူပျို	lu˨bjo˨
လူပျိုနာ	lu˨bjo˨na˨
လူပြက်	lu˨bjɛʔ
လူသတ်သမား	lu˨θaʔð’မာ
လေယာဉ်	le˨jɪ˨ɴ
လေယာဉ်ပျံ	le˨jɪ˨ɴbja˨ɴ
လေယာဉ်ပြေးလမ်း	le˨jɪ˨ɴpje˥˩la˥˩ɴ
လေယာဉ်မယ်	le˨jɪ˨ɴmɛ˨
လေယာဉ်မူး	le˨jɪ˨ɴmu˥˩
လေယာဉ်မူးခြင်း	le˨jɪ˨ɴmu˥˩d͡ʑɪ˥˩ɴ
လေယာဉ်မောင်	le˨jɪ˨ɴma˨ʊɴ
လေယာဉ်မှူး	le˨jɪ˨ɴm̥u˥˩
လေလည်	le˨le˨
လောကနတ်	lɔ˥˩ka˥ˀnaʔ
လောကသား	lɔ˥˩ka˥ˀða˥˩
လောင်းကစား	la˥˩ʊɴɡa˥ˀza˥˩
လော့စ်အိန်ဂျယ်လိစ်	la˥ˀʊʔʔe˨ɪɴd͡ʑɛ˨leɪʔ
လ္ဘက်	ləpʰɛʔ
လျက်	jɛʔ
လျက်ဆား	jɛʔsʰa˥˩
လျင်	jɪ˨ɴ
လျာ	ja˨
လျား	ja˥˩
လျားလျား	ja˥˩ja˥˩
လျောက်	jaʊʔ
လျောင်းစက်	ja˥˩ʊɴsɛʔ
လျော့	jɔ˥ˀ
လျော်	jɔ˨
လျှင်	l̥jɪ˨ɴ
လျှပ်	l̥jaʔ
လျှပ်စစ်	l̥jaʔsɪʔ
လျှပ်စစ်ကား	l̥jaʔsɪʔka˥˩
လျှပ်စစ်ဓာတ်	l̥jaʔsɪʔdaʔ
လျှပ်စစ်မီး	l̥jaʔsɪʔmi˥˩
လျှပ်စီး	l̥jaʔsi˥˩
လွင်ပြင်	lwɪ˨ɴbjɪ˨ɴ
လွမ်း	lwa˥˩ɴ
လွယ်	lwɛ˨
လွယ်လင့်တကူ	lwɛ˨lɪ˥ˀɴdəɡu˨
လွယ်အိတ်	lwɛ˨ʔeɪʔ
လွှစာ	l̥wa˥ˀza˨
လွှမ်း	l̥wa˥˩ɴ
လွှမ်းမိုး	l̥wa˥˩ɴmo˥˩
လွှမ်းမိုးမှု	l̥wa˥˩ɴmo˥˩m̥u˥ˀ
လှည့်	l̥ɛ˥ˀ
လှည်း	l̥ɛ˥˩
လှပ	l̥a˥ˀpa˥ˀ
လှလှ	l̥a˥ˀl̥a˥ˀ
ဝက်ဘ်ဆိုဒ်	wɛʔbsʰaɪʔ
ဝက်အူလှည့်	wɛʔʔu˨l̥ɛ˥ˀ
ဝစ္စနှစ်လုံးပေါက်	wɪʔsən̥əlo˥˩ʊɴpaʊʔ
ဝစ်ရှင်နရီ	wɪʔʃɪ˨ɴnəɹi˨
ဝဆွဲ	wa˥ˀsʰwɛ˥˩
ဝတုတ်	wa˥ˀtoʊʔ
ဝတ္တရား	wʊʔta˥ˀja˥˩
ဝတ်ရည်	wʊʔje˨
ဝတ်လုံ	tʰi˨
ဝပ်ရှော့	waʔʃɔ˥ˀ
ဝမ်းကျ	wa˥˩ɴd͡ʑa˥ˀ
ဝမ်းကွဲ	wa˥˩ɴkwɛ˥˩
ဝမ်းတဖိုး	wʊ˥˩ɴda˥ˀpʰo˥˩
ဝမ်းနည်း	wa˥˩ɴne˥˩
ဝယ်	wɛ˨
ဝယ်လင်တန်	wɛ˨lɪ˨ɴta˨ɴ
ဝယ်လိုအား	wɛ˨lo˨ʔa˥˩
ဝရဏဗေဒ	wəjəna˥ˀda˥ˀbe˨da˥ˀ
ဝရန်တာ	wəɹa˨ɴda˨
ဝရမ်း	wa˥ˀja˥˩ɴ
ဝလာဟကမြင်း	wəla˨həka˥ˀmjɪ˥˩ɴ
ဝသန္တ	wa˥ˀθa˨ɴta˥ˀ
ဝသီ	wa˥ˀθi˨
ဝသုန္ဓရာ	wəθo˨ʊɴdəɹa˨
ဝသုန္ဓရေ	wəθo˨ʊɴdəɹe˨
ဝါကျ	wɛʔt͡ɕa˥ˀ
ဝါဂွမ်း	wa˨ɡwa˥˩ɴ
ဝါဏိဇ္ဇ	wa˨neɪʔza˥ˀ
ဝါဏိဇ္ဇပဋိပက္ခ	wa˨neɪʔza˥ˀpədi˥ˀpɛʔkʰa˥ˀ
ဝါဏိဇ္ဇဗေဒ	wa˨neɪʔza˥ˀbe˨da˥ˀ
ဝါသနာ	wa˨ða˥ˀna˨
ဝါသနာပါ	wa˨ða˥ˀna˨pa˨
ဝိဇယပူရ	wi˥ˀzəja˥ˀpu˨ɹa˥ˀ
ဝိဇ္ဇာ	weɪʔza˨
ဝိဇ္ဇာပညာ	weɪʔza˨pjɪ˨ɴɲa˨
ဝိဇ္ဇာဘွဲ့	weɪʔza˨bwɛ˥ˀ
ဝိညာဉ်	we˨ɪɴɲɪ˨ɴ
ဝိတိုရိယ	wi˥ˀto˨ɹi˥ˀja˥ˀ
ဝိနိစ္ဆယ	wi˥ˀneɪʔsəja˥ˀja˥ˀ
ဝိပါကဝဋ်	wi˥ˀba˨ɡa˥ˀwʊʔ
ဝိပါက်	wi˥ˀbeɪʔ
ဝိပဿနာ	wi˥ˀpaʔθəna˨
ဝိပဿီ	wi˥ˀpətθi˨
ဝိပဿီဘုရား	wi˥ˀpaʔθi˨pʰəja˥˩
ဝိသေသလက္ခဏာ	wi˥ˀθe˨θa˥ˀlɛʔkʰəna˨
ဝီရိယ	wəɹi˥ˀja˥ˀ
ဝုဍျူး	wu˥ˀd͡ʑu˥˩
ဝေယျာဝစ္စ	we˨ja˨wʊʔsa˥ˀ
ဝေလငါး	we˨la˥ˀŋa˥˩
ဝေါဟာရ	wɔ˥˩ha˨ɹa˥ˀ
ဝေါဟာရဗေဒ	θaʔda˥ˀbe˨da˥ˀ
ဝေဿ	wɪʔθa˥ˀ
ဝေဿဘူ	we˨tθəbu˨
ဝေဿဘူဘုရား	we˨tθa˥ˀbu˨pʰəja˥˩
ဝံပုလွေ	wʊ˨ɴbəlwe˨
ဝံပုလွေငယ်	wʊ˨ɴpəlwe˨ŋɛ˨
ဝံသာနုရက္ခိတ	wʊ˨ɴθa˨nu˥ˀɹɛʔkʰi˥ˀta˥ˀ
ဝှေးစေ့	ʍe˥˩zi˥ˀ
သကုဏဗေဒ	θa˥ˀku˥ˀna˥ˀbe˨da˥ˀ
သက္ကရာဇ်	θɛʔkəɹɪʔ
သက္ကလတ်	ðɛʔkəlaʔ
သခင်ဘုရား	θəkʰɪ˨ɴpʰəja˥˩
သခွားမသီး	θəkʰəma˥ˀði˥˩
သင်လက်ထပ်ပြီးပြီလား	θɪ˨ɴlɛʔtʰaʔpi˥˩bi˨la˥˩
သင်္ကြန်ထမင်း	ðəd͡ʑa˨ɴtʰəmɪ˥˩ɴ
သင်္ဂဟတရားလေးပါး	θɪ˨ɴɡa˥ˀha˥ˀta˥ˀja˥˩le˥˩pa˥˩
သင်္ဂြိုဟ်	θɪ˨ɴd͡ʑo˨h
သင်္ဘောဆီးဖြူ	θɪ˥˩ɴbɔ˥˩zi˥˩bju˨
သင်္သကရိုက်	θɪ˨ɴθəkəɹaɪʔ
သစ်ကုလားအုတ်	θɪʔkələʔoʊʔ
သစ်ကြံပိုး	θɪʔd͡ʑəbo˥˩
သစ်ခွရည်	θɪʔkʰwa˥ˀji˨
သစ်စေး	sɪʔsi˥˩
သစ်မန်ကျည်း	θɪʔməd͡ʑi˥˩
သစ်သီးရည်	θɪʔθi˥˩je˨
သည့်	tθi˥ˀ
သည်	ðɛ˨
သည်မှာ	ði˨m̥a˨
သည်း	θɛ˥˩
သည်းထိတ်ရင်ဖို	θɛ˥˩tʰeɪʔjɪ˨ɴpʰo˨
သဏ္ဌာန်	ðəda˨ɴ
သတင်းစုံ	ða˥ˀdɪ˥˩ɴzo˨ʊɴ
သတိရ	ða˥ˀdi˥ˀja˥ˀ
သတိုး	ða˨do˥˩
သတ္တဗေဒ	θaʔta˥ˀbe˨da˥ˀ
သတ္တသိန္ဓု	θaʔta˥ˀθe˨ɪɴdu˥ˀ
သတ္ထန္တရကပ်	θaʔtʰa˨ɴtəɹa˥ˀkaʔ
သဒ္ဒဗေဒ	θaʔda˥ˀbe˨da˥ˀ
သဒ္ဒါ	ðəda˨
သဒ္ဒါဆယ်ပါး	ðəda˨sʰɛ˨ba˥˩
သဒ္ဓါ	θa˨dda˨
သဒ္ဓါကြေး	θəda˨t͡ɕe˥˩
သနပ်	θa˥ˀnaʔ
သနပ်ခါး	θənəkʰa˥˩
သနား	θa˥ˀna˥˩
သန္ဓေသား	ðəde˨ða˥˩
သန်ဘက်ခါ	θəbɛʔkʰa˨
သန်လျက်	θa˨ɴjɛʔ
သန်လျင်	θəɲɪ˨ɴ
သန်လျင်း	θa˨ɴləjɪ˥˩ɴ
သန်လျင်းချိတ်	θa˨ɴjɪ˥˩ɴd͡ʑeɪʔ
သန်းခေါင်	ðəɡa˨ʊɴ
သန်းခေါင်ယံ	ðəɡa˨ʊɴja˨ɴ
သပ္ပါယ်	θaʔpa˨j
သပ္ပာယ်	θaʔpa˨j
သပြု	ðəbju˥ˀ
သပြေ	ðəbje˨
သပြေတိုင်	ðəbje˨da˨ɪɴ
သဘာဝကျ	ðəba˨wa˥ˀt͡ɕa˥ˀ
သဘာဝတ္ထဗေဒ	θəba˨wʊʔtʰa˥ˀbe˨da˥ˀ
သဘောကျ	θa˥ˀbɔ˥˩t͡ɕa˥ˀ
သဘောပေါက်	θa˥ˀbɔ˥˩paʊʔ
သမဂ္ဂ	θa˥ˀmɛʔɡa˥ˀ
သမဝါယမ	θəma˥ˀwa˨jəma˥ˀ
သမိုင်းမတိုင်မီခေတ်	θəma˥˩ɪɴməta˨ɪɴmi˨kʰɪʔ
သမီးတော်	θa˥ˀmi˥˩tɔ˨
သမီးရည်းစား	θa˥ˀmi˥˩ji˥˩sa˥˩
သမ္မတ	θəməda˥ˀ
သမ္မတကတော်	θəma˥ˀda˥ˀɡədɔ˨
သမ္မတနိုင်ငံ	θəməda˥ˀna˨ɪɴŋa˨ɴ
သမ္မာကျမ်း	θəma˨t͡ɕa˥˩ɴ
သရ	θəɹa˥ˀ
သရက်ရွက်	θəjɛʔjwɛʔ
သရက်သီးသနပ်	θəjɛʔθi˥˩θa˥ˀnaʔ
သရဏဂုံသုံးပါး	θəɹənəɡo˨ʊɴθo˥˩ʊɴba˥˩
သရဏင်္ကရာ	θəɹənɪ˨ɴkəɹa˨
သရဏင်္ကရာဘုရား	θəɹənɪ˨ɴkəɹa˨pʰəja˥˩
သရဖီ	θəɹəpʰi˨
သရဖူ	θəɹəpʰu˨
သရီရ	θəɹi˨ɹa˥ˀ
သလား	θa˥ˀla˥˩
သလို	θa˥ˀlo˨
သလောက်	θa˥ˀlaʊʔ
သဝန်ကြောင်	θa˥ˀwʊ˨ɴt͡ɕa˨ʊɴ
သဝန်တို	θa˥ˀwʊ˨ɴto˨
သဝေထိုး	θa˥ˀwe˨tʰo˥˩
သာဂူပြင်	θa˨ɡu˨bjɪ˨ɴ
သာဓက	θa˨da˥ˀka˥ˀ
သာမန်ကာလျှံကာ	θa˨ma˨ɴɡa˨ʃa˨ɴɡa˨
သာရကာ	θa˨ɹəka˨
သားရေ	θəje˨
သားအိမ်	θəʔe˨ɪɴ
သားအိမ်ခေါင်း	θəʔe˨ɪɴɡa˥˩ʊɴ
သားအိမ်လမ်းကြောင်း	θəʔe˨ɪɴla˥˩ɴd͡ʑa˥˩ʊɴ
သိကြား	ðəd͡ʑa˥˩
သိခီဘုရား	θi˥ˀkʰi˨pʰəja˥˩
သိင်္ဂီ	θe˨ɪɴɡi˨
သိဒ္ဓတ္ထဘုရား	θi˨ddaʔtʰa˥ˀpʰəja˥˩
သိဟ်	θe˨ɪɴ
သို့ပေမဲ့	ðo˥ˀbe˨mɛ˥ˀ
သို့မဟုတ်	ðo˥ˀməhoʊʔ
သို့ရာတွင်	ðo˥ˀja˨dwɪ˨ɴ
သို့သော်	ðo˥ˀðɔ˨
သိုးကလေး	θo˥˩kʰəle˥˩
သီချင်း	θət͡ɕʰɪ˥˩ɴ
သီဂိရိယ	θi˨ɡi˥ˀɹi˥ˀja˥ˀ
သီတင်း	ðədɪ˥˩ɴ
သီတင်းကျွတ်	ðədɪ˥˩ɴd͡ʑʊʔ
သီတင်းသီလ	ðədɪ˥˩ɴθi˨la˥ˀ
သီရိ	θi˨ɹi˥ˀ
သီရိလင်္ကာ	θi˨ɹi˥ˀlɪ˨ɴka˨
သီလရှင်	θi˨la˥ˀʃɪ˨ɴ
သီဟသူ	θi˨ha˥ˀθu˨
သီဟိုဠ်	θi˨ho˨
သီဟိုဠ်စေ့	θi˨ho˨zi˥ˀ
သီဟိုဠ်သရက်	θi˨ho˨θəjɛʔ
သီအိုရီ	θi˨ʔo˨ɹi˨
သုက်ရည်	θoʊʔje˨
သုဇာတဘုရား	θu˥ˀza˨ta˥ˀpʰəja˥˩
သုည	θo˨ʊɴɲa˥ˀ
သုဒ္ဒကိန်း	θoʊʔda˥ˀke˥˩ɪɴ
သုဒ္ဒကြိယာ	θoʊʔda˥ˀkəɹi˥ˀja˨
သုဒ္ဓေါဒန	θu˨ddɔ˥˩dəna˥ˀ
သုဓမ္မပူရ	θu˥ˀdəma˥ˀpu˨ɹa˥ˀ
သုဓမ္မသိင်္ဂီ	θu˥ˀda˨ɴma˥ˀθe˨ɪɴɡi˨
သုဓာ	θoʊʔda˨
သုန္ဒြေ	θo˨ʊɴdɹe˨
သုမနဘုရား	θu˥ˀməna˥ˀpʰəja˥˩
သုမေဓာဘုရား	θu˥ˀme˨da˨pʰəja˥˩
သုဝဏ္ဏဘူမိ	θu˥ˀwʊ˨ɴna˥ˀbu˨mi˥ˀ
သုသာန်	θoʊʔθa˨ɴ
သူကြီး	ðəd͡ʑi˥˩
သူကြွယ်	ðəd͡ʑwɛ˨
သူခိုး	θəkʰo˥˩
သူငယ်	θəŋɛ˨
သူငယ်ချင်း	θəŋɛ˨d͡ʑɪ˥˩ɴ
သူငယ်မ	θəŋɛ˨ma˥ˀ
သူစိမ်း	ðəze˥˩ɪɴ
သူစိမ်းတစ်ရံဆံ	ðəze˥˩ɪɴtəja˨ɴza˨ɴ
သူဌေး	θətʰe˥˩
သူတစ်ခွန်းငါတစ်ခွန်း	θu˨təkʰʊ˥˩ɴŋa˨təkʰʊ˥˩ɴ
သူတစ်ထူး	θu˨tətʰu˥˩
သူတစ်ပါး	θu˨dəba˥˩
သူတစ်ပြန်ငါတစ်ပြန်	θu˨dəbja˨ɴŋa˨dəbja˨ɴ
သူတစ်လူငါတစ်မင်း	θu˨təlu˨ŋa˨təmɪ˥˩ɴ
သူတောင်းစား	ðəda˥˩ʊɴza˥˩
သူနာတင်ယာဉ်	θu˨na˨tɪ˨ɴjɪ˨ɴ
သူနာပြု	θu˨na˨bju˥ˀ
သူပုန်	ðəbo˨ʊɴ
သူပုန်ထ	ðəbo˨ʊɴtʰa˥ˀ
သူပုန်သူကန်	ðəbəðu˨ɡa˨ɴ
သူမသာကိုယ်မသာ	θu˨məθa˨ko˨jməθa˨
သူရကန်	θu˨ɹəka˨ɴ
သူရင်းငှား	θəjɪ˥˩ɴŋ̊a˥˩
သူရင်းတိုင်	θəjɪ˥˩ɴda˨ɪɴ
သူရသတ္တိ	θu˨ja˥ˀθaʔti˥ˀ
သူရိယ	θu˨ɹi˥ˀja˥ˀ
သူရိယမာသ	θu˨ɹi˥ˀja˥ˀma˨θa˥ˀ
သူရဲ	θəjɛ˥˩
သူရဲကောင်း	θa˥ˀjɛ˥˩ɡa˥˩ʊɴ
သူရဲခို	θəjɛ˥˩kʰo˨
သူရဲပြေး	θəjɛ˥˩pje˥˩
သူရဲဘောကြောင်	θəjɛ˥˩bɔ˥˩d͡ʑa˨ʊɴ
သူရဲဘောနည်း	θəjɛ˥˩bɔ˥˩ni˥˩
သူရဿတီ	θu˨ɹa˥ˀθəti˨
သူလျှို	ðəʃo˨
သေတ္တာ	θɪʔta˨
သေနတ်	θənaʔ
သောက်တော်ခွက်	θaʊʔdɔ˨kʰwɛʔ
သောကြာ	θaʊʔt͡ɕa˨
သောကြာဂြိုဟ်	θaʊʔt͡ɕa˨d͡ʑo˨
သောတရှင်	θɔ˥˩ta˥ˀʃɪ˨ɴ
သောဘိတဘုရား	θɔ˥˩bi˥ˀta˥ˀpʰəja˥˩
သောမနဿ	θɔ˥˩mənaʔθa˥ˀ
သော်	ðɔ˨
သော်လည်း	ðɔ˨lɛ˥˩
သဲကန္တာရ	θe˥˩ɡa˨ɴda˨ja˥ˀ
သံခေတ်	θa˨ɴkʰɪʔ
သံချပ်	θəd͡ʑaʔ
သံချပ်ထိုး	θəd͡ʑaʔtʰo˥˩
သံချေး	θa˨ɴd͡ʑi˥˩
သံပရို	θa˨ɴba˥ˀjo˨
သံပြိုင်	θa˨ɴbja˨ɪɴ
သံဖြူ	θa˨ɴbju˨
သျှင်	ʃɪ˨ɴ
သျှမ်း	ʃa˥˩ɴ
သျှောင်	ja˨ʊɴ
သွယ်	θwɛ˨
သွယ်ဝိုက်	θwɛ˨waɪʔ
သွားပွတ်တံ	ðəbʊʔta˨ɴ
သွားဖုံး	θəpʰo˥˩ʊɴ
သွားရည်	θəji˨
သွားရည်ကျ	θəje˨t͡ɕa˥ˀ
သွားရည်ယို	θəje˨jo˨
သွေးထွက်သံယို	θwe˥˩tʰwɛʔθa˨ɴjo˨
ဟင်းရည်	hɪ˥˩ɴje˨
ဟင်းသီးဟင်းရွက်	hɪ˥˩ɴði˥˩hɪ˥˩ɴjwɛʔ
ဟင်္သာတ	hɪ˨ɴθəta˥ˀ
ဟတ်ဇ်	haʔ
ဟထိုး	ha˥ˀtʰo˥˩
ဟန်ဂေရီ	ha˨ɴɡe˨ɹi˨
ဟယ်လ်ဆင်ကီ	hɛ˨lsʰɪ˨ɴki˨
ဟရိဘုဉ္ဇ	həɹi˥ˀbo˨ʊɴza˥ˀ
ဟလဝါ	ha˥ˀləwa˨
ဟိမဝန္တာ	hi˥ˀma˥ˀwʊ˨ɴta˨
ဟိုက်ဒရိုဂျင်	haɪʔdəɹo˨d͡ʑɪ˨ɴ
ဟီနယာန	hi˨na˥ˀja˨na˥ˀ
ဟွန်ဒူးရပ်စ်	hʊ˨ɴdu˥˩ɹaʔs
ဠကြီး	la˥ˀt͡ɕi˥˩
အကယ်၍	ʔəkɛ˨jwe˥ˀ
အကုသိုလ်	ʔa˥ˀku˥ˀðo˨
အက္ခရာသင်္ချာ	ʔɛʔkʰa˥ˀja˨θɪ˨ɴt͡ɕʰa˨
အက်စ်ပရက်ဆို	ʔɛʔsəpəɹɛʔsʰo˨
အက်ရှ်ဂါဘတ်	ʔɛʔʃɡa˨baʔ
အကျနေ့	ʔət͡ɕa˥ˀne˥ˀ
အကျပ်အတည်း	ʔət͡ɕaʔʔəte˥˩
အကျော်ဇေယျ	ʔət͡ɕɔ˨ze˨ja˥ˀ
အကြော်	ʔa˥ˀt͡ɕɔ˨
အကြွေ	ʔa˥ˀt͡ɕwe˨
အကြွေးဝယ်ကတ်ပြား	ʔət͡ɕwe˥˩wɛ˨kaʔpja˥˩
အကွက်	ʔəkwɛʔ
အခက်အခဲ	ʔa˥ˀkʰɛʔʔa˥ˀkʰɛ˥˩
အခမဲ့	ʔəkʰa˥ˀmɛ˥ˀ
အခါ	ʔa˥ˀkʰa˨
အခါတစ်ပါး	ʔəkʰa˨dəba˥˩
အခဲ	ʔa˥ˀkʰɛ˥˩
အချက်ပြ	ʔa˥ˀt͡ɕʰɛʔpja˥ˀ
အချက်အချာ	ʔa˥ˀt͡ɕʰɛʔʔa˥ˀt͡ɕʰa˨
အချဉ်တည်	ʔət͡ɕʰɪ˨ɴtɛ˨
အချာ	ʔa˥ˀt͡ɕʰa˨
အချိန်စာရင်း	ʔət͡ɕʰe˨ɪɴsəjɪ˥˩ɴ
အချိန်ပြည့်	ʔət͡ɕʰe˨ɪɴbje˥ˀ
အချိန်မရွေး	ʔət͡ɕʰe˨ɪɴma˥ˀjwe˥˩
အချိန်ရ	ʔa˥ˀt͡ɕʰe˨ɪɴja˥ˀ
အခြေခံ	ʔa˥ˀt͡ɕʰe˨ɡa˨ɴ
အခြေခံပညာ	ʔa˥ˀt͡ɕʰe˨kʰa˨ɴpa˥ˀɲa˨
အခြေချ	ʔa˥ˀt͡ɕʰe˨t͡ɕʰa˥ˀ
အဂတိ	ʔa˥ˀɡədi˥ˀ
အဂတိလိုက်စားမှု	ʔəɡa˥ˀti˥ˀlaɪʔsa˥˩m̥u˥ˀ
အဂ္ဂမဟာပဏ္ဍိတ	ʔɛʔɡa˥ˀməha˨pa˨ɴdi˥ˀta˥ˀ
အဂ္ဂမဟာသေနာပတိ	ʔɛʔɡa˥ˀməha˨θe˨na˨pəti˥ˀ
အဂ္ဂမဟေသီ	ʔɛʔɡa˥ˀməhe˨θi˨
အငူ	ʔa˥ˀŋu˨
အင်တာဗျူး	ʔɪ˨ɴtəbju˥˩
အင်ဒိုရာ	ʔɪ˨ɴdo˨ɹa˨
အင်မတန်	ʔɪ˨ɴma˥ˀta˨ɴ
အင်းလျား	ʔɪ˥˩ɴja˥˩
အင်္ကျီတို	ʔe˥˩ɪɴd͡ʑi˨to˨
အင်္ကျီရှည်	ʔe˥˩ɪɴd͡ʑi˨ʃe˨
အင်္ဂါဂြိုဟ်	ʔɪ˨ɴɡa˨d͡ʑo˨
အငြိမ့်တီးမျိုး	ʔa˥ˀɲe˥ˀɪɴti˥˩mjo˥˩
အငှါးကား	ʔa˥ˀŋ̊a˥˩ka˥˩
အစဉ်ထာဝရ	ʔəsətʰəɹa˥ˀ
အစားအသောက်	ʔa˥ˀsa˥˩ʔa˥ˀθaʊʔ
အစိမ်းမှုန့်	ʔəse˨ɪɴtɪ˨ɴm̥o˥ˀʊɴ
အစို	ʔa˥ˀso˨
အစေ့	ʔəsi˥ˀ
အစေး	ʔəsi˥˩
အစ္စရေး	ʔɪʔzəɹe˥˩
အစ်ကို	ʔəko˨
အစ်မ	ʔəma˥ˀ
အစွမ်း	ʔəswa˥˩ɴ
အဆက်အသွယ်	ʔəsʰɛʔʔəθwɛ˨
အဆုတ်ရောင်ရောဂါ	ʔa˥ˀsʰoʊʔja˨ʊɴjɔ˥˩ɡa˨
အဆောက်အအုံ	ʔəsʰaʊʔʔəʔu˥˩
အဆောက်အဦ	ʔəsʰaʊʔʔəʔu˨
အဇာဘိုင်ဂျန်	ʔa˥ˀzəba˨ɪɴd͡ʑa˨ɴ
အညမည	ʔɪ˨ɴɲa˥ˀmɪ˨ɴɲa˥ˀ
အဋ္ဌင်္ဂသီလ	ʔaʔtʰɪ˨ɴɡa˥ˀθi˨la˥ˀ
အဏုဇီဝဗေဒ	ʔənu˥ˀzi˨wa˥ˀbe˨da˥ˀ
အတုလဝတီ	'ʔa˥ˀtu˥ˀla˥ˀwədi˨
အတ္တဒဿီ	ʔaʔta˥ˀdaʔθi˨
အတ္တဒဿီဘုရား	ʔaʔta˥ˀdətθi˨pʰəja˥˩
အတ္တဘော	ʔaʔta˨bɔ˥˩
အတွက်	ʔətwɛʔ
အတွေ့	ʔa˥ˀtwe˥ˀ
အထက်တန်းကျောင်း	ʔa˥ˀtʰɛʔta˥˩ɴt͡ɕa˥˩ʊɴ
အဓမ္မ	ʔədəma˥ˀ
အဓိကဇာတ်ကောင်	ʔədi˥ˀka˥ˀzaʔka˨ʊɴ
အဓိဋ္ဌာန်	ʔədi˨ttʰa˨n
အဓိပ္ပါယ်	ʔədeɪʔbɛ˨
အနဂ္ဂ	ʔa˥ˀnɛʔɡa˥ˀ
အနည်း	ʔənɛ˥˩
အနည်းစု	ʔənɛ˥˩zu˥ˀ
အနန္တပူရ	'ʔa˥ˀna˨ɴta˥ˀpu˨ɹa˥ˀ
အနန္တောအနန္တငါးပါး	ʔəna˨ɴdɔ˥˩ʔəna˨ɴda˥ˀŋa˥˩ba˥˩
အနိစ္စ	ʔəneɪʔsa˥ˀ
အနိုင်	ʔəna˨ɪɴja˥ˀ
အနုပညာ	ʔənu˥ˀpjɪ˨ɴɲa˨
အနုရာဓပူရ	ʔənu˥ˀja˨da˥ˀpu˨ɹa˥ˀ
အနေ	ʔa˥ˀne˨
အနောက်ဥရောပ	ʔənaʊʔʔu˥ˀɹɔ˥˩pa˥ˀ
အနောမဒဿီ	ʔənɔ˥˩mədətθi˨
အနောမဒဿီဘုရား	ʔənɔ˥˩mədaʔθi˨pʰəja˥˩
အနွယ်	ʔənwɛ˨
အပတ်စဉ်	ʔa˥ˀpaʔzɪ˨ɴ
အပါး	ʔa˥ˀpa˥˩
အပေါ်ထပ်	ʔa˥ˀpɔ˨tʰaʔ
အပျို	ʔa˥ˀpjo˨
အပြည့်	ʔəpje˥ˀ
အပြည့်အဝ	ʔəpje˥ˀʔəwa˥ˀ
အပြုတ်	ʔa˥ˀpjoʊʔ
အပြောက်	ʔa˥ˀpjaʊʔ
အဖျားဖြတ်ဆေး	ʔa˥ˀpʰja˥˩pʰjaʔsʰe˥˩
အဗ္ဗုဒ	ʔaʔboʊʔda˥ˀ
အဘိဓမ္မာ	ʔəbi˥ˀdəma˨
အဘိုး	ʔəpʰo˥˩
အဘိုးကြီး	ʔəpʰo˥˩d͡ʑi˥˩
အဘိုးအို	ʔəpʰo˥˩ʔo˨
အဘီ	ʔa˥ˀbi˨
အဘူဒါဘီ	ʔa˥ˀbu˨da˨bi˨
အဘွား	ʔəpʰwa˥˩
အဘွားကြီး	ʔəpʰwa˥˩d͡ʑi˥˩
အဘွားအို	ʔəpʰwa˥˩ʔo˨
အမင်္ဂလာ	ʔa˥ˀmɪ˨ɴɡəla˨
အမည်	ʔəmji˨
အမည်း	ʔəmɛ˥˩
အမရပူရ	ʔəməɹa˥ˀpu˨ɹa˥ˀ
အမိန့်ရှိ	ʔa˥ˀme˥ˀɪɴʃi˥ˀ
အမေရိက	ʔəme˨ɹi˥ˀka˥ˀ
အမေရိကန်	ʔəme˨ɹi˥ˀka˨ɴ
အမေရိကန်ပြည်ထောင်စု	ʔəme˨ɹi˥ˀka˨ɴpji˨da˨ʊɴzu˥ˀ
အမျိုးသမီးလစဉ်သုံးပစ္စည်း	ʔa˥ˀmjo˥˩ðəmi˥˩la˥ˀzɪ˨ɴθo˥˩ʊɴpjɪʔsi˥˩
အမျိုးသားသီချင်း	ʔəmjo˥˩ða˥˩θət͡ɕʰɪ˥˩ɴ
အမျိုးသားဥယျာဉ်	ʔəmjo˥˩ða˥˩ʔu˥ˀjɪ˨ɴ
အမျိုးအနွယ်	ʔəmjo˥˩ʔənwɛ˨
အမျှအတန်း	ʔəm̥ja˥ˀʔəta˥˩ɴ
အမြီး	ʔəm̥i˥˩
အမြွှာ	ʔəm̥wa˨
အမှတ်တရ	ʔa˥ˀm̥aʔta˥ˀja˥ˀ
အမှတ်တံဆိပ်	ʔəm̥aʔdəzeɪʔ
အမှု	ʔa˥ˀm̥u˥ˀ
အမှောင်	ʔa˥ˀm̥a˨ʊɴ
အယုဓျာ	ʔəjoʊʔdəja˨
အယ်လဂျီးယား	ʔəla˥ˀd͡ʑi˥˩ja˥˩
အယ်လ်ကိုဟော	ʔɛ˨lko˨hɔ˥˩
အယ်လ်ဂျီးရီးယား	ʔɛ˨ld͡ʑi˥˩ɹi˥˩ja˥˩
အယ်လ်ဘေးနီးယား	ʔɛ˨lbe˥˩ni˥˩ja˥˩
အရသာ	ʔəja˥ˀða˨
အရသာရှိ	ʔəja˥ˀða˨ʃi˥ˀ
အရာခံဗိုလ်	ʔəja˨ɡa˨ɴbo˨
အရိမဒ္ဒနာပူရ	ʔa˥ˀɹi˥ˀma˨ddəna˨pu˨ɹa˥ˀ
အရိုးပျော့နာ	ʔa˥ˀjo˥˩pjɔ˥ˀna˨
အရုဏ်	ʔa˨jo˨ʊɴ
အရုဏ်ဆွမ်း	ʔa˨jo˨ʊɴzʊ˥˩ɴ
အရုဏ်တက်	ʔa˥ˀjo˨ʊɴtɛʔ
အရေပြား	ʔəje˨bja˥˩
အရေပြားရောဂါ	ʔəje˨bja˥˩jɔ˥˩ɡa˨
အရေအတွက်	ʔəje˨ʔətwɛʔ
အရောင်းအဝယ်	ʔəja˥˩ʊɴʔəwɛ˨
အရေး	ʔa˥ˀje˥˩
အရေးပိုင်	ʔa˥ˀje˥˩ba˨ɪɴ
အရံဂြိုဟ်	ʔəja˨ɴd͡ʑo˨
အရွက်	ʔəjwɛʔ
အရွယ်	ʔəjwɛ˨
အရွယ်ဆယ်ပါး	ʔəjwɛ˨sʰɛ˨ba˥˩
အရွယ်အစား	ʔəjwɛ˨ʔəsa˥˩
အရှင်ဘုရား	ʔəʃɪ˨ɴpʰəja˥˩
အရှေ့တီမော	ʔəʃe˥ˀti˨me˨
အရှေ့အလယ်ပိုင်းဒေသ	ʔəʃe˥ˀʔa˥ˀlɛ˨pa˥˩ɪɴde˨θa˥ˀ
အရှေ့ဥရောပ	ʔəʃe˥ˀʔu˥ˀɹɔ˥˩pa˥ˀ
အလကား	ʔa˥ˀla˥ˀka˥˩
အလည်	ʔa˥ˀli˨
အလယ်ခေတ်	ʔəlɛ˨kʰɪʔ
အလိုအလျောက်	ʔəlo˨ʔəjaʊʔ
အလ္လာဟ်	ʔa˨lla˨h
အလျောက်	ʔa˥ˀjaʊʔ
အလျှံ	ʔəl̥ja˨ɴ
အလွမ်း	ʔəlwa˥˩ɴ
အလှကုန်	ʔəl̥a˥ˀɡo˨ʊɴ
အလှဆီ	ʔəl̥a˥ˀzi˨
အလှည့်	ʔa˥ˀl̥i˥ˀ
အလှမယ်	ʔəl̥a˥ˀmɛ˨
အဝဂ်	ʔa˥ˀwɛʔ
အဝစား	ʔəwa˥ˀza˥˩
အဝတာရ	ʔa˥ˀwa˥ˀta˨ja˥ˀ
အသက်ရှူ	ʔa˥ˀθɛʔʃu˨
အသည်း	ʔəθɛ˥˩
အသည်းထိတ်	ʔəθɛ˥˩tʰeɪʔ
အသည်းနှလုံး	ʔəθɛ˥˩n̥əlo˥˩ʊɴ
အသတ်	ʔa˥ˀθaʔ
အသရေ	ʔəθa˥ˀje˨
အသားမာ	ʔəθəma˨
အသားဝါရောဂါ	ʔa˥ˀθa˥˩wa˨jɔ˥˩ɡa˨
အသိပညာ	ʔəθi˥ˀpjɪ˨ɴɲa˨
အသိပညာရှင်	ʔəθi˥ˀpjɪ˨ɴɲa˨ʃɪ˨ɴ
အသုဘ	ʔa˥ˀθu˥ˀba˥ˀ
အသုံးပြုသူ	ʔa˥ˀθo˥˩ʊɴpju˥ˀðu˨
အသူ	ʔa˥ˀθu˨
အသံထွက်	ʔəθa˨ɴdwɛʔ
အသျှင်	ʔəʃɪ˨ɴ
အသွမ်း	ʔəθwa˥˩ɴ
အာကာသစခန်း	ʔa˨ka˨θa˥ˀsəkʰa˥˩ɴ
အာကာသစိုး	ʔa˨ka˨θa˥ˀzo˥˩
အာကာသယာဉ်	ʔa˨ka˨θa˥ˀjɪ˨ɴ
အာကာသယာဉ်မှူး	ʔa˨ka˨θa˥ˀjɪ˨ɴm̥u˥˩
အာစရိယ	ʔa˨sa˥ˀɹi˥ˀja˥ˀ
အာဖရိက	ʔa˨pʰəɹi˥ˀka˥ˀ
အာမခံ	ʔa˨ma˥ˀɡa˨ɴ
အာမခံသေတ္တာ	ʔa˨ma˥ˀɡa˨ɴθɪʔta˨
အာရပ်	ʔa˨ɹaʔ
အာရပ်ဂဏန်း	ʔa˨ɹaʔɡəna˥˩ɴ
အာရပ်စော်ဘွားများပြည်ထောင်စု	ʔa˨ɹaʔsɔ˨bwa˥˩mja˥˩pji˨da˨ʊɴzu˥ˀ
အာရ်	ʔa˨ɹ
အာလာပသလ္လာပ	ʔa˨la˨pa˥ˀθəla˨pa˥ˀ
အာလူးပူရီ	ʔa˨lu˥˩pu˨ɹi˨
အာဝါဟဝိဝါဟ	ʔa˨wa˨ha˥ˀwi˥ˀwa˨ha˥ˀ
အာဟာရဗေဒ	ʔa˨ha˨ja˥ˀbe˨da˥ˀ
အားနည်း	ʔa˥˩nɛ˥˩
အိန္ဒိယသမုဒ္ဒရာ	ʔe˨ɪɴdi˥ˀja˥ˀθəmoʊʔdəja˨
အိန္ဒြာ	ʔe˨ɪɴdɹa˨
အိန္ဒြေ	ʔe˨ɪɴdɹe˨
အိမ်ထောင်ပရိဘောဂ	ʔe˨ɪɴda˨ʊɴpəɹi˥ˀbɔ˥˩ɡa˥ˀ
အိမ်ထောင်သည်	ʔe˨ɪɴda˨ʊɴðɛ˨
အိမ်မှုကိစ္စ	ʔe˨ɪɴm̥u˥ˀkeɪʔsa˥ˀ
အိမ်လည်	ʔe˨ɪɴle˨
အိုင်ဗရီကို့စ်	ʔa˨ɪɴbəɹi˨ko˥ˀs
အိုင်ယာလန်	ʔa˨ɪɴjəla˨ɴ
အိုးမည်းသုတ်	ʔo˥˩mɛ˥˩θoʊʔ
အီတလီ	ʔi˨ta˥ˀli˨
အီရတ်	ʔi˨ɹaʔ
အီရန်	ʔi˨ɹa˨ɴ
အီရီထရီးယား	ʔi˨ɹi˨tʰəɹi˥˩ja˥˩
အီလက်ထရွန်	ʔi˨lɛʔtʰəɹʊ˨ɴ
အီလက်ထရွန်နစ်	ʔi˨lɛʔtʰəɹʊ˨ɴnɪʔ
အီးမေးလ်	ʔi˥˩me˥˩l
အီးမေးလ်လိပ်စာ	ʔi˥˩me˥˩lleɪʔsa˨
အုန်းရည်	ʔo˥˩ʊɴje˨
အူမကြီး	ʔu˨ma˥ˀd͡ʑi˥˩
အောင်သပြေ	ʔa˨ʊɴða˥ˀbje˨
အော့တဝ	ʔɔ˥ˀta˥ˀwa˥ˀ
အော်တိုကရေစီ	ʔɔ˨to˨kəɹe˨si˨
အော်ဒီကလုံး	ʔɔ˨di˨ka˥ˀlo˥˩ʊɴ
အော်ပရာ	ʔɔ˨pəɹa˨
အော်ပရေးတင်းစစ်စတမ်	ʔɔ˨pəɹe˥˩tɪ˥˩ɴsɪʔsəta˨ɴ
အဲလစ်ဇဘက်	ʔɛ˥˩lɪʔza˥ˀbɛʔ
ဣန္ဒါ	ʔi˥ˀnda˨
ဣန္ဒာ	ʔi˥ˀnda˨
ဣန္ဒြေ	ʔe˨ɪɴdɹe˨
ဣရိယာပုတ်	ʔi˥ˀɹi˥ˀja˨boʊʔ
ဤသ္မာယီလ်	ʔi˨θma˨ji˨l
ဥက္ကဋ္ဌ	ʔoʊʔkətʰa˥ˀ
ဥက္ကာ	ʔoʊʔka˨
ဥက္ကာခဲ	ʔoʊʔka˨ɡɛ˥˩
ဥက္ကာပျံ	ʔoʊʔka˨bja˨ɴ
ဥဂ္ဂါ	ʔoʊʔɡa˨
ဥစ္စာ	ʔoʊʔsa˨
ဥစ္စာစောင့်	ʔoʊʔsa˨za˥ˀʊɴ
ဥဏ္ဏလုံ	ʔo˨ʊɴnəlo˨ʊɴ
ဥဏ္ဏလုံမွေးရှင်	ʔo˨ʊɴnəlo˨ʊɴm̥we˥˩ʃɪ˨ɴ
ဥဏှဂူ	ʔo˨ʊɴn̥əɡu˨
ဥဏှိဿ	ʔu˥ˀn̥eɪʔθa˥ˀ
ဥတ္တရ	ʔoʊʔtəja˥ˀ
ဥတ္တရခဏ္ဍ	ʔoʊʔtəɹa˥ˀkʰa˨nda˥ˀ
ဥပဒေ	ʔu˥ˀba˥ˀde˨
ဥပဒေပညာ	ʔu˥ˀbəde˨pjɪ˨ɴɲa˨
ဥပဓိရုပ်	ʔu˥ˀpa˥ˀdi˥ˀjoʊʔ
ဥပရာဇာ	ʔu˥ˀpəɹa˨za˨
ဥပါယ်	ʔu˥ˀpɛ˨
ဥပေက္ခာ	ʔu˥ˀpjɪʔkʰa˨
ဥပ္ပလ	ʔoʊʔpəla˥ˀ
ဥမ္မာ	ʔo˨ʊɴma˨
ဥယျာဉ်	ʔu˥ˀjɪ˨ɴ
ဥယျာဉ်မှူး	ʔu˥ˀjɪ˨ɴm̥u˥˩
ဥရုဂွေး	ʔu˥ˀɹu˥ˀɡwe˥˩
ဥရောပ	ʔu˥ˀɹɔ˥˩pa˥ˀ
ဥရောပသမဂ္ဂ	ʔu˥ˀɹɔ˥˩pa˥ˀða˥ˀmɛʔɡa˥ˀ
ဥသျှစ်	ʔoʊʔʃɪʔ
ဥုံ	ʔo˨ʊɴ
ဥဿဖရား	ʔoʊʔθəpʰəja˥˩
ဦးစင်း	ʔu˥˩'zɪ˥˩ɴ
ဦးထုပ်	ʔoʊʔtʰoʊʔ
ဦးနှောက်	ʔo˥˩ʊɴn̥aʊʔ
ဦးပဉ္စင်း	ʔu˥˩bəzɪ˥˩ɴ
ဦးပြည်း	ʔu˥˩bji˥˩
ဧကရာဇ်	ʔe˨ɡəɹɪʔ
ဧကဝဏ္ဏဘာသာ	ʔe˨ka˥ˀwʊ˨ɴna˥ˀba˨ða˨
ဧကာဒသမ	ʔe˨ka˨da˥ˀθəma˥ˀ
ဧည့်	ʔɛ˥ˀ
ဧည့်ခန်း	ʔɛ˥ˀɡa˥˩ɴ
ဧည့်ခံပွဲ	ʔɛ˥ˀkʰa˨ɴbwɛ˥˩
ဧည့်ဝတ်	ʔɛ˥ˀwʊʔ
ဧည့်သည်	ʔɛ˥ˀðɛ˨
ဧပြီ	ʔe˨bəɹi˨
ဧရိယာ	ʔe˨ɹi˥ˀja˨
ဩစတြီးယား	ʔɔ˥˩sətəɹi˨ja˥ˀ
ဩစတြေးလျ	ʔɔ˥˩sətəɹe˥˩lja˥ˀ
ဩရိဿ	ʔɔ˥˩ɹeɪʔθa˥ˀ
၎င်း	ləɡa˥˩ʊɴ
