# Thai lexical dictionary — word<TAB>IPA (Chao tone contours ˩˩˦/˨˩/˧/˦˥/˥˩), for irregulars the rules
# can't derive. Ported+converted from espeak-ng-portable data/th/dictionary.jsonl (tone digits→Chao).
กฎบัตร	kˈo˨˩tba˨˩t
กตเวที	kˈa˨˩ta˨˩wˌeː˧tʰiː˧
กมลา	kˈa˨˩ma˦˥lˌaː˧
กร	kˈɔː˧n
กรกฎ	kˈɔː˧ra˦˥kˌo˨˩t
กรกฎาคม	kˈa˨˩ra˦˥kˌa˨˩daː˧kʰˌo˧m
กรงขัง	krˈo˧ŋkʰa˩˩˦ŋ
กรงเล็บ	krˈo˧ŋle˦˥p
กรณี	kˈɔː˧ra˦˥nˌiː˧
กรมธรรม์	krˈo˧mma˦˥tʰˌa˧n
กรรม	kˈa˧m
กรรมกร	kˈa˧mma˦˥kˌɔː˧n
กรรมการ	kˈa˧mma˦˥kˌaː˧n
กรรมวาจก	kˈa˧mma˦˥wˌaː˧t͡ɕo˨˩k
กรรมวิธี	kˈa˧mma˦˥wˌi˦˥tʰiː˧
กรรมสิทธิ์	kˈa˧mma˦˥sˌi˨˩t
กรรมาชีพ	kˈa˧mmaː˧t͡ɕʰˌiː˥˩p
กรรมาธิการ	kˈa˧mmaː˧tʰˌi˦˥kaː˧n
กรรเชียง	kˈa˧nt͡ɕʰia˧ŋ
กรรโชก	kˈa˧nt͡ɕʰoː˥˩k
กรรไกร	kˈa˧nkra˧j
กรวด	krˈua˨˩t
กรวย	krˈua˧j
กระจกตา	krˈa˨˩t͡ɕo˨˩ktˌaː˧
กระจกเงา	krˈa˨˩t͡ɕo˨˩kŋˌa˧w
กระดาษทราย	krˈa˨˩daː˨˩tsˌaː˧j
กระดาษเงินกระดาษทอง	krˈa˨˩daː˨˩tŋˌɤː˧nkra˨˩dˌaː˨˩ttʰɔː˧ŋ
กระดูกสันหลัง	krˈa˨˩duː˨˩ksˌa˩˩˦nla˩˩˦ŋ
กระทรวง	krˈa˨˩sua˧ŋ
กระบวน	krˈa˨˩bua˧n
กระบวนการ	krˈa˨˩bua˧nkˌaː˧n
กระบวย	krˈa˨˩bua˧j
กระบองเพชร	krˈa˨˩bɔː˧ŋpʰˌe˦˥t
กระปรี้กระเปร่า	krˈa˨˩priː˥˩krˌa˨˩pra˨˩w
กระวนกระวาย	krˈa˨˩wo˧nkrˌa˨˩waː˧j
กระสวน	krˈa˨˩sua˩˩˦n
กระสวย	krˈa˨˩sua˩˩˦j
กระโปรง	krˈa˨˩proː˧ŋ
กรี	kˈa˨˩riː˧
กรุณา	kˈa˨˩ru˦˥nˌaː˧
กฤษฎา	krˈi˨˩tsa˨˩dˌaː˧
กฤษฎีกา	krˈi˨˩tsa˨˩dˌiː˧kaː˧
กฤษณา	krˈi˨˩tsa˨˩nˌaː˩˩˦
กลมกลืน	klˈo˧mklɯː˧n
กลมกล่อม	klˈo˧mklɔ˨˩m
กลมเกลียว	klˈo˧mklia˧w
กลยุทธ์	kˈo˧nla˦˥jˌu˦˥t
กลวง	klˈua˧ŋ
กลวิธี	kˈo˧nla˦˥wˌi˦˥tʰiː˧
กลศาสตร์	kˈo˧nla˦˥sˌaː˨˩t
กลับตาลปัตร	klˈa˨˩ptaː˧lˌa˦˥pa˨˩t
กลั่นแกล้ง	klˈa˨˩nklɛː˥˩ŋ
กลาโหม	kˈa˨˩laː˧hˌoː˩˩˦m
กลเม็ด	kˈo˧nla˦˥mˌe˦˥t
กล้วย	klˈua˥˩j
กล้วยไม้	klˈua˥˩jmaː˦˥j
กล้องจุลทรรศน์	klˈɔ˥˩ŋt͡ɕu˧nlˌa˦˥tʰa˦˥t
กล้องถ่ายภาพ	klˈɔ˥˩ŋtʰaː˨˩jpʰˌaː˥˩p
กล้องถ่ายรูป	klˈɔ˥˩ŋtʰaː˨˩jrˌuː˥˩p
กล้องโทรทรรศน์	klˈɔ˥˩ŋtʰoː˧rˌa˦˥tʰa˦˥t
กวี	kˈa˨˩wiː˧
กวีนิพนธ์	kˈa˨˩wiː˧nˌi˦˥pʰo˧n
กษัตริย์	kˈa˨˩sa˨˩t
กษัตรี	kˈa˨˩sa˨˩ttrˌiː˧
กสิกรรม	kˈa˨˩si˨˩kˌa˧m
กองทัพบก	kˈɔː˧ŋtʰa˦˥pbˌo˨˩k
กองทัพเรือ	kˈɔː˧ŋtʰa˦˥prˌɯa˧
กองบัญชาการ	kˈɔː˧ŋba˧nt͡ɕʰˌaː˧kaː˧n
กอดอก	kˈɔː˨˩tʔo˨˩k
กอปร	kˈɔː˨˩p
กะเผลก	kˈa˨˩pʰleː˨˩k
กะเพรา	kˈa˨˩pʰra˧w
กันและกัน	kˈa˧nlɛ˦˥ʔkˌa˧n
กับแกล้ม	kˈa˨˩pklɛː˥˩m
กัลยาณี	kˈa˧nla˦˥jˌaː˧niː˧
กากบาท	kˈaː˧ka˨˩bˌaː˨˩t
กาน้ำ	kˈaː˧naː˦˥m
กามโรค	kˈaː˧mma˦˥rˌoː˥˩k
กายกรรม	kˈaː˧jja˦˥kˌa˧m
กายภาพ	kˈaː˧jja˦˥pʰˌaː˥˩p
กายวิภาคศาสตร์	kˈaː˧jja˦˥wˌi˦˥pʰaː˥˩kkʰˌa˦˥saː˨˩t
การบูร	kˈaː˧ra˦˥bˌuː˧n
การลงทุน	kˈaː˧nlo˧ŋtʰˌu˧n
การศึกษา	kˈaː˧nsɯ˨˩ksˌaː˩˩˦
การเงิน	kˈaː˧nŋɤ˧n
การเลือกตั้ง	kˈaː˧nlɯa˥˩ktˌa˥˩ŋ
การเวก	kˈaː˧ra˦˥wˌeː˥˩k
กาลกิณี	kˈaː˧la˦˥kˌi˨˩niː˧
กาลเทศะ	kˈaː˧la˦˥tʰˌeː˧sa˨˩ʔ
กาเฟอีน	kˈaː˧feː˧ʔˌiː˧n
กำกวม	kˈa˧mkua˧m
กำสรวล	kˈa˧msua˩˩˦n
กำหนดการ	kˈa˧mno˨˩tkˌaː˧n
กิจกรรม	kˈi˨˩tt͡ɕa˨˩kˌa˧m
กิจการ	kˈi˨˩tt͡ɕa˨˩kˌaː˧n
กินรี	kˈi˧nna˦˥rˌiː˧
กิโลเมตร	kˈi˨˩loː˧mˌeː˦˥t
กิ่งไม้	kˈi˨˩ŋmaː˦˥j
กีฏวิทยา	kˈiː˧ta˨˩wˌi˦˥ttʰa˦˥jˌaː˧
กุญชร	kˈu˧nt͡ɕʰɔː˧n
กุลสตรี	kˈu˧nla˦˥sˌa˨˩triː˧
กุ้งมังกร	kˈu˥˩ŋma˧ŋkˌɔː˧n
ก้าวล่วง	kˈaː˥˩wlua˥˩ŋ
ขบวนการ	kʰˈa˨˩bua˧nkˌaː˧n
ของเล่น	kʰˈɔː˩˩˦ŋle˥˩n
ขัดเกลา	kʰˈa˨˩tkla˧w
ขับเคลื่อน	kʰˈa˨˩pkʰlɯa˥˩n
ขายทอดตลาด	kʰˈaː˩˩˦jtʰɔː˥˩ttˌa˨˩laː˨˩t
ขีปนาวุธ	kʰˈiː˩˩˦pa˨˩nˌaː˧wu˦˥t
ข่มขืนกระทำชำเรา	kʰˈo˨˩mkʰɯː˩˩˦nkrˌa˨˩tʰa˧mt͡ɕʰˌa˧mra˧w
ข้อตกลง	kʰˈɔː˥˩to˨˩klˌo˧ŋ
ข้อยกเว้น	kʰˈɔː˥˩jo˦˥kwˌe˦˥n
ข้ออ้าง	kʰˈɔː˥˩ʔaː˥˩ŋ
ข้อเท็จจริง	kʰˈɔː˥˩tʰe˦˥tt͡ɕˌi˧ŋ
ข้อเท้า	kʰˈɔː˥˩tʰaː˦˥w
ข้อเสนอ	kʰˈɔː˥˩sa˨˩nˌɤː˩˩˦
ข้อเสนอแนะ	kʰˈɔː˥˩sa˨˩nˌɤː˩˩˦nɛ˦˥ʔ
ข้าพระพุทธเจ้า	kʰˈaː˥˩pʰra˦˥pʰˌu˦˥ttʰa˦˥t͡ɕˌaː˥˩w
ข้าพเจ้า	kʰˈaː˥˩pʰa˦˥t͡ɕˌaː˥˩w
ข้าราชการ	kʰˈaː˥˩raː˥˩tt͡ɕʰˌa˦˥kaː˧n
ข้าวมันไก่	kʰˈaː˥˩wma˧nkˌa˨˩j
ข้าวสวย	kʰˈaː˥˩wsua˩˩˦j
ข้าวเกรียบ	kʰˈaː˥˩wkria˨˩p
ข้าวเปลือก	kʰˈaː˥˩wplɯa˨˩k
คงเส้นคงวา	kʰˈo˧ŋse˥˩nkʰˌo˧ŋwaː˧
คณบดี	kʰˈa˦˥na˦˥bˌɔː˧diː˧
คณะกรรมการ	kʰˈa˦˥na˦˥kˌa˧mma˦˥kˌaː˧n
คณะรัฐมนตรี	kʰˈa˦˥na˦˥rˌa˦˥ttʰa˨˩mˌo˧ntriː˧
คณิตศาสตร์	kʰˈa˦˥ni˦˥ttˌa˨˩saː˨˩t
คนทรง	kʰˈo˧nso˧ŋ
คนธรรพ์	kʰˈo˧ntʰa˧n
คนสวน	kʰˈo˧nsua˩˩˦n
คนเสมือนไร้ความสามารถ	kʰˈo˧nsa˨˩mˌɯa˩˩˦nra˦˥jkʰwˌaː˧msaː˩˩˦mˌaː˥˩t
คนไร้ความสามารถ	kʰˈo˧nra˦˥jkʰwˌaː˧msaː˩˩˦mˌaː˥˩t
คบเพลิง	kʰˈo˦˥ppʰlɤː˧ŋ
คมนาคม	kʰˈa˦˥ma˦˥nˌaː˧kʰo˧m
ครรภ์	kʰˈa˧n
ครหา	kʰˈɔː˧ra˦˥hˌaː˩˩˦
ครองราชสมบัติ	kʰrˈɔː˧ŋraː˥˩tt͡ɕʰˌa˦˥so˩˩˦mbˌa˨˩t
คริสต์ศักราช	kʰrˈi˦˥tsa˨˩kkˌa˨˩raː˨˩t
คริสเตียน	kʰrˈi˦˥tsa˨˩tˌia˧n
ครึกโครม	kʰrˈɯ˦˥kkʰroː˧m
ครุศาสตร์	kʰˈa˦˥ru˦˥sˌaː˨˩t
คร่ำครวญ	kʰrˈa˥˩mkʰrua˧n
คลังสินค้า	kʰlˈa˧ŋsi˩˩˦nkʰˌaː˦˥
คลั่งไคล้	kʰlˈa˥˩ŋkʰla˦˥j
คลาดเคลื่อน	kʰlˈaː˥˩tkʰlɯa˥˩n
คลุมเครือ	kʰlˈu˧mkʰlɯa˧
ความกดดัน	kʰwˈaː˧mko˨˩tdˌa˧n
ความขัดแย้ง	kʰwˈaː˧mkʰa˨˩tjˌɛː˦˥ŋ
ความจริง	kʰwˈaː˧mt͡ɕi˧ŋ
ความต้องการ	kʰwˈaː˧mtɔ˥˩ŋkˌaː˧n
ความถูกต้อง	kʰwˈaː˧mtʰuː˨˩ktˌɔ˥˩ŋ
ความถ่วงจำเพาะ	kʰwˈaː˧mtʰua˨˩ŋt͡ɕˌa˧mpʰɔ˦˥ʔ
ความมั่งคั่ง	kʰwˈaː˧mma˥˩ŋkʰˌa˥˩ŋ
ความมั่นใจ	kʰwˈaː˧mma˥˩nt͡ɕˌa˧j
ความยาวคลื่น	kʰwˈaː˧mjaː˧wkʰlˌɯː˥˩n
ความยุติธรรม	kʰwˈaː˧mju˦˥ttˌi˨˩tʰa˧m
ความรับผิดชอบ	kʰwˈaː˧mra˦˥ppʰˌi˨˩tt͡ɕʰɔː˥˩p
ความรุนแรง	kʰwˈaː˧mru˧nrˌɛː˧ŋ
ความร่วมมือ	kʰwˈaː˧mrua˥˩mmˌɯː˧
ความสนใจ	kʰwˈaː˧mso˩˩˦nt͡ɕˌa˧j
ความสามารถ	kʰwˈaː˧msaː˩˩˦mˌaː˥˩t
ความเครียด	kʰwˈaː˧mkʰria˥˩t
ความเคลื่อนไหว	kʰwˈaː˧mkʰlɯa˥˩nwˌa˩˩˦j
ความเป็นจริง	kʰwˈaː˧mpe˧nt͡ɕˌi˧ŋ
ความเร่ง	kʰwˈaː˧mre˥˩ŋ
คหบดี	kʰˈa˦˥ha˨˩bˌɔː˧diː˧
คอมพิวเตอร์	kʰˈɔ˧mpʰi˧wtˌɤː˥˩
คอมมิวนิสต์	kʰˈɔ˧mmi˧wnˌi˦˥t
คาบสมุทร	kʰˈaː˥˩psa˨˩mˌu˨˩t
คารวะ	kʰˈaː˧ra˦˥wˌa˦˥ʔ
คาร์โบไฮเดรต	kʰˈaː˧boː˧hˌa˧jdreː˨˩t
คาเฟอีน	kʰˈaː˧feː˧ʔˌiː˧n
คำนวณ	kʰˈa˧mnua˧n
คำแนะนำ	kʰˈa˧mnɛ˦˥ʔnˌa˧m
คำใต้	kʰˈa˧mtaː˥˩j
คุณธรรม	kʰˈu˧nna˦˥tʰˌa˧m
คุณภาพ	kʰˈu˧nna˦˥pʰˌaː˥˩p
คุณลักษณะ	kʰˈu˧nna˦˥lˌa˦˥ksa˨˩nˌa˨˩ʔ
คุณศัพท์	kʰˈu˧nna˦˥sˌa˨˩p
คุณสมบัติ	kʰˈu˧nna˦˥sˌo˩˩˦mba˨˩t
คู่กรณี	kʰˈuː˥˩kɔː˧rˌa˦˥niː˧
คู่แข่ง	kʰˈuː˥˩kʰɛ˨˩ŋ
ค่าธรรมเนียม	kʰˈaː˥˩tʰa˧mnˌia˧m
ค่ายกักกัน	kʰˈaː˥˩jka˨˩kkˌa˧n
ฆราวาส	kʰˈa˦˥raː˧wˌaː˥˩t
ฆาตกร	kʰˈaː˥˩tta˨˩kˌɔː˧n
ฆาตกรรม	kʰˈaː˥˩tta˨˩kˌa˧m
งูสวัด	ŋˈuː˧sa˨˩wˌa˨˩t
จงรักภักดี	t͡ɕˈo˧ŋra˦˥kpʰˌa˦˥kdiː˧
จดหมายเหตุ	t͡ɕˈo˨˩tmaː˩˩˦jhˌeː˨˩t
จตุจักร	t͡ɕˈa˨˩tu˨˩t͡ɕˌa˨˩k
จร	t͡ɕˈɔː˧n
จรจัด	t͡ɕˈɔː˧nt͡ɕa˨˩t
จรรยา	t͡ɕˈa˧njaː˧
จรรยาบรรณ	t͡ɕˈa˧njaː˧bˌa˧n
จรรโลง	t͡ɕˈa˧nloː˧ŋ
จริง	t͡ɕˈi˧ŋ
จริงจัง	t͡ɕˈi˧ŋt͡ɕa˧ŋ
จริงใจ	t͡ɕˈi˧ŋt͡ɕa˧j
จริยธรรม	t͡ɕˈa˨˩ri˦˥jˌa˦˥tʰa˧m
จอมปลวก	t͡ɕˈɔː˧mplua˨˩k
จักจั่น	t͡ɕˈa˨˩kka˨˩t͡ɕˌa˨˩n
จักร	t͡ɕˈa˨˩k
จักรพรรดิ	t͡ɕˈa˨˩kkra˨˩pʰˌa˦˥t
จักรราศี	t͡ɕˈa˨˩kkra˨˩rˌaː˧siː˩˩˦
จักรวรรดิ	t͡ɕˈa˨˩kkra˨˩wˌa˨˩t
จักรวรรดินิยม	t͡ɕˈa˨˩kkra˨˩wˌa˨˩tni˦˥jˌo˧m
จัดสรร	t͡ɕˈa˨˩tsa˩˩˦n
จัตวา	t͡ɕˈa˨˩tta˨˩wˌaː˧
จันทน์	t͡ɕˈa˧n
จันทรุปราคา	t͡ɕˈa˧ntʰru˦˥pˌa˨˩raː˧kʰˌaː˧
จันทร์	t͡ɕˈa˧n
จารกรรม	t͡ɕˈaː˧ra˦˥kˌa˧m
จำนวน	t͡ɕˈa˧mnua˧n
จำนวนจริง	t͡ɕˈa˧mnua˧nt͡ɕˌi˧ŋ
จำนวนเต็ม	t͡ɕˈa˧mnua˧ntˌe˧m
จำปาศักดิ์	t͡ɕˈa˧mpaː˧sˌa˨˩k
จำพวก	t͡ɕˈa˧mpʰua˥˩k
จิตรกร	t͡ɕˈi˨˩ttra˨˩kˌɔː˧n
จิตรกรรม	t͡ɕˈi˨˩tta˨˩kˌa˧m
จิตวิทยา	t͡ɕˈi˨˩tta˨˩wˌi˦˥ttʰa˦˥jˌaː˧
จิตแพทย์	t͡ɕˈi˨˩tta˨˩pʰˌɛː˥˩t
จุดบกพร่อง	t͡ɕˈu˨˩tbo˨˩kpʰrˌɔ˥˩ŋ
จุลภาค	t͡ɕˈu˧nla˦˥pʰˌaː˥˩k
จุลศักราช	t͡ɕˈu˧nla˦˥sˌa˨˩kka˨˩rˌaː˨˩t
จุลสาร	t͡ɕˈu˧nla˦˥sˌaː˩˩˦n
จุลินทรีย์	t͡ɕˈu˨˩li˧nsˌiː˧
ฉกรรจ์	t͡ɕʰˈa˨˩ka˧n
ฉวัดเฉวียน	t͡ɕʰˈa˨˩wa˨˩tt͡ɕʰˌa˨˩wia˩˩˦n
ฉะเชิงเทรา	t͡ɕʰˈa˨˩t͡ɕʰɤː˧ŋsˌa˧w
ฉัตร	t͡ɕʰˈa˨˩t
ฉันทลักษณ์	t͡ɕʰˈa˩˩˦ntʰa˦˥lˌa˦˥k
ฉายาลักษณ์	t͡ɕʰˈaː˩˩˦jaː˧lˌa˦˥k
ฉ้อราษฎร์บังหลวง	t͡ɕʰˈɔː˥˩raː˥˩tbˌa˧ŋlua˩˩˦ŋ
ชนชาติ	t͡ɕʰˈo˧nt͡ɕʰaː˥˩t
ชนบท	t͡ɕʰˈo˧nna˦˥bˌo˨˩t
ชนมพรรษา	t͡ɕʰˈo˧nma˦˥pʰˌa˧nsaː˩˩˦
ชร	t͡ɕʰˈɔː˧rɔː˧
ชลประทาน	t͡ɕʰˈo˧nla˦˥prˌa˨˩tʰaː˧n
ชอบธรรม	t͡ɕʰˈɔː˥˩ptʰa˧m
ชะอม	t͡ɕʰˈa˦˥ʔo˧m
ชักชวน	t͡ɕʰˈa˦˥kt͡ɕʰua˧n
ชักโครก	t͡ɕʰˈa˦˥kkʰroː˥˩k
ชันษา	t͡ɕʰˈa˧nna˦˥sˌaː˩˩˦
ชันสูตร	t͡ɕʰˈa˧nna˦˥sˌuː˨˩t
ชันสูตรพลิกศพ	t͡ɕʰˈa˧nna˦˥sˌuː˨˩tpʰli˦˥ksˌo˨˩p
ชาติ	t͡ɕʰˈaː˥˩t
ชาติชาย	t͡ɕʰˈaː˥˩tt͡ɕʰaː˧j
ชาตินิยม	t͡ɕʰˈaː˥˩tni˦˥jˌo˧m
ชาติพันธุ์	t͡ɕʰˈaː˥˩tti˨˩pʰˌa˧n
ชิงช้าสวรรค์	t͡ɕʰˈi˧ŋt͡ɕʰaː˦˥sˌa˨˩wa˩˩˦n
ชิงทรัพย์	t͡ɕʰˈi˧ŋsa˦˥p
ชิมแปนซี	t͡ɕʰˈi˧mpɛː˧nsˌiː˧
ชีพจร	t͡ɕʰˈiː˥˩ppʰa˦˥t͡ɕˌɔː˧n
ชีวภาพ	t͡ɕʰˈiː˧wa˦˥pʰˌaː˥˩p
ชีววิทยา	t͡ɕʰˈiː˧wa˦˥wˌi˦˥ttʰa˦˥jˌaː˧
ชื่อสกุล	t͡ɕʰˈɯː˥˩sa˨˩kˌu˧n
ชื่อเล่น	t͡ɕʰˈɯː˥˩le˥˩n
ชุมพร	t͡ɕʰˈu˧mpʰɔː˧n
ชุลมุน	t͡ɕʰˈu˧nla˦˥mˌu˧n
ช่างเครื่อง	t͡ɕʰˈaː˥˩ŋkʰrɯa˥˩ŋ
ซอมซ่อ	sˈɔː˧mma˦˥sˌɔː˥˩
ซออู้	sˈɔː˧ʔuː˥˩
ซากดึกดำบรรพ์	sˈaː˥˩kdɯ˨˩kdˌa˧mba˧n
ซิมบับเว	sˈi˧mba˦˥pwˌeː˧
ซี่โครง	sˈiː˥˩kʰroː˧ŋ
ซูเปอร์สตาร์	sˈuː˧pɤː˥˩sˌa˨˩taː˧
ฌาปนกิจ	t͡ɕʰˈaː˧pa˨˩nˌa˦˥ki˨˩t
ญาณวิทยา	jˈaː˧na˦˥wˌi˦˥ttʰa˦˥jˌaː˧
ญาติ	jˈaː˥˩t
ฐานันดร	tʰˈaː˩˩˦na˧ndˌɔː˧n
ดอกไม้	dˈɔː˨˩kmaː˦˥j
ดอกไม้ไฟ	dˈɔː˨˩kmaː˦˥jfˌa˧j
ดัดแปลง	dˈa˨˩tplɛː˧ŋ
ดับเบิลยู	dˈa˨˩pbɤ˥˩njˌuː˧
ดับเพลิง	dˈa˨˩ppʰlɤː˧ŋ
ดาราศาสตร์	dˈaː˧raː˧sˌaː˨˩t
ดาวดึงส์	dˈaː˧wwa˦˥dˌɯ˧ŋ
ดาวเคราะห์	dˈaː˧wkʰrɔ˦˥ʔ
ดำน้ำ	dˈa˧mnaː˦˥m
ดินร่วน	dˈi˧nrua˥˩n
ดีเด่น	dˈiː˧de˨˩n
ดีไซน์	dˈiː˧saː˧j
ดึกดำบรรพ์	dˈɯ˨˩kda˧mbˌa˧n
ดุลพินิจ	dˈu˧nla˦˥pʰˌi˦˥ni˦˥t
ดุลยพินิจ	dˈu˧nla˦˥jˌa˦˥pʰi˦˥nˌi˦˥t
ดุษฎี	dˈu˨˩tsa˨˩dˌiː˧
ดุษฎีบัณฑิต	dˈu˨˩tsa˨˩dˌiː˧ba˧ndˌi˨˩t
ตกผลึก	tˈo˨˩kpʰa˨˩lˌɯ˨˩k
ตกแต่ง	tˈo˨˩ktɛ˨˩ŋ
ตรงกลาง	trˈo˧ŋklaː˧ŋ
ตรงข้าม	trˈo˧ŋkʰaː˥˩m
ตรงนี้	trˈo˧ŋniː˦˥
ตรรกะ	tˈa˨˩kka˨˩ʔ
ตรวจ	trˈua˨˩t
ตรวจตรา	trˈua˨˩ttraː˧
ตรวจสอบ	trˈua˨˩tsɔː˨˩p
ตรวน	trˈua˧n
ตรัสรู้	trˈa˨˩tsa˨˩rˌuː˦˥
ตลาดน้ำ	tˈa˨˩laː˨˩tnˌaː˦˥m
ตลาดหลักทรัพย์	tˈa˨˩laː˨˩tlˌa˨˩ksa˦˥p
ตอนเช้า	tˈɔː˧nt͡ɕʰaː˦˥w
ตะกวด	tˈa˨˩kua˨˩t
ตะวันออกกลาง	tˈa˨˩wa˧nʔˌɔː˨˩kklaː˧ŋ
ตะวันออกเฉียงใต้	tˈa˨˩wa˧nʔˌɔː˨˩kt͡ɕʰia˩˩˦ŋtˌaː˥˩j
ตะวันออกไกล	tˈa˨˩wa˧nʔˌɔː˨˩kkla˧j
ตะแกรง	tˈa˨˩krɛː˧ŋ
ตะไคร่	tˈa˨˩kʰra˥˩j
ตะไคร้	tˈa˨˩kʰra˦˥j
ตักบาตร	tˈa˨˩kbaː˨˩t
ตัดสินใจ	tˈa˨˩tsi˩˩˦nt͡ɕˌa˧j
ตับอ่อน	tˈa˨˩pʔɔː˨˩n
ตัวละคร	tˈua˧la˦˥kʰˌɔː˧n
ตัวหนังสือ	tˈua˧na˩˩˦ŋsˌɯː˩˩˦
ตัวอย่าง	tˈua˧jaː˨˩ŋ
ตัวอักษร	tˈua˧ʔa˨˩ksˌɔː˩˩˦n
ตัวแปร	tˈua˧prɛː˧
ตัวใครตัวมัน	tˈua˧kʰra˧jtˌua˧ma˧n
ตั๊กแตน	tˈa˦˥kka˨˩tˌɛː˧n
ตั๋วสัญญาใช้เงิน	tˈua˩˩˦sa˩˩˦njˌaː˧t͡ɕʰa˦˥jŋˌɤ˧n
ตำรวจ	tˈa˧mrua˨˩t
ติดอ่าง	tˈi˨˩tʔaː˨˩ŋ
ตีตรา	tˈiː˧traː˧
ตึงเครียด	tˈɯ˧ŋkʰria˥˩t
ตื่นเต้น	tˈɯː˨˩nte˥˩n
ตุรกี	tˈu˨˩ra˦˥kˌiː˧
ตุ๊กตา	tˈu˦˥kka˨˩tˌaː˧
ต่างชาติ	tˈaː˨˩ŋt͡ɕʰaː˥˩t
ต้นสายปลายเหตุ	tˈo˥˩nsaː˩˩˦jplˌaː˧jheː˨˩t
ต้นไม้	tˈo˥˩nmaː˦˥j
ถวายบังคม	tʰˈa˨˩waː˩˩˦jbˌa˧ŋkʰo˧m
ถวายพระพร	tʰˈa˨˩waː˩˩˦jpʰrˌa˦˥pʰɔː˧n
ถึงแก่กรรม	tʰˈɯ˩˩˦ŋkɛː˨˩kˌa˧m
ถุงน้ำดี	tʰˈu˩˩˦ŋnaː˦˥mdˌiː˧
ถ้วยตวง	tʰˈua˥˩jtua˧ŋ
ทบทวน	tʰˈo˦˥ptʰua˧n
ทรง	sˈo˧ŋ
ทรงกลม	sˈo˧ŋklo˧m
ทรมาน	tʰˈɔː˧ra˦˥mˌaː˧n
ทรยศ	tʰˈɔː˧ra˦˥jˌo˦˥t
ทรราช	tʰˈɔː˧ra˦˥rˌaː˥˩t
ทรวง	sˈua˧ŋ
ทรวดทรง	sˈua˥˩tso˧ŋ
ทรหด	tʰˈɔː˧ra˦˥hˌo˨˩t
ทรัพยากร	sˈa˦˥ppʰa˦˥jˌaː˧kɔː˧n
ทรัพยากรธรรมชาติ	sˈa˦˥ppʰa˦˥jˌaː˧kɔː˧ntʰˌa˧mma˦˥t͡ɕʰˌaː˥˩t
ทรัพย์	sˈa˦˥p
ทราบ	sˈaː˥˩p
ทราย	sˈaː˧j
ทรุด	sˈu˦˥t
ทฤษฎี	tʰrˈi˦˥tsa˨˩dˌiː˧
ทฤษฎีบท	tʰrˈi˦˥tsa˨˩dˌiː˧bo˨˩t
ทศวรรษ	tʰˈo˦˥tsa˨˩wˌa˦˥t
ทองคำเปลว	tʰˈɔː˧ŋkʰa˧mplˌeː˧w
ทอดพระเนตร	tʰˈɔː˥˩tpʰra˦˥nˌeː˥˩t
ทะเลทราย	tʰˈa˦˥leː˧sˌaː˧j
ทันตแพทยศาสตร์	tʰˈa˧nta˨˩pʰˌɛː˥˩ttʰa˦˥jˌa˦˥saː˨˩t
ทับทรวง	tʰˈa˦˥psua˧ŋ
ทัศนคติ	tʰˈa˦˥tsa˨˩nˌa˦˥kʰa˦˥tˌi˨˩ʔ
ทัศนวิสัย	tʰˈa˦˥tsa˨˩nˌa˦˥wi˦˥sˌa˩˩˦j
ทัศนะ	tʰˈa˦˥tsa˨˩nˌa˦˥ʔ
ทัศนาจร	tʰˈa˦˥tsa˨˩nˌaː˧t͡ɕɔː˧n
ทัศนียภาพ	tʰˈa˦˥tsa˨˩nˌiː˧ja˦˥pʰˌaː˥˩p
ทั้งปวง	tʰˈa˦˥ŋpua˧ŋ
ทางช้างเผือก	tʰˈaː˧ŋt͡ɕʰaː˦˥ŋpʰˌɯa˨˩k
ทางด่วน	tʰˈaː˧ŋdua˨˩n
ทางเท้า	tʰˈaː˧ŋtʰaː˦˥w
ทายาทโดยธรรม	tʰˈaː˧jaː˥˩tdˌoː˧jtʰa˧m
ทารุณกรรม	tʰˈaː˧ru˧nnˌa˦˥ka˧m
ทินกร	tʰˈi˧nna˦˥kˌɔː˧n
ที่ปรึกษา	tʰˈiː˥˩prɯ˨˩ksˌaː˩˩˦
ที่อยู่	tʰˈiː˥˩juː˨˩
ทุกวันนี้	tʰˈu˦˥kwa˧nnˌiː˦˥
ทุจริต	tʰˈu˦˥tt͡ɕa˨˩rˌi˨˩t
ทุนทรัพย์	tʰˈu˧nna˦˥sˌa˦˥p
ทุพพลภาพ	tʰˈu˦˥ppʰo˧nlˌa˦˥pʰaː˥˩p
ท่อน้ำ	tʰˈɔː˥˩naː˦˥m
ท่อไอเสีย	tʰˈɔː˥˩ʔa˧jsˌia˩˩˦
ท่าอากาศยาน	tʰˈaː˥˩ʔaː˧kˌaː˨˩tsa˨˩jˌaː˧n
ท้องร่วง	tʰˈɔː˦˥ŋrua˥˩ŋ
ธงชาติ	tʰˈo˧ŋt͡ɕʰaː˥˩t
ธนบัตร	tʰˈa˦˥na˦˥bˌa˨˩t
ธรณี	tʰˈɔː˧ra˦˥nˌiː˧
ธรณีวิทยา	tʰˈɔː˧ra˦˥nˌiː˧wi˦˥ttʰˌa˦˥jaː˧
ธรรม	tʰˈa˧m
ธรรมชาติ	tʰˈa˧mma˦˥t͡ɕʰˌaː˥˩t
ธรรมดา	tʰˈa˧mma˦˥dˌaː˧
ธรรมนูญ	tʰˈa˧mma˦˥nˌuː˧n
ธรรมศาสตร์	tʰˈa˧mma˦˥sˌaː˨˩t
ธรรมะ	tʰˈa˧mma˦˥ʔ
ธรรมะธัมโม	tʰˈa˧mma˦˥tʰˌa˧mmoː˧
ธรรมาสน์	tʰˈa˧mmaː˥˩t
ธรรมเนียม	tʰˈa˧mnia˧m
ธัญพืช	tʰˈa˧nja˦˥pʰˌɯː˥˩t
ธาตุ	tʰˈaː˥˩t
ธุร	tʰˈu˦˥ra˦˥ʔ
ธุรกรรม	tʰˈu˦˥ra˦˥kˌa˧m
ธุรกิจ	tʰˈu˦˥ra˦˥kˌi˨˩t
นครรัฐ	nˈa˦˥kʰɔː˧nrˌa˦˥t
นพคุณ	nˈo˦˥ppʰa˦˥kʰˌu˧n
นมัสการ	nˈa˦˥ma˦˥tsˌa˨˩kaː˧n
นวนิยาย	nˈa˦˥wa˦˥nˌi˦˥jaː˧j
นวัตกรรม	nˈa˦˥wa˦˥ttˌa˨˩ka˧m
นักกฎหมาย	nˈa˦˥kko˨˩tmˌaː˩˩˦j
นักการทูต	nˈa˦˥kkaː˧ntʰˌuː˥˩t
นักการเมือง	nˈa˦˥kkaː˧nmˌɯa˧ŋ
นักขัตฤกษ์	nˈa˦˥kkʰa˨˩ttˌa˨˩rɤː˥˩k
นักคณิตศาสตร์	nˈa˦˥kkʰa˦˥nˌi˦˥tta˨˩sˌaː˨˩t
นักจิตวิทยา	nˈa˦˥kt͡ɕi˨˩ttˌa˨˩wi˦˥ttʰˌa˦˥jaː˧
นักชีววิทยา	nˈa˦˥kt͡ɕʰiː˧wˌa˦˥wi˦˥ttʰˌa˦˥jaː˧
นักดาราศาสตร์	nˈa˦˥kdaː˧rˌaː˧saː˨˩t
นักท่องเที่ยว	nˈa˦˥ktʰɔ˥˩ŋtʰˌia˥˩w
นักธรณีวิทยา	nˈa˦˥ktʰɔː˧rˌa˦˥niː˧wˌi˦˥ttʰa˦˥jˌaː˧
นักบวช	nˈa˦˥kbua˨˩t
นักภาษาศาสตร์	nˈa˦˥kpʰaː˧sˌaː˩˩˦saː˨˩t
นักมวย	nˈa˦˥kmua˧j
นักมานุษยวิทยา	nˈa˦˥kmaː˧nˌu˦˥tsa˨˩jˌa˦˥wi˦˥ttʰˌa˦˥jaː˧
นักลงทุน	nˈa˦˥klo˧ŋtʰˌu˧n
นักวิทยาศาสตร์	nˈa˦˥kwi˦˥ttʰˌa˦˥jaː˧sˌaː˨˩t
นักว่ายน้ำ	nˈa˦˥kwaː˥˩jnˌaː˦˥m
นักศึกษา	nˈa˦˥ksɯ˨˩ksˌaː˩˩˦
นักษัตร	nˈa˦˥ksa˨˩t
นั่งเล่น	nˈa˥˩ŋle˥˩n
นางนวล	nˈaː˧ŋnua˧n
นางไม้	nˈaː˧ŋmaː˦˥j
นาฏกรรม	nˈaː˥˩tta˨˩kˌa˧m
นานาชาติ	nˈaː˧naː˧t͡ɕʰˌaː˥˩t
นามธรรม	nˈaː˧mma˦˥tʰˌa˧m
นามบัตร	nˈaː˧mba˨˩t
นามปากกา	nˈaː˧mpaː˨˩kkˌaː˧
นายกรัฐมนตรี	nˈaː˧jo˦˥krˌa˦˥ttʰa˨˩mˌo˧ntriː˧
นายกเทศมนตรี	nˈaː˧jo˦˥ktʰˌeː˥˩tsa˨˩mˌo˧ntriː˧
นายตรวจ	nˈaː˧jtrua˨˩t
นายอำเภอ	nˈaː˧jʔa˧mpʰˌɤː˧
นิตยสาร	nˈi˦˥tta˨˩jˌa˦˥saː˩˩˦n
นิติกรรม	nˈi˦˥ti˨˩kˌa˧m
นิติธรรม	nˈi˦˥ti˨˩tʰˌa˧m
นิติบัญญัติ	nˈi˦˥ti˨˩bˌa˧nja˨˩t
นิติวิทยาศาสตร์	nˈi˦˥ti˨˩wˌi˦˥ttʰa˦˥jˌaː˧saː˨˩t
นิติศาสตร์	nˈi˦˥ti˨˩sˌaː˨˩t
นิติเวชศาสตร์	nˈi˦˥ti˨˩wˌeː˥˩tt͡ɕʰa˦˥sˌaː˨˩t
นิทรรศการ	nˈi˦˥tʰa˦˥tsˌa˨˩kaː˧n
นิทรา	nˈi˦˥ttʰraː˧
นิร	nˈi˦˥ra˦˥ʔ
นิรนาม	nˈi˦˥ra˦˥nˌaː˧m
นิรภัย	nˈi˦˥ra˦˥pʰˌa˧j
นิรมิต	nˈi˦˥ra˦˥mˌi˦˥t
นิรันดร	nˈi˦˥ra˧ndˌɔː˧n
นิรโทษกรรม	nˈi˦˥ra˦˥tʰˌoː˥˩tsa˨˩kˌa˧m
นิวเคลียร์	nˈi˧wkʰlia˧
นิเทศศาสตร์	nˈi˦˥tʰeː˥˩tsˌaː˨˩t
นิโกร	nˈi˦˥kroː˧
นุ่งห่ม	nˈu˥˩ŋho˨˩m
นุ่มนวล	nˈu˥˩mnua˧n
น่านน้ำ	nˈaː˥˩nnaː˦˥m
น้ำ	nˈaː˦˥m
น้ำกาม	nˈaː˦˥mkaː˧m
น้ำขึ้น	nˈaː˦˥mkʰɯ˥˩n
น้ำคร่ำ	nˈaː˦˥mkʰra˥˩m
น้ำดี	nˈaː˦˥mdiː˧
น้ำดื่ม	nˈaː˦˥mdɯː˨˩m
น้ำตก	nˈaː˦˥mto˨˩k
น้ำท่วม	nˈaː˦˥mtʰua˥˩m
น้ำท่า	nˈaː˦˥mtʰaː˥˩
น้ำป่า	nˈaː˦˥mpaː˨˩
น้ำพริกเผา	nˈaː˦˥mpʰri˦˥kpʰˌa˩˩˦w
น้ำพุ	nˈaː˦˥mpʰu˦˥ʔ
น้ำมนต์	nˈaː˦˥mmo˧n
น้ำมูก	nˈaː˦˥mmuː˥˩k
น้ำลง	nˈaː˦˥mlo˧ŋ
น้ำลาย	nˈaː˦˥mlaː˧j
น้ำส้ม	nˈaː˦˥mso˥˩m
น้ำส้มสายชู	nˈa˦˥mso˥˩msˌaː˩˩˦jt͡ɕʰuː˧
น้ำหอม	nˈaː˦˥mhɔː˩˩˦m
น้ำอบ	nˈaː˦˥mʔo˨˩p
น้ำอัดลม	nˈaː˦˥mʔa˨˩tlˌo˧m
น้ำเกลือ	nˈa˦˥mklɯa˧
น้ำเงิน	nˈa˦˥mŋɤ˧n
น้ำเชื้อ	nˈaː˦˥mt͡ɕʰɯa˦˥
น้ำเสียง	nˈaː˦˥msia˩˩˦ŋ
น้ำใจ	nˈaː˦˥mt͡ɕa˧j
บดินทร์	bˈɔː˧di˧n
บทบัญญัติ	bˈo˨˩tba˧njˌa˨˩t
บทเรียน	bˈo˨˩tria˧n
บพิตร	bˈɔː˧pʰi˦˥t
บรรจบ	bˈa˧nt͡ɕo˨˩p
บรรจุ	bˈa˧nt͡ɕu˨˩ʔ
บรรณ	bˈa˧n
บรรณาการ	bˈa˧nnaː˧kˌaː˧n
บรรณาธิการ	bˈa˧nnaː˧tʰˌi˦˥kaː˧n
บรรณานุกรม	bˈa˧nnaː˧nˌu˦˥kro˧m
บรรณารักษ์	bˈa˧nnaː˧rˌa˦˥k
บรรดา	bˈa˧ndaː˧
บรรดาศักดิ์	bˈa˧ndaː˧sˌa˨˩k
บรรทม	bˈa˧ntʰo˧m
บรรทัด	bˈa˧ntʰa˦˥t
บรรทุก	bˈa˧ntʰu˦˥k
บรรพ	bˈa˨˩p
บรรพชิต	bˈa˧npʰa˦˥t͡ɕʰˌi˦˥t
บรรพบุรุษ	bˈa˧npʰa˦˥bˌu˨˩ru˨˩t
บรรยากาศ	bˈa˧njaː˧kˌaː˨˩t
บรรยาย	bˈa˧njaː˧j
บรรลัย	bˈa˧nla˧j
บรรลุ	bˈa˧nlu˦˥ʔ
บรรษัท	bˈa˧nsa˨˩t
บรรหาร	bˈa˧nhaː˩˩˦n
บรรเทา	bˈa˧ntʰa˧w
บรรเลง	bˈa˧nleː˧ŋ
บริการ	bˈɔː˧ri˦˥kˌaː˧n
บริจาค	bˈɔː˧ri˦˥t͡ɕˌaː˨˩k
บริดจ์	brˈi˨˩t
บริติช	brˈi˨˩ti˦˥t
บริษัท	bˈɔː˧ri˦˥sˌa˨˩t
บริสุทธิ์	bˈɔː˧ri˦˥sˌu˨˩t
บริหาร	bˈɔː˧ri˦˥hˌaː˩˩˦n
บริเวณ	bˈɔː˧ri˦˥wˌeː˧n
บริโภค	bˈɔː˧ri˦˥pʰˌoː˥˩k
บรู	brˈuː˧
บรูไน	brˈuː˧na˧j
บล็อก	blˈɔ˦˥k
บวงสรวง	bˈua˧ŋsua˩˩˦ŋ
บวร	bˈɔː˧wɔː˧n
บังคับบัญชา	bˈa˧ŋkʰa˦˥pbˌa˧nt͡ɕʰaː˧
บัญญัติ	bˈa˧nja˨˩t
บัตร	bˈa˨˩t
บาตร	bˈaː˨˩t
บายศรี	bˈaː˧jsiː˩˩˦
บารมี	bˈaː˧ra˦˥mˌiː˧
บุคคลธรรมดา	bˈu˨˩kkʰo˧ntʰˌa˧mma˦˥dˌaː˧
บุคลากร	bˈu˨˩kkʰa˦˥lˌaː˧kɔː˧n
บุคลิก	bˈu˨˩kkʰa˦˥lˌi˦˥k
บุคลิกภาพ	bˈu˨˩kkʰa˦˥lˌi˦˥kka˨˩pʰˌaː˥˩p
บุคลิกลักษณะ	bˈu˨˩kkʰa˦˥lˌi˦˥kka˨˩lˌa˦˥ksa˨˩nˌa˨˩ʔ
บุญธรรม	bˈu˧ntʰa˧m
บุญหนักศักดิ์ใหญ่	bˈu˧nna˨˩ksˌa˨˩kja˨˩j
บุตร	bˈu˨˩t
บุตรี	bˈu˨˩ttriː˧
บุพการี	bˈu˨˩ppʰa˦˥kˌaː˧riː˧
บุพบท	bˈu˨˩ppʰa˦˥bˌo˨˩t
บุษบก	bˈu˨˩tsa˨˩bˌo˨˩k
บุษบา	bˈu˨˩tsa˨˩bˌaː˧
บุษราคัม	bˈu˨˩tsa˨˩rˌaː˧kʰa˧m
บูรพา	bˈuː˧ra˦˥pʰˌaː˧
บ้านเกิดเมืองนอน	bˈaː˥˩nkɤː˨˩tmˌɯa˧ŋnɔː˧n
ปกติ	pˈa˨˩ka˨˩tˌi˨˩ʔ
ปฏิชีวนะ	pˈa˨˩ti˨˩t͡ɕʰˌiː˧wa˦˥nˌa˦˥ʔ
ปฏิบัติ	pˈa˨˩ti˨˩bˌa˨˩t
ปฏิบัติการ	pˈa˨˩ti˨˩bˌa˨˩tkaː˧n
ปฏิวัติ	pˈa˨˩ti˨˩wˌa˦˥t
ปฐพี	pˈa˨˩tʰa˦˥pʰˌiː˧
ปฐมฤกษ์	pˈa˨˩tʰo˩˩˦mmˌa˦˥rɤː˥˩k
ปรนนิบัติ	prˈo˧nni˦˥bˌa˨˩t
ปรบมือ	prˈo˨˩pmɯː˧
ปรมาณู	pˈa˨˩ra˦˥mˌaː˧nuː˧
ปรมาภิไธย	pˈa˨˩ra˦˥mˌaː˧pʰi˦˥tʰˌa˧j
ปรสิต	pˈa˨˩ra˦˥sˌi˨˩t
ปรอด	pˈa˨˩rɔː˨˩t
ปรอท	pˈa˨˩rɔː˨˩t
ประกวด	prˈa˨˩kua˨˩t
ประกาศนียบัตร	prˈa˨˩kaː˧sˌa˨˩niː˧jˌa˦˥ba˨˩t
ประจวบ	prˈa˨˩t͡ɕua˨˩p
ประชวร	prˈa˨˩t͡ɕʰua˧n
ประชากรศาสตร์	prˈa˨˩t͡ɕʰaː˧kˌɔː˧ra˦˥sˌaː˨˩t
ประชาชาติ	prˈa˨˩t͡ɕʰaː˧t͡ɕʰˌaː˥˩t
ประชาธิปไตย	prˈa˨˩t͡ɕʰaː˧tʰˌi˦˥pa˨˩tˌa˧j
ประชามติ	prˈa˨˩t͡ɕʰaː˧mˌa˦˥ti˨˩ʔ
ประดาน้ำ	prˈa˨˩daː˧nˌaː˦˥m
ประดิษฐาน	prˈa˨˩di˨˩tsˌa˨˩tʰaː˩˩˦n
ประติมากรรม	prˈa˨˩ti˨˩mˌaː˧ka˧m
ประตูน้ำ	prˈa˨˩tuː˧nˌaː˦˥m
ประถมศึกษา	prˈa˨˩tʰo˩˩˦msˌɯ˨˩ksaː˩˩˦
ประท้วง	prˈa˨˩tʰua˦˥ŋ
ประธานาธิบดี	prˈa˨˩tʰaː˧nˌaː˧tʰi˦˥pbˌɔː˧diː˧
ประพฤติ	prˈa˨˩pʰrɯ˦˥t
ประมวลกฎหมาย	prˈa˨˩mua˧nkˌo˨˩tmaː˩˩˦j
ประวัติ	prˈa˨˩wa˨˩t
ประวัติศาสตร์	prˈa˨˩wa˨˩ttˌi˨˩saː˨˩t
ประสิทธิ์	prˈa˨˩si˨˩t
ประสูติ	prˈa˨˩suː˨˩t
ประหลาดใจ	prˈa˨˩laː˨˩tt͡ɕˌa˧j
ประเทศชาติ	prˈa˨˩tʰeː˥˩tt͡ɕʰˌaː˥˩t
ประเทศราช	prˈa˨˩tʰeː˥˩tsˌa˨˩raː˥˩t
ประเสริฐ	prˈa˨˩sɤː˨˩t
ปรากฏการณ์	prˈaː˧ko˨˩ttˌa˨˩kaː˧n
ปราชัย	pˈa˨˩raː˧t͡ɕʰˌa˧j
ปราศจาก	prˈaː˨˩tsa˨˩t͡ɕˌaː˨˩k
ปริ	pˈa˨˩ri˦˥ʔ
ปริญญา	pˈa˨˩ri˧njˌaː˧
ปริญญาบัตร	pˈa˨˩ri˧njˌaː˧ba˨˩t
ปรินิพพาน	pˈa˨˩ri˦˥nˌi˦˥ppʰaː˧n
ปริพันธ์	pˈa˨˩ri˦˥pʰˌa˧n
ปริมณฑล	pˈa˨˩ri˦˥mˌo˧ntʰo˧n
ปริมาณ	pˈa˨˩ri˦˥mˌaː˧n
ปริมาตร	pˈa˨˩ri˦˥mˌaː˥˩t
ปริยาย	pˈa˨˩ri˦˥jˌaː˧j
ปริวรรต	pˈa˨˩ri˦˥wˌa˦˥t
ปริศนา	prˈi˨˩tsa˨˩nˌaː˩˩˦
ปรโลก	pˈa˨˩ra˦˥lˌoː˥˩k
ปลดทุกข์	plˈo˨˩ttʰu˦˥k
ปลดปล่อย	plˈo˨˩tplɔ˨˩j
ปลดออก	plˈo˨˩tʔɔː˨˩k
ปลดแอก	plˈo˨˩tʔɛː˨˩k
ปลวก	plˈua˨˩k
ปลอดโปร่ง	plˈɔː˨˩tproː˨˩ŋ
ปลัด	pˈa˨˩la˨˩t
ปล้นทรัพย์	plˈo˥˩nsa˦˥p
ปอดบวม	pˈɔː˨˩tbua˧m
ปักเป้า	pˈa˨˩kka˨˩pˌa˥˩w
ปั่นป่วน	pˈa˨˩npua˨˩n
ปากน้ำ	pˈaː˨˩knaː˦˥m
ปากีสถาน	pˈaː˧kiː˧sˌa˨˩tʰaː˩˩˦n
ปาฏิหาริย์	pˈaː˧ti˨˩hˌaː˩˩˦n
ปิโตรเลียม	pˈi˨˩troː˧lˌia˥˩m
ป่าไม้	pˈaː˨˩maː˦˥j
ผงซักฟอก	pʰˈo˩˩˦ŋsa˦˥kfˌɔː˥˩k
ผดุงครรภ์	pʰˈa˨˩du˧ŋkʰˌa˧n
ผลพลอยได้	pʰˈo˩˩˦npʰlɔː˧jdˌaː˥˩j
ผลิต	pʰˈa˨˩li˨˩t
ผลิตภัณฑ์	pʰˈa˨˩li˨˩ttˌa˨˩pʰa˧n
ผลึก	pʰˈa˨˩lɯ˨˩k
ผลไม้	pʰˈo˩˩˦nla˦˥mˌaː˦˥j
ผสมพันธุ์	pʰˈa˨˩so˩˩˦mpʰˌa˧n
ผอบ	pʰˈa˨˩ʔo˨˩p
ผีอำ	pʰˈiː˩˩˦ʔa˧m
ผู้ชนะ	pʰˈuː˥˩t͡ɕʰa˦˥nˌa˦˥ʔ
ผู้ช่วย	pʰˈuː˥˩t͡ɕʰua˥˩j
ผู้บริหาร	pʰˈuː˥˩bɔː˧rˌi˦˥haː˩˩˦n
ผู้บริโภค	pʰˈuː˥˩bɔː˧rˌi˦˥pʰoː˥˩k
ผู้ป่วย	pʰˈuː˥˩pua˨˩j
ผู้ผลิต	pʰˈuː˥˩pʰa˨˩lˌi˨˩t
ผู้ว่าราชการ	pʰˈuː˥˩waː˥˩rˌaː˥˩tt͡ɕʰa˦˥kˌaː˧n
ผู้สืบสันดาน	pʰˈuː˥˩sɯː˨˩psˌa˩˩˦ndaː˧n
ผู้ส่งออก	pʰˈuː˥˩so˨˩ŋʔˌɔː˨˩k
ผู้อพยพ	pʰˈuː˥˩ʔo˨˩ppʰˌa˦˥jo˦˥p
ผู้อำนวยการ	pʰˈuː˥˩ʔa˧mnˌua˧jkaː˧n
ผู้เล่น	pʰˈuː˥˩le˥˩n
ผู้แทนโดยชอบธรรม	pʰˈuː˥˩tʰɛː˧ndˌoː˧jt͡ɕʰɔː˥˩ptʰˌa˧m
ผ้าอนามัย	pʰˈaː˥˩ʔa˨˩nˌaː˧ma˧j
ฝีเท้า	fˈiː˩˩˦tʰaː˦˥w
พจนานุกรม	pʰˈo˦˥tt͡ɕa˨˩nˌaː˧nu˦˥krˌo˧m
พยาธิ	pʰˈa˦˥jaː˥˩t
พร	pʰˈɔː˧n
พรมแดน	pʰrˈo˧mdɛː˧n
พรรค	pʰˈa˦˥k
พรรคการเมือง	pʰˈa˦˥kkaː˧nmˌɯa˧ŋ
พรรค์	pʰˈa˧n
พรรณนา	pʰˈa˧nna˦˥nˌaː˧
พรรษา	pʰˈa˧nsaː˩˩˦
พรสวรรค์	pʰˈɔː˧nsa˨˩wˌa˩˩˦n
พรหมจรรย์	pʰrˈo˧mma˦˥t͡ɕˌa˧n
พรหมลิขิต	pʰrˈo˧mli˦˥kʰˌi˨˩t
พรหมวิหาร	pʰrˈo˧mwi˦˥hˌaː˩˩˦n
พระบาทสมเด็จ	pʰrˈa˦˥baː˨˩tsˌo˩˩˦mde˨˩t
พระพุทธเจ้า	pʰrˈa˦˥pʰu˦˥ttʰˌa˦˥t͡ɕaː˥˩w
พระพุทธเจ้าข้า	pʰrˈa˦˥pʰu˦˥ttʰˌa˦˥t͡ɕaː˥˩wkʰˌaː˥˩
พระราชกฤษฎีกา	pʰrˈa˦˥raː˥˩tt͡ɕʰˌa˦˥kri˨˩tsˌa˨˩diː˧kˌaː˧
พระราชกำหนด	pʰrˈa˦˥raː˥˩tt͡ɕʰˌa˦˥ka˧mnˌo˨˩t
พระราชทาน	pʰrˈa˦˥raː˥˩tt͡ɕʰˌa˦˥tʰaː˧n
พระราชบัญญัติ	pʰrˈa˦˥raː˥˩tt͡ɕʰˌa˦˥ba˧njˌa˨˩t
พระองค์	pʰrˈa˦˥ʔo˧ŋ
พระเจ้า	pʰrˈa˦˥t͡ɕaː˥˩w
พร่ำเพรื่อ	pʰrˈa˥˩mpʰrɯa˥˩
พฤกษศาสตร์	pʰrˈɯ˦˥ksa˨˩sˌaː˨˩t
พฤกษา	pʰrˈɯ˦˥ksaː˩˩˦
พฤติกรรม	pʰrˈɯ˦˥tti˨˩kˌa˧m
พฤติการณ์	pʰrˈɯ˦˥tti˨˩kˌaː˧n
พฤศจิกายน	pʰrˈɯ˦˥tsa˨˩t͡ɕˌi˨˩kaː˧jˌo˧n
พฤษภ	pʰrˈɯ˦˥so˨˩p
พฤษภาคม	pʰrˈɯ˦˥tsa˨˩pʰˌaː˧kʰo˧m
พลการ	pʰˈa˦˥la˦˥kˌaː˧n
พลวง	pʰlˈua˧ŋ
พละ	pʰˈa˦˥la˦˥ʔ
พลัง	pʰˈa˦˥la˧ŋ
พลังงาน	pʰˈa˦˥la˧ŋŋˌaː˧n
พลิ	pʰˈa˦˥li˦˥ʔ
พลิกแพลง	pʰlˈi˦˥kpʰlɛː˧ŋ
พลี	pʰˈa˦˥liː˧
พลเมือง	pʰˈo˧nla˦˥mˌɯa˧ŋ
พลเรือน	pʰˈo˧nla˦˥rˌɯa˧n
พสกนิกร	pʰˈa˦˥so˨˩kkˌa˨˩ni˦˥kˌɔː˧n
พัฒน	pʰˈa˦˥t
พัฒนา	pʰˈa˦˥ttʰa˦˥nˌaː˧
พัฒนาการ	pʰˈa˦˥ttʰa˦˥nˌaː˧kaː˧n
พัทลุง	pʰˈa˦˥ttʰa˦˥lˌu˧ŋ
พันธกรณี	pʰˈa˧ntʰa˦˥kˌɔː˧ra˦˥nˌiː˧
พันธมิตร	pʰˈa˧ntʰa˦˥mˌi˦˥t
พันธุกรรม	pʰˈa˧ntʰu˦˥kˌa˧m
พันธุศาสตร์	pʰˈa˧ntʰu˦˥sˌaː˨˩t
พันธุ์	pʰˈa˧n
พัศดี	pʰˈa˦˥tsa˨˩dˌiː˧
พัสดุ	pʰˈa˦˥tsa˨˩dˌu˨˩ʔ
พาสปอร์ต	pʰˈaː˦˥tsa˨˩pˌɔː˨˩t
พาหนะ	pʰˈaː˧ha˨˩nˌa˦˥ʔ
พิจารณา	pʰˈi˦˥t͡ɕaː˧rˌa˦˥naː˧
พิจิตร	pʰˈi˦˥t͡ɕi˨˩t
พิธีกรรม	pʰˈi˦˥tʰiː˧kˌa˧m
พินัยกรรม	pʰˈi˦˥na˧jkˌa˧m
พิบัติ	pʰˈi˦˥ba˨˩t
พิพิธภัณฑสถาน	pʰˈi˦˥pʰi˦˥ttʰˌa˦˥pʰa˧ntʰˌa˦˥sa˨˩tʰˌaː˩˩˦n
พิพิธภัณฑ์	pʰˈi˦˥pʰi˦˥ttʰˌa˦˥pʰa˧n
พิษณุโลก	pʰˈi˦˥tsa˨˩nˌu˦˥loː˥˩k
พิสดาร	pʰˈi˦˥tsa˨˩dˌaː˧n
พุทธ	pʰˈu˦˥t
พุทธมามกะ	pʰˈu˦˥ttʰa˦˥mˌaː˧ma˦˥kˌa˨˩ʔ
พุทธรักษา	pʰˈu˦˥ttʰa˦˥rˌa˦˥ksaː˩˩˦
พุทธศักราช	pʰˈu˦˥ttʰa˦˥sˌa˨˩kka˨˩rˌaː˨˩t
พุทธศาสนิกชน	pʰˈu˦˥ttʰa˦˥sˌaː˩˩˦sa˨˩nˌi˦˥kka˨˩t͡ɕʰˌo˧n
พุทรา	pʰˈu˦˥tsaː˧
พุ่มพวง	pʰˈu˥˩mpʰua˧ŋ
ฟรังค์	frˈa˧ŋ
ฟรี	frˈiː˧
ฟลอริดา	flˈɔː˧ri˦˥dˌaː˥˩
ฟลอเรนซ์	flˈɔː˧re˦˥n
ฟองน้ำ	fˈɔː˧ŋnaː˦˥m
ฟันน้ำนม	fˈa˧nnaː˦˥mnˌo˧m
ภยันตราย	pʰˈa˦˥ja˧ntˌa˨˩raː˧j
ภรรยา	pʰˈa˧njaː˧
ภราดร	pʰˈa˦˥raː˧dˌɔː˧n
ภริยา	pʰˈa˦˥ri˦˥jˌaː˧
ภัทร	pʰˈa˦˥t
ภัยพิบัติ	pʰˈa˧jpʰi˦˥bˌa˨˩t
ภาควิชา	pʰˈaː˥˩kwi˦˥t͡ɕʰˌaː˧
ภาชนะ	pʰˈaː˧t͡ɕʰa˦˥nˌa˦˥ʔ
ภาพถ่าย	pʰˈaː˥˩ppʰa˦˥tʰˌaː˨˩j
ภาพยนตร์	pʰˈaː˥˩ppʰa˦˥jˌo˧n
ภาพลวงตา	pʰˈaː˥˩plua˧ŋtˌaː˧
ภาพลักษณ์	pʰˈaː˥˩pla˦˥k
ภายใต้	pʰˈaː˧jtaː˥˩j
ภารกิจ	pʰˈaː˧ra˦˥kˌi˨˩t
ภาวนา	pʰˈaː˧wa˦˥nˌaː˧
ภาษาศาสตร์	pʰˈaː˧saː˩˩˦sˌaː˨˩t
ภูติ	pʰˈuː˥˩t
ภูมิ	pʰˈuː˧m
ภูมิคุ้มกัน	pʰˈuː˧mkʰu˦˥mkˌa˧n
ภูมิปัญญา	pʰˈuː˧mpa˧njˌaː˧
ภูมิลำเนา	pʰˈuː˧mla˧mnˌa˧w
ภูมิศาสตร์	pʰˈuː˧mi˦˥sˌaː˨˩t
ภูมิแพ้	pʰˈuː˧mpʰɛː˦˥
ภูมิใจ	pʰˈuː˧mt͡ɕa˧j
มกราคม	mˈa˦˥ka˨˩rˌaː˧kʰo˧m
มติมหาชน	mˈa˦˥ti˨˩mˌa˦˥haː˩˩˦t͡ɕʰˌo˧n
มนตร์	mˈo˧n
มนุษยธรรม	mˈa˦˥nu˦˥tsˌa˨˩ja˦˥tʰˌa˧m
มนุษยวิทยา	mˈa˦˥nu˦˥tsˌa˨˩ja˦˥wˌi˦˥ttʰa˦˥jˌaː˧
มนุษยศาสตร์	mˈa˦˥nu˦˥tsˌa˨˩ja˦˥sˌaː˨˩t
มนุษยสัมพันธ์	mˈa˦˥nu˦˥tsˌa˨˩ja˦˥sˌa˩˩˦mpʰa˧n
มนุษย์อวกาศ	mˈa˦˥nu˦˥tʔˌa˨˩wa˦˥kˌaː˨˩t
มรกต	mˈɔː˧ra˦˥kˌo˨˩t
มรณกรรม	mˈɔː˧ra˦˥nˌa˦˥ka˧m
มรณบัตร	mˈɔː˧ra˦˥nˌa˦˥ba˨˩t
มรณภาพ	mˈɔː˧ra˦˥nˌa˦˥pʰaː˥˩p
มรณะ	mˈɔː˧ra˦˥nˌa˦˥ʔ
มรดก	mˈɔː˧ra˦˥dˌo˨˩k
มรรยาท	mˈa˧njaː˥˩t
มรสุม	mˈɔː˧ra˦˥sˌu˩˩˦m
มล	mˈo˧nla˦˥ʔ
มลพิษ	mˈo˧nla˦˥pʰˌi˦˥t
มลภาวะ	mˈo˧nla˦˥pʰˌaː˧wa˦˥ʔ
มหกรรม	mˈa˦˥ha˨˩kˌa˧m
มหรสพ	mˈa˦˥hɔː˩˩˦rˌa˦˥so˨˩p
มหัศจรรย์	mˈa˦˥ha˨˩tsˌa˨˩t͡ɕa˧n
มหาธาตุ	mˈa˦˥haː˩˩˦tʰˌaː˥˩t
มหานคร	mˈa˦˥haː˩˩˦nˌa˦˥kʰɔː˧n
มหาวิทยาลัย	mˈa˦˥haː˩˩˦wˌi˦˥ttʰa˦˥jˌaː˧la˧j
มหาสมุทร	mˈa˦˥haː˩˩˦sˌa˨˩mu˨˩t
มหาอำนาจ	mˈa˦˥haː˩˩˦ʔˌa˧mnaː˥˩t
มะม่วง	mˈa˦˥mua˥˩ŋ
มะเกลือ	mˈa˦˥klɯa˧
มังกร	mˈa˧ŋkɔː˧n
มังสวิรัติ	mˈa˧ŋsa˨˩wˌi˦˥ra˦˥t
มัธยฐาน	mˈa˦˥ttʰa˦˥jˌa˦˥tʰaː˩˩˦n
มัสมั่น	mˈa˦˥tsa˨˩mˌa˨˩n
มัสยิด	mˈa˦˥tsa˨˩jˌi˦˥t
มาตร	mˈaː˥˩t
มาตรการ	mˈaː˥˩ttra˨˩kˌaː˧n
มาตรฐาน	mˈaː˥˩ttra˨˩tʰˌaː˩˩˦n
มาตรา	mˈaː˥˩ttraː˧
มาตราส่วน	mˈaː˥˩ttraː˧sˌua˨˩n
มาตุภูมิ	mˈaː˧tu˨˩pʰˌuː˧m
มานุษยวิทยา	mˈaː˧nu˦˥tsˌa˨˩ja˦˥wˌi˦˥ttʰa˦˥jˌaː˧
มารยาท	mˈaː˧ra˦˥jˌaː˥˩t
มิตร	mˈi˦˥t
มิตรภาพ	mˈi˦˥ttra˨˩pʰˌaː˥˩p
มิลลิลิตร	mˈi˧nli˦˥lˌi˦˥t
มิลลิเมตร	mˈi˧nli˦˥mˌeː˦˥t
มุขมนตรี	mˈu˦˥kkʰa˨˩mˌo˧ntriː˧
มุสลิม	mˈu˦˥tsa˨˩lˌi˧m
มูตร	mˈuː˥˩t
มูลค่า	mˈuː˧nla˦˥kʰˌaː˥˩
มูลฐาน	mˈuː˧nla˦˥tʰˌaː˩˩˦n
มูลนิธิ	mˈuː˧nla˦˥nˌi˦˥tʰi˦˥ʔ
มโนกรรม	mˈa˦˥noː˧kˌa˧m
มโนธรรม	mˈa˦˥noː˧tʰˌa˧m
ม้าน้ำ	mˈaː˦˥naː˦˥m
ยกทรง	jˈo˦˥kso˧ŋ
ยกเว้น	jˈo˦˥kwe˦˥n
ยนตร์	jˈo˧n
ยมทูต	jˈo˧mma˦˥tʰˌuː˥˩t
ยมราช	jˈo˧mma˦˥rˌaː˥˩t
ยมโลก	jˈo˧mma˦˥lˌoː˥˩k
ยาตรา	jˈaː˥˩ttraː˧
ยานพาหนะ	jˈaː˧npʰaː˧hˌa˨˩na˦˥ʔ
ยานอวกาศ	jˈaː˧nʔa˨˩wˌa˦˥kaː˨˩t
ยานัตถุ์	jˈaː˧na˦˥t
ยาสลบ	jˈaː˧sa˨˩lˌo˨˩p
ยำเกรง	jˈa˧mkreː˧ŋ
ยึดอำนาจ	jˈɯ˦˥tʔa˧mnˌaː˥˩t
ยุติธรรม	jˈu˦˥tti˨˩tʰˌa˧m
ยุทธจักร	jˈu˦˥ttʰa˦˥t͡ɕˌa˨˩k
ยุทธศาสตร์	jˈu˦˥ttʰa˦˥sˌaː˨˩t
ยูเครน	jˈuː˧kʰreː˧n
ยูโกสลาเวีย	jˈuː˧koː˧sˌa˨˩laː˧wˌia˧
รณรงค์	rˈo˧nna˦˥rˌo˧ŋ
รถบรรทุก	rˈo˦˥tba˧ntʰˌu˦˥k
รถโดยสารประจำทาง	rˈo˦˥tdoː˧jsˌaː˩˩˦npra˨˩t͡ɕˌa˧mtʰaː˧ŋ
รบกวน	rˈo˦˥pkua˧n
รวบรวม	rˈua˥˩prua˧m
รสชาติ	rˈo˦˥tt͡ɕʰaː˥˩t
รองเท้า	rˈɔː˧ŋtʰaː˦˥w
รอมร่อ	rˈɔː˧mma˦˥rˌɔː˥˩
ระนาดเอก	rˈa˦˥naː˥˩tʔˌeː˨˩k
ระบบสุริยะ	rˈa˦˥bo˨˩psˌu˨˩ri˦˥jˌa˦˥ʔ
ระเบิดปรมาณู	rˈa˦˥bɤː˨˩tpˌa˨˩ra˦˥mˌaː˧nuː˧
รังสรรค์	rˈa˧ŋsa˩˩˦n
รัชกาล	rˈa˦˥tt͡ɕʰa˦˥kˌaː˧n
รัชทายาท	rˈa˦˥tt͡ɕʰa˦˥tʰˌaː˧jaː˥˩t
รัชสมัย	rˈa˦˥tt͡ɕʰa˦˥sˌa˨˩ma˩˩˦j
รัฐธรรมนูญ	rˈa˦˥ttʰa˨˩tʰˌa˧mma˦˥nˌuː˧n
รัฐบาล	rˈa˦˥ttʰa˨˩bˌaː˧n
รัฐบุรุษ	rˈa˦˥ttʰa˨˩bˌu˨˩ru˨˩t
รัฐประศาสนศาสตร์	rˈa˦˥ttʰa˨˩prˌa˨˩saː˩˩˦sˌa˨˩na˦˥sˌaː˨˩t
รัฐประหาร	rˈa˦˥ttʰa˨˩prˌa˨˩haː˩˩˦n
รัฐมนตรี	rˈa˦˥ttʰa˨˩mˌo˧ntriː˧
รัฐวิสาหกิจ	rˈa˦˥ttʰa˨˩wˌi˦˥saː˩˩˦hˌa˨˩ki˨˩t
รัฐศาสตร์	rˈa˦˥ttʰa˨˩sˌaː˨˩t
รัฐสภา	rˈa˦˥ttʰa˨˩sˌa˨˩pʰaː˧
รัตนตรัย	rˈa˦˥tta˨˩nˌa˦˥tra˧j
รัตนะ	rˈa˦˥tta˨˩nˌa˦˥ʔ
รัตนา	rˈa˦˥tta˨˩nˌaː˧
รัตนโกสินทร์	rˈa˦˥tta˨˩nˌa˦˥koː˧sˌi˩˩˦n
รับผิดชอบ	rˈa˦˥ppʰi˨˩tt͡ɕʰˌɔː˥˩p
รัศมี	rˈa˦˥tsa˨˩mˌiː˩˩˦
ราชการ	rˈaː˥˩tt͡ɕʰa˦˥kˌaː˧n
ราชกุมารี	rˈaː˥˩tt͡ɕʰa˦˥kˌu˨˩maː˧rˌiː˧
ราชครู	rˈaː˥˩tt͡ɕʰa˦˥kʰrˌuː˧
ราชธานี	rˈaː˥˩tt͡ɕʰa˦˥tʰˌaː˧niː˧
ราชบุรี	rˈaː˥˩tt͡ɕʰa˦˥bˌu˨˩riː˧
ราชพฤกษ์	rˈaː˥˩tt͡ɕʰa˦˥pʰrˌɯ˦˥k
ราชวงศ์	rˈaː˥˩tt͡ɕʰa˦˥wˌo˧ŋ
ราชสีห์	rˈaː˥˩tt͡ɕʰa˦˥sˌiː˩˩˦
ราตรี	rˈaː˧triː˧
รายได้	rˈaː˧jdaː˥˩j
ราษฎร	rˈaː˥˩tsa˨˩dˌɔː˧n
ราษฎร์	rˈaː˥˩t
ริษยา	rˈi˦˥tsa˨˩jˌaː˩˩˦
รูปทรง	rˈuː˥˩pso˧ŋ
รูปธรรม	rˈuː˥˩ppa˨˩tʰˌa˧m
รูปพรรณ	rˈuː˥˩ppa˨˩pʰˌa˧n
รู้คุณ	rˈuː˦˥kʰu˧nnˌa˦˥ʔ
รู้จักมักคุ้น	rˈuː˦˥t͡ɕa˨˩kmˌa˦˥kkʰu˦˥n
ร้องเพลง	rˈɔː˦˥ŋpʰleː˧ŋ
ร้องไห้	rˈɔː˦˥ŋhaː˥˩j
ฤทธิ์	rˈi˦˥t
ฤๅ	rˈɯː˧
ฤๅษี	rˈɯː˧siː˩˩˦
ลมหายใจ	lˈo˧mhaː˩˩˦jt͡ɕˌa˧j
ลอยนวล	lˈɔː˧jnua˧n
ละคร	lˈa˦˥kʰɔː˧n
ละตินอเมริกา	lˈa˦˥ti˧nʔˌa˨˩meː˧rˌi˦˥kaː˧
ละเว้น	lˈa˦˥we˦˥n
ลักษณ์	lˈa˦˥k
ลักเซมเบิร์ก	lˈa˦˥kse˧mbˌɤː˨˩k
ลำดวน	lˈa˧mdua˧n
ลิตร	lˈi˦˥t
ลุล่วง	lˈu˦˥lua˥˩ŋ
ลูกน้ำ	lˈuː˥˩knaː˦˥m
ลูกศร	lˈuː˥˩ksɔː˩˩˦n
ลูกอม	lˈuː˥˩kʔo˧m
ลูกไม้	lˈuː˥˩kmaː˦˥j
ล่องหน	lˈɔ˥˩ŋho˩˩˦n
ล้าสมัย	lˈaː˦˥sa˨˩mˌa˩˩˦j
วงจร	wˈo˧ŋt͡ɕɔː˧n
วงจรปิด	wˈo˧ŋt͡ɕɔː˧npˌi˨˩t
วงดนตรี	wˈo˧ŋdo˧ntrˌiː˧
วจนะ	wˈa˦˥t͡ɕa˨˩nˌa˦˥ʔ
วจีกรรม	wˈa˦˥t͡ɕiː˧kˌa˧m
วนอุทยาน	wˈa˦˥na˦˥ʔˌu˨˩ttʰa˦˥jˌaː˧n
วรรค	wˈa˦˥k
วรรณ	wˈa˧n
วรรณกรรม	wˈa˧nna˦˥kˌa˧m
วรรณคดี	wˈa˧nna˦˥kʰˌa˦˥diː˧
วรรณยุกต์	wˈa˧nna˦˥jˌu˦˥k
วรรณะ	wˈa˧nna˦˥ʔ
วรรษ	wˈa˦˥t
วัชพืช	wˈa˦˥tt͡ɕʰa˦˥pʰˌɯː˥˩t
วัฒนธรรม	wˈa˦˥ttʰa˦˥nˌa˦˥tʰa˧m
วัฒนะ	wˈa˦˥ttʰa˦˥nˌa˦˥ʔ
วัณโรค	wˈa˧nna˦˥rˌoː˥˩k
วัสดุ	wˈa˦˥tsa˨˩dˌu˨˩ʔ
วากยสัมพันธ์	wˈaː˥˩kka˨˩jˌa˦˥sa˩˩˦mpʰˌa˧n
วาตภัย	wˈaː˧ta˨˩pʰˌa˧j
วาทกรรม	wˈaː˧tʰa˦˥kˌa˧m
วาทยกร	wˈaː˧tʰa˦˥jˌa˦˥kɔː˧n
วาทศาสตร์	wˈaː˧tʰa˦˥sˌaː˨˩t
วาทศิลป์	wˈaː˧tʰa˦˥sˌi˩˩˦n
วารสาร	wˈaː˧ra˦˥sˌaː˩˩˦n
วารสารศาสตร์	wˈaː˧ra˦˥sˌaː˩˩˦nsaː˨˩t
วาสนา	wˈaː˥˩tsa˨˩nˌaː˩˩˦
วิกฤติ	wˈi˦˥kri˨˩t
วิจิตร	wˈi˦˥t͡ɕi˨˩t
วิจิตรศิลป์	wˈi˦˥t͡ɕi˨˩ttrˌa˨˩si˩˩˦n
วิทยา	wˈi˦˥ttʰa˦˥jˌaː˧
วิทยากร	wˈi˦˥ttʰa˦˥jˌaː˧kɔː˧n
วิทยาการ	wˈi˦˥ttʰa˦˥jˌaː˧kaː˧n
วิทยาทาน	wˈi˦˥ttʰa˦˥jˌaː˧tʰaː˧n
วิทยานิพนธ์	wˈi˦˥ttʰa˦˥jˌaː˧ni˦˥pʰˌo˧n
วิทยาลัย	wˈi˦˥ttʰa˦˥jˌaː˧la˧j
วิทยาศาสตร์	wˈi˦˥ttʰa˦˥jˌaː˧saː˨˩t
วิทยาเขต	wˈi˦˥ttʰa˦˥jˌaː˧kʰeː˨˩t
วิทยุ	wˈi˦˥ttʰa˦˥jˌu˦˥ʔ
วินาศกรรม	wˈi˦˥naː˥˩tsˌa˨˩ka˧m
วิบัติ	wˈi˦˥ba˨˩t
วิปลาส	wˈi˦˥pa˨˩lˌaː˥˩t
วิปโยค	wˈi˦˥ppa˨˩jˌoː˥˩k
วิวัฒนาการ	wˈi˦˥wa˦˥ttʰˌa˦˥naː˧kˌaː˧n
วิศวกร	wˈi˦˥tsa˨˩wˌa˦˥kɔː˧n
วิศวกรรม	wˈi˦˥tsa˨˩wˌa˦˥ka˧m
วิศวกรรมศาสตร์	wˈi˦˥tsa˨˩wˌa˦˥ka˧mmˌa˦˥saː˨˩t
วิษณุ	wˈi˦˥tsa˨˩nˌu˦˥ʔ
วิสาขบูชา	wˈi˦˥saː˩˩˦kʰˌa˨˩buː˧t͡ɕʰˌaː˧
วิสาหกิจ	wˈi˦˥saː˩˩˦hˌa˨˩ki˨˩t
วิสูตร	wˈi˦˥suː˨˩t
วิเคราะห์	wˈi˦˥kʰrɔ˦˥ʔ
วีรกรรม	wˈiː˧ra˦˥kˌa˧m
วีรบุรุษ	wˈiː˧ra˦˥bˌu˨˩ru˨˩t
วีรสตรี	wˈiː˧ra˦˥sˌa˨˩triː˧
วุฒิสภา	wˈu˦˥ttʰi˦˥sˌa˨˩pʰaː˧
วุฒิสมาชิก	wˈu˦˥ttʰi˦˥sˌa˨˩maː˧t͡ɕʰˌi˦˥k
วุ้นเส้น	wˈu˦˥nse˥˩n
ว่ายน้ำ	wˈaː˥˩jnaː˦˥m
ศตวรรษ	sˈa˨˩ta˨˩wˌa˦˥t
ศร	sˈɔː˩˩˦n
ศรัทธา	sˈa˨˩ttʰaː˧
ศรี	sˈiː˩˩˦
ศรีลังกา	sˈiː˩˩˦la˧ŋkˌaː˧
ศฤงคาร	sˈa˨˩ri˩˩˦ŋkʰˌaː˧n
ศักดิ์	sˈa˨˩k
ศักดิ์ศรี	sˈa˨˩ksiː˩˩˦
ศักดิ์สิทธิ์	sˈa˨˩ksi˨˩t
ศักยภาพ	sˈa˨˩kka˨˩jˌa˦˥pʰaː˥˩p
ศักราช	sˈa˨˩kka˨˩rˌaː˨˩t
ศัตรู	sˈa˨˩ttruː˧
ศัลยกรรม	sˈa˩˩˦nja˦˥kˌa˧m
ศัลยศาสตร์	sˈa˩˩˦nla˦˥jˌa˦˥saː˨˩t
ศัลยแพทย์	sˈa˩˩˦nla˦˥jˌa˦˥pʰɛː˥˩t
ศาลชั้นต้น	sˈaː˩˩˦nt͡ɕʰa˦˥ntˌo˥˩n
ศาลปกครอง	sˈaː˩˩˦npo˨˩kkʰrˌɔː˧ŋ
ศาลยุติธรรม	sˈaː˩˩˦nju˦˥ttˌi˨˩tʰa˧m
ศาลสูงสุด	sˈaː˩˩˦nsuː˩˩˦ŋsˌu˨˩t
ศาลอุทธรณ์	sˈaː˩˩˦nʔu˨˩ttʰˌɔː˧n
ศาสดา	sˈaː˨˩tsa˨˩dˌaː˧
ศาสตร์	sˈaː˨˩t
ศาสนสถาน	sˈaː˩˩˦sa˨˩nˌa˦˥sa˨˩tʰˌaː˩˩˦n
ศาสนา	sˈaː˨˩tsa˨˩nˌaː˩˩˦
ศิลปศาสตร์	sˈi˩˩˦nla˦˥pˌa˨˩saː˨˩t
ศิลปะ	sˈi˩˩˦nla˦˥pˌa˨˩ʔ
ศิลปิน	sˈi˩˩˦nla˦˥pˌi˧n
ศีลธรรม	sˈiː˩˩˦ntʰa˧m
ศุลกากร	sˈu˩˩˦nla˦˥kˌaː˧kɔː˧n
ศูนย์การค้า	sˈuː˩˩˦nkaː˧nkʰˌaː˦˥
ศูนย์สูตร	sˈuː˩˩˦nsuː˨˩t
สกปรก	sˈo˨˩kka˨˩prˌo˨˩k
สกรรมกริยา	sˈa˨˩ka˧mkrˌi˨˩jaː˧
สงเคราะห์	sˈo˩˩˦ŋkʰrɔ˦˥ʔ
สตรี	sˈa˨˩triː˧
สถานกงสุล	sˈa˨˩tʰaː˩˩˦nkˌo˧ŋsu˩˩˦n
สถานการณ์	sˈa˨˩tʰaː˩˩˦nˌa˦˥kaː˧n
สถานภาพ	sˈa˨˩tʰaː˩˩˦nˌa˦˥pʰaː˥˩p
สถาปนา	sˈa˨˩tʰaː˩˩˦pˌa˨˩naː˧
สถาปนิก	sˈa˨˩tʰaː˩˩˦pˌa˨˩ni˦˥k
สถาปัตยกรรม	sˈa˨˩tʰaː˩˩˦pˌa˨˩tta˨˩jˌa˦˥ka˧m
สมการ	sˈa˨˩ma˦˥kˌaː˧n
สมณะ	sˈa˨˩ma˦˥nˌa˦˥ʔ
สมดุล	sˈa˨˩ma˦˥dˌu˧n
สมบัติ	sˈo˩˩˦mba˨˩t
สมมติ	sˈo˩˩˦mmo˦˥t
สมมาตร	sˈo˩˩˦mmaː˥˩t
สมมุติ	sˈo˩˩˦mmu˦˥t
สมรรถนะ	sˈa˨˩ma˦˥ttʰˌa˨˩na˦˥ʔ
สมรรถภาพ	sˈa˨˩ma˦˥ttʰˌa˨˩pʰaː˥˩p
สมัคร	sˈa˨˩ma˨˩k
สมัครเล่น	sˈa˨˩ma˨˩klˌe˥˩n
สมัครใจ	sˈa˨˩ma˨˩kt͡ɕˌa˧j
สมาชิกภาพ	sˈa˨˩maː˧t͡ɕʰˌi˦˥kka˨˩pʰˌaː˥˩p
สมานฉันท์	sˈa˨˩maː˧nˌa˦˥t͡ɕʰa˩˩˦n
สมาพันธรัฐ	sˈa˨˩maː˧pʰˌa˧ntʰa˦˥rˌa˦˥t
สมุทร	sˈa˨˩mu˨˩t
สมุนไพร	sˈa˨˩mu˩˩˦npʰrˌa˧j
สมเด็จเจ้าพระยา	sˈo˩˩˦mde˨˩tt͡ɕˌaː˥˩wpʰra˦˥jˌaː˧
สมเหตุสมผล	sˈo˩˩˦mheː˨˩tsˌo˩˩˦mpʰo˩˩˦n
สรง	sˈo˩˩˦ŋ
สรรค์	sˈa˩˩˦n
สรรพ	sˈa˨˩p
สรรพคุณ	sˈa˨˩ppʰa˦˥kʰˌu˧n
สรรพนาม	sˈa˨˩ppʰa˦˥nˌaː˧m
สรรเสริญ	sˈa˩˩˦nsɤː˩˩˦n
สรวง	sˈua˩˩˦ŋ
สรวล	sˈua˩˩˦n
สระ	sˈa˨˩ʔ
สระน้ำ	sˈa˨˩naː˦˥m
สระว่ายน้ำ	sˈa˨˩waː˥˩jnˌaː˦˥m
สรีรวิทยา	sˈa˨˩riː˧rˌa˦˥wi˦˥ttʰˌa˦˥jaː˧
สร่าง	sˈaː˨˩ŋ
สร้อย	sˈɔ˥˩j
สร้อยคอ	sˈɔ˥˩jkʰɔː˧
สร้าง	sˈaː˥˩ŋ
สร้างสรรค์	sˈaː˥˩ŋsa˩˩˦n
สลากกินแบ่ง	sˈa˨˩laː˨˩kkˌi˧nbɛ˨˩ŋ
สวรรคต	sˈa˨˩wa˩˩˦nkʰˌo˦˥t
สวรรคาลัย	sˈa˨˩wa˩˩˦nkʰˌaː˧la˧j
สวรรค์	sˈa˨˩wa˩˩˦n
สวัสดิ์	sˈa˨˩wa˨˩t
สหกรณ์	sˈa˨˩ha˨˩kˌɔː˧n
สหพันธรัฐ	sˈa˨˩ha˨˩pʰˌa˧ntʰa˦˥rˌa˦˥t
สหพันธ์	sˈa˨˩ha˨˩pʰˌa˧n
สหภาพ	sˈa˨˩ha˨˩pʰˌaː˥˩p
สหภาพแรงงาน	sˈa˨˩ha˨˩pʰˌaː˥˩prɛː˧ŋŋˌaː˧n
สหภาพโซเวียต	sˈa˨˩ha˨˩pʰˌaː˥˩psoː˧wˌia˥˩t
สหรัฐ	sˈa˨˩ha˨˩rˌa˦˥t
สหรัฐอเมริกา	sˈa˨˩ha˨˩rˌa˦˥tʔa˨˩mˌeː˧ri˦˥kˌaː˧
สหัสวรรษ	sˈa˨˩ha˨˩tsˌa˨˩wa˦˥t
สองจิตสองใจ	sˈɔː˩˩˦ŋt͡ɕi˨˩tsˌɔː˩˩˦ŋt͡ɕa˧j
สอบสวน	sˈɔː˨˩psua˩˩˦n
สะดวก	sˈa˨˩dua˨˩k
สะสวย	sˈa˨˩sua˩˩˦j
สักหลาด	sˈa˨˩kka˨˩lˌaː˨˩t
สังข	sˈa˩˩˦ŋ
สังคมนิยม	sˈa˩˩˦ŋkʰo˧mnˌi˦˥jo˧m
สังฆราช	sˈa˩˩˦ŋkʰa˦˥rˌaː˥˩t
สังสรรค์	sˈa˩˩˦ŋsa˩˩˦n
สังหาริมทรัพย์	sˈa˩˩˦ŋhaː˩˩˦rˌi˦˥ma˦˥sˌa˦˥p
สังเคราะห์	sˈa˩˩˦ŋkʰrɔ˦˥ʔ
สัญชาติ	sˈa˩˩˦nt͡ɕʰaː˥˩t
สัดส่วน	sˈa˨˩tsua˨˩n
สัตยาบัน	sˈa˨˩tta˨˩jˌaː˧ba˧n
สัตวแพทย์	sˈa˨˩tta˨˩wˌa˦˥pʰɛː˥˩t
สัทศาสตร์	sˈa˨˩ttʰa˦˥sˌaː˨˩t
สันถวไมตรี	sˈa˩˩˦ntʰa˨˩wˌa˦˥ma˧jtrˌiː˧
สันนิษฐาน	sˈa˩˩˦nni˦˥ttʰˌaː˩˩˦n
สัปเหร่อ	sˈa˨˩ppa˨˩rˌɤː˨˩
สัมประสิทธิ์	sˈa˩˩˦mpra˨˩sˌi˨˩t
สัมพันธไมตรี	sˈa˩˩˦mpʰa˧ntʰˌa˦˥ma˧jtrˌiː˧
สัสดี	sˈa˨˩tsa˨˩dˌiː˧
สาธารณรัฐ	sˈaː˩˩˦tʰaː˧rˌa˦˥na˦˥rˌa˦˥t
สาธารณสุข	sˈaː˩˩˦tʰaː˧rˌa˦˥na˦˥sˌu˨˩k
สาธารณะ	sˈaː˩˩˦tʰaː˧rˌa˦˥na˦˥ʔ
สามารถ	sˈaː˩˩˦maː˥˩t
สามเณร	sˈaː˩˩˦mma˦˥nˌeː˧n
สายการบิน	sˈaː˩˩˦jkaː˧nbˌi˧n
สารคดี	sˈaː˩˩˦ra˦˥kʰˌa˦˥diː˧
สารถี	sˈaː˩˩˦ra˦˥tʰˌiː˩˩˦
สารท	sˈaː˨˩t
สารบัญ	sˈaː˩˩˦ra˦˥bˌa˧n
สารพัด	sˈaː˩˩˦ra˦˥pʰˌa˦˥t
สารภาพ	sˈaː˩˩˦ra˦˥pʰˌaː˥˩p
สารภี	sˈaː˩˩˦ra˦˥pʰˌiː˧
สารวัตร	sˈaː˩˩˦ra˦˥wˌa˦˥t
สารแขวนลอย	sˈaː˩˩˦nkʰwɛː˩˩˦nlˌɔː˧j
สาเหตุ	sˈaː˩˩˦heː˨˩t
สำนวน	sˈa˩˩˦mnua˧n
สำรวจ	sˈa˩˩˦mrua˨˩t
สิทธิบัตร	sˈi˨˩ttʰi˦˥bˌa˨˩t
สิทธิมนุษยชน	sˈi˨˩ttʰi˦˥mˌa˦˥nu˦˥tsˌa˨˩ja˦˥t͡ɕʰˌo˧n
สิทธิ์	sˈi˨˩t
สินทรัพย์	sˈi˩˩˦nsa˦˥p
สินธุ์	sˈi˩˩˦n
สิบแปดมงกุฎ	sˈi˨˩ppɛː˨˩tmˌo˧ŋku˨˩t
สิ่งแวดล้อม	sˈi˨˩ŋwɛː˥˩tlˌɔː˦˥m
สี่เหลี่ยมคางหมู	sˈiː˨˩lia˨˩mkʰˌaː˧ŋmuː˩˩˦
สี่เหลี่ยมจัตุรัส	sˈiː˨˩lia˨˩mt͡ɕˌa˨˩ttu˨˩rˌa˨˩t
สี่เหลี่ยมผืนผ้า	sˈiː˨˩lia˨˩mpʰˌɯː˩˩˦npʰaː˥˩
สืบพันธุ์	sˈɯː˨˩ppʰa˧n
สืบสวน	sˈɯː˨˩psua˩˩˦n
สื่อมวลชน	sˈɯː˨˩mua˧nt͡ɕʰˌo˧n
สุขภัณฑ์	sˈu˨˩kkʰa˨˩pʰˌa˧n
สุขภาพ	sˈu˨˩kkʰa˨˩pʰˌaː˥˩p
สุขลักษณะ	sˈu˨˩kla˦˥ksˌa˨˩na˨˩ʔ
สุจริต	sˈu˨˩tt͡ɕa˨˩rˌi˨˩t
สุดสัปดาห์	sˈu˨˩tsa˨˩pdˌaː˧
สุนทร	sˈu˩˩˦ntʰɔː˧n
สุนทรียภาพ	sˈu˩˩˦ntʰa˦˥rˌiː˧ja˦˥pʰˌaː˥˩p
สุนทรียศาสตร์	sˈu˩˩˦ntʰa˦˥rˌiː˧ja˦˥sˌaː˨˩t
สุพรรณ	sˈu˨˩pʰa˧n
สุภาพสตรี	sˈu˨˩pʰaː˥˩psˌa˨˩triː˧
สุมาตรา	sˈu˨˩maː˥˩ttrˌaː˧
สุรินทร์	sˈu˨˩ri˧n
สุริยุปราคา	sˈu˨˩ri˦˥jˌu˦˥pa˨˩rˌaː˧kʰaː˧
สุลต่าน	sˈu˩˩˦nla˦˥tˌaː˨˩n
สุวรรณ	sˈu˨˩wa˧n
สุวรรณภูมิ	sˈu˨˩wa˧nnˌa˦˥pʰuː˧m
สูญพันธุ์	sˈuː˩˩˦npʰa˧n
สูตร	sˈuː˨˩t
สูติบัตร	sˈuː˩˩˦ti˨˩bˌa˨˩t
ส่งเสริม	sˈo˨˩ŋsɤː˩˩˦m
ส่วนรวม	sˈua˨˩nrua˧m
หงส์	hˈo˩˩˦ŋ
หน	hˈo˩˩˦n
หนทาง	hˈo˩˩˦ntʰaː˧ŋ
หน่วยดาราศาสตร์	nˈua˨˩jdaː˧rˌaː˧saː˨˩t
หน่อไม้	nˈɔː˨˩maː˦˥j
หน่อไม้ฝรั่ง	nˈɔː˨˩maː˦˥jfˌa˨˩ra˨˩ŋ
หน้าอก	nˈaː˥˩ʔo˨˩k
หน้าไม้	nˈaː˥˩maː˦˥j
หมกมุ่น	mˈo˨˩kmu˥˩n
หมดจด	mˈo˨˩tt͡ɕo˨˩t
หมดอายุ	mˈo˨˩tʔaː˧jˌu˦˥ʔ
หมายเหตุ	mˈaː˩˩˦jheː˨˩t
หม้อน้ำ	mˈɔː˥˩naː˦˥m
หม้อแปลง	mˈɔː˥˩plɛː˧ŋ
หรรษา	hˈa˩˩˦nsaː˩˩˦
หลงใหล	lˈo˩˩˦ŋla˩˩˦j
หลอกลวง	lˈɔː˨˩klua˧ŋ
หลอดทดลอง	lˈɔː˨˩ttʰo˦˥tlˌɔː˧ŋ
หลอดอาหาร	lˈɔː˨˩tʔaː˧hˌaː˩˩˦n
หลักทรัพย์	lˈa˨˩ksa˦˥p
หลักสูตร	lˈa˨˩ksuː˨˩t
หอสมุด	hˈɔː˩˩˦sa˨˩mˌu˨˩t
หัตถกรรม	hˈa˨˩ttʰa˨˩kˌa˧m
หัวแม่เท้า	hˈua˩˩˦mɛː˥˩tʰˌaː˦˥w
หางเครื่อง	hˈaː˩˩˦ŋkʰrɯa˥˩ŋ
หายนะ	hˈaː˩˩˦ja˦˥nˌa˦˥ʔ
หาเงิน	hˈaː˩˩˦ŋɤ˧n
หินดินดาน	hˈi˩˩˦ndi˧ndˌaː˧n
หินทราย	hˈi˩˩˦nsaː˧j
หินแปร	hˈi˩˩˦nprɛː˧
หุ้นส่วน	hˈu˥˩nsua˨˩n
หูฉลาม	hˈuː˩˩˦t͡ɕʰa˨˩lˌaː˩˩˦m
ห่ม	hˈo˨˩m
ห่วง	hˈua˨˩ŋ
ห่วงใย	hˈua˨˩ŋja˧j
ห่วย	hˈua˨˩j
ห้วง	hˈua˥˩ŋ
ห้วน	hˈua˥˩n
ห้วย	hˈua˥˩j
ห้องปฏิบัติการ	hˈɔ˥˩ŋpa˨˩tˌi˨˩ba˨˩tkˌaː˧n
ห้องเครื่อง	hˈɔ˥˩ŋkʰrɯa˥˩ŋ
ห้างสรรพสินค้า	hˈaː˥˩ŋsa˨˩ppʰˌa˦˥si˩˩˦nkʰˌaː˦˥
อกรรมกริยา	ʔˈa˨˩ka˧mkrˌi˨˩jaː˧
อคติ	ʔˈa˨˩kʰa˦˥tˌi˨˩ʔ
องครักษ์	ʔˈo˧ŋkʰa˦˥rˌa˦˥k
อดีตกาล	ʔˈa˨˩diː˨˩ttˌa˨˩kaː˧n
อธิบดี	ʔˈa˨˩tʰi˦˥pbˌɔː˧diː˧
อธิปไตย	ʔˈa˨˩tʰi˦˥pˌa˨˩ta˧j
อนาคตกาล	ʔˈa˨˩naː˧kʰˌo˦˥tta˨˩kˌaː˧n
อนาธิปไตย	ʔˈa˨˩naː˧tʰˌi˦˥pa˨˩tˌa˧j
อนุมัติ	ʔˈa˨˩nu˦˥mˌa˦˥t
อนุสาวรีย์	ʔˈa˨˩nu˦˥sˌaː˩˩˦wa˦˥rˌiː˧
อนุโมทนา	ʔˈa˨˩nu˦˥mˌoː˧tʰa˦˥nˌaː˧
อบอุ่น	ʔˈo˨˩pʔu˨˩n
อบอ้าว	ʔˈo˨˩pʔaː˥˩w
อบายมุข	ʔˈa˨˩baː˧jjˌa˦˥mu˦˥k
อพยพ	ʔˈo˨˩ppʰa˦˥jˌo˦˥p
อภัยโทษ	ʔˈa˨˩pʰa˧jjˌa˦˥tʰoː˥˩t
อภิธรรม	ʔˈa˨˩pʰi˦˥tʰˌa˧m
อภิสิทธิ์	ʔˈa˨˩pʰi˦˥sˌi˨˩t
อมตะ	ʔˈa˨˩ma˦˥tˌa˨˩ʔ
อมนุษย์	ʔˈa˨˩ma˦˥nˌu˦˥t
อมฤต	ʔˈa˨˩ma˦˥rˌi˦˥t
อยุติธรรม	ʔˈa˨˩ju˦˥ttˌi˨˩tʰa˧m
อยุธยา	ʔˈa˨˩ju˦˥ttʰˌa˦˥jaː˧
อร	ʔˈɔː˧n
อริยมรรค	ʔˈa˨˩ri˦˥jˌa˦˥ma˦˥k
อริยสัจ	ʔˈa˨˩ri˦˥jˌa˦˥sa˨˩t
อลวน	ʔˈo˧nla˦˥wˌo˧n
อลเวง	ʔˈo˧nla˦˥wˌeː˧ŋ
อวกาศ	ʔˈa˨˩wa˦˥kˌaː˨˩t
อวตาร	ʔˈa˨˩wa˦˥tˌaː˧n
อวยพร	ʔˈua˧jpʰɔː˧n
อวสาน	ʔˈa˨˩wa˦˥sˌaː˩˩˦n
อวัยวะ	ʔˈa˨˩wa˧jjˌa˦˥wa˦˥ʔ
อสังหาริมทรัพย์	ʔˈa˨˩sa˩˩˦ŋhˌaː˩˩˦ri˦˥mˌa˦˥sa˦˥p
อสุรกาย	ʔˈa˨˩su˨˩rˌa˦˥kaː˧j
อหิวาตกโรค	ʔˈa˨˩hi˨˩wˌaː˧ta˨˩kˌa˨˩roː˥˩k
ออนไลน์	ʔˈɔː˧nlaː˧j
อักขรวิธี	ʔˈa˨˩kkʰa˨˩rˌa˨˩wi˦˥tʰˌiː˧
อักขระ	ʔˈa˨˩kkʰa˨˩rˌa˨˩ʔ
อักษร	ʔˈa˨˩ksɔː˩˩˦n
อักษรต่ำ	ʔˈa˨˩ksɔː˩˩˦ntˌa˨˩m
อักษรศาสตร์	ʔˈa˨˩ksɔː˩˩˦rˌa˦˥saː˨˩t
อักษรสูง	ʔˈa˨˩ksɔː˩˩˦nsˌuː˩˩˦ŋ
อัครมหาเสนาบดี	ʔˈa˨˩kkʰra˦˥mˌa˦˥haː˩˩˦sˌeː˩˩˦naː˧bˌɔː˧diː˧
อัญประกาศ	ʔˈa˧nja˦˥prˌa˨˩kaː˨˩t
อัญมณี	ʔˈa˧nja˦˥mˌa˦˥niː˧
อัฒจันทร์	ʔˈa˨˩ttʰa˦˥t͡ɕˌa˧n
อัตรา	ʔˈa˨˩ttraː˧
อัตราส่วน	ʔˈa˨˩ttraː˧sˌua˨˩n
อัตราเร็ว	ʔˈa˨˩ttraː˧rˌe˧w
อันตราย	ʔˈa˧nta˨˩rˌaː˧j
อับอาย	ʔˈa˨˩pʔaː˧j
อัปยศ	ʔˈa˨˩ppa˨˩jˌo˦˥t
อัมพร	ʔˈa˧mpʰɔː˧n
อัมพฤกษ์	ʔˈa˧mma˦˥pʰrˌɯ˦˥k
อัมพาต	ʔˈa˧mma˦˥pʰˌaː˥˩t
อัยการ	ʔˈa˧jja˦˥kˌaː˧n
อัลตราซาวนด์	ʔˈa˧ntraː˥˩sˌaː˧w
อัศจรรย์	ʔˈa˨˩tsa˨˩t͡ɕˌa˧n
อัศวิน	ʔˈa˨˩tsa˨˩wˌi˧n
อัสดง	ʔˈa˨˩tsa˨˩dˌo˧ŋ
อากาศยาน	ʔˈaː˧kaː˨˩tsˌa˨˩jaː˧n
อาคเนย์	ʔˈaː˧kʰa˦˥nˌeː˧
อาจเอื้อม	ʔˈaː˨˩tʔɯa˥˩m
อาชญากรรม	ʔˈaː˨˩tjaː˧kˌa˧m
อาญาสิทธิ์	ʔˈaː˧jaː˧sˌi˨˩t
อาณัติ	ʔˈaː˧na˦˥t
อาณาจักร	ʔˈaː˧naː˧t͡ɕˌa˨˩k
อาตมภาพ	ʔˈaː˨˩tta˨˩mˌa˦˥pʰaː˥˩p
อาตมา	ʔˈaː˨˩tta˨˩mˌaː˧
อาถรรพณ์	ʔˈaː˧tʰa˩˩˦n
อาถรรพ์	ʔˈaː˧tʰa˩˩˦n
อาบน้ำ	ʔˈaː˨˩pnaː˦˥m
อาบัติ	ʔˈaː˧ba˨˩t
อายุรศาสตร์	ʔˈaː˧ju˦˥rˌa˦˥saː˨˩t
อายุรเวท	ʔˈaː˧ju˦˥rˌa˦˥weː˥˩t
อายุวัฒนะ	ʔˈaː˧ju˦˥wˌa˦˥ttʰa˦˥nˌa˦˥ʔ
อารบิก	ʔˈaː˧ra˦˥bˌi˨˩k
อารยธรรม	ʔˈaː˧ra˦˥jˌa˦˥tʰa˧m
อารยะ	ʔˈaː˧ra˦˥jˌa˦˥ʔ
อาราธนา	ʔˈaː˧raː˥˩ttʰˌa˦˥naː˧
อาลักษณ์	ʔˈaː˧la˦˥k
อาสนะ	ʔˈaː˨˩tsa˨˩nˌa˦˥ʔ
อำ	ʔˈa˧m
อำนวย	ʔˈa˧mnua˧j
อำนาจ	ʔˈa˧mnaː˥˩t
อำนาจบาตรใหญ่	ʔˈa˧mnaː˥˩tbˌaː˨˩tja˨˩j
อำพราง	ʔˈa˧mpʰraː˧ŋ
อำพัน	ʔˈa˧mpʰa˧n
อำมหิต	ʔˈa˧mma˦˥hˌi˨˩t
อำมาตย์	ʔˈa˧mmaː˨˩t
อำลา	ʔˈa˧mlaː˧
อำเภอ	ʔˈa˧mpʰɤː˧
อำแดง	ʔˈa˧mdɛː˧ŋ
อินทผลัม	ʔˈi˧ntʰa˦˥pʰˌa˨˩la˧m
อินทรี	ʔˈi˧nsiː˧
อินทรีย์	ʔˈi˧nsiː˧
อินทร์	ʔˈi˧n
อินฟราเรด	ʔˈi˧nfraː˧rˌeː˨˩t
อิสรภาพ	ʔˈi˨˩tsa˨˩rˌa˨˩pʰaː˥˩p
อิสระ	ʔˈi˨˩tsa˨˩rˌa˨˩ʔ
อิสริยาภรณ์	ʔˈi˨˩tsa˨˩rˌi˦˥jaː˧pʰˌɔː˧n
อิสลาม	ʔˈi˨˩tsa˨˩lˌaː˧m
อิเล็กทรอนิกส์	ʔˈi˨˩le˦˥ktʰrˌɔː˧ni˨˩k
อึดอัด	ʔˈɯ˨˩tʔa˨˩t
อุกฉกรรจ์	ʔˈu˨˩kt͡ɕʰa˨˩kˌa˧n
อุณหภูมิ	ʔˈu˧nha˨˩pʰˌuː˧m
อุดมการณ์	ʔˈu˨˩do˧mmˌa˦˥kaː˧n
อุดมคติ	ʔˈu˨˩do˧mmˌa˦˥kʰa˦˥tˌi˨˩ʔ
อุตรดิตถ์	ʔˈu˨˩tta˨˩rˌa˦˥di˨˩t
อุตลุด	ʔˈu˨˩tta˨˩lˌu˨˩t
อุตสาหกรรม	ʔˈu˨˩tsaː˩˩˦hˌa˨˩ka˧m
อุทกภัย	ʔˈu˨˩tʰo˦˥kkˌa˨˩pʰa˧j
อุทยาน	ʔˈu˨˩ttʰa˦˥jˌaː˧n
อุทาหรณ์	ʔˈu˨˩tʰaː˧hˌɔː˩˩˦n
อุบัติ	ʔˈu˨˩ba˨˩t
อุบัติเหตุ	ʔˈu˨˩ba˨˩ttˌi˨˩heː˨˩t
อุปกรณ์	ʔˈu˨˩pa˨˩kˌɔː˧n
อุปการะ	ʔˈu˨˩ppa˨˩kˌaː˧ra˦˥ʔ
อุปถัมภ์	ʔˈu˨˩pa˨˩tʰˌa˩˩˦m
อุปทาน	ʔˈu˨˩pa˨˩tʰˌaː˧n
อุปนิสัย	ʔˈu˨˩pa˨˩nˌi˦˥sa˩˩˦j
อุปมา	ʔˈu˨˩ppa˨˩mˌaː˧
อุปรากร	ʔˈu˨˩pa˨˩rˌaː˧kɔː˧n
อุปราช	ʔˈu˨˩ppa˨˩rˌaː˨˩t
อุปสรรค	ʔˈu˨˩ppa˨˩sˌa˨˩k
อุปโภค	ʔˈu˨˩ppa˨˩pʰˌoː˥˩k
อุปไมย	ʔˈu˨˩ppa˨˩mˌa˧j
อุษาคเนย์	ʔˈu˨˩saː˩˩˦kʰˌa˦˥neː˧
อเมริกาใต้	ʔˈa˨˩meː˧rˌi˦˥kaː˧tˌaː˥˩j
อโหสิกรรม	ʔˈa˨˩hoː˩˩˦sˌi˨˩ka˧m
อ่างเก็บน้ำ	ʔˈaː˨˩ŋke˨˩pnˌaː˦˥m
เกตุ	kˈeː˨˩t
เกรง	krˈeː˧ŋ
เกรงใจ	krˈeː˧ŋt͡ɕa˧j
เกรด	krˈeː˨˩t
เกราะ	krˈɔ˨˩ʔ
เกริก	krˈɤː˨˩k
เกริ่น	krˈɤ˨˩n
เกรียง	krˈia˧ŋ
เกรียงไกร	krˈia˧ŋkra˧j
เกรียน	krˈia˧n
เกรียม	krˈia˧m
เกรี้ยว	krˈia˥˩w
เกรี้ยวกราด	krˈia˥˩wkraː˨˩t
เกร็ง	krˈe˧ŋ
เกร็ด	krˈe˨˩t
เกลอ	klˈɤː˧
เกลา	klˈa˧w
เกลียด	klˈia˨˩t
เกลียดชัง	klˈia˨˩tt͡ɕʰa˧ŋ
เกลียว	klˈia˧w
เกลี่ย	klˈia˨˩
เกลี้ยง	klˈia˥˩ŋ
เกลือ	klˈɯa˧
เกลือก	klˈɯa˨˩k
เกลือกกลั้ว	klˈɯa˨˩kklua˥˩
เกลื่อน	klˈɯa˨˩n
เกลื้อน	klˈɯa˥˩n
เกล็ด	klˈe˨˩t
เกล้า	klˈaː˥˩w
เกล้ากระหม่อม	klˈaː˥˩wkra˨˩mˌɔ˨˩m
เกวียน	kwˈia˧n
เกษตร	kˈa˨˩seː˨˩t
เกษตรกร	kˈa˨˩seː˨˩ttrˌa˨˩kɔː˧n
เกษตรกรรม	kˈa˨˩seː˨˩ttrˌa˨˩ka˧m
เกษตรศาสตร์	kˈa˨˩seː˨˩ttrˌa˨˩saː˨˩t
เกษียณ	kˈa˨˩sia˩˩˦n
เกษียร	kˈa˨˩sia˩˩˦n
เกะกะ	kˈe˨˩ʔka˨˩ʔ
เกาหลีใต้	kˈa˧wliː˩˩˦tˌaː˥˩j
เกียรติ	kˈia˨˩t
เกียรติภูมิ	kˈia˨˩tti˨˩pʰˌuː˧m
เกียรติ์	kˈia˧n
เก่ง	kˈe˨˩ŋ
เก้า	kˈaː˥˩w
เขลา	kʰlˈa˩˩˦w
เขวี้ยง	kʰwˈia˥˩ŋ
เข่น	kʰˈe˨˩n
เข้ม	kʰˈe˥˩m
เข้มข้น	kʰˈe˥˩mkʰo˥˩n
เข้มงวด	kʰˈe˥˩mŋua˥˩t
เข้มแข็ง	kʰˈe˥˩mkʰɛ˩˩˦ŋ
เข้าพรรษา	kʰˈa˥˩wpʰa˧nsˌaː˩˩˦
เครดิต	kʰrˈeː˧di˨˩t
เครน	kʰrˈeː˧n
เครา	kʰrˈa˧w
เคราะห์	kʰrˈɔ˦˥ʔ
เครียด	kʰrˈia˥˩t
เครือ	kʰrˈɯa˧
เครือข่าย	kʰrˈɯa˧kʰaː˨˩j
เครื่อง	kʰrˈɯa˥˩ŋ
เครื่องกรอง	kʰrˈɯa˥˩ŋkrɔː˧ŋ
เครื่องกำเนิดไฟฟ้า	kʰrˈɯa˥˩ŋka˧mnˌɤː˨˩tfa˧jfˌaː˦˥
เครื่องครัว	kʰrˈɯa˥˩ŋkʰrua˧
เครื่องคิดเลข	kʰrˈɯa˥˩ŋkʰi˦˥tlˌeː˥˩k
เครื่องจักร	kʰrˈɯa˥˩ŋt͡ɕa˨˩k
เครื่องดนตรี	kʰrˈɯa˥˩ŋdo˧ntrˌiː˧
เครื่องดื่ม	kʰrˈɯa˥˩ŋdɯː˨˩m
เครื่องถ่ายเอกสาร	kʰrˈɯa˥˩ŋtʰaː˨˩jʔˌeː˨˩kka˨˩sˌaː˩˩˦n
เครื่องทอง	kʰrˈɯa˥˩ŋtʰɔː˧ŋ
เครื่องบิน	kʰrˈɯa˥˩ŋbi˧n
เครื่องประดับ	kʰrˈɯa˥˩ŋpra˨˩dˌa˨˩p
เครื่องปรับอากาศ	kʰrˈɯa˥˩ŋpra˨˩pʔˌaː˧kaː˨˩t
เครื่องปรุง	kʰrˈɯa˥˩ŋpru˧ŋ
เครื่องปั้นดินเผา	kʰrˈɯa˥˩ŋpa˥˩ndˌi˧npʰa˩˩˦w
เครื่องพิมพ์	kʰrˈɯa˥˩ŋpʰi˧m
เครื่องพิมพ์ดีด	kʰrˈɯa˥˩ŋpʰi˧mdˌiː˨˩t
เครื่องมือ	kʰrˈɯa˥˩ŋmɯː˧
เครื่องยนต์	kʰrˈɯa˥˩ŋjo˧n
เครื่องราง	kʰrˈɯa˥˩ŋraː˧ŋ
เครื่องว่าง	kʰrˈɯa˥˩ŋwaː˥˩ŋ
เครื่องสาย	kʰrˈɯa˥˩ŋsaː˩˩˦j
เครื่องสำอาง	kʰrˈɯa˥˩ŋsa˩˩˦mʔˌaː˧ŋ
เครื่องสูบน้ำ	kʰrˈɯa˥˩ŋsuː˨˩pnˌaː˦˥m
เครื่องหมาย	kʰrˈɯa˥˩ŋmaː˩˩˦j
เครื่องหมายการค้า	kʰrˈɯa˥˩ŋmaː˩˩˦jkˌaː˧nkʰaː˦˥
เครื่องเงิน	kʰrˈɯa˥˩ŋŋɤ˧n
เครื่องเซ่น	kʰrˈɯa˥˩ŋse˥˩n
เครื่องเทศ	kʰrˈɯa˥˩ŋtʰeː˥˩t
เครื่องเรือน	kʰrˈɯa˥˩ŋrɯa˧n
เครื่องเล่น	kʰrˈɯa˥˩ŋle˥˩n
เครื่องแกง	kʰrˈɯa˥˩ŋkɛː˧ŋ
เครื่องแบบ	kʰrˈɯa˥˩ŋbɛː˨˩p
เครื่องใช้	kʰrˈɯa˥˩ŋt͡ɕʰa˦˥j
เครื่องใน	kʰrˈɯa˥˩ŋna˧j
เคร่ง	kʰrˈe˥˩ŋ
เคลม	kʰlˈeː˧m
เคลิ้ม	kʰlˈɤː˦˥m
เคลียร์	kʰlˈia˧
เคลือบ	kʰlˈɯa˥˩p
เคลื่อน	kʰlˈɯa˥˩n
เคลื่อนที่	kʰlˈɯa˥˩ntʰiː˥˩
เคลื่อนไหว	kʰlˈɯa˥˩nwa˩˩˦j
เคล็ด	kʰlˈe˦˥t
เคล้า	kʰlˈa˦˥w
เคว้ง	kʰwˈeː˦˥ŋ
เงอะงะ	ŋˈɤ˦˥ʔŋa˦˥ʔ
เงิน	ŋˈɤ˧n
เงินกู้	ŋˈɤ˧nkuː˥˩
เงินตรา	ŋˈɤ˧ntraː˧
เงินทอง	ŋˈɤ˧ntʰɔː˧ŋ
เงินทอน	ŋˈɤ˧ntʰɔː˧n
เงินปันผล	ŋˈɤ˧npa˧npʰˌo˩˩˦n
เงินฝาก	ŋˈɤ˧nfaː˨˩k
เงินฝืด	ŋˈɤ˧nfɯː˨˩t
เงินสด	ŋˈɤ˧nso˨˩t
เงินเดือน	ŋˈɤ˧ndɯa˧n
เงินเฟ้อ	ŋˈɤ˧nfɤː˦˥
เงื่อนไขบังคับก่อน	ŋˈɯa˥˩nkʰa˩˩˦jbˌa˧ŋkʰa˦˥pkˌɔː˨˩n
เงื่อนไขบังคับหลัง	ŋˈɯa˥˩nkʰa˩˩˦jbˌa˧ŋkʰa˦˥plˌa˩˩˦ŋ
เจตนา	t͡ɕˈeː˨˩tta˨˩nˌaː˧
เจตนารมณ์	t͡ɕˈeː˨˩tta˨˩nˌaː˧ro˧m
เจรจา	t͡ɕˈeː˧ra˦˥t͡ɕˌaː˧
เจาะจง	t͡ɕˈɔ˨˩ʔt͡ɕo˧ŋ
เจ็บป่วย	t͡ɕˈe˨˩ppua˨˩j
เจ้า	t͡ɕˈaː˥˩w
เจ้ากรรม	t͡ɕˈa˥˩wka˧m
เจ้าจอม	t͡ɕˈaː˥˩wt͡ɕɔː˧m
เจ้าชาย	t͡ɕˈaː˥˩wt͡ɕʰaː˧j
เจ้าบ้าน	t͡ɕˈaː˥˩wbaː˥˩n
เจ้าพระยา	t͡ɕˈaː˥˩wpʰra˦˥jˌaː˧
เจ้าฟ้า	t͡ɕˈaː˥˩wfaː˦˥
เจ้าหญิง	t͡ɕˈaː˥˩wji˩˩˦ŋ
เจ้าหนี้	t͡ɕˈaː˥˩wniː˥˩
เจ้าหน้าที่	t͡ɕˈaː˥˩wnaː˥˩tʰˌiː˥˩
เจ้าอยู่หัว	t͡ɕˈaː˥˩wjuː˨˩hˌua˩˩˦
เจ้าอารมณ์	t͡ɕˈaː˥˩wʔaː˧rˌo˧m
เจ้าอาวาส	t͡ɕˈaː˥˩wʔaː˧wˌaː˥˩t
เจ๊ก	t͡ɕˈe˦˥k
เจ๋ง	t͡ɕˈe˩˩˦ŋ
เฉพาะ	t͡ɕʰˈa˨˩pʰɔ˦˥ʔ
เฉลียวฉลาด	t͡ɕʰˈa˨˩lia˩˩˦wt͡ɕʰˌa˨˩laː˨˩t
เฉาก๊วย	t͡ɕʰˈa˩˩˦wkua˦˥j
เชื้อชาติ	t͡ɕʰˈɯa˦˥t͡ɕʰaː˥˩t
เชื้อเพลิง	t͡ɕʰˈɯa˦˥pʰlɤː˧ŋ
เช่น	t͡ɕʰˈe˥˩n
เช่าทรัพย์	t͡ɕʰˈa˥˩wsa˦˥p
เช้า	t͡ɕʰˈaː˦˥w
เช้ามืด	t͡ɕʰˈaː˦˥wmɯː˥˩t
เซนติเมตร	sˈe˧nti˨˩mˌeː˦˥t
เซอร์ไพรส์	sˈɤː˧pʰra˦˥j
เซ่น	sˈe˥˩n
เดินขบวน	dˈɤː˧nkʰa˨˩bˌua˧n
เด่น	dˈe˨˩n
เตรียม	trˈia˧m
เตรียมตัว	trˈia˧mtua˧
เตรียมพร้อม	trˈia˧mpʰrɔː˦˥m
เตร่	trˈeː˨˩
เตาอบ	tˈa˧wʔo˨˩p
เต่ง	tˈe˨˩ŋ
เต้น	tˈe˥˩n
เต้นรำ	tˈe˥˩nra˧m
เถรวาท	tʰˈeː˩˩˦ra˦˥wˌaː˥˩t
เทพบุตร	tʰˈeː˥˩ppʰa˦˥bˌu˨˩t
เทพยดา	tʰˈeː˥˩ppʰa˦˥jˌa˦˥daː˧
เทรนเนอร์	tʰrˈe˧nnɤː˥˩
เทวดา	tʰˈeː˧wa˦˥dˌaː˧
เทวนาครี	tʰˈeː˧wa˦˥nˌaː˧kʰa˦˥rˌiː˧
เทวรูป	tʰˈeː˧wa˦˥rˌuː˥˩p
เทววิทยา	tʰˈeː˧wa˦˥wˌi˦˥ttʰa˦˥jˌaː˧
เทวโลก	tʰˈeː˧wa˦˥lˌoː˥˩k
เทศกาล	tʰˈeː˥˩tsa˨˩kˌaː˧n
เทศนา	tʰˈeː˥˩tsa˨˩nˌaː˩˩˦
เทศบาล	tʰˈeː˥˩tsa˨˩bˌaː˧n
เทศมนตรี	tʰˈeː˥˩tsa˨˩mˌo˧ntriː˧
เที่ยงธรรม	tʰˈia˥˩ŋtʰa˧m
เท็จจริง	tʰˈe˦˥tt͡ɕi˧ŋ
เท้า	tʰˈaː˦˥w
เท้าแขน	tʰˈaː˦˥wkʰɛː˩˩˦n
เนตร	nˈeː˥˩t
เนรมิต	nˈeː˧ra˦˥mˌi˦˥t
เนรเทศ	nˈeː˧ra˦˥tʰˌeː˥˩t
เนื้อเพลง	nˈɯa˦˥pʰleː˧ŋ
เนื้อไม้	nˈɯa˦˥maː˦˥j
เน้น	nˈe˦˥n
เบรก	brˈeː˨˩k
เบลอ	blˈɤː˧
เบาะแส	bˈɔ˨˩ʔsɛː˩˩˦
เบ็ดเสร็จ	bˈe˨˩tse˨˩t
เบ่ง	bˈe˨˩ŋ
เปรต	prˈeː˨˩t
เปรอะ	prˈɤ˨˩ʔ
เปราะ	prˈɔ˨˩ʔ
เปรียบ	prˈia˨˩p
เปรียบเทียบ	prˈia˨˩ptʰia˥˩p
เปรี้ยว	prˈia˥˩w
เปลว	plˈeː˧w
เปลวไฟ	plˈeː˧wfa˧j
เปลี่ยน	plˈia˨˩n
เปลี่ยนแปลง	plˈia˨˩nplɛː˧ŋ
เปลี่ยนใจ	plˈia˨˩nt͡ɕa˧j
เปลี่ยว	plˈia˨˩w
เปลือก	plˈɯa˨˩k
เปลือกตา	plˈɯa˨˩ktaː˧
เปลือกโลก	plˈɯa˨˩kloː˥˩k
เปลือง	plˈɯa˧ŋ
เปลือย	plˈɯa˧j
เปลื้อง	plˈɯa˥˩ŋ
เปล่ง	plˈe˨˩ŋ
เปล่า	plˈaː˨˩w
เปาะเปี๊ยะ	pˈɔ˨˩ʔpia˦˥ʔ
เป็นชิ้นเป็นอัน	pˈe˧nt͡ɕʰi˦˥npˌe˧nʔa˧n
เผยแพร่	pʰˈɤː˩˩˦jpʰrɛː˥˩
เผลอ	pʰlˈɤː˩˩˦
เผ่น	pʰˈe˨˩n
เผ่าพันธุ์	pʰˈa˨˩wpʰa˧n
เพชร	pʰˈe˦˥t
เพชรบุรี	pʰˈe˦˥tbu˨˩rˌiː˧
เพราะ	pʰrˈɔ˦˥ʔ
เพราะฉะนั้น	pʰrˈɔ˦˥ʔt͡ɕʰa˨˩nˌa˦˥n
เพราะว่า	pʰrˈɔ˦˥ʔwaː˥˩
เพรียง	pʰrˈia˧ŋ
เพรียว	pʰrˈia˧w
เพลง	pʰlˈeː˧ŋ
เพลิง	pʰlˈɤː˧ŋ
เพลิดเพลิน	pʰlˈɤː˥˩tpʰlɤː˧n
เพลิน	pʰlˈɤː˧n
เพลีย	pʰlˈia˧
เพลี้ย	pʰlˈia˦˥
เพ่ง	pʰˈe˥˩ŋ
เฟ้น	fˈe˦˥n
เภสัชกร	pʰˈeː˧sa˨˩tt͡ɕʰˌa˦˥kɔː˧n
เภสัชกรรม	pʰˈeː˧sa˨˩tt͡ɕʰˌa˦˥ka˧m
เภสัชศาสตร์	pʰˈeː˧sa˨˩tt͡ɕʰˌa˦˥saː˨˩t
เมตร	mˈeː˦˥t
เมรุ	mˈeː˧n
เม่น	mˈe˥˩n
เม่นทะเล	mˈe˥˩ntʰa˦˥lˌeː˧
เยอรมนี	jˈɤː˧ra˦˥mˌa˦˥niː˧
เยอรมัน	jˈɤː˧ra˦˥mˌa˧n
เยาวชน	jˈa˧wwa˦˥t͡ɕʰˌo˧n
เยาวราช	jˈa˧wwa˦˥rˌaː˥˩t
เรขาคณิต	rˈeː˧kʰaː˩˩˦kʰˌa˦˥ni˦˥t
เรือดำน้ำ	rˈɯa˧da˧mnˌaː˦˥m
เร่ง	rˈe˥˩ŋ
เร่งด่วน	rˈeː˥˩ŋdua˨˩n
เลนส์สัมผัส	lˈeː˧nsa˩˩˦mpʰˌa˨˩t
เลอะเทอะ	lˈɤ˦˥ʔtʰɤ˦˥ʔ
เละเทะ	lˈe˦˥ʔtʰe˦˥ʔ
เล่น	lˈe˥˩n
เล่นตัว	lˈe˥˩ntua˧
เล่นลิ้น	lˈe˥˩nli˦˥n
เล่นหัว	lˈe˥˩nhua˩˩˦
เล่ม	lˈe˥˩m
เวชศาสตร์	wˈeː˥˩tt͡ɕʰa˦˥sˌaː˨˩t
เวทนา	wˈeː˧tʰa˦˥nˌaː˧
เวทมนตร์	wˈeː˥˩tmo˧n
เว้น	wˈe˦˥n
เศรษฐกิจ	sˈeː˨˩ttʰa˨˩kˌi˨˩t
เศรษฐศาสตร์	sˈeː˨˩ttʰa˨˩sˌaː˨˩t
เศรษฐี	sˈeː˨˩ttʰiː˩˩˦
เศร้า	sˈa˥˩w
เศษส่วน	sˈeː˨˩tsua˨˩n
เสถียร	sˈa˨˩tʰia˩˩˦n
เสนาบดี	sˈeː˩˩˦naː˧bˌɔː˧diː˧
เสนียด	sˈa˨˩nia˨˩t
เสน่หา	sˈa˨˩neː˨˩hˌaː˩˩˦
เสน่ห์	sˈa˨˩neː˨˩
เสบียง	sˈa˨˩bia˧ŋ
เสมียน	sˈa˨˩mia˩˩˦n
เสริม	sˈɤː˩˩˦m
เสริมสวย	sˈɤː˩˩˦msua˩˩˦j
เสร็จ	sˈe˨˩t
เสลี่ยง	sˈa˨˩lia˨˩ŋ
เสวนา	sˈeː˩˩˦wa˦˥nˌaː˧
เสาวนีย์	sˈa˩˩˦wwa˦˥nˌiː˧
เสาวรส	sˈa˩˩˦wwa˦˥rˌo˦˥t
เสียน้ำใจ	sˈia˩˩˦naː˦˥mt͡ɕˌa˧j
เสียสละ	sˈia˩˩˦sa˨˩lˌa˨˩ʔ
เสียเปรียบ	sˈia˩˩˦pria˨˩p
เสแสร้ง	sˈeː˩˩˦sɛː˥˩ŋ
เส้น	sˈe˥˩n
เส้นด้าย	sˈe˥˩ndaː˥˩j
เส้นตรง	sˈe˥˩ntro˧ŋ
เส้นตาย	sˈe˥˩ntaː˧j
เส้นทาง	sˈe˥˩ntʰaː˧ŋ
เส้นผ่านศูนย์กลาง	sˈe˥˩npʰaː˨˩nsˌuː˩˩˦nklaː˧ŋ
เส้นผ่าศูนย์กลาง	sˈe˥˩npʰaː˨˩sˌuː˩˩˦nklaː˧ŋ
เส้นรอบวง	sˈe˥˩nrɔː˥˩pwˌo˧ŋ
เส้นศูนย์สูตร	sˈe˥˩nsuː˩˩˦nsˌuː˨˩t
เส้นสาย	sˈe˥˩nsaː˩˩˦j
เส้นเลือด	sˈe˥˩nlɯa˥˩t
เส้นใย	sˈe˥˩nja˧j
เหตุ	hˈeː˨˩t
เหตุการณ์	hˈeː˨˩tkaː˧n
เหตุผล	hˈeː˨˩tpʰo˩˩˦n
เหตุสุดวิสัย	hˈeː˨˩tsu˨˩twˌi˦˥sa˩˩˦j
เหมาะสม	mˈɔ˨˩ʔso˩˩˦m
เหมาะเจาะ	mˈɔ˨˩ʔt͡ɕɔ˨˩ʔ
เหล็กเส้น	lˈe˨˩kse˥˩n
เห็นด้วย	hˈe˩˩˦ndua˥˩j
เอกฉันท์	ʔˈeː˨˩kka˨˩t͡ɕʰˌa˩˩˦n
เอกชน	ʔˈeː˨˩kka˨˩t͡ɕʰˌo˧n
เอกพจน์	ʔˈeː˨˩kka˨˩pʰˌo˦˥t
เอกภพ	ʔˈeː˨˩kka˨˩pʰˌo˦˥p
เอกภาพ	ʔˈeː˨˩kka˨˩pʰˌaː˥˩p
เอกมัย	ʔˈeː˨˩kka˨˩mˌa˧j
เอกราช	ʔˈeː˨˩kka˨˩rˌaː˥˩t
เอกสาร	ʔˈeː˨˩kka˨˩sˌaː˩˩˦n
เอกอัครราชทูต	ʔˈeː˨˩kʔa˨˩kkʰrˌa˦˥raː˥˩tt͡ɕʰˌa˦˥tʰuː˥˩t
เอร็ดอร่อย	ʔˈa˨˩re˨˩tʔˌa˨˩rɔ˨˩j
เอะอะ	ʔˈe˨˩ʔʔa˨˩ʔ
เอะใจ	ʔˈe˨˩ʔt͡ɕa˧j
เอาชนะ	ʔˈa˧wt͡ɕʰa˦˥nˌa˦˥ʔ
เอารัดเอาเปรียบ	ʔˈa˧wra˦˥tʔˌa˧wpria˨˩p
เอาอกเอาใจ	ʔˈa˧wʔo˨˩kʔˌa˧wt͡ɕa˧j
เอาเปรียบ	ʔˈa˧wpria˨˩p
เอาใจช่วย	ʔˈa˧wt͡ɕa˧jt͡ɕʰˌua˥˩j
เอิบอาบ	ʔˈɤː˨˩pʔaː˨˩p
เอเชียตะวันออกเฉียงใต้	ʔˈeː˧t͡ɕʰia˧tˌa˨˩wa˧nʔˌɔː˨˩kt͡ɕʰia˩˩˦ŋtˌaː˥˩j
เอไอ	ʔˈeː˧ʔa˧j
แกร่ง	krˈɛ˨˩ŋ
แกลบ	klˈɛː˨˩p
แกละ	klˈɛ˨˩ʔ
แกล้ง	klˈɛː˥˩ŋ
แกล้ม	klˈɛː˥˩m
แกว่ง	kwˈɛ˨˩ŋ
แก่ง	kˈɛ˨˩ŋ
แก่น	kˈɛ˨˩n
แขวง	kʰwˈɛː˩˩˦ŋ
แขวน	kʰwˈɛː˩˩˦n
แขวะ	kʰwˈɛ˨˩ʔ
แข่ง	kʰˈɛ˨˩ŋ
แข่งขัน	kʰˈɛ˨˩ŋkʰa˩˩˦n
แคระ	kʰrˈɛ˦˥ʔ
แคร่	kʰrˈɛː˥˩
แคลงใจ	kʰlˈɛː˧ŋt͡ɕa˧j
แคว้น	kʰwˈɛː˦˥n
แจ่ม	t͡ɕˈɛ˨˩m
แจ่มใส	t͡ɕˈɛ˨˩msa˩˩˦j
แตร	trˈɛː˧
แตะต้อง	tˈɛ˨˩ʔtɔ˥˩ŋ
แต่ง	tˈɛ˨˩ŋ
แต่งงาน	tˈɛ˨˩ŋŋaː˧n
แต่งตัว	tˈɛ˨˩ŋtua˧
แต่งตั้ง	tˈɛ˨˩ŋta˥˩ŋ
แต่งหน้า	tˈɛ˨˩ŋnaː˥˩
แทรก	sˈɛː˥˩k
แทรกเตอร์	tʰrˈɛ˦˥ktɤː˥˩
แทรกแซง	sˈɛː˥˩ksɛː˧ŋ
แนะนำ	nˈɛ˦˥ʔna˧m
แบดมินตัน	bˈɛ˨˩tmi˧ntˌa˥˩n
แบบฝึกหัด	bˈɛː˨˩pfɯ˨˩khˌa˨˩t
แบบสอบถาม	bˈɛː˨˩psɔː˨˩ptʰˌaː˩˩˦m
แบบอย่าง	bˈɛː˨˩pjaː˨˩ŋ
แบรนด์	brˈɛː˧n
แบ่ง	bˈɛ˨˩ŋ
แบ่งปัน	bˈɛ˨˩ŋpa˧n
แบ่งแยก	bˈɛ˨˩ŋjɛː˥˩k
แปร	prˈɛː˧
แปรง	prˈɛː˧ŋ
แปรงสีฟัน	prˈɛː˧ŋsiː˩˩˦fˌa˧n
แปรปรวน	prˈɛː˧prua˧n
แปรพักตร์	prˈɛː˧pʰa˦˥k
แปรรูป	prˈɛː˧ruː˥˩p
แปลก	plˈɛː˨˩k
แปลกใจ	plˈɛː˨˩kt͡ɕa˧j
แปลง	plˈɛː˧ŋ
แปลน	plˈɛː˧n
แผนภูมิ	pʰˈɛː˩˩˦npʰuː˧m
แผลง	pʰlˈɛː˩˩˦ŋ
แผ่น	pʰˈɛ˨˩n
แผ่นดิน	pʰˈɛ˨˩ndi˧n
แผ่นดินไหว	pʰˈɛ˨˩ndi˧nwˌa˩˩˦j
แผ่นเสียง	pʰˈɛ˨˩nsia˩˩˦ŋ
แพทยศาสตร์	pʰˈɛː˥˩ttʰa˦˥jˌa˦˥saː˨˩t
แพร	pʰrˈɛː˧
แพรว	pʰrˈɛː˧w
แพร่	pʰrˈɛː˥˩
แพร่ง	pʰrˈɛ˥˩ŋ
แพลง	pʰlˈɛː˧ŋ
แพลงก์ตอน	pʰlˈɛ˧ŋtɔ˥˩n
แพศยา	pʰˈɛː˥˩tsa˨˩jˌaː˩˩˦
แฟรนไชส์	frˈɛː˧nt͡ɕʰaː˧j
แมวน้ำ	mˈɛː˧wnaː˦˥m
แม่น้ำ	mˈɛː˥˩naː˦˥m
แรงกดดัน	rˈɛː˧ŋko˨˩tdˌa˧n
แรงดึงดูด	rˈɛː˧ŋdɯ˧ŋdˌuː˨˩t
แลกเปลี่ยน	lˈɛː˥˩kplia˨˩n
แล้วก็	lˈɛː˦˥wkɔː˥˩
แสงจันทร์	sˈɛː˩˩˦ŋt͡ɕa˧n
แสร้ง	sˈɛː˥˩ŋ
แหล่ง	lˈɛ˨˩ŋ
แห่ง	hˈɛ˨˩ŋ
แอตแลนติก	ʔˈɛː˦˥tlɛː˧ntˌi˨˩k
แอนตาร์กติกา	ʔˈɛ˧ntaː˦˥ktˌi˨˩kaː˥˩
แอ่ง	ʔˈɛ˨˩ŋ
แอ่น	ʔˈɛ˨˩n
โกฏิ	kˈoː˨˩t
โกรธ	krˈoː˨˩t
โกลน	klˈoː˧n
โกลาหล	kˈoː˧laː˧hˌo˩˩˦n
โกสินทร์	kˈoː˧si˩˩˦n
โขลง	kʰlˈoː˩˩˦ŋ
โคตร	kʰˈoː˥˩t
โครก	kʰrˈoː˥˩k
โครง	kʰrˈoː˧ŋ
โครงกระดูก	kʰrˈoː˧ŋkra˨˩dˌuː˨˩k
โครงการ	kʰrˈoː˧ŋkaː˧n
โครงร่าง	kʰrˈoː˧ŋraː˥˩ŋ
โครงสร้าง	kʰrˈoː˧ŋsaː˥˩ŋ
โครงเรื่อง	kʰrˈoː˧ŋrɯa˥˩ŋ
โครเมียม	kʰrˈoː˧mia˥˩m
โครเอเชีย	kʰrˈoː˧ʔeː˧t͡ɕʰˌia˧
โครโมโซม	kʰrˈoː˧moː˧sˌoː˧m
โคร่ง	kʰrˈoː˥˩ŋ
โคลงเคลง	kʰlˈoː˧ŋkʰleː˧ŋ
โคลน	kʰlˈoː˧n
โฆษณา	kʰˈoː˥˩tsa˨˩nˌaː˧
โจรกรรม	t͡ɕˈoː˧ra˦˥kˌa˧m
โชคร้าย	t͡ɕʰˈoː˥˩kraː˦˥j
โถส้วม	tʰˈoː˩˩˦sua˥˩m
โทรคมนาคม	tʰˈoː˧ra˦˥kʰˌa˦˥ma˦˥nˌaː˧kʰo˧m
โทรทัศน์	tʰˈoː˧ra˦˥tʰˌa˦˥t
โทรม	sˈoː˧m
โทรศัพท์	tʰˈoː˧ra˦˥sˌa˨˩p
โทรศัพท์มือถือ	tʰˈoː˧ra˦˥sˌa˨˩pmɯː˧tʰˌɯː˩˩˦
โทรสาร	tʰˈoː˧ra˦˥sˌaː˩˩˦n
โทรเลข	tʰˈoː˧ra˦˥lˌeː˥˩k
โบราณคดี	bˈoː˧raː˧nnˌa˦˥kʰa˦˥dˌiː˧
โบราณสถาน	bˈoː˧raː˧nnˌa˦˥sa˨˩tʰˌaː˩˩˦n
โปรด	prˈoː˨˩t
โปรตีน	prˈoː˧tiː˧n
โปรย	prˈoː˧j
โปรแกรม	prˈoː˧krɛ˧m
โปรโมชั่น	prˈoː˧moː˧t͡ɕʰˌa˥˩n
โปร่ง	prˈoː˨˩ŋ
โปร่งใส	prˈoː˨˩ŋsa˩˩˦j
โพรง	pʰrˈoː˧ŋ
โภคทรัพย์	pʰˈoː˥˩kkʰa˦˥sˌa˦˥p
โภคภัณฑ์	pʰˈoː˥˩kkʰa˦˥pʰˌa˧n
โภชนาการ	pʰˈoː˧t͡ɕʰa˦˥nˌaː˧kaː˧n
โรงละคร	rˈoː˧ŋla˦˥kʰˌɔː˧n
โลกธรรม	lˈoː˥˩kka˨˩tʰˌa˧m
โศกนาฏกรรม	sˈoː˨˩kka˨˩nˌaː˥˩tta˨˩kˌa˧m
โสน	sˈa˨˩noː˩˩˦
โสโครก	sˈoː˩˩˦kʰroː˥˩k
โหระพา	hˈoː˩˩˦ra˦˥pʰˌaː˧
โหราศาสตร์	hˈoː˩˩˦raː˧sˌaː˨˩t
ใกล้	klˈa˥˩j
ใกล้เคียง	klˈa˥˩jkʰia˧ŋ
ใคร	kʰrˈa˧j
ใคร่	kʰrˈa˥˩j
ใคร่ครวญ	kʰrˈa˥˩jkʰrua˧n
ใต้	tˈaː˥˩j
ใต้ถุน	tˈaː˥˩jtʰu˩˩˦n
ใต้ฝ่าพระบาท	tˈaː˥˩jfaː˨˩pʰrˌa˦˥baː˨˩t
ใต้ฝ่าละอองพระบาท	tˈaː˥˩jfaː˨˩lˌa˦˥ʔɔː˧ŋpʰrˌa˦˥baː˨˩t
ใต้เท้า	tˈaː˥˩jtʰaː˦˥w
ใบเสร็จ	bˈa˧jse˨˩t
ใบไม้	bˈa˧jmaː˦˥j
ให้สัตยาบัน	hˈa˥˩jsa˨˩ttˌa˨˩jaː˧bˌa˧n
ให้อภัย	hˈa˥˩jʔa˨˩pʰˌa˧j
ไกล	klˈa˧j
ไกล่เกลี่ย	klˈa˨˩jklia˨˩
ไกว	kwˈa˧j
ไขว่	kʰwˈa˨˩j
ไขว่ห้าง	kʰwˈa˨˩jhaː˥˩ŋ
ไขว้	kʰwˈa˥˩j
ไข้เลือดออก	kʰˈa˥˩jlɯa˥˩tʔˌɔː˨˩k
ไคล	kʰlˈa˧j
ไชโย	t͡ɕʰˈa˧jjoː˧
ไซน์	sˈaː˧j
ไซร้	sˈa˦˥j
ไซโคลน	sˈa˧jkʰloː˧n
ไดรฟ์	drˈa˦˥j
ไดอะแกรม	dˈa˧jʔa˨˩krˌɛ˧m
ได้	dˈaː˥˩j
ได้ยิน	dˈa˥˩jji˧n
ได้เปรียบ	dˈa˥˩jpria˨˩p
ได้แก่	dˈaː˥˩jkɛː˨˩
ไตร	trˈa˧j
ไตรมาส	trˈa˧jmaː˥˩t
ไตรลักษณ์	trˈa˧jla˦˥k
ไตร่ตรอง	trˈa˨˩jtrɔː˧ŋ
ไต่สวน	tˈa˨˩jsua˩˩˦n
ไต้	tˈaː˥˩j
ไทร	sˈa˧j
ไนโตรเจน	nˈa˧jtroː˧t͡ɕˌeː˧n
ไปรษณียบัตร	prˈa˧jsa˨˩nˌiː˧ja˦˥bˌa˨˩t
ไพร	pʰrˈa˧j
ไพร่	pʰrˈa˥˩j
ไพร่ฟ้า	pʰrˈa˥˩jfaː˦˥
ไพล	pʰlˈa˧j
ไฟล์	fˈaː˧j
ไมโครโฟน	mˈa˧jkʰroː˧fˌoː˧n
ไม้	mˈaː˦˥j
ไม้กางเขน	mˈaː˦˥jkaː˧ŋkʰˌeː˩˩˦n
ไม้บรรทัด	mˈa˦˥jba˧ntʰˌa˦˥t
ไม้หน้า	mˈaː˦˥jnaː˥˩
ไม้อัด	mˈaː˦˥jʔa˨˩t
ไม้เท้า	mˈa˦˥jtʰaː˦˥w
ไม้แข็ง	mˈaː˦˥jkʰɛ˩˩˦ŋ
ไวน์	wˈaː˧j
ไสยศาสตร์	sˈa˩˩˦jja˦˥sˌaː˨˩t
ไหว้	wˈaː˥˩j
ไหว้ครู	wˈaː˥˩jkʰruː˧
ไอน้ำ	ʔˈa˧jnaː˦˥m
ไอยรา	ʔˈa˧jja˦˥rˌaː˧
