Nkran yɛ Ghana ahenkuro. Ɛsane nso yɛ Nkran Mantam no ahenkuro. Ɛyɛ beaeɛ a Ghana Mantam no nyinaa dwa kɛseɛ wɔ. Ɛhɔ nso na adwumakuo akɛseɛ no dodoɔ no ara wɔ. Nkran yɛ ɔman a ɛmu nnipa dɔɔso yie.	ŋkran jɛ ɡhana aheŋkuro . ɛsanɪ nso jɛ ŋkran mantam no aheŋkuro . ɛjɛ bɪaɪɛ a ɡhana mantam no ɲinaa d͡ʑʷa kɛsɪɛ wɔ . ɛhɔ nso na ad͡ʑʷumakwo akɛsɪɛ no dʊdwɔ no ara wɔ . ŋkran jɛ ɔman a ɛmu nnipa dɔɔsʊ jie .
Kofi Anan kɔɔ ne nkra akyi wɔ Ɔsanaa da ɛtɔ so du-nnwɔtwe wɔ mfeɛ mpem mmienu ne du-nnwɔtwe (2018) wɔ aburokyi man Swesaland mu berε na wayere berε ketewa bi.	ko˩fi˥ anan kɔɔ ne ŋkra at͡ɕi wɔ ɔsanaa da˥ ɛtɔ so du nŋʷɔt͡ɕʷɪ wɔ mfɪɛ mpem mmienu ne du nŋʷɔt͡ɕʷɪ mpem mmienu du ŋʷɔt͡ɕʷɪ wɔ aburot͡ɕi man swesaland mu bɪrɛ na wajere bɪrɛ ketewa bi .
Yɛwoo Krosby Mensah wɔ Ɔbɛnem bosome mu, da a ɛtɔ so num wɔ afe apem ahankron ne aduanan nson wɔ Apueɛ Mantamu, ɔsuaa adeɛ wɔ Prince of Peace kollegyi mu,na ɔnyaa abɔdin krataa a ɛma no kwan ma no tumi kyerɛ adeɛ.	jɛwʊʊ krosbj mensah wɔ ɔbɛnɪm bosome mu , da˥ a ɛtɔ so num wɔ afe apem ahaŋkron ne adwanan nson wɔ apweɛ mantamu , ɔswaa adɪɛ wɔ prinke of peake kolled͡ʑi mu , na ɔɲaa abɔdin krataa a ɛma no kʷan ma no tumi t͡ɕɪrɛ adɪɛ .
Isaac Bronya a na ɔyɛ anamsini de ma PPP Amanyɔkuo no nso nyaa abatoɔ no mu mma mpem mmiɛnsa ne aduokron mmienu (3,092)a agyina hɔ ma ɔha nkyekyɛmu nwɔtwe akyiri pɔ aduokron nson (8.97%).	isaak broɲa a na ɔjɛ anamsini de ma ppp amaɲɔkwo no nso ɲaa abatwɔ no mu mma mpem mmiɛnsa ne adwokron mmienu mpem mmiɛnsa adwɔkrʊn mmienu a ad͡ʑina hɔ ma ɔha ŋt͡ɕɪt͡ɕɛmu ŋʷɔt͡ɕʷɪ at͡ɕiri pɔ adwokron nson ŋʷɔt͡ɕʷɪ at͡ɕiri pɔ adwɔkrʊn nson .
Abatoɔ no maa ɛyɛ nea edikan a tumi seseaa firii amnyɔkuo baako ho kɔɔ amanyɔkuo foforo ho wɔ ɔman no mu nea edikan.	abatwɔ no maa ɛjɛ nea edikan a tumi seseaa firii amɲɔkwo baako ho kɔɔ amaɲɔkwo foforo ho wɔ ɔman no mu nea edikan .
N’ahenie no anni nnan mu nkyekyɛmu baako na yareɛ a ɛde mpete no bɔɔ mu no ma owui. Ne wuo no de akodie ahorɔw bae mfe pii kosii sɛ nea osii n’anan mu a one Agyeman Prempeh a odikan no hyɛɛ n’ahenie no ase.	nahenie no anni nnan mu ŋt͡ɕɪt͡ɕɛmu baako na jarɪɛ a ɛdɪ mpete no bɔɔ mu no ma owwi . ne wwo no de akodie ahʊrɔw bae mfe pii kosii sɛ nea osii nanan mu a one ad͡ʑeman prempeh a odikan no ɕɛɛ nahenie no ase .
Mavka (Kwae mu Nymph; Mmofra Ballet), 1964-1967, Belfast	mavka kʷae mu ɲmph , mmofra ballet , apem ahaŋkron adwosia nnan kosi apem ahaŋkron adwosia nson , belfast
Shai Hills Resource Reserve wɔ Tema–Akosombo kwan no ho. Ɛne Accra, Ghana ahenkurow no ntam kwan bɛyɛ kilomita 57 (35 mi) a ɛma ɛyɛ wuram mmoa a wɔkora wɔn so a ɛbɛn Accra sen biara.	shai hills reswurke reserve wɔ tema akosommo kʷan no ho . ɛnɪ akkra , ɡhana aheŋkurow no ntam kʷan bɛjɛ kilomita adwonum nson adwasa nnum mi a ɛma ɛjɛ wuram mmwa a wɔkʊra wɔn so a ɛbɛn akkra sen biara .
Wɔwoo Boafo wɔ December 30, 1946. Ɔfiri Akropong, kuro bi a ɛwɔ Ghana Apueeɛ mantam mu. Ɔyɛ Ghana Suapɔn no mu ade . Onyaa Bachelor of Law abodin krataa wɔ sukuupɔn no mu. Eyi sii afe 1969. Ɔsan nso yɛ adeɛ a ɛfiri Ghana School of Law a ɔkɔɔ ne mmara adesua so na ɔnyaa Bachelor of Law abodin krataa. Eyi nso sii afe 1970.	wɔwʊʊ bwafo wɔ dekemmer adwasa , apem ahaŋkron adwanan nsia . ɔfiri akropoŋ , kuro bi a ɛwɔ ɡhana apweeɛ mantam mu . ɔjɛ ɡhana swapɔn no mu ade . oɲaa bakhelor of law abodin krataa wɔ sukuupɔn no mu . eji sii afe apem ahaŋkron adwosia ŋkron . ɔsan nso jɛ adɪɛ a ɛfiri ɡhana skhool of law a ɔkɔɔ ne mmara adeswa so na ɔɲaa bakhelor of law abodin krataa . eji nso sii afe apem ahaŋkron adwɔsʊn .
MiCool wui wɔ nsɛnnennen a ɛfa mogya mmoroso ho wɔ Korle-Bu Nkyerɛkyerɛ Ayaresabea a ɛwɔ Accra wɔ June 10, 2020. MiCool nuabarima Robert kaa sɛ ɔyaree asram bi nanso nneɛma sɛee na wɔde no kɔɔ Ayaresabea hɔ ntɛm nanso owui bere a oduu hɔ no.	mikool wwi wɔ nsɛnnɪnnɪn a ɛfa mod͡ʑa mmoroso ho wɔ korle bu ŋt͡ɕɪrɛt͡ɕɪrɛ ajaresabea a ɛwɔ akkra wɔ june du , mpem mmienu adwonu . mikool nwabarima robert kaa sɛ ɔjarɪɪ asram bi nanso nnɪɛma sɛɪɪ na wɔdɪ no kɔɔ ajaresabea hɔ ntɛm nanso owwi bere a oduu hɔ no .
Wɔ afe 2017 mu no, Kuuire na ɔdii nkonim wɔ Portraits Ghana Photography Prize a Dutch Embassy a ɛwɔ Ghana ne Nuku Studio na wɔyɛeɛ no mu. Wɔ afe 2018 mu no, wɔpaw n’adwuma no kaa nnipa du a wɔdii kan awieɛ wɔ Ghana no mu maa Kuenyehia Art Prize for Contemporary Ghanaian Arts.	wɔ afe mpem mmienu du nson mu no , kuwire na ɔdii ŋkonim wɔ portraits ɡhana photoɡrapɕ prize a dutkh emmassj a ɛwɔ ɡhana ne nuku studio na wɔjɛɪɛ no mu . wɔ afe mpem mmienu du ŋʷɔt͡ɕʷɪ mu no , wɔpaw nad͡ʑʷuma no kaa nnipa du a wɔdii kan awieɛ wɔ ɡhana no mu maa kweɲehia art prize for kontemporarj ɡhanaian arts .
ɔsoom sɛ Ghana aban ananmusini a ɔwɔ Belgrade (Yugoslavia) wɔ adehyeman a ɛtɔ so mienu no m u	ɔsʊʊm sɛ ɡhana aban anammusini a ɔwɔ belɡrade juɡoslavia wɔ adeɕeman a ɛtɔ so mienu no m u
Bere a na ɔda so yɛ osuani no ɔyɛɛ adwuma wɔ nnwontofo kuw nnwuma pii mu. Nnwom kuw no bi ne "River of Sound" ne Irish Chamber Orchestra, a Evelyn Glennie ka ho. Ɔsan ne Britten Sinfonia, Milton Keynes City Orchestra ne Viva Chamber Nnwontofo Kuw ayɛ nnwom ho adwuma.	bere a na ɔ˩da˥ so jɛ oswani no ɔjɛɛ ad͡ʑʷuma wɔ nŋʷontofo kuw nŋʷuma pii mu . nŋʷom kuw no bi ne river of swund ne irish khammer orkhestra , a eveljn ɡlennie ka ho . ɔsan ne britten simfonia , milton kejnes kitj orkhestra ne viva khammer nŋʷontofo kuw ajɛ nŋʷom ho ad͡ʑʷuma .
Wɔwoo Vincent Odotei wɔ, afe Apem, Ahankron ne Aduosia-nwɔtwe(1968) wɔ Nkran. Ɔwɔ B.A firi Ghana Suapɔn ne Post Graduate Diploma a ɛfiri Graduate School of Business Suapɔn a ɛwɔ Strathclyde Scotland.	wɔwʊʊ vinkent odotei wɔ , afe apem , ahaŋkron ne adwosia ŋʷɔt͡ɕʷɪ apem ahaŋkron adwosia ŋʷɔt͡ɕʷɪ wɔ ŋkran . ɔwɔ b . a firi ɡhana swapɔn ne post ɡradwate diploma a ɛfiri ɡradwate skhool of business swapɔn a ɛwɔ strathkljde skotland .
Ɔbɔ sɛ mfinimfini bɔɔlbɔfo ma Huddersfield Town, Ghana ɔman bɔɔlbɔ kuw a wonnii mfe 17 ne Karlsruher SC II.	ɔbɔ sɛ mfinimfini bɔɔlbɔfʊ ma huddersfield town , ɡhana ɔman bɔɔlbɔ kuw a wonnii mfe du nson ne karlsruher sk mmienu .
Margosa nhaban no, wɔoma so wɔ India na wɔde gu nkongua mu na mmoawa annidi ntade no, na wɔde gu nkongua mu nso a wɔkora ɛmo ne awi wɔ hɔ. Wɔde nhwiren yi di dwuma wɔ India afahyɛ ahorow te sɛ Ugadi mu nso. Hwɛ ase hɔ: #Association with Hindu festivals in India.	marɡosa nhaban no , wwʊma so wɔ india na wɔdɪ ɡu ŋkoŋwa mu na mmwawa annidi ntade no , na wɔdɪ ɡu ŋkoŋwa mu nso a wɔkʊra ɛmʊ ne awi wɔ hɔ . wɔdɪ nɕʷiren ji di d͡ʑʷuma wɔ india afaɕɛ ahorow te sɛ uɡadi mu nso . ɕʷɛ ase hɔ , assokiation with hindu festivals in india .
Afrikafo a wobisabisaa wɔn nsɛm no mu bɛboro fa (57%) kae sɛ wɔn anaa nnipa a wonim wɔn no ayɛ nneɛma dedaw de ayɛ nsakrae wɔ nea wim nsakrae de ba no ho . Nneɛma a wɔayɛ yi bi ne sika a wɔde bɛto mfiri a wɔde sie nsuo mu de abrɛ ɔpɛ a ɛde ba no ase na wɔayi nsuo a ɛkɔ nsuo mu ansa na nsuyiri aba.	afrikafo a wobisabisaa wɔn nsɛm no mu bɛbʊrʊ fa ɔha mu ŋt͡ɕɪt͡ɕɛmu adwonum nson ka˩e˥ sɛ wɔn anaa nnipa a wonim wɔn no ajɛ nnɪɛma dedaw de ajɛ nsakrae wɔ nea wim nsakrae de ba no ho . nnɪɛma a wwajɛ ji bi ne sika a wɔdɪ bɛtʊ mfiri a wɔdɪ sie nswo mu de abrɛ ɔpɛ a ɛdɪ ba no ase na wwaji nswo a ɛkɔ nswo mu ansa na nsujiri aba .
Wɔmaa triamcinolone tumi krataa wɔ afe 1956 mu na wɔde dii dwuma wɔ aduroyɛ mu wɔ afe 1958 mu. Wobetumi anya bi sɛ aduro a wɔde yɛ nnuro a wɔde di dwuma wɔ kwan a ɛfata so. Wɔ afe 2021 mu no, na ɛyɛ nnuro a ɛtɔ so 104 a wɔtaa kyerɛ ma wɔ United States, na wɔkyerɛw bɛboro ɔpepem nsia.	wɔmaa triamkinolone tumi krataa wɔ afe apem ahaŋkron adwonum nsia mu na wɔdɪ dii d͡ʑʷuma wɔ adurojɛ mu wɔ afe apem ahaŋkron adwonum ŋʷɔt͡ɕʷɪ mu . wobetumi aɲa bi sɛ aduro a wɔdɪ jɛ nnuro a wɔdɪ di d͡ʑʷuma wɔ kʷan a ɛfata so . wɔ afe mpem mmienu adwonu baako mu no , na ɛjɛ nnuro a ɛtɔ so ɔha nnan a wɔtaa t͡ɕɪrɛ ma wɔ united states , na wɔt͡ɕɪrɛw bɛbʊrʊ ɔpɪpɪm nsia .
Carribbean Community (CARICOM), a wɔhyehyɛɛ no wɔ afe 1973 mu no yɛ aban ahordoɔ ntam ahyehyɛdeɛ a ɛyɛ amanyɔkuo ne sikasɛm mu nkabom a aman 15 a ɛwɔ Caribbean no nyinaa ka ho Ɛfirii afe 1995 mu no, na Caribbean aman a wɔka Borɔfo kasa no nkutoo na ɛwɔ hɔ, kosi sɛ wɔde Suriname (Dutch) kaa ho wɔ afe 1995 mu; Haiti ne aman foforo a wɔnka Borɔfo kasa abɛka ho .	karribbean kommunitj karikom , a wɔɕɪɕɛɛ no wɔ afe apem ahaŋkron adwɔsʊn mmiɛnsa mu no jɛ aban ahʊrdwɔ ntam aɕɪɕɛdɪɛ a ɛjɛ amaɲɔkwo ne sikasɛm mu ŋkabom a aman du nnum a ɛwɔ karibbean no ɲinaa ka ho ɛfirii afe apem ahaŋkron adwɔkrʊn nnum mu no , na karibbean aman a wɔka bʊrɔfʊ kasa no ŋkutoo na ɛwɔ hɔ , kosi sɛ wɔdɪ suriname dutkh kaa ho wɔ afe apem ahaŋkron adwɔkrʊn nnum mu , haiti ne aman foforo a wɔŋka bʊrɔfʊ kasa abɛka ho .
Enti sɛ obi san kɔ ne kurom a, ɛkyerɛ sɛ ɔresan asiesie n'asetra, na wayɛ onipa foforo, na wanya ne amammerɛ mu ahofadi. Ɛma mmusua ne nnipa nya awerɛkyekye ma wɔn nananom a wɔn wu no nyɛ nea ɛnteɛ na mmom ɛyɛ nea ɛmfata .	enti sɛ obi san kɔ ne kurom a , ɛt͡ɕɪrɛ sɛ ɔrɪsan asiesie nasetra , na wajɛ onipa foforo , na waɲa ne amammɪrɛ mu ahofadi . ɛma mmuswa ne nnipa ɲa awɪrɛt͡ɕɪt͡ɕɪ ma wɔn nananom a wɔn wu no ɲɛ nea ɛntɪɛ na mmom ɛjɛ nea ɛmfata .
Yɛwɔ Kwadwom mu ahodoɔ mmienu; Kumaman ne Ntiantiam.	jɛwɔ kʷad͡ʑʷom mu ahʊdwɔ mmienu , kumaman ne ntiantiam .
Wɔ Oforisuo 2017 mu no, wɔpaw Adeyemo sɛ ɔnyɛ ɔmanpanyin abadiakyiri a ɔhwɛ nhwehwɛmu, nnoɔma foforɔ ne akwankyerɛ fekubɔ so no adwumayɛbea foforɔ a wɔatew no.[15] Kane no, na ɔyɛ Mmoa Ho Ɔmanfo Akwahosan ne Aduruyɛ a Wɔde Siw Ano dwumadibea panyin.[16][17]	wɔ oforiswo mpem mmienu du nson mu no , wɔpaw adejemo sɛ ɔɲɛ ɔmampaɲin abadiat͡ɕiri a ɔɕʷɛ nɕʷɪɕʷɛmu , nnwɔma fʊfʊrɔ ne akʷaŋt͡ɕɪrɛ fekubɔ so no ad͡ʑʷumajɛbɪa fʊfʊrɔ a wwatɪw no . du nnum kane no , na ɔjɛ mmwa ho ɔmamfʊ akʷahosan ne adurujɛ a wɔdɪ siw ano d͡ʑʷumadibea paɲin . du nsia du nson
Abena yɛ dwontonyi a oepuei ndwom pii a, "Akomah" (2015ɔ, "Earth" (2019ɔ, "No Hit and Run" (2019ɔ na "No More Hate" (2021ɔ ka ho. Ɔayɛ edwuma dɛ model, ɔaba ndwom "Wake Up in the Sky" a Bruno Mars towee mu, Gucci Mane na Kodak Black, nso "El Anillo" a Jennifer Lopez towee mu.	abena jɛ d͡ʑʷontoɲi a wepwei nd͡ʑʷom pii a , akomah mpem mmienu du nnum ɔ , earth mpem mmienu du ŋkron ɔ , no hit and run mpem mmienu du ŋkron ɔ na no more hate mpem mmienu adwonu baako ɔ ka ho . wajɛ ed͡ʑʷuma dɛ model , waba nd͡ʑʷom wake up in the st͡ɕ a bruno mars towee mu , ɡukki mane na kodak blakk , nso el anillo a jennifer lopez towee mu .
Nsuka a Nsu Fa Mu Ma Wɔdze Gugu Nduadzewa Do (Irrigation)	nsuka a nsu fa mu ma wɔdzɪ ɡuɡu ndwadzewa do irriɡation
Wɔ Obiradzi afe 2010 mu no, na Annoh Ankama ka aban ananmusifo a wɔtuu kwan kɔɔ United Kingdom kɔhwehwɛɛ amanyɛsɛm mu nkɔmmɔdzi no ho. Ɔyaree wɔ akwantuo no mu na wɔdze no kɔɔ ayaresabea bi wɔ London, nanso owui ber a na ɔrenya ayaresa wɔ bosoom Ayɛwoho da a edzi kan (1). Wɔsan dze nye funu kɔɔ Ghana dɛ wɔrekɔsie no wɔ Dzifuu da a ɔtɔ do eduonu (20), na wɔsiee no ekyir wɔ saa bosoom no mu.	wɔ obiradzi afe mpem mmienu du mu no , na annoh aŋkama ka aban anammusifo a wɔtuu kʷan kɔɔ united kiŋdom kɔɕʷɪɕʷɛɛ amaɲɛsɛm mu ŋkɔmmɔdzi no ho . ɔjarɪɪ wɔ akʷantwo no mu na wɔdzɪ no kɔɔ ajaresabea bi wɔ london , nanso owwi ber a na ɔrɪɲa ajaresa wɔ bosoom ajɛwʊhʊ da˥ a edzi kan baako . wɔsan dze ɲe funu kɔɔ ɡhana dɛ wɔrɪkɔsie no wɔ dzifuu da˥ a ɔtɔ do edwonu adwonu , na wɔsiee no et͡ɕir wɔ saa bosoom no mu .
Wɔwoo Derrick Kantanka na wɔtsetsee no wɔ Ejisu, Kumase, wɔ Esuantse Mantɔw mu wɔ Ghana. Ɔkɔr KNUST Mpanyin Nsɔwdo Skuul.	wɔwʊʊ derrikk kantaŋka na wɔtsɪtsɪɪ no wɔ ejisu , kumase , wɔ eswantse mantɔw mu wɔ ɡhana . ɔkɔr knust mpaɲin nsɔwdʊ skuul .
Nna ɔka hɔn a wɔdze Northern Peoples' Party bɔbɔɔ adze a nna Chief S. D. Dombo, Chief Abeifa Karbo, Yakubu Tali, Tolon Naa, na J.A. Braimah, Kabachewura so ka ho.	nna ɔka hɔn a wɔdzɪ northern peoples partj bɔbɔɔ adze a nna khief s . d . dommo , khief abeifa karbo , jakubu tali , tolon naa , na ja . braimah , kabakhewura so ka ho .
Charles Bawaduah (wɔwoo no Esusow-Aketseaba 5, 1975) yɛ Ghana Lɔɔya na amanyɛnyi. Oesi Bongo Ambatowmpasoa a ɔwɔ Etsifi Boka Mantɔw mu dɛ hɔn mbrahyɛbaguanyi fir dɛ wɔtoow amba maa no wɔ 2024 Ghanafo Nyina Ambatow mu.	kharles bawadwah wɔwʊʊ no esusow aketseaba nnum , apem ahaŋkron adwɔsʊn nnum jɛ ɡhana lɔɔja na amaɲɛɲi . wesi boŋo ammatowmpaswa a ɔwɔ etsifi boka mantɔw mu dɛ hɔn mmraɕɛbaɡwaɲi fir dɛ wɔtʊʊw amma maa no wɔ mpem mmienu adwonu nnan ɡhanafo ɲina ammatow mu .
Abankeseso (6°17′N 1°51′W / 6.28ɛ°N 1.850°W / 6.28ɛ; -1.850) yɛ Kane Kuropɔn ma Denkyira wɔ afe 1960 no mu, a ɛnnɛ wɔfrɛ ne fa bi Ghana.	abaŋkeseso nsia du nson n baako adwonum baako w nsia at͡ɕiri pɔ adwonu ŋʷɔt͡ɕʷɪ ɛ n baako at͡ɕiri pɔ ŋʷɔt͡ɕʷɪ nnum ɕʷee w nsia at͡ɕiri pɔ adwonu ŋʷɔt͡ɕʷɪ ɛ , baako at͡ɕiri pɔ ŋʷɔt͡ɕʷɪ nnum ɕʷee jɛ kane kuropɔn ma deŋt͡ɕira wɔ afe apem ahaŋkron adwosia no mu , a ɛnnɛ wɔfrɛ ne fa bi ɡhana .
Upper East Region wɔ north-western nkyɛn baabi wɔ Ghana na ɛbɛn Burkina Faso de kɔ North ne Togo dekɔ East. Ɛwɔ longitude 0°ne 1°west ne latitude 10° 30'N ne 11°N ntam. Mantam no ne Burkina Faso a ɛkɔ North, Togo a ɛkɔ East, upper West Region a ɛkɔ west ne Northern Region a ɛwɔ South na ɛbɔ ahyeɛ. Wakyɛ upper East Region mu mansini du num, a emu biara district chief Executive na ɛda ano.	upper east reɡion wɔ north western ŋt͡ɕɛn baabi wɔ ɡhana na ɛbɛn burkina faso de kɔ north ne toɡo dɪkɔ east . ɛwɔ loŋitude ɕʷee ne baako west ne latitude du adwasa n ne du baako n ntam . mantam no ne burkina faso a ɛkɔ north , toɡo a ɛkɔ east , upper west reɡion a ɛkɔ west ne northern reɡion a ɛwɔ swuth na ɛbɔ aɕɪɛ . wat͡ɕɛ upper east reɡion mu mansini du num , a emu biara distrikt khief eksekutive na ɛda ano .
Gold Coast nyaa ne faahodie wɔ afe apem aha-nkron aduonum nson (1957) mu fii wɔn sodifoɔ a na wɔne United Kingdom no. Ɛno ma Ghana bɛyɛɛ ɔman a edin nkan nyaa ne fahondie wɔ abibirim mantam ha.	ɡold kwast ɲaa ne faahodie wɔ afe apem aha ŋkron adwonum nson apem ahaŋkron adwonum nson mu fii wɔn sodifwɔ a na wɔnɪ united kiŋdom no . ɛnʊ ma ɡhana bɛjɛɛ ɔman a edin ŋkan ɲaa ne fahondie wɔ abibirim mantam ha .
Anthony Yeboah (6/6/1966) ɛyɛ bɔɔlɔbɔ ni a ofri Ghana man mu. Wabo bɔɔl wo Hamburg ɛne England man mu. Ɔye Asanti nii ba a odi mu ɛwɔ Ghana.	anthoɲ jebwah nsia nsia apem ahaŋkron adwosia nsia ɛjɛ bɔɔlɔbɔ ni a ofri ɡhana man mu . wabo bɔɔl wo hammurɡ ɛnɪ eŋland man mu . ɔjɪ asanti nii ba a odi mu ɛwɔ ɡhana .
Marcel Desailly (Odenke Abbey) (7/9/1968) ɛyɛ bɔlobɔ nii a ofi France man mu. Wabɔ ball wɔ Tourcoing ɛne Qatar man mu.	markel desaillj odeŋke abbej nson ŋkron apem ahaŋkron adwosia ŋʷɔt͡ɕʷɪ ɛjɛ bɔlʊbɔ nii a ofi franke man mu . wabɔ ball wɔ twurkwiŋ ɛnɪ katar man mu .
Andriy Shevchenko (29/9/1976) yɛ balobo nii a ofi Ukraine (FC Dynamo Kyiv) man mu. Wabɔ ball wo Chelsea F.C. ɛne A.C. Milan man mu.	andrij shevkheŋko adwonu ŋkron ŋkron apem ahaŋkron adwɔsʊn nsia jɛ balobo nii a ofi ukraine fk djnamo t͡ɕiv man mu . wabɔ ball wo khelsea fk . ɛnɪ ak . milan man mu .
Wɔwoo Akua Donkor wɔ Ogyefoɔ bosome no, ne da a ɛtɔ so aduonu-nkron wɔ afe apem ahankron aduonum mmienu mu (29/02/1952) wɔ Afigya Kwabere Mansini a was Asante Mantam mu. Akua Donkor yɛ Okuani a kokoo ho dwuma na ɔdi no titire. Ɔnyɛ obi a wahyɛda anya sukuu mu adesua anaa nteteɛ biara	wɔwʊʊ akwa doŋkor wɔ ʊd͡ʑɪfwɔ bosome no , ne da˥ a ɛtɔ so adwonu ŋkron wɔ afe apem ahaŋkron adwonum mmienu mu adwonu ŋkron mmienu apem ahaŋkron adwonum mmienu wɔ afid͡ʑa kʷabere mansini a was asante mantam mu . akwa doŋkor jɛ okwani a kokoo ho d͡ʑʷuma na ɔdi no titire . ɔɲɛ obi a waɕɛda aɲa sukuu mu adeswa anaa ntɪtɪɛ biara
Mensah san baa Ghana wɔ afe apem aha aduosia (1961) bɛyɛɛ National Planning Commission daanonin.National Planning commission na ɛhyehyɛ san de deɛ yɛfrɛ no ɔman Seven-Year Development Plan (1963/64–1969/70). Afe apem 1969 na wɔyii no mmarahyɛni na ɔbɛyɛɛ fotosanfoɔ wɔ Busia aban mu kɔsii afe apem aha-nkron (1972) a Ignatius Kutu Acheampong sogya aban bɛsesaa no.	mensah san baa ɡhana wɔ afe apem aha adwosia apem ahaŋkron adwosia baako bɛjɛɛ national planniŋ kommission daanonin . national planniŋ kommission na ɛɕɪɕɛ san de dɪɛ jɛfrɛ no ɔman seven jear development plan apem ahaŋkron adwosia mmiɛnsa adwosia nnan kosi apem ahaŋkron adwosia ŋkron adwɔsʊn . afe apem apem ahaŋkron adwosia ŋkron na wɔjii no mmaraɕɛni na ɔbɛjɛɛ fʊtʊsamfwɔ wɔ busia aban mu kɔsii afe apem aha ŋkron apem ahaŋkron adwɔsʊn mmienu a iɡnatius kutu akheampoŋ sod͡ʑa aban bɛsɪsaa no .
Uetersen yε kuro a ɛwɔ Hamburgo, Gyaaman. Nippa beye mpem aduanan nwontwe na ewe nkawkaw (17.850) Yefre won kwawuh foo, 11.41 km².	wetersen jɛ kuro a ɛwɔ hammurɡo , d͡ʑaaman . nippa beje mpem adwanan ŋʷont͡ɕʷe na ewe ŋkawkaw du nson at͡ɕiri pɔ ŋʷɔt͡ɕʷɪ nnum ɕʷee jefre won kʷawuh foo , du baako at͡ɕiri pɔ adwanan baako kilomita ahinanan .
Agnes Monica (Agnes Monica Muljoto) (01.07.1986) yε odwomtoni a ofi Indonesia man mu	aɡnes monika aɡnes monika muljoto baako . nson . apem ahaŋkron adwɔwɔt͡ɕʷɪ nsia jɛ od͡ʑʷomtoni a ofi indonesia man mu
Wɔ afe 2000 mu no,na nnipa a wɔwɔ Sweden no mu ɔha mu nkyekyem eduasa-mmienu (32%) awie suapɔn.	wɔ afe mpem mmienu mu no , na nnipa a wɔwɔ sweden no mu ɔha mu ŋt͡ɕet͡ɕem edwasa mmienu adwasa mmienu awie swapɔn .
mu. Sweden ne ɔman a ɛtɔ so nnan wɔ aman a wɔde akodeɛ kɔ dwaso paa wɔ wiase nyinaa. Kuadwuma ka GDP nhyehyeɛ no ho ɔha mu nkyekyemu mmienu (2%). Wei kyerɛ sɛ kuadwuma nso boa ɔman no sikasɛm paa na ɛsan ma temanmufoɔ no nya adwuma yɛ. Sweden ka aman a wɔde telephone ne intanɛt di dwuma paa wɔ wiase no ho.	mu . sweden ne ɔman a ɛtɔ so nnan wɔ aman a wɔdɪ akʊdɪɛ kɔ d͡ʑʷaso paa wɔ wiase ɲinaa . kwad͡ʑʷuma ka ɡdp nɕɪɕɪɛ no ho ɔha mu ŋt͡ɕet͡ɕemu mmienu mmienu . wei t͡ɕɪrɛ sɛ kwad͡ʑʷuma nso bwa ɔman no sikasɛm paa na ɛsan ma temammufwɔ no ɲa ad͡ʑʷuma jɛ . sweden ka aman a wɔdɪ telephone ne intanɛt di d͡ʑʷuma paa wɔ wiase no ho .
Dr. Limann hyɛɛ adwumase sɛ manpanyin wɔ September da ɛtɔ so 24, afe 1979. Na ɔyɛ obi ne ntotoe fa sikasem no yɛ nea ɛyɛ kakra na na ɔgye kabi ma menka bi amambuo ne nhyehyei a ɛfa Abibiman ho no tom. Rawlings de abantuguo tuu no wɔ December da ɛtɔ so 31, afe 1981 mu. Eyi ma no bɛyɛɛ manpanyin koro wo adehyeman a ɛtɔ so miɛnsa no mu.	dr . limann ɕɛɛ ad͡ʑʷumase sɛ mampaɲin wɔ septemmer da˥ ɛtɔ so adwonu nnan , afe apem ahaŋkron adwɔsʊn ŋkron . na ɔjɛ obi ne ntotwe fa sikasem no jɛ nea ɛjɛ kakra na na ɔd͡ʑɪ kabi ma meŋka bi amammwo ne nɕeɕei a ɛfa abibiman ho no tom . rawliŋs de abantuɡwo tuu no wɔ dekemmer da˥ ɛtɔ so adwasa baako , afe apem ahaŋkron adwɔwɔt͡ɕʷɪ baako mu . eji ma no bɛjɛɛ mampaɲin koro wo adeɕeman a ɛtɔ so miɛnsa no mu .
Wɔ afe 1992 bre a na PND saraafo aban no baa n’awie no, Dr. Liman san de no ho hyɛɛ amnyɔsɛm mu ma no kogyinaa wɔ amnyɔkuo People’s National Conventions din mu wɔ manpanyin abatoɔ no mu. Ɔtɔɔ so miɛnsa bre a onyaa mma no mu ɔha mu nkyekyɛmu 6.7. Ɔkɔɔ so de ne ho hyɛɛ amnyɔsem na na ɔda so wɔ Nkrumah Nyehyei mu gyedie.	wɔ afe apem ahaŋkron adwɔkrʊn mmienu bre a na pnd saraafo aban no baa nawie no , dr . liman san de no ho ɕɛɛ amɲɔsɛm mu ma no kod͡ʑinaa wɔ amɲɔkwo people s national konventions din mu wɔ mampaɲin abatwɔ no mu . ɔtɔɔ so miɛnsa bre a oɲaa mma no mu ɔha mu ŋt͡ɕɪt͡ɕɛmu nsia . nson . ɔkɔɔ so de ne ho ɕɛɛ amɲɔsɪm na na ɔ˩da˥ so wɔ ŋkrumah ɲeɕei mu d͡ʑedie .
Kumase: (Oseikrom) yɛ Ghana kuro kɛseɛ a ɛso sene Ghana nkuro nyinaa gyesɛ Nkran. Nnipa a ɛwɔ Kumase bɛyɛ ɔpepepem mmuebsa (3,000,000).	kumase , oseikrom jɛ ɡhana kuro kɛsɪɛ a ɛsʊ sene ɡhana ŋkuro ɲinaa d͡ʑɪsɛ ŋkran . nnipa a ɛwɔ kumase bɛjɛ ɔpɪpɪpɪm mmwebsa mpepem mmiɛnsa .
Wɔwoo Huang Xianfan afe 1934. Ɔsuaa ade wɔ1908 - 1916: Qusi School ;1917 - 1921: Qujiu Middle School ;1922 - 1926: Guangxi Third Normal college（Historical Science）;1926 - 1935: Beijing Normal University （BA Diploma in History）; 1935 - 1937:Tokyo Imperial University（MT Diploma in History）.	wɔwʊʊ hwaŋ ziamfan afe apem ahaŋkron adwasa nnan . ɔswaa ade wɔ apem ahaŋkron ŋʷɔt͡ɕʷɪ apem ahaŋkron du nsia , kusi skhool , apem ahaŋkron du nson kosi apem ahaŋkron adwonu baako , kujiu middle skhool , apem ahaŋkron adwonu mmienu kosi apem ahaŋkron adwonu nsia , ɡwaŋksi third normal kolleɡe historikal skienke , apem ahaŋkron adwonu nsia kosi apem ahaŋkron adwasa nnum , beijiŋ normal universitj ba diploma in historj , apem ahaŋkron adwasa nnum kosi apem ahaŋkron adwasa nson , tot͡ɕo imperial universitj mt diploma in historj .
Wiase Ko II akyi no, saa ahyɛde ahorow yi bɛyɛɛ UN Trust Asasesin ahorow. Nnipa a wɔte Britania Togoland too aba sɛ wɔbɛka Gold Coast ho sɛ Ghana man a ɛde ne ho no fa wɔ afe 1957. Franse Togoland bɛyɛɛ ɔman a ɛwɔ ahofadi wɔ Franse Nkabom no mu wɔ afe 1959 mu, bere a France kuraa hokwan sɛ ɛhwɛ ahobammɔ, amannɔne abusuabɔ, ne sikasɛm so.	wiase ko mmienu at͡ɕi no , saa aɕɛdɪ ahorow ji bɛjɛɛ un trust asasesin ahorow . nnipa a wɔtɪ britania toɡoland too aba sɛ wɔbɛka ɡold kwast ho sɛ ɡhana man a ɛdɪ ne ho no fa wɔ afe apem ahaŋkron adwonum nson . franse toɡoland bɛjɛɛ ɔman a ɛwɔ ahofadi wɔ franse ŋkabom no mu wɔ afe apem ahaŋkron adwonum ŋkron mu , bere a franke kuraa hokʷan sɛ ɛɕʷɛ ahʊbammɔ , amannɔnɪ abuswabɔ , ne sikasɛm so .
1. Ahyeasee no na asem no woho, na asem no ne Onyankopon na ɛwɔ ho. Na asem no ye Onyankopon.	baako . aɕeasee no na asem no woho , na asem no ne oɲaŋkopon na ɛwɔ ho . na asem no je oɲaŋkopon .
Ɔbenem bosome da a ɛtɔ so nsia afe apem ahankron ne aduonum nson no, Sika Mpoano mpanimfoɔ no bɛnyaa wɔn fahodie sɛ ɔman Ghana.	ɔbɪnɪm bosome da˥ a ɛtɔ so nsia afe apem ahaŋkron ne adwonum nson no , sika mpwano mpanimfwɔ no bɛɲaa wɔn fahodie sɛ ɔman ɡhana .
The international standard ISO 8601 ka sɛ Memeneda yɛ da ɛtɔ so asia wɔ nnawɔtwe no mu, nanso Kristo som, Yudafo som ne Kramofuo som (The three Abrahamic religions) gyina wɔn nkyerɛkyerɛ so ka sɛ Memeneda yɛ da ɛtɔ so ason wɔ nnawɔtwe no mu. Eyi nti nipa dodow no ara agye atom sɛ Memeneda yɛ da ɛtɔ so ason wɔ yɛn nnawɔtwe no mu.	the international standard iso mpem ŋʷɔt͡ɕʷɪ ahansia baako ka sɛ memeneda jɛ da˥ ɛtɔ so asia wɔ nnawɔt͡ɕʷɪ no mu , nanso kristo som , judafo som ne kramofwo som the three abrahamik reliɡions d͡ʑina wɔn ŋt͡ɕɪrɛt͡ɕɪrɛ so ka sɛ memeneda jɛ da˥ ɛtɔ so ason wɔ nnawɔt͡ɕʷɪ no mu . eji nti nipa dodow no ara ad͡ʑe atom sɛ memeneda jɛ da˥ ɛtɔ so ason wɔ jɛn nnawɔt͡ɕʷɪ no mu .
San Martino Siccomario yε kuro kεseε a ɛwɔ Pavia, Italy wɔ Lombardy mantam, a ɛwɔ Milan borɔfo kwansin bɛyɛ aduasa num(35km) ne borɔfo kwansin nan(4km) de kɔ Pavia. Seisei ɛka mɛtropɔtitan a ɛwɔ Pavia. San Martino Siccomario ne mansini adantam a ɛdidisoɔ yi na ɛbɔ hyeɛ: Carbonara am Ticino, Cava Manara, Pavia, Travacò Siccomario.	san martino sikkomario jɛ kuro kɛsɪɛ a ɛwɔ pavia , italj wɔ lommardj mantam , a ɛwɔ milan bʊrɔfʊ kʷansin bɛjɛ adwasa num adwasa nnum kilomita ne bʊrɔfʊ kʷansin nan nnan kilomita de kɔ pavia . seisei ɛka mɛtrʊpɔtitan a ɛwɔ pavia . san martino sikkomario ne mansini adantam a ɛdidiswɔ ji na ɛbɔ ɕɪɛ , karbonara am tikino , kava manara , pavia , travako sikkomario .
Senna Lodigiana() (Lodigiana:sèna) yε kuro kεseε a ɛwɔ Lodi, Italy mantam Lombardy mu a ɛwɔ bɛyɛ borɔfo kwansin aduonum(50km) (31mi) anaafoɔ apueɛ fam wɔ Milan ne bɛyɛ borɔfo kwansin aduonu (20km) (12mi) anaafoɔ apueɛ fam wɔ Lodi. Passum Padi, beaɛ a Hia Fracigena twam wɔ Po nsuo nom, nso ka mantam no ahennie no ho.	senna lodiɡiana lodiɡiana , sena jɛ kuro kɛsɪɛ a ɛwɔ lodi , italj mantam lommardj mu a ɛwɔ bɛjɛ bʊrɔfʊ kʷansin adwonum adwonum kilomita adwasa baako mi anaafwɔ apweɛ fam wɔ milan ne bɛjɛ bʊrɔfʊ kʷansin adwonu adwonu kilomita du mmienu mi anaafwɔ apweɛ fam wɔ lodi . passum padi , bɪaɛ a hia frakiɡena t͡ɕʷam wɔ po nswo no˥m , nso ka mantam no ahennie no ho .
Nipakan a adi kan wɔ Sapporo no wɔyɛɛ no wɔ 1873, berɛ ɛ mmusua ahanson ne aduonum mmiɛnsa (753) a wɔn dodoɔ yɛ apem, ahanson ne aduowɔtwe num (1,785) na wɔnyaa wɔ kuro no mu. Kuro no wɔ nnipa dodoɔ bɛyɛ 1,957,914 wɔ Kontonimaa bosome no ne da a ɛtɔ so aduasa-baako wɔ mfeɛ mpem mmienu ne dunkron (2019). Beaeɛ no dodoɔ yɛ 1,121.26 km² (432.92 sq mi).	nipakan a adi kan wɔ sapporo no wɔjɛɛ no wɔ apem ahaŋʷɔt͡ɕʷɪ adwɔsʊn mmiɛnsa , bɪrɛ ɛ mmuswa ahanson ne adwonum mmiɛnsa ahanson adwonum mmiɛnsa a wɔn dʊdwɔ jɛ apem , ahanson ne adwowɔt͡ɕʷɪ num apem ahanson adwɔwɔt͡ɕʷɪ nnum na wɔɲaa wɔ kuro no mu . kuro no wɔ nnipa dʊdwɔ bɛjɛ ɔpɪpɪm mpem ahaŋkron adwonum nson ahaŋkron du nnan wɔ kontonimaa bosome no ne da˥ a ɛtɔ so adwasa baako wɔ mfɪɛ mpem mmienu ne duŋkron mpem mmienu du ŋkron . bɪaɪɛ no dʊdwɔ jɛ apem ɔha adwonu baako at͡ɕiri pɔ adwonu nsia kilomita ahinanan ahanan adwasa mmienu at͡ɕiri pɔ adwɔkrʊn mmienu sk mi .
Rudolf Lavorenz: Uetersen, ISBN 3-89702-541-8 (de)	rudolf lavorenz , wetersen , isbn mmiɛnsa mpem adwɔwɔt͡ɕʷɪ ŋkron ahanson mmienu ahanum adwanan baako ŋʷɔt͡ɕʷɪ de
Elsa Plath-Langheinrich: Als Goethe nach Uetersen schrieb ISBN 3-529-02695-6 (de)	elsa plath laŋheinrikh , als ɡwethe nakh wetersen skhrieb isbn mmiɛnsa ahanum adwonu ŋkron mpem mmienu ahansia adwɔkrʊn nnum nsia de
Goethes Briefe ins holsteinische Kloster Uetersen ISBN 3-529-02682-4 (de)	ɡwethes briefe ins holsteiniskhe kloster wetersen isbn mmiɛnsa ahanum adwonu ŋkron mpem mmienu ahansia adwɔwɔt͡ɕʷɪ mmienu nnan de
Michael Schubert: Uetersen zwischen Marsch und Geest (1998) ISBN 3-86134-773-3 (de)	mikhael skhubert , wetersen zwiskhen marskh und ɡeest apem ahaŋkron adwɔkrʊn ŋʷɔt͡ɕʷɪ isbn mmiɛnsa mpem adwɔwɔt͡ɕʷɪ nsia ɔha adwasa nnan ahanson adwɔsʊn mmiɛnsa mmiɛnsa de
John of Bohemia (1296–1346), na wɔfrɛ no onifrani John, ɔdii ɔhene firi afe apem ahasa ne du( 1310)	john of bohemia apem ahanu adwɔkrʊn nsia kosi apem ahasa adwanan nsia , na wɔfrɛ no onifrani john , ɔdii ɔhɪnɪ firi afe apem ahasa ne du apem ahasa du
ENAC Akɔnhoma sika wɔ afe mpem mmienu ne du baako (2011) mu no yɛ €126 million, a akɔ soro ɔha mu nkyekyɛmu aduosia baako (61%) sɛ wode toto afe mpem mmienu ne du (2010) Akɔnhoma sika no ho a. Yei firi sukuu ne ka a ɔne SEFA foɔ kaa wɔn ho bɔɔ mu no ntira, na na €102 million EU subsidy nso ka ho.	enak akɔnhʊma sika wɔ afe mpem mmienu ne du baako mpem mmienu du baako mu no jɛ ɔha adwonu nsia million , a akɔ soro ɔha mu ŋt͡ɕɪt͡ɕɛmu adwosia baako adwosia baako sɛ wode toto afe mpem mmienu ne du mpem mmienu du akɔnhʊma sika no ho a . jei firi sukuu ne ka a ɔnɪ sefa fwɔ kaa wɔn ho bɔɔ mu no ntira , na na ɔha mmienu million eu subsidj nso ka ho .
Saa dwumadie ne boɔ bɛyɛ Amerika sika $300 ɔpepee, wei bɛma wiemuhyɛn gyinabea yi a yɛ abɛfo afei nso bɛbia ye didi ne dwadie bea nyinaa bɛba abɛka ho.	saa d͡ʑʷumadie ne bwɔ bɛjɛ amerika sika dɔla ahasa ɔpɪpɪɪ , wei bɛma wiemuɕɛn d͡ʑinabea ji a jɛ abɛfʊ afei nso bɛbia je didi ne d͡ʑʷadie bea ɲinaa bɛba abɛka ho .
Nana yɛ edin a Akanfoɔ de frɛ ɔhene, obi a ɔhwɛ kuro so na ɔdi anim. Bio nso, yɛtumi de frɛ yɛn awofonom agya ne ɛna. Sɛ ebia, me maame na yɛ me nana a ɔyɛ ɔbaa (Nanabaa) ɛna me maame agya nso yɛ me nana a ɔyɛ barima (Nanabarima).	nana jɛ edin a akamfwɔ de frɛ ɔhɪnɪ , obi a ɔɕʷɛ kuro so na ɔdi anim . bio nso , jɛtumi de frɛ jɛn awofonom ad͡ʑa ne ɛna . sɛ ebia , me maame na jɛ me nana a ɔjɛ ɔbaa nanabaa ɛna me maame ad͡ʑa nso jɛ me nana a ɔjɛ barima nanabarima .
Twi a yɛka daadaa no nteaseɛ nyɛ na. Ɛno akyiri no, yɛwɔ abɛbuo ne kasakoa ahoroɔ a ɛwɔ sɛ obi de n'adwene kɔ akyiri ansa na w'ate aseɛ. Wopɛ sɛ woka obi anim asɛm wɔ mmerɛ a wompɛ sɛ wofom no a, wobu no bɛ. Nti na mpanimfoɔ bu bɛ bi sɛ: "ɔba nyansafoɔ, yɛbu no bɛ, na yɛnnka no asɛm".	t͡ɕʷi a jɛka daadaa no ntɪasɪɛ ɲɛ na . ɛnʊ at͡ɕiri no , jɛwɔ abɛbwo ne kasakwa ahʊrwɔ a ɛwɔ sɛ obi de nad͡ʑʷene kɔ at͡ɕiri ansa na wate asɪɛ . wʊpɛ sɛ woka obi anim a˩sɛ˩m wɔ mmɪrɛ a wʊmpɛ sɛ wofom no a , wobu no bɛ . nti na mpanimfwɔ bu bɛ bi sɛ , ɔba ɲansafwɔ , jɛbu no bɛ , na jɛnŋka no a˩sɛ˩m .
Akanfoɔ de Akan edin nhyehyeɛ a ɛsɛ de dikan ma abɔfra a yawo no foforoɔ, wɔhwɛ ɛda a wɔde woo abofra no wɔ nawɔtwe da no mu. Abusua ne Ntɔn dodoɔ a ɛwɔ Ghana wɔ amammerɛ a ɛsesɛ.	akamfwɔ de akan edin nɕɪɕɪɛ a ɛsɛ de dikan ma abɔfra a jawo no fʊfʊrwɔ , wɔɕʷɛ ɛda a wɔdɪ woo abofra no wɔ nawɔt͡ɕʷɪ da˥ no mu . abuswa ne ntɔn dʊdwɔ a ɛwɔ ɡhana wɔ amammɪrɛ a ɛsɪsɛ .
Tete merε bi na כbofoכ bi ne ne yere te akuraa fεfεεfε bi ase. Na wכn wo biribiara a wכn hia. Nanso na wכn nni ɛba ɛno nti, nna wɔn aningye koraa.	tete mɪrɛ bi na ɔbʊfwɔ bi ne ne jere te akuraa fɛfɛɛfɛ bi ase . na wɔn wo biribiara a wɔn hia . nanso na wɔn nni ɛba ɛnʊ nti , nna wɔn aniŋje koraa .
Neε enti a nsamanfoכ εmma nipa nkyεn bio	nɪɛ enti a nsamamfwɔ ɛmma nipa ŋt͡ɕɛn bio
Wɔn mpaeε a wɔnbכ ne sε Nyame bɛma wכn εba baa. Mfie beberee bɛtwaamu na wɔnnya ɛba. Ɛno nti anɔpa, awia, anyumerɛ ne anadwo nyinaa na wɔn mpaeε a ne sε wɔbenya ɛba.	wɔn mpaɪɛ a wɔmmɔ ne sɛ ɲame bɛma wɔn ɛba baa . mfie beberee bɛt͡ɕʷaamu na wɔnɲa ɛba . ɛnʊ nti anɔpa , awia , aɲumerɛ ne anad͡ʑʷo ɲinaa na wɔn mpaɪɛ a ne sɛ wɔbɪɲa ɛba .
Saa asεm yi haa כbofoכ ne ne yere pii, ɛnkenka כbaa no εfiri sε na εmaa wכn wכ akuraa no ase no sere no di no ho fε sε כyε bonini anaa sε כyɛ bayifoכ.	saa a˩sɛ˩m ji haa ɔbʊfwɔ ne ne jere pii , ɛŋkɪŋka ɔbaa no ɛfiri sɛ na ɛmaa wɔn wɔ akuraa no ase no sere no di no ho fɛ sɛ ɔjɛ bonini anaa sɛ ɔjɛ bajifwɔ .
Eduru mmerε bi na sε כrekכ nsuo mpo a na nkwadaa εretoto aboכ bo no, huru no sɛ כyɛ bayifoɔ.	eduru mmɪrɛ bi na sɛ ɔrɪkɔ nswo mpo a na ŋkʷadaa ɛrɪtʊtʊ abwɔ bo no , huru no sɛ ɔjɛ bajifwɔ .
Na n'asεm yɛ ne kunu no mɔbɔ enso na ɔnnim εkwan biara a כbεfa so aboa ne yere no.	na nasɛm jɛ ne kunu no mɔbɔ enso na ɔnnim ɛkʷan biara a ɔbɛfa so abwa ne jere no .
Da koro bi deε ɔbaa yi nyinsɛneɛ. Ɔbaa yi ne ne kunu anigyee paa. Ɔbɔfoכ yi hyεε aseε sɛ כreboaboa ne ho apε aduane ne εnam agu hɔ akɔsi sε ne yere no bɛwoכ. Eno nti ɔkככ ɔhayo na ɔnyaa εnam beberee, כtwe, adowa, akranteε ɛne adwene.	da˥ koro bi dɪɛ ɔbaa ji ɲinsɛnɪɛ . ɔbaa ji ne ne kunu anid͡ʑee paa . ɔbɔfwɔ ji ɕɛɛ asɪɛ sɛ ɔrɪbwabwa ne ho apɛ adwane ne ɛnam aɡu hɔ akɔsi sɛ ne jere no bɛwwɔ . eno nti ɔkɔɔ ɔhajʊ na ɔɲaa ɛnam beberee , ɔt͡ɕʷɪ , adowa , akrantɪɛ ɛnɪ ad͡ʑʷene .
Nsɛm a ɛwɔ saa atwerɛwsɛm yi mu . Wobɛtumi [//tw.wikipedia.org/w/index.php?title=Albuk%C9%9B%C9%9Bki&action=edit di bi aka ho] aboa Wikipedia.	nsɛm a ɛwɔ saa at͡ɕʷɪrɛwsɛm ji mu . wʊbɛtumi t͡ɕʷ . wikipedia . orɡ w indeks . php ? title albuk kɔha mu ŋt͡ɕɪt͡ɕɛmu adwɔkrʊn ŋkron b kɔha mu ŋt͡ɕɪt͡ɕɛmu adwɔkrʊn ŋkron bki ne aktion edit di bi aka ho abwa wikipedia .
Mita 100 – 11.43 (+0.2 m/s) (Cape Mpoano 2016) Ɔde ne nsa kyerɛɛ ne so.	mita ɔha du baako at͡ɕiri pɔ adwanan mmiɛnsa ɕʷee at͡ɕiri pɔ mmienu m s kape mpwano mpem mmienu du nsia ɔdɪ ne nsa t͡ɕɪrɛɛ ne so .
Mita 200 – 24.21 (+1.2 m/s) (Princeton 2014) Ɔde ne nsa kyerɛɛ ne so.	mita ahanu adwonu nnan at͡ɕiri pɔ adwonu baako baako at͡ɕiri pɔ mmienu m s prinketon mpem mmienu du nnan ɔdɪ ne nsa t͡ɕɪrɛɛ ne so .
Wɔ afeha a ɛto so 7-9 mu no, Apuei Fam Slav mmusuakuw bɛtraa ha, na wɔn mu binom tu fii nnɛyi Ukraine asasesin mu kɔɔ nnɛyi Russia atɔe fam. Wɔ Mfinimfini Mmere no mu no, na aman abien yi nsase wɔ ɔman biako ase, na ne kurow titiriw ne Kiev. Wɔ afeha a ɛto so 12 mu no, Kievan man no fii ase paapaee yɛɛ no ​​ahemman ahorow a ɛsono emu biara.	wɔ afeha a ɛtʊ so nson kosi ŋkron mu no , apwei fam slav mmuswakuw bɛtraa ha , na wɔn mu binom tu fii nnɛji ukraine asasesin mu kɔɔ nnɛji russia atwɪ fam . wɔ mfinimfini mmere no mu no , na aman abien ji nsase wɔ ɔman biako ase , na ne kurow titiriw ne kiev . wɔ afeha a ɛtʊ so du mmienu mu no , kievan man no fii ase paapaee jɛɛ no ahemman ahorow a ɛsʊnʊ emu biara .
Saint-Étienne (sɛdeɛ frenchfoɔ frɛ no : ​[sɛ̃t‿etjɛn]; Arpitan: Sant-Etiève; Occitan: Sant Estève, [ˈsantesˈtɛβe]; broɔfo: Saint Stephen)() yε kuro kεseε a ɛwɔ France mfimfini apueɛ, wɔ Massif Central ɛde broɔfo kwansin aduosia kɔ Lyon anaafoɔ atɔeɛ famm a ɛwɔ Auvergne-Rhône-Alpes mantam, wɔ kwan a ɛka Toulouse ne Lyon bom. Saint-Étienne na ɛma Loire nkorabata yɛɛ fɛ.	saint etienne sɛdɪɛ frɪnkhfwɔ frɛ no , sɛ̃t ɪtjɛn , arpitan , sant etieve , okkitan , sant esteve , santes tɛssɪ , brwɔfʊ , saint stephen jɛ kuro kɛsɪɛ a ɛwɔ franke mfimfini apweɛ , wɔ massif kentral ɛdɪ brwɔfʊ kʷansin adwosia kɔ ljon anaafwɔ atwɪɛ famm a ɛwɔ auverɡne rhone alpes mantam , wɔ kʷan a ɛka twulwuse ne ljon bom . saint etienne na ɛma lwire ŋkorabata jɛɛ fɛ .
Afeha a ɛto so 1 mu Yudani abakɔsɛm kyerɛwfo Flavius ​​Josephus (Ant. 1.15) sii so dua sɛ wɔde Epher, Abraham banana sɛnea Gen. 25:4 kyerɛ no, a ɔkyerɛe sɛ n’asefo tow hyɛɛ Libya so no din.	afeha a ɛtʊ so baako mu judani abakɔsɛm t͡ɕɪrɛwfʊ flavius josephus ant . baako at͡ɕiri pɔ du nnum sii so dwa sɛ wɔdɪ epher , abraham banana sɛnɪa ɡen . adwonu nnum , nnan t͡ɕɪrɛ no , a ɔt͡ɕɪrɛɪ sɛ nasefo tow ɕɛɛ libja so no din .
Isidore a ofi Seville wɔ ne afeha a ɛto so 7 Etymologiae XIV.5.2. kyerɛ sɛ "Africa" ​​fi Latin kasa mu aprica, a ɛkyerɛ "owia bɔ".	isidore a ofi seville wɔ ne afeha a ɛtʊ so nson etjmoloɡiae du nnan . nnum . mmienu . t͡ɕɪrɛ sɛ afrika fi latin kasa mu aprika , a ɛt͡ɕɪrɛ owia bɔ .
John of Gaunt, 1st Duke of Lancaster ( wɔ afe apem ahasa ne aduanan dekɔ afe apem ahasa ne aduokron nkron(1340–1399), Edward III babarim a ɔtɔso mmiɛnsa, ɔhene a ɔwɔ England	john of ɡaunt , baako duke of lankaster wɔ afe apem ahasa ne adwanan dɪkɔ afe apem ahasa ne adwokron ŋkron apem ahasa adwanan kosi apem ahasa adwɔkrʊn ŋkron , ed͡ʑʷard mmiɛnsa babarim a ɔtɔsʊ mmiɛnsa , ɔhɪnɪ a ɔwɔ eŋland
Wɔ 1914 mu no, Ɔhempɔn Nicholas II baraa Taras Shevchenko, Ukraine anwensɛm kyerɛwfo bi a wagye din awo mfe 100 afahyɛ wɔ Russia Ahemman no mu .	wɔ apem ahaŋkron du nnan mu no , ɔhɪmpɔn nikholas mmienu baraa taras shevkheŋko , ukraine aŋʷɪnsɛm t͡ɕɪrɛwfʊ bi a wad͡ʑe din awo mfe ɔha afaɕɛ wɔ russia ahemman no mu .
Bre a wode dwuamdie a ɛde nneɛma hyɛ afoforo nsa no baa awie wɔ afe 1979 mu no, na asraafoko no mu fo bibi kekea sɛ kane AFRC mu fo no pe sɛ wotu aban gu. Dr. Liman koo so sii so dua sɛ, mmara mma ho kwan se woda so koraa wɔn so wɔ afiase wɔ kabi ma me nka bi amambuo mu. Saa nsɛm yi kaa n’anisoadehunu a ɛne manpanyin agua no, na afei animguase a ɔfaa mu wɔ Rawlings aban ase.	bre a wode d͡ʑʷwamdie a ɛdɪ nnɪɛma ɕɛ afoforo nsa no baa awie wɔ afe apem ahaŋkron adwɔsʊn ŋkron mu no , na asraafoko no mu fo bibi kekea sɛ kane afrk mu fo no pe sɛ wotu aban ɡu . dr . liman koo so sii so dwa sɛ , mmara mma ho kʷan se woda so koraa wɔn so wɔ afiase wɔ kabi ma me ŋka bi amammwo mu . saa nsɛm ji kaa naniswadehunu a ɛnɪ mampaɲin aɡwa no , na afei animɡwase a ɔfaa mu wɔ rawliŋs aban ase .
Brɔfo (English) yε kasa wɔ UK man mu. Nkrɔfɔ wɔ ati’ba america, africa, ireland, singapɔ, philipeans,australia, ɛna new zeeland so ka no.	brɔfʊ eŋlish jɛ kasa wɔ uk man mu . ŋkrɔfɔ wɔ ati ba amerika , afrika , ireland , siŋapɔ , philipeans , australia , ɛna new zeeland so ka no .
Ayaresabea: Kumase nso wɔ ayaresabea ahodoɔ a emu kɛseɛ no ne Ɔkɔmfo Anokye Ayaresabea. (KATH). Saa ayeresabea yi nso yɛ Kwame Nkrumah Suapɔn nkorabata a wɔde tete Adɔkotafoɔ Komfo Anokye Ayaresabea akyi no, ayaresabea nketewa bebree nso so wɔ Kumase mpatamu nso so a ɛboa hwɛ Yareɛ ahodoɔ pii.	ajaresabea , kumase nso wɔ ajaresabea ahʊdwɔ a emu kɛsɪɛ no ne ɔkɔmfʊ anot͡ɕe ajaresabea . kath . saa ajeresabea ji nso jɛ kʷame ŋkrumah swapɔn ŋkorabata a wɔdɪ tete adɔkʊtafwɔ komfo anot͡ɕe ajaresabea at͡ɕi no , ajaresabea ŋketewa bebree nso so wɔ kumase mpatamu nso so a ɛbwa ɕʷɛ jarɪɛ ahʊdwɔ pii .
Wɔ afe 2017 mu no, ɔsɔretia a wɔde tia aban no sɔree. UN kasa tiaa nhyɛso a ahobammɔ asraafo de bae no, na na ɛsɛ sɛ Gambia amannɔne nsɛm ho ɔsoafo, Ousainou Darboe, de nteɛso ma bere a ɔkae sɛ ɛsɛ sɛ Gnassingbé gyae adwuma no.	wɔ afe mpem mmienu du nson mu no , ɔsɔrɪtia a wɔdɪ tia aban no sɔrɪɪ . un kasa tiaa nɕɛsʊ a ahʊbammɔ asraafo de bae no , na na ɛsɛ sɛ ɡammia amannɔnɪ nsɛm ho ɔswafʊ , wusainwu darbwe , de ntɪɛsʊ ma bere a ɔkaɪ sɛ ɛsɛ sɛ ɡnassiŋme d͡ʑae ad͡ʑʷuma no .
Mpraeso yɛ kuro ne kurpɔn a ɛwɔ Kwahu anafo mpɛsoa so, mpesoa a ɛwɔ Apue Mantam mu wɔ Ghana, ɛda beae a ɛne latitude 367m wɔ kwahu Plateau a ɛne Lake Volta bɔ hyeɛ. Mpraeso wɔ nkoro nketewaa 2013 na nnipa dodoɔ a ɛwɔ hɔ no yɛ 11,190..	mpraeso jɛ kuro ne kurpɔn a ɛwɔ kʷahu anafo mpɛswa so , mpeswa a ɛwɔ apwe mantam mu wɔ ɡhana , ɛda beae a ɛnɪ latitude ahasa adwosia nson mita wɔ kʷahu plateau a ɛnɪ lake volta bɔ ɕɪɛ . mpraeso wɔ ŋkoro ŋketewaa mpem mmienu du mmiɛnsa na nnipa dʊdwɔ a ɛwɔ hɔ no jɛ mpem du baako ɔha adwɔkrʊn .
Tonga() (Puleʻanga Fakatuʻi ʻo Tonga) yε ɔman. Ɛmu nipa dodoɔ yɛ bɛyɛ 106.398 wɔ afe mpem mmeinu ɔhan du nwɔtwe (2018).	toŋa pule aŋa fakatu i o toŋa jɛ ɔman . ɛmu nipa dʊdwɔ jɛ bɛjɛ ɔha nsia at͡ɕiri pɔ mmiɛnsa ŋkron ŋʷɔt͡ɕʷɪ wɔ afe mpem mmeinu ɔhan du ŋʷɔt͡ɕʷɪ mpem mmienu du ŋʷɔt͡ɕʷɪ .
Andorra (Principat d'Andorra) yε ɔman. Andorra ahenkuro ne Andorra la Vella. Emu nipa dodoɔ yɛ 85.708 (2018).	andorra prinkipat d andorra jɛ ɔman . andorra aheŋkuro ne andorra la vella . emu nipa dʊdwɔ jɛ adwɔwɔt͡ɕʷɪ nnum at͡ɕiri pɔ nson ɕʷee ŋʷɔt͡ɕʷɪ mpem mmienu du ŋʷɔt͡ɕʷɪ .
Mario Beccaria (1920-2003), tetenani firi afe apem ahankron ne aduosia dekɔ afe apem ahankron ne aduosia nan (1960- 1964 )ne amanyɔni ma Democrazia Cristiana, ekuoba ma Italian Chamber of Deputies firi afe apem ahankron ne aduosia nnwɔtwe dekɔ afe apem ahankron ne aduoson nsia(1968 -1976)	mario bekkaria apem ahaŋkron adwonu kosi mpem mmienu mmiɛnsa , tetenani firi afe apem ahaŋkron ne adwosia dɪkɔ afe apem ahaŋkron ne adwosia nan apem ahaŋkron adwosia kosi apem ahaŋkron adwosia nnan ne amaɲɔni ma demokrazia kristiana , ekwoba ma italian khammer of deputies firi afe apem ahaŋkron ne adwosia nŋʷɔt͡ɕʷɪ dɪkɔ afe apem ahaŋkron ne adwoson nsia apem ahaŋkron adwosia ŋʷɔt͡ɕʷɪ kosi apem ahaŋkron adwɔsʊn nsia
Fa nkontomire no gu dadesɛn mu, na mako, nusuo nekwansesaawa gu so, kata so ma no nhuru beye sima 5 -8 .	fa ŋkontomire no ɡu dadɪsɛn mu , na mako , nuswo nekʷansesaawa ɡu so , kata so ma no nhuru beje sima nnum kosi ŋʷɔt͡ɕʷɪ .
Musah yɛ Ghanani amanyɔni a ɔsom sɛ mmarahyɛbadwani ma Ɔmanfoɔ a ɔwɔ Asokwa East abatoɔ mpasoa so wɔ Asante mantam mu firi afe apem ahankron aduokron nson kɔ pem afe mpem mmienu ne baako mu(1997 -2001).	musah jɛ ɡhanani amaɲɔni a ɔsʊm sɛ mmaraɕɛbad͡ʑʷani ma ɔmamfwɔ a ɔwɔ asokʷa east abatwɔ mpaswa so wɔ asante mantam mu firi afe apem ahaŋkron adwokron nson kɔ pem afe mpem mmienu ne baako mu apem ahaŋkron adwɔkrʊn nson kosi mpem mmienu baako .
Dr. Quarshie dii akonwa mpresa firi 1992 -2000 kɔpem sɛ ɔdii nkoguo wɔ afe mpem mmienu ne nnan (2004) wɔn amanyɔkuo abatoɔ mu.	dr . kwarshie dii akoŋʷa mpresa firi apem ahaŋkron adwɔkrʊn mmienu kosi mpem mmienu kɔpɪm sɛ ɔdii ŋkoɡwo wɔ afe mpem mmienu ne nnan mpem mmienu nnan wɔn amaɲɔkwo abatwɔ mu .
John a ɛwɔ England (firi afe apem ɔha ne aduosia nsia dekɔ afe apem ahanu ne du nsia(1166–1216), ɔhene na ɔsane yɛ Richard I nuabarima ketewa	john a ɛwɔ eŋland firi afe apem ɔha ne adwosia nsia dɪkɔ afe apem ahanu ne du nsia apem ɔha adwosia nsia kosi apem ahanu du nsia , ɔhɪnɪ na ɔsanɪ jɛ rikhard i nwabarima ketewa
Infante John, Duke of Viseu( afe apem ahanan ne aduanan nnwɔtwe dekɔ afe apem ahanan ne aduoson mmienu (1448–1472), 3rd Duke of Viseu, 2nd Duke of Beja, King Manuel I's nua barima a ɔyɛ panin.	imfante john , duke of viseu afe apem ahanan ne adwanan nŋʷɔt͡ɕʷɪ dɪkɔ afe apem ahanan ne adwoson mmienu apem ahanan adwanan ŋʷɔt͡ɕʷɪ kosi apem ahanan adwɔsʊn mmienu , mmiɛnsa duke of viseu , mmienu duke of beja , kiŋ manwel i s nwa barima a ɔjɛ panin .
John (nephew of Vitalian), a Byzantine general wɔ Justinian I pɛn so	john nephew of vitalian , a bjzantine ɡeneral wɔ justinian i pɛn so
Prince John a ɔwɔ United Kingdom (firi afe apem ahankron ne num dekɔ afe apem ahankron ne du nkron(1905–1919), prince a ɔwɔ United Kingdom, George V babarima a ɛtwatoɔ.	prinke john a ɔwɔ united kiŋdom firi afe apem ahaŋkron ne num dɪkɔ afe apem ahaŋkron ne du ŋkron apem ahaŋkron nnum kosi apem ahaŋkron du ŋkron , prinke a ɔwɔ united kiŋdom , ɡeorɡe v babarima a ɛt͡ɕʷatwɔ .
Picard Supɔw (a wɔsan frɛ no West Island ) yɛ supɔw bi a ɛwɔ Seychelles. Ɛyɛ supɔw a ɛtɔ so abiɛsa a ɛso sen biara wɔ Aldabra Atoll so wɔ Aldabra Nsupɔw Kuw no mu, na ɛwɔ ɔman no ahenkurow Victoria anafo fam atɔe kilomita 1150 . Supɔw no kɛse yɛ 9.29 km² na ɛwɔ hɔ.	pikard supɔw a wɔsan frɛ no west island jɛ supɔw bi a ɛwɔ sejkhelles . ɛjɛ supɔw a ɛtɔ so abiɛsa a ɛsʊ sen biara wɔ aldabra atoll so wɔ aldabra nsupɔw kuw no mu , na ɛwɔ ɔman no aheŋkurow viktoria anafo fam atwɪ kilomita apem ɔha adwonum . supɔw no kɛsɪ jɛ ŋkron at͡ɕiri pɔ adwonu ŋkron kilomita ahinanan na ɛwɔ hɔ .
Beatrice Gyaman (wɔwoo no 17 Ɔpɛpɔn 1987) yɛ Ghana mmirikatufo a ne ho akokwaw wɔ mmirikatu mu. Wanya nkonimbo wɔ mita 4 × 100 relay mu wɔ Afrika Nkonimdi abiɛsa mu, ne 2010 Commonwealth Agumadi .	beatrike d͡ʑaman wɔwʊʊ no du nson ɔpɛpɔn apem ahaŋkron adwɔwɔt͡ɕʷɪ nson jɛ ɡhana mmirikatufo a ne ho akokʷaw wɔ mmirikatu mu . waɲa ŋkonimmo wɔ mita nnan ɔha relaj mu wɔ afrika ŋkonimdi abiɛsa mu , ne mpem mmienu du kommoŋʷealth aɡumadi .
Okyir nyaa dwetɛ nkonimbo wɔ mita 4 x 100 mu wɔ 1973 Afrika Nyinaa Aguamdi ne 1974 Britania Amanaman Nkbom Aguamdi mu. Ɔno na okura Afrikafo kyerɛwtohɔ a ɛfa mmirikatu a ɛyɛ anammɔn 100 ho, na ɔde sikani 9.40 sii hɔ wɔ Austin wɔ 1974 mu.	ot͡ɕir ɲaa d͡ʑʷɪtɛ ŋkonimmo wɔ mita nnan z ɔha mu wɔ apem ahaŋkron adwɔsʊn mmiɛnsa afrika ɲinaa aɡwamdi ne apem ahaŋkron adwɔsʊn nnan britania amanaman ŋkbom aɡwamdi mu . ɔnʊ na okura afrikafo t͡ɕɪrɛwtʊhɔ a ɛfa mmirikatu a ɛjɛ anammɔn ɔha ho , na ɔdɪ sikani ŋkron at͡ɕiri pɔ adwanan sii hɔ wɔ austin wɔ apem ahaŋkron adwɔsʊn nnan mu .
Sɛ́ obi a wadi mfe 21 no ɔdaa ne ho adi sɛ obi a ɔwɔ Olimpic anidaso ma Ghana wɔ mmirikatuo mu bere a otuu mmirika mita 100 wɔ sikani 10.02 HT mu wɔ 2019 Ghana Fastest Human akansi no mu no. Onyaa sika kɔkɔɔ wɔ 4x100m relay mu wɔ 2019 Afrika aguamdi a ɛkɔɔ so wɔ Rabat no mu. Ɔdii nkonim wɔ GUSA 100m mprenu.	se obi a wadi mfe adwonu baako no ɔdaa ne ho adi sɛ obi a ɔwɔ olimpik anidaso ma ɡhana wɔ mmirikatwo mu bere a otuu mmirika mita ɔha wɔ sikani du at͡ɕiri pɔ ɕʷee mmienu ht mu wɔ mpem mmienu du ŋkron ɡhana fastest human akansi no mu no . oɲaa sika kɔkɔɔ wɔ nnan z ɔha m relaj mu wɔ mpem mmienu du ŋkron afrika aɡwamdi a ɛkɔɔ so wɔ rabat no mu . ɔdii ŋkonim wɔ ɡusa ɔha mita mprenu .
Arabic afrīqā (ɔbea edin) ne ifrīqiyā, a seesei wɔtaa bɔ afrīqiyā (ɔbea) ‘Africa’, a efi ‘afara [’ = ‘ain, ɛnyɛ ‘alif] ‘sɛ ɛbɛyɛ mfutuma’ a efi ‘akyirikyiri ‘mfutuma, powder’ ne ‘afir ‘ayow, owia ayow, ayow’ ne ‘affara ‘sɛ ɛbɛyow wɔ owia mu anhwea a ɛyɛ hyew’ anaasɛ ‘sɛ wɔde mfutuma bɛpetepete so’.	arabik afrika ɔbɪa edin ne ifrikija , a seesei wɔtaa bɔ afrikija ɔbɪa afrika , a efi afara ain , ɛɲɛ alif sɛ ɛbɛjɛ mfutuma a efi at͡ɕirit͡ɕiri mfutuma , powder ne afir ajow , owia ajow , ajow ne affara sɛ ɛbɛjʊw wɔ owia mu anɕʷea a ɛjɛ ɕew anaasɛ sɛ wɔdɪ mfutuma bɛpɪtɪpɪtɪ so .
Wɔ aman a wɔanya nkɔso mu no, sɛ wɔkyekyem pɛpɛɛpɛ a, awo mu duru bɛyɛ kilogram 3.4 (7+1⁄2 lb), na mpɛn pii no ɛyɛ kilogram 2.7–4.6 (6.0–10.1 lb).	wɔ aman a wwaɲa ŋkɔsʊ mu no , sɛ wɔt͡ɕɪt͡ɕɪm pɛpɛɛpɛ a , awo mu duru bɛjɛ kiloɡram mmiɛnsa at͡ɕiri pɔ nnan nson baako mmienu lb , na mpɛn pii no ɛjɛ kiloɡram mmienu at͡ɕiri pɔ nson nnan at͡ɕiri pɔ nsia nsia at͡ɕiri pɔ ɕʷee du at͡ɕiri pɔ baako lb .
Charles Hodogbey yɛ Ɔman Demokrasi mmrahyɛbagua no muni . Ɔyɛ Ghana mmrahyɛbagua no muni ma North Tongu Constituency firi afe 2009 kɔsi afe 2013. Ɔdii nkonim wɔ abatoɔ 22,876 wɔ abatoɔ 29,116 a ɛfata a wɔtoeɛ no mu = 78.6%.	kharles hodoɡbej jɛ ɔman demokrasi mmraɕɛbaɡwa no muni . ɔjɛ ɡhana mmraɕɛbaɡwa no muni ma north toŋu konstitwenkj firi afe mpem mmienu ŋkron kɔsi afe mpem mmienu du mmiɛnsa . ɔdii ŋkonim wɔ abatwɔ mpem adwonu mmienu ahaŋʷɔt͡ɕʷɪ adwɔsʊn nsia wɔ abatwɔ mpem adwonu ŋkron ɔha du nsia a ɛfata a wɔtwɪɛ no mu ɔha mu ŋt͡ɕɪt͡ɕɛmu adwɔsʊn ŋʷɔt͡ɕʷɪ . nsia .
John Boy ne Billy, John Isley (wɔwoo no wɔ ɔsanaa bosome a ɛtɔ so du num wɔ afe apem ahankron ne aduonum nsia( August 15, 1956) ne Billy James (wɔwoo no wɔ ɔsanaa bosome da a ɛtɔ so aduasa baako wɔ afe apem ahankron ne aduonum nson(August 31, 1957), kyeame ma morning radio program, The John Boy & Billy Big Show	john boj ne billj , john islej wɔwʊʊ no wɔ ɔsanaa bosome a ɛtɔ so du num wɔ afe apem ahaŋkron ne adwonum nsia auɡust du nnum , apem ahaŋkron adwonum nsia ne billj james wɔwʊʊ no wɔ ɔsanaa bosome da˥ a ɛtɔ so adwasa baako wɔ afe apem ahaŋkron ne adwonum nson auɡust adwasa baako , apem ahaŋkron adwonum nson , t͡ɕeame ma morniŋ radio proɡram , the john boj ne billj biɡ show
Akuffo atwerɛ nwoma a wɔfrɛ no ‘The Application of Information & Communication Technology in the Judicial Process – the Ghanaian Experience, a presentation to the African Judicial Network Ghana’. Ɔsoni amanyɔkuo New Partriotic Party v Attorney6Genera(a wɔfrɛ no CBA Casely afe apem ahankron ne aduokron nso ICHRL 24(ɔbenem da a ɛtɔ so du mmienu wɔ afe apem ahankron ne aduokron nson.	akuffo at͡ɕʷɪrɛ ŋʷoma a wɔfrɛ no the applikation of imformation ne kommunikation tekhnolod͡ʑ in the judikial prokess the ɡhanaian eksperienke , a presentation to the afrikan judikial net͡ɕʷork ɡhana . ɔsʊni amaɲɔkwo new partriotik partj v attornej nsia ɡenera a wɔfrɛ no kba kaselj afe apem ahaŋkron ne adwokron nso ikhrl adwonu nnan ɔbɪnɪm da˥ a ɛtɔ so du mmienu wɔ afe apem ahaŋkron ne adwokron nson .
Wɔ Ɔbɛnem bosome ne da a ɛtɔ so dunwɔtwe wɔ mfeɛ mpem mmienu ne dunwɔtwe mu no (2018), wɔmaa Wale nnidie abasobɔdeɛ ɛnam ne mmoa a ɔde boa reggae wɔ Ghana wɔ 37th Annual Chicago Music Awards (CMA) mu, ɛne 36th International Reggae & World Music Awards (IRAWMA).	wɔ ɔbɛnɪm bosome ne da˥ a ɛtɔ so duŋʷɔt͡ɕʷɪ wɔ mfɪɛ mpem mmienu ne duŋʷɔt͡ɕʷɪ mu no mpem mmienu du ŋʷɔt͡ɕʷɪ , wɔmaa wale nnidie abasʊbɔdɪɛ ɛnam ne mmwa a ɔdɪ bwa reɡɡae wɔ ɡhana wɔ adwasa nson annwal khikaɡo musik awards kma mu , ɛnɪ adwasa nsia international reɡɡae ne world musik awards irawma .
Akosombo Ntama Tintimbea hyee ase wɔ afe 1967. Asoe a wotintim ntama a ne din de ABC ( A. Brunschweiler & Company) no hyɛɛ ase tintiim ntama a ɛyɛ papa a ɛfa ɔman Ghana adwadifoɔ ho. Mfie 100 a atwam no, ABC abɛyɛ wɔn wontintim ntoma a ɛyɛ papa wɔ Abibrem ne Europe abrokyi man mu.	akosommo ntama tintimmea ɕee ase wɔ afe apem ahaŋkron adwosia nson . aswe a wotintim ntama a ne din de abk a . brunskɕʷeiler ne kompaɲ no ɕɛɛ ase tintiim ntama a ɛjɛ pa˩pa˥ a ɛfa ɔman ɡhana ad͡ʑʷadifwɔ ho . mfie ɔha a at͡ɕʷam no , abk abɛjɛ wɔn wontintim ntoma a ɛjɛ pa˩pa˥ wɔ abibrem ne europe abrot͡ɕi man mu .
Wɔ 2016 Wiase Kupɔn no mu no, Beninati dii nea ɛtɔ so mmiɛnsa wɔ seated slalom mmirikatuo mu, a ɔde bere 1:54.05 dii Anna-Lena Forster , a ɔde sika kɔkɔɔ wɔ 1:27.98 ne Laurie Stephens, a ɔde dwetɛ wɔ 1:34.83 akyi.	wɔ mpem mmienu du nsia wiase kupɔn no mu no , beninati dii nea ɛtɔ so mmiɛnsa wɔ seated slalom mmirikatwo mu , a ɔdɪ bere baako , adwonum nnan at͡ɕiri pɔ ɕʷee nnum dii anna lena forster , a ɔdɪ sika kɔkɔɔ wɔ baako , adwonu nson at͡ɕiri pɔ adwɔkrʊn ŋʷɔt͡ɕʷɪ ne laurie stephens , a ɔdɪ d͡ʑʷɪtɛ wɔ baako , adwasa nnan at͡ɕiri pɔ adwɔwɔt͡ɕʷɪ mmiɛnsa at͡ɕi .
Ɔsii akan wɔ 1994 Awɔw Bere mu Paralympics, wɔ Lillehammer, de 1: 43.07 Paulson dii asia wɔ super-G LWX-XII mu, na odii Sarah Will akyi wɔ 1:26.67, Gerda Pamler wɔ 1: 28.24, Stephanie Riche wɔ 1: 37.99, Vreni Stoeckli de 1: 38.03 ne Sandra Mittelholzer de 1:41.62. Ɔsii akan wɔ Mmea Slalom LWX-XII, ne Mmea Giant Slalom LWX-XII mu, nanso wanwie.	ɔsii akan wɔ apem ahaŋkron adwɔkrʊn nnan awɔw bere mu paraljmpiks , wɔ lillehammer , de baako , adwanan mmiɛnsa at͡ɕiri pɔ ɕʷee nson paulson dii asia wɔ super ɡ lwks du mmienu mu , na odii sarah will at͡ɕi wɔ baako , adwonu nsia at͡ɕiri pɔ adwosia nson , ɡerda pamler wɔ baako , adwonu ŋʷɔt͡ɕʷɪ at͡ɕiri pɔ adwonu nnan , stephanie rikhe wɔ baako , adwasa nson at͡ɕiri pɔ adwɔkrʊn ŋkron , vreni stwekkli de baako , adwasa ŋʷɔt͡ɕʷɪ at͡ɕiri pɔ ɕʷee mmiɛnsa ne sandra mittelholzer de baako , adwanan baako . adwosia mmienu . ɔsii akan wɔ mmea slalom lwks du mmienu , ne mmea ɡiant slalom lwks du mmienu mu , nanso waŋʷie .
Wɔ 1998 Awɔw Bere mu Paralympics mu, wɔ Nagano no, Paulson nyaa kɔbere nkonimbo abien: wɔ super-G mmirikatu no mu, na onyaa bere a onyaa mu 1:13.33 (sika kɔkɔɔ maa Sarah Will wɔ 1: 09.49 ne dwetɛ maa Kuniko Obinata wɔ 1: 11.24), na ɔsiane LW10-11 wɔ 1:31.29 (wɔ asɛnka agua a ɛwɔ n’anim no so, Kuniko Obinata a ɔde 1:18.00 ne Sarah Will de 1:19.02).	wɔ apem ahaŋkron adwɔkrʊn ŋʷɔt͡ɕʷɪ awɔw bere mu paraljmpiks mu , wɔ naɡano no , paulson ɲaa kɔbɪrɪ ŋkonimmo abien , wɔ super ɡ mmirikatu no mu , na oɲaa bere a oɲaa mu baako , du mmiɛnsa at͡ɕiri pɔ adwasa mmiɛnsa sika kɔkɔɔ maa sarah will wɔ baako , ŋkron at͡ɕiri pɔ adwanan ŋkron ne d͡ʑʷɪtɛ maa kuniko obinata wɔ baako , du baako at͡ɕiri pɔ adwonu nnan , na ɔsiane lw du du baako wɔ baako , adwasa baako at͡ɕiri pɔ adwonu ŋkron wɔ asɛŋka aɡwa a ɛwɔ nanim no so , kuniko obinata a ɔdɪ baako , du ŋʷɔt͡ɕʷɪ at͡ɕiri pɔ ɕʷee ɕʷee ne sarah will de baako , du ŋkron at͡ɕiri pɔ ɕʷee mmienu .
Ɔsii akan wɔ 1976 Awɔw Bere mu Paralympics, wɔ Örnsköldsvik, wɔ slalom kɛse IV A mu a onyaa sika kɔkɔɔ nkonimbo, na ɔde bere 3:02:07.	ɔsii akan wɔ apem ahaŋkron adwɔsʊn nsia awɔw bere mu paraljmpiks , wɔ ornskoldsvik , wɔ slalom kɛsɪ nnan a mu a oɲaa sika kɔkɔɔ ŋkonimmo , na ɔdɪ bere mmiɛnsa , mmienu , nson .
Ɔsii akan wɔ 1980 Awɔw Bere mu Paralympics a ɛkɔɔ so wɔ Geilo no mu, na onyaa sika kɔkɔɔ nkonimbo wɔ giant slalom 2B - wɔ 3:39:11, ne slalom 2B - wɔ 2:07:16.	ɔsii akan wɔ apem ahaŋkron adwɔwɔt͡ɕʷɪ awɔw bere mu paraljmpiks a ɛkɔɔ so wɔ ɡeilo no mu , na oɲaa sika kɔkɔɔ ŋkonimmo wɔ ɡiant slalom mmienu b wɔ mmiɛnsa , adwasa ŋkron , du baako , ne slalom mmienu b wɔ mmienu , nson , du nsia .
Wɔ 1992 Awɔw Bere mu Paralympics a wɔyɛe wɔ Albertville no, Pamler nyaa sika kɔkɔɔ wɔ slalom LW 10/11 mmirikatu no mu (wɔ bere a ɛyɛ 2:03.83 mu). Onyaa dwetɛ nkonimbo abien: wɔ super-G (wɔ 1: 34.48 mu, dii Sarah Will akyi wɔ 1:27.66, dii Toshiko Gouno a ɔto so abiɛsa anim wɔ 1:48.89 ); ne sian (a ɔde bere 1:31.09 ), di Sarah Will akyi wɔ 1:24.08, na odii Candace Cable anim wɔ 1:37.02.	wɔ apem ahaŋkron adwɔkrʊn mmienu awɔw bere mu paraljmpiks a wɔjɛɪ wɔ albertville no , pamler ɲaa sika kɔkɔɔ wɔ slalom lw du du baako mmirikatu no mu wɔ bere a ɛjɛ mmienu , mmiɛnsa at͡ɕiri pɔ adwɔwɔt͡ɕʷɪ mmiɛnsa mu . oɲaa d͡ʑʷɪtɛ ŋkonimmo abien , wɔ super ɡ wɔ baako , adwasa nnan at͡ɕiri pɔ adwanan ŋʷɔt͡ɕʷɪ mu , dii sarah will at͡ɕi wɔ baako , adwonu nson at͡ɕiri pɔ adwosia nsia , dii toshiko ɡwuno a ɔtʊ so abiɛsa anim wɔ baako , adwanan ŋʷɔt͡ɕʷɪ at͡ɕiri pɔ adwɔwɔt͡ɕʷɪ ŋkron , ne sian a ɔdɪ bere baako , adwasa baako at͡ɕiri pɔ ɕʷee ŋkron , di sarah will at͡ɕi wɔ baako , adwonu nnan at͡ɕiri pɔ ɕʷee ŋʷɔt͡ɕʷɪ , na odii kandake kable anim wɔ baako , adwasa nson . mmienu .
Asante ne din ahodo bi ne: Esuante. Afe 1695 beremu na Asantehene Nana Ɔsɛe Tutu tintimm no. Bere wɔ ha yɛ 0 nnɔnhwere firi Greenwich bere ho. Ɔda tentenedo 0.15Anee kɔpem 2.25Anee na tɛtɛredo 5.50Etifi kɔpem 7.46Etifi.	asante ne din ahodo bi ne , eswante . afe apem ahansia adwɔkrʊn nnum beremu na asantehene nana ɔsɛɪ tutu tintimm no . bere wɔ ha jɛ ɕʷee nnɔnɕʷɪrɪ firi ɡreeŋʷikh bere ho . ɔ˩da˥ tentenedo ɕʷee at͡ɕiri pɔ du nnum anee kɔpɪm mmienu at͡ɕiri pɔ adwonu nnum anee na tɛtɛrɪdʊ nnum at͡ɕiri pɔ adwonum etifi kɔpɪm nson at͡ɕiri pɔ adwanan nsia etifi .
Zika virus da ne ho adi wo afe 2015 mu. Na afe 2016 mu no, ɛmaa ne mu so paa. Eyi maa nnipa bɛ yɛ 1.5million nyaa yareɛ yi bi wo America. Wiase apomuden dwuma kuo tu fo sɛ Zika virus yi ho yɛ hu na ɛbetumi atrɛ afa wiase nyinaa mu.	zika virus da˥ ne ho adi wo afe mpem mmienu du nnum mu . na afe mpem mmienu du nsia mu no , ɛmaa ne mu so paa . eji maa nnipa bɛ jɛ baako at͡ɕiri pɔ nnum million ɲaa jarɪɛ ji bi wo amerika . wiase apomuden d͡ʑʷuma kwo tu fo sɛ zika virus ji ho jɛ hu na ɛbɪtumi atrɛ afa wiase ɲinaa mu .
Builsa North mansini no yɛ akuraase bi a dwuma a ebu afa so wɔ hɔ ne kuadwuma a ɛyɛ adwuma titire a akuafoɔ a wɔn anakasa yɛ wɔn dwuma yɛ de nya sika. Builsa North mansini no wɔ beaeɛ a ɛyɛ pa ara a ɛtwetwe nsrahywɛfoɔ. Deɛ ɛka ho bi ne Sissili Central kwae a wɔde asie a ne beaeɛ wɔ 155.09sq km, Abuga Crocodile pond a ɛwɔ Uwasi, Fiisa Abosomfie ne Doninga nkoa dwa.	bwilsa north mansini no jɛ akuraase bi a d͡ʑʷuma a ebu afa so wɔ hɔ ne kwad͡ʑʷuma a ɛjɛ ad͡ʑʷuma titire a akwafwɔ a wɔn anakasa jɛ wɔn d͡ʑʷuma jɛ de ɲa sika . bwilsa north mansini no wɔ bɪaɪɛ a ɛjɛ pa ara a ɛt͡ɕʷɪt͡ɕʷɪ nsraɕwɛfwɔ . dɪɛ ɛka ho bi ne sissili kentral kʷae a wɔdɪ asie a ne bɪaɪɛ wɔ ɔha adwonum nnum at͡ɕiri pɔ ɕʷee ŋkron sk kilomita , abuɡa krokodile pond a ɛwɔ uwasi , fiisa abosomfie ne doniŋa ŋkwa d͡ʑʷa .
Awo akyi nyarewa, a wɔsan frɛ no awo bere mu nyarewa, awo ho atiridii anaa awo bere mu atiridii yɛ yare biara a mmoawa de baɔbea awode mu wɔ awo akyi anaa nyinsɛn a asɛe akyi. Eyi ho nsɛnkyerɛnne no bi yɛ atiridii a ɛkyɛn 38.0C, awɔ, ayaase yaw, ne ebia ɔbea ase nsu a ɛbɔn. Mpɛn pii no ɛba nnɔnhwerew aduonu anan akyi wɔ nna du mu fi bere a ɔbea no awo akyi.	awo at͡ɕi ɲarewa , a wɔsan frɛ no awo bere mu ɲarewa , awo ho atiridii anaa awo bere mu atiridii jɛ jare biara a mmwawa de baɔbɪa awode mu wɔ awo at͡ɕi anaa ɲinsɛn a asɛɪ at͡ɕi . eji ho nsɛŋt͡ɕɪrɛnnɪ no bi jɛ atiridii a ɛt͡ɕɛn adwasa ŋʷɔt͡ɕʷɪ at͡ɕiri pɔ ɕʷee k , awɔ , ajaase jaw , ne ebia ɔbɪa ase nsu a ɛbɔn . mpɛn pii no ɛba nnɔnɕʷɪrɪw adwonu anan at͡ɕi wɔ nna du mu fi bere a ɔbɪa no awo at͡ɕi .
Deɛ ɛdi hɔ bio, Ɛma nnipa du a wɔbɛduru akansie no awieɛ no nyaa sika mmoa a ɛfifi Ɔpepepee baako ne fa(1.5million )de kɔ si Ɔpepepee Ahasa de boa wɔn adwuma.	dɪɛ ɛdi hɔ bio , ɛma nnipa du a wɔbɛduru akansie no awieɛ no ɲaa sika mmwa a ɛfifi ɔpɪpɪpɪɪ baako ne fa baako at͡ɕiri pɔ nnum million de kɔ si ɔpɪpɪpɪɪ ahasa de bwa wɔn ad͡ʑʷuma .
Ɔbaa payin a ɔgyee ɔbaatan no awoכ no ho dwirii no ɛmmerε a כhunoo abכfra no. Ɛfiri sε na ne ho yεfɛ yie. Enti ɔteaa mu kaasɛ "m'agye nkwadaa bɛyɛ sɛ apem awoכ aba wiase na ɛmmom akwadaa a ne ho ɛyεfε sei deε menhunuu bi da".	ɔbaa pajin a ɔd͡ʑɪɪ ɔbaatan no awwɔ no ho d͡ʑʷirii no ɛmmɪrɛ a ɔhunoo abɔfra no . ɛfiri sɛ na ne ho jɛfɛ jie . enti ɔtɪaa mu kaasɛ mad͡ʑe ŋkʷadaa bɛjɛ sɛ apem awwɔ aba wiase na ɛmmʊm akʷadaa a ne ho ɛjɛfɛ sei dɪɛ menhunuu bi da˥ .
Na maame nipa bɔnefoכ yi kaa sε "εnyε m'asɛm. Aku yε kwadwofoכ a כnnpε adwuma yɛ, εno nti na wahyɛda ɛteatea muu". Ɛnam saa obiara ankɔ ankכboa Aku. Na ne papa no ɛreyɛ adwuma wo efie no akyi enti ɛmmerε a כtee sε Aku reteatea muu no, כtuu mirika kככ hכ. Na כkכduruu hכ no na Aku nsa atwa afiri so.	na maame nipa bɔnɪfwɔ ji kaa sɛ ɛɲɛ masɛm . aku jɛ kʷad͡ʑʷʊfwɔ a ɔnmpɛ ad͡ʑʷuma jɛ , ɛnʊ nti na waɕɛda ɛtɪatɪa muu . ɛnam saa obiara aŋkɔ aŋkɔbwa aku . na ne pa˩pa˥ no ɛrɪjɛ ad͡ʑʷuma wo efie no at͡ɕi enti ɛmmɪrɛ a ɔtɪɪ sɛ aku reteatea muu no , ɔtuu mirika kɔɔ hɔ . na ɔkɔduruu hɔ no na aku nsa at͡ɕʷa afiri so .
Ɔhyɛɛ anieyaadeε pii, na nso Aku deε wammpa aba. Ɔkככ so yεε akכraa pa yεε adwuma a ewɔsε כyɛ nyinaa. Wכyinom nyinaa akyi Aku nyin yεε ababaawa fεfεεfε. Adeε bεkye a adε besa nyinaa na ne ho yεfε kɛse. Akuraa no ase deε na obiara kamfo Aku sε ne ho εfε paa na obiara kamfoo n'ahoכfε, ne nimdie, obuo a כwכ ma nipa ne n'ahobraseɛ. Onyin beyεε ababaawa no כhene sikanii bi babarima bewaree Aku.	ɔɕɛɛ aniejaadeɛ pii , na nso aku dɪɛ wammpa aba . ɔkɔɔ so jɛɛ akɔraa pa jɛɛ ad͡ʑʷuma a ɪwɔsɛ ɔjɛ ɲinaa . wɔjinom ɲinaa at͡ɕi aku ɲin jɛɛ ababaawa fɛfɛɛfɛ . adɪɛ bɛt͡ɕɪ a adɛ besa ɲinaa na ne ho jɛfɛ kɛsɪ . akuraa no ase dɪɛ na obiara kamfo aku sɛ ne ho ɛfɛ paa na obiara kamfoo nahwɔfɛ , ne nimdie , obwo a ɔwɔ ma nipa ne nahʊbrasɪɛ . oɲin bɪjɛɛ ababaawa no ɔhɪnɪ sikanii bi babarima bewaree aku .
Efiri saa mmerε yi deε ne papa yere no nyaa כtan keseε maa Aku. Sɛ כdwene sɛ Aku anya nipa keseε saa awareε no a na n'ani abere te sε kɔtɔ mogyaa. Na afei ahoɔyaa tumi ma n'anmim yɛ tumtum te sε כpramire. Afei na כrekכda a כntumi nna εfiri sε na opε εkwan a כbɛfaso asei Aku.	efiri saa mmɪrɛ ji dɪɛ ne pa˩pa˥ jere no ɲaa ɔtan kɪsɪɛ maa aku . sɛ ɔd͡ʑʷɪnɪ sɛ aku aɲa nipa kɪsɪɛ saa awarɪɛ no a na nani abere te sɛ kɔtɔ mod͡ʑaa . na afei ahwɔjaa tumi ma nammim jɛ tumtum te sɛ ɔpramire . afei na ɔrɪkɔda a ɔntumi nna ɛfiri sɛ na ʊpɛ ɛkʷan a ɔbɛfasʊ asei aku .
Maame yεε sε nea ne werε aho na ɔka kyerεε wɔn sɛ: "Aane εyε nokorε. Emmerε a na כyɛ akכdaa no ne nsa kכhyεε nkurafidie mu maa no twa twenee. Sε monnim sε ɛnsε sɛɔ ohenebabarima ware ɔbaa a w'adi dεm. Ɛno nti na merekamakyerε mo no, sɛ neε εbɛyε a monka nkyerε obiara.	maame jɛɛ sɛ nea ne wɪrɛ aho na ɔka t͡ɕɪrɛɛ wɔn sɛ , aane ɛjɛ nʊkʊrɛ . ɪmmɪrɛ a na ɔjɛ akɔdaa no ne nsa kɔɕɛɛ ŋkurafidie mu maa no t͡ɕʷa t͡ɕʷenee . sɛ monnim sɛ ɛnsɛ sɛɔ ohenebabarima ware ɔbaa a wadi dɛm . ɛnʊ nti na mɪrɪkamat͡ɕɪrɛ mo no , sɛ nɪɛ ɛbɛjɛ a moŋka ŋt͡ɕɪrɛ obiara .
Afei deε babiara Aku bεfa biara na nkrכfoכ resere no sε ɔyε basin, oyarefoכ. Ɔhene no yεε n'adwen sε εsε sɛ כfa εkwan a efata soכ de hunu nokorε ɛwɔ mu. Ɛfiri sε Aku yɛ oheneba yere εnti ɔntumi ngu n'animase basaa. Ɛbɛyɛ sɛ naawotwe akyi no ɔhene no nyaa adwen sε, sε Bayerε Afahyε duru so a כbɛma ɔhneba yerenom ɛnan nyinaa awכ bayerefufuo.	afei dɪɛ babiara aku bɛfa biara na ŋkrɔfwɔ resere no sɛ ɔjɛ basin , ʊjarɪfwɔ . ɔhɪnɪ no jɛɛ nad͡ʑʷen sɛ ɛsɛ sɛ ɔfa ɛkʷan a efata swɔ de hunu nʊkʊrɛ ɛwɔ mu . ɛfiri sɛ aku jɛ oheneba jere ɛnti ɔntumi ŋu nanimase basaa . ɛbɛjɛ sɛ naawot͡ɕʷe at͡ɕi no ɔhɪnɪ no ɲaa ad͡ʑʷen sɛ , sɛ bajɪrɛ afaɕɛ duru so a ɔbɛma ɔhnɪba jerenom ɛnan ɲinaa awɔ bajerefufwo .
Ghana nsaneyareɛ ayarehwɛbea yɛ ɔmanpanyin abediakyire a ne din Dr Mahamudu Bawumia na obue ano wɔ July da a ɛtɔ so 20, afe 2020. ɔde too dwa sɛ wɔde US$7.5 ɔpepem na esii beae no. Wosii no sɛ Ghana beae a anya nkoanim wɔ nsaneyareɛ ayarehwɛ mu.	ɡhana nsanɪjarɪɛ ajarɪɕʷɛbɪa jɛ ɔmampaɲin abediat͡ɕire a ne din dr mahamudu bawumia na obwe ano wɔ julj da˥ a ɛtɔ so adwonu , afe mpem mmienu adwonu . ɔdɪ too d͡ʑʷa sɛ wɔdɪ dɔla nson at͡ɕiri pɔ nnum ɔpɪpɪm na esii beae no . wosii no sɛ ɡhana beae a aɲa ŋkwanim wɔ nsanɪjarɪɛ ajarɪɕʷɛ mu .
Wɔ mfe mpem aduonu ne dunwɔtwe (2008) mu no, "Bono" ne " Theaster Cates", bɛkaa Adjaye ho hyehyɛɛ (RED) "auction" a ɛtɔ so mmiɛnsa wɔ Miami de boa wiase ntoboa adwuma de tia yareɛ AIDS, faa sika $10.5 ɔpepepepe ɛka sika a Bill ne Melinda Gates akuo no nso de baeɛ.	wɔ mfe mpem adwonu ne duŋʷɔt͡ɕʷɪ mpem mmienu ŋʷɔt͡ɕʷɪ mu no , bono ne theaster kates , bɛkaa adjaje ho ɕɪɕɛɛ red auktion a ɛtɔ so mmiɛnsa wɔ miami de bwa wiase ntobwa ad͡ʑʷuma de tia jarɪɛ aids , faa sika dɔla du at͡ɕiri pɔ nnum ɔpɪpɪpɪpɪ ɛka sika a bill ne melinda ɡates akwo no nso de baɪɛ .
Bio, Jack Ma pagyaa mmoa no a ɔde ma no mu berɛ a ɔhunuu wɔn dwumadie no maa mmoa no nyinaa Ku sii Ghana sika ɔpepepee ɔha ($100 million). Mmoa yi bɛkɔ so mfeɛ du aboa Abibimamfoɔ.	bio , jakk ma pad͡ʑaa mmwa no a ɔdɪ ma no mu bɪrɛ a ɔhunuu wɔn d͡ʑʷumadie no maa mmwa no ɲinaa ku sii ɡhana sika ɔpɪpɪpɪɪ ɔha dɔla ɔha million . mmwa ji bɛkɔ so mfɪɛ du abwa abibimamfwɔ .
Amanaman ntam nhomanimfo baanan boayikuw a wɔbɛyɛ mfe du nhwehwɛmu wɔ Amanaman Nkabom Sukuupɔn/ Wiase Asoɛe a Ɛhwɛ Nkɔso ne Sikasɛm Ho Nhwehwɛmu So (UNU/WIDER), Finland, May 2010-January 2011 no muni	amanaman ntam nhomanimfo baanan bwajikuw a wɔbɛjɛ mfe du nɕʷɪɕʷɛmu wɔ amanaman ŋkabom sukuupɔn wiase aswɛɪ a ɛɕʷɛ ŋkɔsʊ ne sikasɛm ho nɕʷɪɕʷɛmu so unu wider , finland , maj mpem mmienu du janwarj mpem mmienu du baako no muni
Chief Daniel Olorunfemi Fagunwa , MBE (1903-Ɔpɛnimaa 7, 1963) a dodoɔ no ara nim no sɛ D.O Fagunwa , yɛ Nigeriani nwomatwerɛfo. Na ɔyɛ Yorubani a na ɔkyerɛw nhoma wɔ wɔ Yoruba kasa no mu.	khief daniel olorumfemi faɡuŋʷa , mme apem ahaŋkron mmiɛnsa ɔpɛnimaa nson , apem ahaŋkron adwosia mmiɛnsa a dʊdwɔ no ara nim no sɛ d . o faɡuŋʷa , jɛ niɡeriani ŋʷʊmat͡ɕʷɪrɛfʊ . na ɔjɛ jorubani a na ɔt͡ɕɪrɛw nhoma wɔ wɔ joruba kasa no mu .
Philip Comi Gbeho( Ɔpɛpɔn 14 1904-Ɛbɔ 24 1976) ɔyɛ Ghana nwomtoni, nwomtwerɛfoɔ ne ɔkyerɛkyerɛni. Deɛ wiase nnyinaa nim no wɔ ho yɛ Ghana National Anthem a ɔtwerɛeɛ. Ɛnam ne so na Art Council of Ghana baeɛ afei, ɔsane yɛ Ɔpanin Kwankyerɛfoc ma nwomtoɔ ne National Symhony Orchestra a ɛwɔ Ghana.	philip komi ɡbeho ɔpɛpɔn du nnan apem ahaŋkron nnan ɛbɔ adwonu nnan apem ahaŋkron adwɔsʊn nsia ɔjɛ ɡhana ŋʷomtoni , ŋʷʊmt͡ɕʷɪrɛfwɔ ne ɔt͡ɕɪrɛt͡ɕɪrɛni . dɪɛ wiase nɲinaa nim no wɔ ho jɛ ɡhana national anthem a ɔt͡ɕʷɪrɛɪɛ . ɛnam ne so na art kwunkil of ɡhana baɪɛ afei , ɔsanɪ jɛ ɔpanin kʷaŋt͡ɕɪrɛfʊk ma ŋʷʊmtwɔ ne national sjmhoɲ orkhestra a ɛwɔ ɡhana .
Nana yɛ Ɔman Ho Dɔ Kuw Foforo no muni. Ɔyɛ Ɔmantam Soafoɔ wɔ Central Regional Coordinating Council wɔ Cape Coast firi May 2006-January 2009. Ɔyɛ ɔmantam Ɔsoafoɔ Abadiakyiri wɔ Central Regional Coordinating Council wɔ Cape Coast firi May 2005- May 2006. Ɔyɛ DCE wɔ Komenda-Edina-Eguafo-Abrem Mantam Nhyiamu no mu firi Oforisuo 2001-May 2005 wɔ Elmina.	nana jɛ ɔman ho dɔ kuw foforo no muni . ɔjɛ ɔmantam swafwɔ wɔ kentral reɡional koordinatiŋ kwunkil wɔ kape kwast firi maj mpem mmienu nsia janwarj mpem mmienu ŋkron . ɔjɛ ɔmantam ɔswafwɔ abadiat͡ɕiri wɔ kentral reɡional koordinatiŋ kwunkil wɔ kape kwast firi maj mpem mmienu nnum maj mpem mmienu nsia . ɔjɛ dke wɔ komenda edina eɡwafo abrem mantam nɕiamu no mu firi oforiswo mpem mmienu baako maj mpem mmienu nnum wɔ elmina .
Viktor Nikolayevich Belan (Виктор Николаевич Белан) (Dima Bilan (Дима Билан)) yɛ odwomtoni. (24/12/1981, Ust-Dzheguta, Russia)	viktor nikolajevikh belan vʲˈiktər nʲˈikəɫəjɪvʲɪt͡ɕ bʲˈeɫən dima bilan dʲˈimə bʲˈiɫən jɛ od͡ʑʷomtoni . adwonu nnan du mmienu apem ahaŋkron adwɔwɔt͡ɕʷɪ baako , ust dzheɡuta , russia
Wɔ mfeɛ mpem mmienu ne nnwɔtwe nom no, Tatyana kɔkaa Hot chocolate (Горячий Шоколад) mma kuo no ho. Mfeɛ mmiɛnsa a ɔwareeɛ akyire no ɔyɛɛ n'adwene sɛ ɔbɛgyae Dmitry Klimashenko awareɛ. Dmitry annye ne nsusuiɛ no anntom nti ɔyii Tatyana firii mmaa kuo nom hyɛɛ no sɛ ɔntua America sika mpem aduonum (50,00$).	wɔ mfɪɛ mpem mmienu ne nŋʷɔt͡ɕʷɪ no˥m no , tatjana kɔkaa hot khokolate ɡɐrʲˈæt͡ɕɪj ʂəkɐɫˈat mma kwo no ho . mfɪɛ mmiɛnsa a ɔwarɪɪɛ at͡ɕire no ɔjɛɛ nad͡ʑʷene sɛ ɔbɛd͡ʑaɪ dmitrj klimasheŋko awarɪɛ . dmitrj anɲe ne nsuswiɛ no anntom nti ɔjii tatjana firii mmaa kwo no˥m ɕɛɛ no sɛ ɔntwa amerika sika mpem adwonum adwonum at͡ɕiri pɔ ɕʷee ɕʷee .
Butan (འབྲུག་ཡུལ་) yε ɔman Ehyia Asaspɔ so. Wɔn Ahenkuro ne Timfuu. Emu nipa dodoɔ yɛ 766.397 (2018).	butan ʈ͡ʂuʔ˩ jyː˩ jɛ ɔman eɕia asaspɔ so . wɔn aheŋkuro ne timfuu . emu nipa dʊdwɔ jɛ ahanson adwosia nsia at͡ɕiri pɔ mmiɛnsa ŋkron nson mpem mmienu du ŋʷɔt͡ɕʷɪ .
Krasnodar (Краснодар) yε kuro kεseε a ɛwɔ Russia. Emu nipa dodoɔ yɛ 1,154,885 million.	krasnodar krəsnɐdˈar jɛ kuro kɛsɪɛ a ɛwɔ russia . emu nipa dʊdwɔ jɛ ɔpɪpɪm mpem ɔha adwonum nnan ahaŋʷɔt͡ɕʷɪ adwɔwɔt͡ɕʷɪ nnum million .
