ሰኞ እለት፣ በስታንፎርድ ዩኒቨርሲቲ የህክምና ትምህርት ቤት ህዋሶችን በአይነት የሚያስቀምጥ አዲስ የምርመራ መሳሪያ እንደተፈጠረ አስታውቋል፡ እያንዳንዱን በአንደ የዩ.ኤስ ሳንቲም የሚሆን መደበኛ የኢንክጄት አታሚዎችን በመጠቀም ሊፈበረክ የሚችል ትንሽ መታተም የሚችል ቺፕ	səɲo ɨlət , bəstanfoɾd junivəɾsiti jəhkmɨna tɨmhɨɾt bet hɨwasot͡ʃn bəajnət jəmijaskʼəmtʼ adis jəmɨɾməɾa məsaɾija ɨndətəfətʼəɾə astawkʼʷal , ɨjandandun bəandə jəjues santim jəmihon mədəbəɲa jəinkd͡ʒet atamiwot͡ʃn bəmətʼəkʼəm lifəbəɾək jəmit͡ʃl tɨnʃ mətatəm jəmit͡ʃl t͡ʃip
ሰኞ እለት፣ በስታንፎርድ ዩኒቨርሲቲ የህክምና ትምህርት ቤት ህዋሶችን በአይነት የሚያስቀምጥ አዲስ የምርመራ መሳሪያ እንደተፈጠረ አስታውቋል፡ እያንዳንዱን በአንደ የዩ.ኤስ ሳንቲም የሚሆን መደበኛ የኢንክጄት አታሚዎችን በመጠቀም ሊፈበረክ የሚችል ትንሽ መታተም የሚችል ቺፕ	səɲo ɨlət , bəstanfoɾd junivəɾsiti jəhkmɨna tɨmhɨɾt bet hɨwasot͡ʃn bəajnət jəmijaskʼəmtʼ adis jəmɨɾməɾa məsaɾija ɨndətəfətʼəɾə astawkʼʷal , ɨjandandun bəandə jəjues santim jəmihon mədəbəɲa jəinkd͡ʒet atamiwot͡ʃn bəmətʼəkʼəm lifəbəɾək jəmit͡ʃl tɨnʃ mətatəm jəmit͡ʃl t͡ʃip
የመቃወም መብትን ከመኪና መንገድ መጨናነቅ ጋር መመጣጠን አለበት በማለት 11፡20 ላይ ፖሊሶች ተቋሚዎቹን ወደ እግረኛ መንገድ እንዲመለሱ ጠየቁ	jəməkʼawəm məbɨtn kəməkina mənɡəd mət͡ʃʼənanəkʼ ɡaɾ məmətʼatʼən aləbət bəmalət asɾa and haja laj polisot͡ʃ təkʼʷamiwot͡ʃun wədə ɨɡɨɾəɲa mənɡəd ɨndimələsu tʼəjəkʼu
የመቃወም መብትን ከመኪና መንገድ መጨናነቅ ጋር መመጣጠን አለበት በማለት 11፡20 ላይ ፖሊሶች ተቋሚዎቹን ወደ እግረኛ መንገድ እንዲመለሱ ጠየቁ	jəməkʼawəm məbɨtn kəməkina mənɡəd mət͡ʃʼənanəkʼ ɡaɾ məmətʼatʼən aləbət bəmalət asɾa and haja laj polisot͡ʃ təkʼʷamiwot͡ʃun wədə ɨɡɨɾəɲa mənɡəd ɨndimələsu tʼəjəkʼu
በመደበኛነት የእሳት አደጋ መቆጣጠሪያ ሥርዓት ፍተሻ ከተነሳ በኋላ የኃይል ብልሽት የማስተንፈሻ ቫልቮች እንዲከፈትና በፎርት ግሪሊ ፓምፕ ጣቢያ 9 አቅራቢያ ድፍድፍ ዘይት ሞልቶ እንዲፈስ ምክንያት ሆኗል	bəmədəbəɲanət jəsat adəɡa məkʼotʼatʼəɾija sɨɾat fɨtəʃa kətənəsa bəhʷala jəhajl bɨlɨʃt jəmastənfəʃa valvot͡ʃ ɨndikəfətna bəfoɾt ɡɨɾili pamp tʼabija zətʼəɲ akʼɨɾabija dɨfɨdf zəjt molto ɨndifəs mɨknjat honwal
በመደበኛነት የእሳት አደጋ መቆጣጠሪያ ሥርዓት ፍተሻ ከተነሳ በኋላ የኃይል ብልሽት የማስተንፈሻ ቫልቮች እንዲከፈትና በፎርት ግሪሊ ፓምፕ ጣቢያ 9 አቅራቢያ ድፍድፍ ዘይት ሞልቶ እንዲፈስ ምክንያት ሆኗል	bəmədəbəɲanət jəsat adəɡa məkʼotʼatʼəɾija sɨɾat fɨtəʃa kətənəsa bəhʷala jəhajl bɨlɨʃt jəmastənfəʃa valvot͡ʃ ɨndikəfətna bəfoɾt ɡɨɾili pamp tʼabija zətʼəɲ akʼɨɾabija dɨfɨdf zəjt molto ɨndifəs mɨknjat honwal
ፖሊስ ጥቃቱን የፈጸመው ተጠርጣሪ የዴእሽ (ISIL) አማጺ ነው ብለው ተጠርጥረዋል	polis tʼɨkʼatun jəfət͡sʼəməw tətʼəɾtʼaɾi jədeʃ ˈɪzəɫ amat͡sʼi nəw bɨləw tətʼəɾtʼɨɾəwal
ፖሊስ ጥቃቱን የፈጸመው ተጠርጣሪ የዴእሽ (ISIL) አማጺ ነው ብለው ተጠርጥረዋል	polis tʼɨkʼatun jəfət͡sʼəməw tətʼəɾtʼaɾi jədeʃ ˈɪzəɫ amat͡sʼi nəw bɨləw tətʼəɾtʼɨɾəwal
ቫቲካን ሲቲ ጣልያንኛ በሕገ-ደንቧ እና ኦፊሴላዊ ግንኙነቷ ትጠቀማለች	vatikan siti tʼaljanɨɲa bəhɡə dənbʷa ɨna ofiselawi ɡɨnɨɲunətʷa tɨtʼəkʼəmalət͡ʃ
ቫቲካን ሲቲ ጣልያንኛ በሕገ-ደንቧ እና ኦፊሴላዊ ግንኙነቷ ትጠቀማለች	vatikan siti tʼaljanɨɲa bəhɡə dənbʷa ɨna ofiselawi ɡɨnɨɲunətʷa tɨtʼəkʼəmalət͡ʃ
ፎቶግራፍ አንሺው ወደ ሮናልድ ሬገን UCLA የሕክምና ማዕከል ተጓጉዞ ከዚያ በኋላ ሞተ	fotoɡɨɾaf anʃiw wədə ɾonald ɾeɡən ˈuːklɑː jəhkmɨna makəl təɡʷaɡuzo kəzija bəhʷala motə
ፎቶግራፍ አንሺው ወደ ሮናልድ ሬገን UCLA የሕክምና ማዕከል ተጓጉዞ ከዚያ በኋላ ሞተ	fotoɡɨɾaf anʃiw wədə ɾonald ɾeɡən ˈuːklɑː jəhkmɨna makəl təɡʷaɡuzo kəzija bəhʷala motə
በተጨማሪም አርን እና አርአርን ለያይተው መናገራቸውን ያረጋግጡ ካሮ ማለት ውድ ማለት ሲሆን ካርሮ ማለት ሰረገላ ማለት ነው	bətət͡ʃʼəmaɾim aɾn ɨna aɾaɾn ləjajtəw mənaɡəɾat͡ʃəwn jaɾəɡaɡtʼu kaɾo malət wɨd malət sihon kaɾɨɾo malət səɾəɡəla malət nəw
በተጨማሪም አርን እና አርአርን ለያይተው መናገራቸውን ያረጋግጡ ካሮ ማለት ውድ ማለት ሲሆን ካርሮ ማለት ሰረገላ ማለት ነው	bətət͡ʃʼəmaɾim aɾn ɨna aɾaɾn ləjajtəw mənaɡəɾat͡ʃəwn jaɾəɡaɡtʼu kaɾo malət wɨd malət sihon kaɾɨɾo malət səɾəɡəla malət nəw
የተለያዩ የአንጎል ጉዳት ዓይነቶች ፣ የስሜት ቁስሎች፣ ቁስሎች እና የውስጥ እብጠቶች በባህሪ ላይ ተጽዕኖ እንደሚያሳድሩ እና በአንዳንድ የአእምሮ ተግባራት ላይ ለውጥ እንደሚያመጡ ከረዥም ጊዜ ጀምሮ ይታወቃል	jətələjaju jəanɡol ɡudat ajnətot͡ʃ , jəsmet kʼuslot͡ʃ , kʼuslot͡ʃ ɨna jəwɨstʼ ɨbtʼətot͡ʃ bəbahɾi laj tət͡sʼno ɨndəmijasadɨɾu ɨna bəandand jəamɨɾo təɡbaɾat laj ləwtʼ ɨndəmijamətʼu kəɾəʒm ɡize d͡ʒəmɨɾo jɨtawəkʼal
የተለያዩ የአንጎል ጉዳት ዓይነቶች ፣ የስሜት ቁስሎች፣ ቁስሎች እና የውስጥ እብጠቶች በባህሪ ላይ ተጽዕኖ እንደሚያሳድሩ እና በአንዳንድ የአእምሮ ተግባራት ላይ ለውጥ እንደሚያመጡ ከረዥም ጊዜ ጀምሮ ይታወቃል	jətələjaju jəanɡol ɡudat ajnətot͡ʃ , jəsmet kʼuslot͡ʃ , kʼuslot͡ʃ ɨna jəwɨstʼ ɨbtʼətot͡ʃ bəbahɾi laj tət͡sʼno ɨndəmijasadɨɾu ɨna bəandand jəamɨɾo təɡbaɾat laj ləwtʼ ɨndəmijamətʼu kəɾəʒm ɡize d͡ʒəmɨɾo jɨtawəkʼal
የሰው ሠራሽ ብልህነት ሥርዓት አሁን በኢኮኖሚክስ፣ ሕክምና ፣ ምህንድስና እና የውትድርና ዘርፎች ላይ በአብዛኛው ጥቅም ላይ ይውላል፤ በብዙ የቤት ኮምፒውተሮች እና የቪዲዮ ጨዋታ መተግበሪያዎች ላይም ተወህዶ ተሠርቷል	jəsəw səɾaʃ bɨlhnət sɨɾat ahun bəikonomiks , hɨkmɨna , mɨhndsna ɨna jəwtdɨɾna zəɾfot͡ʃ laj bəabzaɲaw tʼɨkʼm laj jɨwlal , bəbzu jəbet kompiwtəɾot͡ʃ ɨna jəvidijo t͡ʃʼəwata mətəɡbəɾijawot͡ʃ lajm təwəhdo təsəɾtʷal
የሰው ሠራሽ ብልህነት ሥርዓት አሁን በኢኮኖሚክስ፣ ሕክምና ፣ ምህንድስና እና የውትድርና ዘርፎች ላይ በአብዛኛው ጥቅም ላይ ይውላል፤ በብዙ የቤት ኮምፒውተሮች እና የቪዲዮ ጨዋታ መተግበሪያዎች ላይም ተወህዶ ተሠርቷል	jəsəw səɾaʃ bɨlhnət sɨɾat ahun bəikonomiks , hɨkmɨna , mɨhndsna ɨna jəwtdɨɾna zəɾfot͡ʃ laj bəabzaɲaw tʼɨkʼm laj jɨwlal , bəbzu jəbet kompiwtəɾot͡ʃ ɨna jəvidijo t͡ʃʼəwata mətəɡbəɾijawot͡ʃ lajm təwəhdo təsəɾtʷal
እያንዳንዱ ቤተ መቅደስ ክፍት የሆነ የቤተመቅደስ ግቢ እና ካህናቱ ብቻ መግባት የሚችሉበት የውስጥ መቅደስ ነበረው	ɨjandandu betə məkʼdəs kɨft jəhonə jəbetəməkʼdəs ɡɨbi ɨna kahnatu bɨt͡ʃa məɡbat jəmit͡ʃlubət jəwɨstʼ məkʼdəs nəbəɾəw
መቆያ ግብርና ማለት ገበሬውን እሱን እና ቤተሰቡን ብቻ ሊጠቅም የሚችል ምርት ሲኖረው ማለት ነው	məkʼoja ɡɨbɨɾna malət ɡəbəɾewn ɨsun ɨna betəsəbun bɨt͡ʃa litʼəkʼm jəmit͡ʃl mɨɾt sinoɾəw malət nəw
መቆያ ግብርና ማለት ገበሬውን እሱን እና ቤተሰቡን ብቻ ሊጠቅም የሚችል ምርት ሲኖረው ማለት ነው	məkʼoja ɡɨbɨɾna malət ɡəbəɾewn ɨsun ɨna betəsəbun bɨt͡ʃa litʼəkʼm jəmit͡ʃl mɨɾt sinoɾəw malət nəw
ሙሬይ ሁለቱም ወንዶች እያንዳንዱን የተወረውን ኳስ ከያዙ በኋላ የመጀመሪያውን የአቻ መስበሪያ ተሸነፈ	muɾej hulətum wəndot͡ʃ ɨjandandun jətəwəɾəwn kʷas kəjazu bəhʷala jəməd͡ʒəməɾijawn jəat͡ʃa məsbəɾija təʃənəfə
በፍጥነት እንዲያልፍ ለማድረግ ብቸኛው መንገድ እንደተረጋገጠ ጓዝ መላክ ነበር የአየር መንገድ ደንብ ሻንጣ ያለ ተሳፋሪ እንዲልኩ አይፈቅድላቸውም በዚህ ጊዜ ነው እርስዎ የሚያስፈልጉት	bəftʼnət ɨndijalf ləmadɨɾəɡ bɨt͡ʃəɲaw mənɡəd ɨndətəɾəɡaɡətʼə ɡʷaz məlak nəbəɾ jəajəɾ mənɡəd dənb ʃantʼa jalə təsafaɾi ɨndilku ajfəkʼdlat͡ʃəwm bəzih ɡize nəw ɨɾswo jəmijasfəlɡut
በፍጥነት እንዲያልፍ ለማድረግ ብቸኛው መንገድ እንደተረጋገጠ ጓዝ መላክ ነበር የአየር መንገድ ደንብ ሻንጣ ያለ ተሳፋሪ እንዲልኩ አይፈቅድላቸውም በዚህ ጊዜ ነው እርስዎ የሚያስፈልጉት	bəftʼnət ɨndijalf ləmadɨɾəɡ bɨt͡ʃəɲaw mənɡəd ɨndətəɾəɡaɡətʼə ɡʷaz məlak nəbəɾ jəajəɾ mənɡəd dənb ʃantʼa jalə təsafaɾi ɨndilku ajfəkʼdlat͡ʃəwm bəzih ɡize nəw ɨɾswo jəmijasfəlɡut
የክፍክዶቹ መከፈት ለስርዓቱ የግፊት መለቀቅን አስቻለ እና 55,000 በርሜሎችን (2.3 ሚሊዮን ጋሎን) መያዝ ወደሚችል ታንክ ዘይት ፈሰሰ	jəkfkdot͡ʃu məkəfət ləsɾatu jəɡfit mələkʼəkʼn ast͡ʃalə ɨna hamsa amɨst ʃi bəɾmelot͡ʃn hulət nətʼb sost milijon ɡalon məjaz wədəmit͡ʃl tank zəjt fəsəsə
የክፍክዶቹ መከፈት ለስርዓቱ የግፊት መለቀቅን አስቻለ እና 55,000 በርሜሎችን (2.3 ሚሊዮን ጋሎን) መያዝ ወደሚችል ታንክ ዘይት ፈሰሰ	jəkfkdot͡ʃu məkəfət ləsɾatu jəɡfit mələkʼəkʼn ast͡ʃalə ɨna hamsa amɨst ʃi bəɾmelot͡ʃn hulət nətʼb sost milijon ɡalon məjaz wədəmit͡ʃl tank zəjt fəsəsə
የክፍክዶቹ መከፈት ለስርዓቱ የግፊት መለቀቅን አስቻለ እና 55,000 በርሜሎችን (2.3 ሚሊዮን ጋሎን) መያዝ ወደሚችል ታንክ ዘይት ፈሰሰ	jəkfkdot͡ʃu məkəfət ləsɾatu jəɡfit mələkʼəkʼn ast͡ʃalə ɨna hamsa amɨst ʃi bəɾmelot͡ʃn hulət nətʼb sost milijon ɡalon məjaz wədəmit͡ʃl tank zəjt fəsəsə
በኦገስት የአሜስ ስትሮው ምርጫን ያሸነፈችው ባችማን ዘመቻዋን ለማቆም ወሰነች	bəoɡəst jəames sɨtɨɾow mɨɾt͡ʃʼan jaʃənəfət͡ʃw bat͡ʃman zəmət͡ʃawan ləmakʼom wəsənət͡ʃ
በኦገስት የአሜስ ስትሮው ምርጫን ያሸነፈችው ባችማን ዘመቻዋን ለማቆም ወሰነች	bəoɡəst jəames sɨtɨɾow mɨɾt͡ʃʼan jaʃənəfət͡ʃw bat͡ʃman zəmət͡ʃawan ləmakʼom wəsənət͡ʃ
የሚወሰዱ ብዙ የፈረንሳይ ወይኖች አሉ ግን የኒው ዚላንድ እና አውስትራሊያ ወይኖች የተሻለ ሊጓዙ ይችላሉ	jəmiwəsədu bɨzu jəfəɾənsaj wəjnot͡ʃ alu ɡɨn jəniw ziland ɨna awstɨɾalija wəjnot͡ʃ jətəʃalə liɡʷazu jɨt͡ʃlalu
የሚወሰዱ ብዙ የፈረንሳይ ወይኖች አሉ ግን የኒው ዚላንድ እና አውስትራሊያ ወይኖች የተሻለ ሊጓዙ ይችላሉ	jəmiwəsədu bɨzu jəfəɾənsaj wəjnot͡ʃ alu ɡɨn jəniw ziland ɨna awstɨɾalija wəjnot͡ʃ jətəʃalə liɡʷazu jɨt͡ʃlalu
ታህተቀይ ምስሎች ከማታ እና ቀን የሙቀት ልዩነቶቹ ዋሻዎች እንደሚሆኑ ያሳያሉ	tahtəkʼəj mɨslot͡ʃ kəmata ɨna kʼən jəmukʼət lɨjunətot͡ʃu waʃawot͡ʃ ɨndəmihonu jasajalu
17,000 አማራጭ ደሴቶችን በመያዝ የኢንዶኔዢያ ምግብ በሃገሩ ዙሪያ የሚገኙ የክልል ሰፊ የምግብ ዓይነቶችን የሚሸፍን አጠቃላይ ቃል ነው	asɾa səbat ʃi amaɾat͡ʃʼ dəsetot͡ʃn bəməjaz jəindoneʒija mɨɡb bəhaɡəɾu zuɾija jəmiɡəɲu jəkɨll səfi jəmɨɡb ajnətot͡ʃn jəmiʃəfn atʼəkʼalaj kʼal nəw
የመሬት መንቀጥቀጡ ማእከል የነበረው፣ ከሰሜናዊ-ሰሜንምስራቅ ዲሎን 20 ኪ.ሜ (15 ማይል) አካባቢ ሲሆን ከቡቴ በስተደቡብ ደግሞ 65 ኪ.ሜ (40 ማይል) ያህል ነበር	jəməɾet mənkʼətʼkʼətʼu makəl jənəbəɾəw , kəsəmenawi səmenɨmsɾakʼ dilon haja kilo metɨɾ asɾa amɨst majl akababi sihon kəbute bəstədəbub dəɡmo sɨlsa amɨst kilo metɨɾ aɾba majl jahl nəbəɾ
የመሬት መንቀጥቀጡ ማእከል የነበረው፣ ከሰሜናዊ-ሰሜንምስራቅ ዲሎን 20 ኪ.ሜ (15 ማይል) አካባቢ ሲሆን ከቡቴ በስተደቡብ ደግሞ 65 ኪ.ሜ (40 ማይል) ያህል ነበር	jəməɾet mənkʼətʼkʼətʼu makəl jənəbəɾəw , kəsəmenawi səmenɨmsɾakʼ dilon haja kilo metɨɾ asɾa amɨst majl akababi sihon kəbute bəstədəbub dəɡmo sɨlsa amɨst kilo metɨɾ aɾba majl jahl nəbəɾ
የናሳ መንኮራኩር ፕሮግራም ሃላፊ ኤን ዌይን ሀሌ ጁኒየር “እኛ ከሚያሳስበን ጊዜ በኋላ” አረፋው ወድቋል ብለዋል	jənasa mənkoɾakuɾ pɨɾoɡɨɾam halafi en wejn hale d͡ʒunijəɾ ɨɲa kəmijasasbən ɡize bəhʷala aɾəfaw wədkʼʷal bɨləwal
የናሳ መንኮራኩር ፕሮግራም ሃላፊ ኤን ዌይን ሀሌ ጁኒየር “እኛ ከሚያሳስበን ጊዜ በኋላ” አረፋው ወድቋል ብለዋል	jənasa mənkoɾakuɾ pɨɾoɡɨɾam halafi en wejn hale d͡ʒunijəɾ ɨɲa kəmijasasbən ɡize bəhʷala aɾəfaw wədkʼʷal bɨləwal
አቶሞች በጣም ትንሽ ከመሆናቸው የተነሳ ትሪሊየን የሚሆኑት በዚህ አረፍተነገር መጨረሻ ላይ ያለ ነጥብ ውስጥ መግባት ይችላሉ	atomot͡ʃ bətʼam tɨnʃ kəməhonat͡ʃəw jətənəsa tɨɾilijən jəmihonut bəzih aɾəftənəɡəɾ mət͡ʃʼəɾəʃa laj jalə nətʼb wɨstʼ məɡbat jɨt͡ʃlalu
የሮክ ባንዱ እስከ ሴፕቴምበር 16 ድረስ ዩናይትድ ስቴትስ እና ካናዳን ለመጎብኘት ቀጠሮ ነበረው	jəɾok bandu ɨskə septembəɾ asɾa sɨdɨst dɨɾəs junajɨtd sɨtets ɨna kanadan ləməɡobɲət kʼətʼəɾo nəbəɾəw
የጉዞ ወኪሎች አብዛኛውን ጊዜ ቁርስ፣ ከ/ወደ አውሮፕላን ማረፊያው የመጓጓዣ ዝግጅቶችን የሚያጠቃልሉ ጥቅሎችን ወይም የተዋሃዱ የበረራ እና ሆቴል ጥቅሎችን ያቀርባሉ	jəɡuzo wəkilot͡ʃ abzaɲawn ɡize kʼuɾs , kə wədə awɨɾoplan maɾəfijaw jəməɡʷaɡʷaʒa zɨɡd͡ʒtot͡ʃn jəmijatʼəkʼallu tʼɨkʼlot͡ʃn wəjm jətəwahadu jəbəɾəɾa ɨna hotel tʼɨkʼlot͡ʃn jakʼəɾbalu
የጉዞ ወኪሎች አብዛኛውን ጊዜ ቁርስ፣ ከ/ወደ አውሮፕላን ማረፊያው የመጓጓዣ ዝግጅቶችን የሚያጠቃልሉ ጥቅሎችን ወይም የተዋሃዱ የበረራ እና ሆቴል ጥቅሎችን ያቀርባሉ	jəɡuzo wəkilot͡ʃ abzaɲawn ɡize kʼuɾs , kə wədə awɨɾoplan maɾəfijaw jəməɡʷaɡʷaʒa zɨɡd͡ʒtot͡ʃn jəmijatʼəkʼallu tʼɨkʼlot͡ʃn wəjm jətəwahadu jəbəɾəɾa ɨna hotel tʼɨkʼlot͡ʃn jakʼəɾbalu
በእነሱ ሥር ከጥንቸል እስከ አጋዘን ያሉ መካከለኛ መጠን ያላቸው እንስሶችን የሚበሉ መካከለኛ መጠን ያላቸው ድመቶች አሉ	bənəsu sɨɾ kətʼnt͡ʃəl ɨskə aɡazən jalu məkakələɲa mətʼən jalat͡ʃəw ɨnssot͡ʃn jəmibəlu məkakələɲa mətʼən jalat͡ʃəw dɨmətot͡ʃ alu
በእነሱ ሥር ከጥንቸል እስከ አጋዘን ያሉ መካከለኛ መጠን ያላቸው እንስሶችን የሚበሉ መካከለኛ መጠን ያላቸው ድመቶች አሉ	bənəsu sɨɾ kətʼnt͡ʃəl ɨskə aɡazən jalu məkakələɲa mətʼən jalat͡ʃəw ɨnssot͡ʃn jəmibəlu məkakələɲa mətʼən jalat͡ʃəw dɨmətot͡ʃ alu
እሮብ ከሰዓት በኋላ ላይ የታንኮቹ የአየር ማስወጫ ቀዳዳዎች ምናልባትም ታንኩ ውስጥ ካለው የሙቀት መጨመር የተነሳ እያፈሰሱ ነበር	ɨɾob kəsəat bəhʷala laj jətankot͡ʃu jəajəɾ maswət͡ʃʼa kʼədadawot͡ʃ mɨnalbatm tanku wɨstʼ kaləw jəmukʼət mət͡ʃʼəməɾ jətənəsa ɨjafəsəsu nəbəɾ
እሮብ ከሰዓት በኋላ ላይ የታንኮቹ የአየር ማስወጫ ቀዳዳዎች ምናልባትም ታንኩ ውስጥ ካለው የሙቀት መጨመር የተነሳ እያፈሰሱ ነበር	ɨɾob kəsəat bəhʷala laj jətankot͡ʃu jəajəɾ maswət͡ʃʼa kʼədadawot͡ʃ mɨnalbatm tanku wɨstʼ kaləw jəmukʼət mət͡ʃʼəməɾ jətənəsa ɨjafəsəsu nəbəɾ
እሮብ ከሰዓት በኋላ ላይ የታንኮቹ የአየር ማስወጫ ቀዳዳዎች ምናልባትም ታንኩ ውስጥ ካለው የሙቀት መጨመር የተነሳ እያፈሰሱ ነበር	ɨɾob kəsəat bəhʷala laj jətankot͡ʃu jəajəɾ maswət͡ʃʼa kʼədadawot͡ʃ mɨnalbatm tanku wɨstʼ kaləw jəmukʼət mət͡ʃʼəməɾ jətənəsa ɨjafəsəsu nəbəɾ
ለምሳሌ በሎኢር ሸለቆ በርሂን ሸለቆ የሚገኙ ቤተ መንግሥቶችን መጎብኘት ወይም ወደ በዳንዑብ የሚገኙ የሚማርኩ ከተሞች የጀልባ ጉዞ ማካሄድ ወይም በኤሪ ቦይ በኩል በጀልባ መሄድ	ləmsale bəloiɾ ʃələkʼo bəɾhin ʃələkʼo jəmiɡəɲu betə mənɡstot͡ʃn məɡobɲət wəjm wədə bədanub jəmiɡəɲu jəmimaɾku kətəmot͡ʃ jəd͡ʒəlba ɡuzo makahed wəjm bəeɾi boj bəkul bəd͡ʒəlba məhed
ለምሳሌ በሎኢር ሸለቆ በርሂን ሸለቆ የሚገኙ ቤተ መንግሥቶችን መጎብኘት ወይም ወደ በዳንዑብ የሚገኙ የሚማርኩ ከተሞች የጀልባ ጉዞ ማካሄድ ወይም በኤሪ ቦይ በኩል በጀልባ መሄድ	ləmsale bəloiɾ ʃələkʼo bəɾhin ʃələkʼo jəmiɡəɲu betə mənɡstot͡ʃn məɡobɲət wəjm wədə bədanub jəmiɡəɲu jəmimaɾku kətəmot͡ʃ jəd͡ʒəlba ɡuzo makahed wəjm bəeɾi boj bəkul bəd͡ʒəlba məhed
እንዲሁም ብሎግ ማድረግ “ተማሪዎች በዙሪያቸው ስላለው ዓለም የበለጠ እውቀት እንዲኖራቸው ያስገድዳቸዋል።” የታዳሚዎችን ፍላጎት የመመገብ አስፈላጊነት ተማሪዎች ጎበዝ እና ሳቢ እንዲሆኑ ያነሳሳቸዋል (Toto, 2004	ɨndihum bɨloɡ madɨɾəɡ təmaɾiwot͡ʃ bəzuɾijat͡ʃəw sɨlaləw aləm jəbələtʼə ɨwkʼət ɨndinoɾat͡ʃəw jasɡəddat͡ʃəwal . jətadamiwot͡ʃn fɨlaɡot jəməməɡəb asfəlaɡinət təmaɾiwot͡ʃ ɡobəz ɨna sabi ɨndihonu janəsasat͡ʃəwal tʰˈoᶷt̬oᶷ , hulət ʃi aɾat
እንዲሁም ብሎግ ማድረግ “ተማሪዎች በዙሪያቸው ስላለው ዓለም የበለጠ እውቀት እንዲኖራቸው ያስገድዳቸዋል።” የታዳሚዎችን ፍላጎት የመመገብ አስፈላጊነት ተማሪዎች ጎበዝ እና ሳቢ እንዲሆኑ ያነሳሳቸዋል (Toto, 2004	ɨndihum bɨloɡ madɨɾəɡ təmaɾiwot͡ʃ bəzuɾijat͡ʃəw sɨlaləw aləm jəbələtʼə ɨwkʼət ɨndinoɾat͡ʃəw jasɡəddat͡ʃəwal . jətadamiwot͡ʃn fɨlaɡot jəməməɡəb asfəlaɡinət təmaɾiwot͡ʃ ɡobəz ɨna sabi ɨndihonu janəsasat͡ʃəwal tʰˈoᶷt̬oᶷ , hulət ʃi aɾat
ቻምበርዎች “በተስፋፋ ሞት ፣ በሚሊዮን የሚቆጠሩ የምድር ነዋሪዎችን ጥፋት እና ሽብርተኝነት” አምላክን ከሰው ነበር	t͡ʃambəɾwot͡ʃ bətəsfafa mot , bəmilijon jəmikʼotʼəɾu jəmdɨɾ nəwaɾiwot͡ʃn tʼɨfat ɨna ʃɨbɨɾtəɲɨnət amlakn kəsəw nəbəɾ
ቻምበርዎች “በተስፋፋ ሞት ፣ በሚሊዮን የሚቆጠሩ የምድር ነዋሪዎችን ጥፋት እና ሽብርተኝነት” አምላክን ከሰው ነበር	t͡ʃambəɾwot͡ʃ bətəsfafa mot , bəmilijon jəmikʼotʼəɾu jəmdɨɾ nəwaɾiwot͡ʃn tʼɨfat ɨna ʃɨbɨɾtəɲɨnət amlakn kəsəw nəbəɾ
ተባዮች ምግብ ሊያበላሹ መቆጣትን ሊያስከትሉ ወይም በባሰ ሁኔታ የአለርጂ አፀግብሮት ሊያስከትሉ መርዝ ሊያስፋፉ ወይም ልክፈቶችን ሊያስተላልፉ ይችላሉ	təbajot͡ʃ mɨɡb lijabəlaʃu məkʼotʼatn lijaskətlu wəjm bəbasə huneta jəaləɾd͡ʒi at͡sʼəɡbɨɾot lijaskətlu məɾz lijasfafu wəjm lɨkfətot͡ʃn lijastəlalfu jɨt͡ʃlalu
ተባዮች ምግብ ሊያበላሹ መቆጣትን ሊያስከትሉ ወይም በባሰ ሁኔታ የአለርጂ አፀግብሮት ሊያስከትሉ መርዝ ሊያስፋፉ ወይም ልክፈቶችን ሊያስተላልፉ ይችላሉ	təbajot͡ʃ mɨɡb lijabəlaʃu məkʼotʼatn lijaskətlu wəjm bəbasə huneta jəaləɾd͡ʒi at͡sʼəɡbɨɾot lijaskətlu məɾz lijasfafu wəjm lɨkfətot͡ʃn lijastəlalfu jɨt͡ʃlalu
ጨዋታዎቹን በ1964 ስላስተናገደች ቶክዮ ብቸኛዋ ሁለት የክረምት ኦሎምፒኮችን ያስተናገደችህ ብችሀኛዋ የኤስያ ከተማ ትሆናለች	t͡ʃʼəwatawot͡ʃun bə ʃi zətʼəɲ məto sɨlsa aɾat sɨlastənaɡədət͡ʃ tokjo bɨt͡ʃəɲawa hulət jəkɨɾəmt olompikot͡ʃn jastənaɡədət͡ʃh bɨt͡ʃhaɲawa jəesja kətəma tɨhonalət͡ʃ
ጨዋታዎቹን በ1964 ስላስተናገደች ቶክዮ ብቸኛዋ ሁለት የክረምት ኦሎምፒኮችን ያስተናገደችህ ብችሀኛዋ የኤስያ ከተማ ትሆናለች	t͡ʃʼəwatawot͡ʃun bə ʃi zətʼəɲ məto sɨlsa aɾat sɨlastənaɡədət͡ʃ tokjo bɨt͡ʃəɲawa hulət jəkɨɾəmt olompikot͡ʃn jastənaɡədət͡ʃh bɨt͡ʃhaɲawa jəesja kətəma tɨhonalət͡ʃ
ምንም እንኳን የውሃው መጠን ከጎርፉ በኋላ ጥቂት ጫማዎችን ብቻ የሚያድግ ቢሆንም ባለሥልጣኖቹ የተሸረሸሩ አሸዋዎችን ወደታች ለመመለስ በቂ ይሆናል ብለው ተስፋ ያደርጋሉ	mɨnɨm ɨnkʷan jəwhaw mətʼən kəɡoɾfu bəhʷala tʼɨkʼit t͡ʃʼamawot͡ʃn bɨt͡ʃa jəmijadɡ bihonɨm baləsltʼanot͡ʃu jətəʃəɾəʃəɾu aʃəwawot͡ʃn wədətat͡ʃ ləməmələs bəkʼi jɨhonal bɨləw təsfa jadəɾɡalu
ምንም እንኳን የውሃው መጠን ከጎርፉ በኋላ ጥቂት ጫማዎችን ብቻ የሚያድግ ቢሆንም ባለሥልጣኖቹ የተሸረሸሩ አሸዋዎችን ወደታች ለመመለስ በቂ ይሆናል ብለው ተስፋ ያደርጋሉ	mɨnɨm ɨnkʷan jəwhaw mətʼən kəɡoɾfu bəhʷala tʼɨkʼit t͡ʃʼamawot͡ʃn bɨt͡ʃa jəmijadɡ bihonɨm baləsltʼanot͡ʃu jətəʃəɾəʃəɾu aʃəwawot͡ʃn wədətat͡ʃ ləməmələs bəkʼi jɨhonal bɨləw təsfa jadəɾɡalu
የአሳዳጊዎች እንክብካቤ ከዚህ ቀደም በተወሰዱበት ቤት ውስጥ የጎደላቸውን ሁሉንም አስፈላጊ ነገሮች ይሰጣል ተብሎ ይታሰባል	jəasadaɡiwot͡ʃ ɨnkbkabe kəzih kʼədəm bətəwəsədubət bet wɨstʼ jəɡodəlat͡ʃəwn hulunɨm asfəlaɡi nəɡəɾot͡ʃ jɨsətʼal təblo jɨtasəbal
የአሳዳጊዎች እንክብካቤ ከዚህ ቀደም በተወሰዱበት ቤት ውስጥ የጎደላቸውን ሁሉንም አስፈላጊ ነገሮች ይሰጣል ተብሎ ይታሰባል	jəasadaɡiwot͡ʃ ɨnkbkabe kəzih kʼədəm bətəwəsədubət bet wɨstʼ jəɡodəlat͡ʃəwn hulunɨm asfəlaɡi nəɡəɾot͡ʃ jɨsətʼal təblo jɨtasəbal
በክልሉ ውስጥ ወደ 9400 የሚጠጉ ቤቶች ውሃ የላቸውም ፣ እና በግምት 100 የሚሆኑ ቤቶች ደግሞ መብራት አልባ ናቸው ተብሏል	bəkllu wɨstʼ wədə zətʼəɲ ʃi aɾat məto jəmitʼəɡu betot͡ʃ wɨha jəlat͡ʃəwm , ɨna bəɡɨmt məto jəmihonu betot͡ʃ dəɡmo məbɨɾat alba nat͡ʃəw təblʷal
በክልሉ ውስጥ ወደ 9400 የሚጠጉ ቤቶች ውሃ የላቸውም ፣ እና በግምት 100 የሚሆኑ ቤቶች ደግሞ መብራት አልባ ናቸው ተብሏል	bəkllu wɨstʼ wədə zətʼəɲ ʃi aɾat məto jəmitʼəɡu betot͡ʃ wɨha jəlat͡ʃəwm , ɨna bəɡɨmt məto jəmihonu betot͡ʃ dəɡmo məbɨɾat alba nat͡ʃəw təblʷal
ሌላው ልዩነት ደግሞ ድሆቹ እና ሴቶቹ ወንበሮች ላይ ተቀምጠው ምግብ ሲመገቡ ሀብታሞቹ ምግባቸውን በሚመገቡበት ጊዜ በጎን በኩል አብረው የሚዝናኑበት ትልቅ ድግስ ማድረግ ይወዳሉ	lelaw lɨjunət dəɡmo dɨhot͡ʃu ɨna setot͡ʃu wənbəɾot͡ʃ laj təkʼəmtʼəw mɨɡb siməɡəbu habtamot͡ʃu mɨɡbat͡ʃəwn bəmiməɡəbubət ɡize bəɡon bəkul abɨɾəw jəmiznanubət tɨlkʼ dɨɡs madɨɾəɡ jɨwədalu
ሌላው ልዩነት ደግሞ ድሆቹ እና ሴቶቹ ወንበሮች ላይ ተቀምጠው ምግብ ሲመገቡ ሀብታሞቹ ምግባቸውን በሚመገቡበት ጊዜ በጎን በኩል አብረው የሚዝናኑበት ትልቅ ድግስ ማድረግ ይወዳሉ	lelaw lɨjunət dəɡmo dɨhot͡ʃu ɨna setot͡ʃu wənbəɾot͡ʃ laj təkʼəmtʼəw mɨɡb siməɡəbu habtamot͡ʃu mɨɡbat͡ʃəwn bəmiməɡəbubət ɡize bəɡon bəkul abɨɾəw jəmiznanubət tɨlkʼ dɨɡs madɨɾəɡ jɨwədalu
104,500 በርሜሎችን የመያዝ አቅም ያለው ከታንኮቹ በታች ያለ ሌላ ሁለተኛ ደረጃ መያዣ ቦታ እስከ አቅሙ ድረስ ገና አልተሞላም ነበር	məto aɾat ʃi amɨst məto bəɾmelot͡ʃn jəməjaz akʼm jaləw kətankot͡ʃu bətat͡ʃ jalə lela hulətəɲa dəɾəd͡ʒa məjaʒa bota ɨskə akʼmu dɨɾəs ɡəna altəmolam nəbəɾ
104,500 በርሜሎችን የመያዝ አቅም ያለው ከታንኮቹ በታች ያለ ሌላ ሁለተኛ ደረጃ መያዣ ቦታ እስከ አቅሙ ድረስ ገና አልተሞላም ነበር	məto aɾat ʃi amɨst məto bəɾmelot͡ʃn jəməjaz akʼm jaləw kətankot͡ʃu bətat͡ʃ jalə lela hulətəɲa dəɾəd͡ʒa məjaʒa bota ɨskə akʼmu dɨɾəs ɡəna altəmolam nəbəɾ
የፖለቲካ ስምምነቶች ውድቀት እንዳለ ሆኖ በነዚያ ሁለት የሞልዶቫ ክፍሎች መካከል የኢኮኖሚ ግንኙነቶች ዳግም ተቋቁመዋል	jəpolətika sɨmɨmɨnətot͡ʃ wɨdkʼət ɨndalə hono bənəzija hulət jəmoldova kɨflot͡ʃ məkakəl jəikonomi ɡɨnɨɲunətot͡ʃ daɡm təkʼʷakʼuməwal
የፖለቲካ ስምምነቶች ውድቀት እንዳለ ሆኖ በነዚያ ሁለት የሞልዶቫ ክፍሎች መካከል የኢኮኖሚ ግንኙነቶች ዳግም ተቋቁመዋል	jəpolətika sɨmɨmɨnətot͡ʃ wɨdkʼət ɨndalə hono bənəzija hulət jəmoldova kɨflot͡ʃ məkakəl jəikonomi ɡɨnɨɲunətot͡ʃ daɡm təkʼʷakʼuməwal
ጃፓን ባላት የደሴቶች ስብስብ/ቡድን ምክንያት ጃፓን ብዙውን ጊዜ በጂኦግራፊያዊ አነጋገር "አርኪፔላጎ" ተብላ ትጠራለች	d͡ʒapan balat jədəsetot͡ʃ sɨbɨsb budn mɨknjat d͡ʒapan bɨzuwn ɡize bəd͡ʒioɡɨɾafijawi anəɡaɡəɾ aɾkipelaɡo təbla tɨtʼəɾalət͡ʃ
ጃፓን ባላት የደሴቶች ስብስብ/ቡድን ምክንያት ጃፓን ብዙውን ጊዜ በጂኦግራፊያዊ አነጋገር "አርኪፔላጎ" ተብላ ትጠራለች	d͡ʒapan balat jədəsetot͡ʃ sɨbɨsb budn mɨknjat d͡ʒapan bɨzuwn ɡize bəd͡ʒioɡɨɾafijawi anəɡaɡəɾ aɾkipelaɡo təbla tɨtʼəɾalət͡ʃ
የአደጋ ጊዜ አገልግሎት ሾፌሩን ከቀዩ የኦዲ ቲቲ ነፃ ሲያወጣ አደጋው የተከሰተበት መንገድ ለጊዜው ተዘግቶ ነበር	jəadəɡa ɡize aɡəlɡlot ʃofeɾun kəkʼəju jəodi titi nət͡sʼa sijawətʼa adəɡaw jətəkəsətəbət mənɡəd ləɡizew təzəɡto nəbəɾ
የአደጋ ጊዜ አገልግሎት ሾፌሩን ከቀዩ የኦዲ ቲቲ ነፃ ሲያወጣ አደጋው የተከሰተበት መንገድ ለጊዜው ተዘግቶ ነበር	jəadəɡa ɡize aɡəlɡlot ʃofeɾun kəkʼəju jəodi titi nət͡sʼa sijawətʼa adəɡaw jətəkəsətəbət mənɡəd ləɡizew təzəɡto nəbəɾ
የፋሲካ ምሽትን ፀሃይ ስትወጣ ለማየት በሆነ በተጋለጠ ቦታ ነቅቶ የማሳለፍ ባህል አለ	jəfasika mɨʃɨtn t͡sʼəhaj sɨtwətʼa ləmajət bəhonə bətəɡalətʼə bota nəkʼto jəmasaləf bahl alə
የፋሲካ ምሽትን ፀሃይ ስትወጣ ለማየት በሆነ በተጋለጠ ቦታ ነቅቶ የማሳለፍ ባህል አለ	jəfasika mɨʃɨtn t͡sʼəhaj sɨtwətʼa ləmajət bəhonə bətəɡalətʼə bota nəkʼto jəmasaləf bahl alə
የተለዩ “ዝናባማ” እና “ደረቅ” ወቅቶች የሉም የዝናብ መጠን አመቱን ሙሉ ከሞላ ጎደል ተመሳሳይ ሆኖ ይቆያል	jətələju zɨnabama ɨna dəɾəkʼ wəkʼtot͡ʃ jəlum jəznab mətʼən amətun mulu kəmola ɡodəl təməsasaj hono jɨkʼojal
የተለዩ “ዝናባማ” እና “ደረቅ” ወቅቶች የሉም የዝናብ መጠን አመቱን ሙሉ ከሞላ ጎደል ተመሳሳይ ሆኖ ይቆያል	jətələju zɨnabama ɨna dəɾəkʼ wəkʼtot͡ʃ jəlum jəznab mətʼən amətun mulu kəmola ɡodəl təməsasaj hono jɨkʼojal
ኮሜቶች ምናልባት ፕሮቲኖችን ሊፈጥሩ እና ህይወትን ሊደግፉ ከሚችሉ ኦርጋኒክ ንጥረ ነገሮች ጋር ወደ ምድር የውሃ አቅርቦት ምንጭ ሊሆኑ ይችላሉ	kometot͡ʃ mɨnalbat pɨɾotinot͡ʃn lifətʼɨɾu ɨna hɨjwətn lidəɡfu kəmit͡ʃlu oɾɡanik nɨtʼɨɾə nəɡəɾot͡ʃ ɡaɾ wədə mɨdɨɾ jəwha akʼɨɾbot mɨnt͡ʃʼ lihonu jɨt͡ʃlalu
ኮሜቶች ምናልባት ፕሮቲኖችን ሊፈጥሩ እና ህይወትን ሊደግፉ ከሚችሉ ኦርጋኒክ ንጥረ ነገሮች ጋር ወደ ምድር የውሃ አቅርቦት ምንጭ ሊሆኑ ይችላሉ	kometot͡ʃ mɨnalbat pɨɾotinot͡ʃn lifətʼɨɾu ɨna hɨjwətn lidəɡfu kəmit͡ʃlu oɾɡanik nɨtʼɨɾə nəɡəɾot͡ʃ ɡaɾ wədə mɨdɨɾ jəwha akʼɨɾbot mɨnt͡ʃʼ lihonu jɨt͡ʃlalu
የሄርሽ እና ቼስ ሙከራ ዲኤንኤ የጄኔቲክ ቁሳቁስ ነበር ከሚለው መሪ ሃሳብ መካከል አንዱ ነበር	jəheɾʃ ɨna t͡ʃes mukəɾa diene jəd͡ʒenetik kʼusakʼus nəbəɾ kəmiləw məɾi hasab məkakəl andu nəbəɾ
የሄርሽ እና ቼስ ሙከራ ዲኤንኤ የጄኔቲክ ቁሳቁስ ነበር ከሚለው መሪ ሃሳብ መካከል አንዱ ነበር	jəheɾʃ ɨna t͡ʃes mukəɾa diene jəd͡ʒenetik kʼusakʼus nəbəɾ kəmiləw məɾi hasab məkakəl andu nəbəɾ
በቅርቡ ማስታወቂያ መሰረት የባህር ወለል ንባቦች ሱናሚ መመንጨቱን አመልክተዋል ከፓጎ ፓጎ እና ኒዌ አቅራቢያ የተረጋገጠ የሱናሚ እንቅስቃሴ ተመዝግቧል	bəkʼɨɾbu mastawəkʼija məsəɾət jəbahɾ wələl nɨbabot͡ʃ sunami məmənt͡ʃʼətun aməlktəwal kəpaɡo paɡo ɨna niwe akʼɨɾabija jətəɾəɡaɡətʼə jəsunami ɨnkʼskʼase təməzɡbʷal
በቅርቡ ማስታወቂያ መሰረት የባህር ወለል ንባቦች ሱናሚ መመንጨቱን አመልክተዋል ከፓጎ ፓጎ እና ኒዌ አቅራቢያ የተረጋገጠ የሱናሚ እንቅስቃሴ ተመዝግቧል	bəkʼɨɾbu mastawəkʼija məsəɾət jəbahɾ wələl nɨbabot͡ʃ sunami məmənt͡ʃʼətun aməlktəwal kəpaɡo paɡo ɨna niwe akʼɨɾabija jətəɾəɡaɡətʼə jəsunami ɨnkʼskʼase təməzɡbʷal
እርካቦች በኮርቻው ጎን እና ጎን ለሚንጠለጠሉት የጋላቢ እግሮች መደገፊያ ናቸው	ɨɾkabot͡ʃ bəkoɾt͡ʃaw ɡon ɨna ɡon ləmintʼələtʼəlut jəɡalabi ɨɡɨɾot͡ʃ mədəɡəfija nat͡ʃəw
እርካቦች በኮርቻው ጎን እና ጎን ለሚንጠለጠሉት የጋላቢ እግሮች መደገፊያ ናቸው	ɨɾkabot͡ʃ bəkoɾt͡ʃaw ɡon ɨna ɡon ləmintʼələtʼəlut jəɡalabi ɨɡɨɾot͡ʃ mədəɡəfija nat͡ʃəw
ለሰዎች የምላቸው ነገር እኛ እንደምናስተናግድዎ አስተናግዱን ነው	ləsəwot͡ʃ jəmlat͡ʃəw nəɡəɾ ɨɲa ɨndəmɨnastənaɡdwo astənaɡdun nəw
ለሰዎች የምላቸው ነገር እኛ እንደምናስተናግድዎ አስተናግዱን ነው	ləsəwot͡ʃ jəmlat͡ʃəw nəɡəɾ ɨɲa ɨndəmɨnastənaɡdwo astənaɡdun nəw
በቀጥታ ቴሌቪዝን ላይ የነበሩት አስተያየቶች ከፍተኛ ኢራናዊያን ምንጮች ማዕቀቦች ጉዳት እንዳላቸው ያመኑበት የመጀመሪያ ጊዜ ነው	bəkʼətʼta televizn laj jənəbəɾut astəjajətot͡ʃ kəftəɲa iɾanawijan mɨnt͡ʃʼot͡ʃ makʼəbot͡ʃ ɡudat ɨndalat͡ʃəw jamənubət jəməd͡ʒəməɾija ɡize nəw
በቀጥታ ቴሌቪዝን ላይ የነበሩት አስተያየቶች ከፍተኛ ኢራናዊያን ምንጮች ማዕቀቦች ጉዳት እንዳላቸው ያመኑበት የመጀመሪያ ጊዜ ነው	bəkʼətʼta televizn laj jənəbəɾut astəjajətot͡ʃ kəftəɲa iɾanawijan mɨnt͡ʃʼot͡ʃ makʼəbot͡ʃ ɡudat ɨndalat͡ʃəw jamənubət jəməd͡ʒəməɾija ɡize nəw
በቀጥታ ቴሌቪዝን ላይ የነበሩት አስተያየቶች ከፍተኛ ኢራናዊያን ምንጮች ማዕቀቦች ጉዳት እንዳላቸው ያመኑበት የመጀመሪያ ጊዜ ነው	bəkʼətʼta televizn laj jənəbəɾut astəjajətot͡ʃ kəftəɲa iɾanawijan mɨnt͡ʃʼot͡ʃ makʼəbot͡ʃ ɡudat ɨndalat͡ʃəw jamənubət jəməd͡ʒəməɾija ɡize nəw
“ሰባቱ እህቶች” ተብለው የተጠሩ የዋሻ መግቢያዎች ሁሉ ቢያንስ ከ 100 እስከ 250 ሜትር (ከ 328 እስከ 820 ጫማ) ዲያሜትር አላቸው	səbatu ɨhtot͡ʃ təbləw jətətʼəɾu jəwaʃa məɡbijawot͡ʃ hulu bijans kə məto ɨskə hulət məto hamsa metɨɾ kə sost məto haja sɨmɨnt ɨskə sɨmɨnt məto haja t͡ʃʼama dijametɨɾ alat͡ʃəw
“ሰባቱ እህቶች” ተብለው የተጠሩ የዋሻ መግቢያዎች ሁሉ ቢያንስ ከ 100 እስከ 250 ሜትር (ከ 328 እስከ 820 ጫማ) ዲያሜትር አላቸው	səbatu ɨhtot͡ʃ təbləw jətətʼəɾu jəwaʃa məɡbijawot͡ʃ hulu bijans kə məto ɨskə hulət məto hamsa metɨɾ kə sost məto haja sɨmɨnt ɨskə sɨmɨnt məto haja t͡ʃʼama dijametɨɾ alat͡ʃəw
ልክ እንደ ሌሎች ባለሙያዎች አይነት 1 የስኳር በሽታ ላለባቸው ሰዎች እነዚህ ግኝቶች ምንም ጥቅም እንደሌላቸው በመገንዘብ የስኳር በሽታ ሊፈወስ የሚችል መሆኑን ይጠራጠራል	lɨk ɨndə lelot͡ʃ baləmujawot͡ʃ ajnət and jəskʷaɾ bəʃta laləbat͡ʃəw səwot͡ʃ ɨnəzih ɡɨɲtot͡ʃ mɨnɨm tʼɨkʼm ɨndəlelat͡ʃəw bəməɡənzəb jəskʷaɾ bəʃta lifəwəs jəmit͡ʃl məhonun jɨtʼəɾatʼəɾal
ልክ እንደ ሌሎች ባለሙያዎች አይነት 1 የስኳር በሽታ ላለባቸው ሰዎች እነዚህ ግኝቶች ምንም ጥቅም እንደሌላቸው በመገንዘብ የስኳር በሽታ ሊፈወስ የሚችል መሆኑን ይጠራጠራል	lɨk ɨndə lelot͡ʃ baləmujawot͡ʃ ajnət and jəskʷaɾ bəʃta laləbat͡ʃəw səwot͡ʃ ɨnəzih ɡɨɲtot͡ʃ mɨnɨm tʼɨkʼm ɨndəlelat͡ʃəw bəməɡənzəb jəskʷaɾ bəʃta lifəwəs jəmit͡ʃl məhonun jɨtʼəɾatʼəɾal
ሌሎች የተሸፈኑ ርእሶች ሪፖርት እንደተደረገው ለሁለቱም ሀገራት እና ለዮርዳኖስ ሸለቆ ጉዳይ ቅዱስ የሆነ የወደፊቱን የኢየሩሳሌምን ሁኔታ ያካትታሉ	lelot͡ʃ jətəʃəfənu ɾɨsot͡ʃ ɾipoɾt ɨndətədəɾəɡəw ləhulətum haɡəɾat ɨna ləjoɾdanos ʃələkʼo ɡudaj kʼɨdus jəhonə jəwədəfitun jəijəɾusalemɨn huneta jakattalu
ሌሎች የተሸፈኑ ርእሶች ሪፖርት እንደተደረገው ለሁለቱም ሀገራት እና ለዮርዳኖስ ሸለቆ ጉዳይ ቅዱስ የሆነ የወደፊቱን የኢየሩሳሌምን ሁኔታ ያካትታሉ	lelot͡ʃ jətəʃəfənu ɾɨsot͡ʃ ɾipoɾt ɨndətədəɾəɡəw ləhulətum haɡəɾat ɨna ləjoɾdanos ʃələkʼo ɡudaj kʼɨdus jəhonə jəwədəfitun jəijəɾusalemɨn huneta jakattalu
ነገር ግን ጠቅላይ ሚኒስትር ጆን ሆዋርድ እንደተናገሩት ድርጊቱ ተጨማሪ የ AUD$45 ሚሊዮን ዶላር በመስጠት የሆስፒታሉን ተቋማት በታስማኒያ መንግስት እንዳያወርዱ ለመጠበቅ ብቻ ነበር	nəɡəɾ ɡɨn tʼəkʼlaj ministɨɾ d͡ʒon howaɾd ɨndətənaɡəɾut dɨɾɡitu tət͡ʃʼəmaɾi jə ˈɔːd aɾba amɨst milijon dolaɾ bəməstʼət jəhospitalun təkʼʷamat bətasmanija mənɡɨst ɨndajawəɾdu ləmətʼəbəkʼ bɨt͡ʃa nəbəɾ
ነገር ግን ጠቅላይ ሚኒስትር ጆን ሆዋርድ እንደተናገሩት ድርጊቱ ተጨማሪ የ AUD$45 ሚሊዮን ዶላር በመስጠት የሆስፒታሉን ተቋማት በታስማኒያ መንግስት እንዳያወርዱ ለመጠበቅ ብቻ ነበር	nəɡəɾ ɡɨn tʼəkʼlaj ministɨɾ d͡ʒon howaɾd ɨndətənaɡəɾut dɨɾɡitu tət͡ʃʼəmaɾi jə ˈɔːd aɾba amɨst milijon dolaɾ bəməstʼət jəhospitalun təkʼʷamat bətasmanija mənɡɨst ɨndajawəɾdu ləmətʼəbəkʼ bɨt͡ʃa nəbəɾ
አካባቢው እጅግ በጣም ለተለያዩ የእንስሳትና የወፍ ዝርያዎች መኖሪያም ነው	akababiw ɨd͡ʒɡ bətʼam lətələjaju jənssatna jəwəf zɨɾjawot͡ʃ mənoɾijam nəw
አካባቢው እጅግ በጣም ለተለያዩ የእንስሳትና የወፍ ዝርያዎች መኖሪያም ነው	akababiw ɨd͡ʒɡ bətʼam lətələjaju jənssatna jəwəf zɨɾjawot͡ʃ mənoɾijam nəw
ፓሪስ የዘመናዊው ዓለም የፋሽን ዋና ከተማ እንደምትባለው ሁላ ኮንስታንቲኖፕል የፊውዳል አውሮፓ የፋሽን ዋና ከተማ ይባል ነበር	paɾis jəzəmənawiw aləm jəfaʃn wana kətəma ɨndəmtbaləw hula konstantinopl jəfiwdal awɨɾopa jəfaʃn wana kətəma jɨbal nəbəɾ
ፓሪስ የዘመናዊው ዓለም የፋሽን ዋና ከተማ እንደምትባለው ሁላ ኮንስታንቲኖፕል የፊውዳል አውሮፓ የፋሽን ዋና ከተማ ይባል ነበር	paɾis jəzəmənawiw aləm jəfaʃn wana kətəma ɨndəmtbaləw hula konstantinopl jəfiwdal awɨɾopa jəfaʃn wana kətəma jɨbal nəbəɾ
ሱፍ መደበኛ የስራ ልብስ ነው እና ባልደረባዎች እርስ በርስ የሚጠራሩት በቤተሰብ ስሞቻቸው ወይም በስራ መደባቸው ነው	suf mədəbəɲa jəsɾa lɨbs nəw ɨna baldəɾəbawot͡ʃ ɨɾs bəɾs jəmitʼəɾaɾut bəbetəsəb sɨmot͡ʃat͡ʃəw wəjm bəsɾa mədəbat͡ʃəw nəw
ሱፍ መደበኛ የስራ ልብስ ነው እና ባልደረባዎች እርስ በርስ የሚጠራሩት በቤተሰብ ስሞቻቸው ወይም በስራ መደባቸው ነው	suf mədəbəɲa jəsɾa lɨbs nəw ɨna baldəɾəbawot͡ʃ ɨɾs bəɾs jəmitʼəɾaɾut bəbetəsəb sɨmot͡ʃat͡ʃəw wəjm bəsɾa mədəbat͡ʃəw nəw
የቴክኖሎጂ ቁርጠኝነት በተግባር በርካታ ሀሳቦችን የሚያካትት ከቴክኖሎጂ-ግፊት ወይም ከቴክኖሎጂ አስፈላጊነት ወደ የሰው ልጅ እጣ ፈንታ ከሳይንሳዊ ህጎች እና በቴክኖሎጂው መገለጥ ጋር የተዛመደ መሰረታዊ አመክንዮ የሚመነጭ እንደሆነ ወደ ማሰብ ያደላ ጠንካራ ስሜት	jəteknolod͡ʒi kʼuɾtʼəɲɨnət bətəɡbaɾ bəɾkata hasabot͡ʃn jəmijakatt kəteknolod͡ʒi ɡɨfit wəjm kəteknolod͡ʒi asfəlaɡinət wədə jəsəw lɨd͡ʒ ɨtʼa fənta kəsajnsawi hɨɡot͡ʃ ɨna bəteknolod͡ʒiw məɡələtʼ ɡaɾ jətəzamədə məsəɾətawi aməknjo jəmimənət͡ʃʼ ɨndəhonə wədə masəb jadəla tʼənkaɾa sɨmet
በማኅፀናት ሐኪምነት ሥልጠና አግኝተው በ 1959 በኦክላንድ ብሔራዊ የሴቶች ሆስፒታል መሥራት ጀመሩ	bəmaht͡sʼənat hakimɨnət sɨltʼəna aɡɲtəw bə ʃi zətʼəɲ məto hamsa zətʼəɲ bəokland bɨheɾawi jəsetot͡ʃ hospital məsɾat d͡ʒəməɾu
በማኅፀናት ሐኪምነት ሥልጠና አግኝተው በ 1959 በኦክላንድ ብሔራዊ የሴቶች ሆስፒታል መሥራት ጀመሩ	bəmaht͡sʼənat hakimɨnət sɨltʼəna aɡɲtəw bə ʃi zətʼəɲ məto hamsa zətʼəɲ bəokland bɨheɾawi jəsetot͡ʃ hospital məsɾat d͡ʒəməɾu
የፈረንሣይ አብዮት የሌሎች ብዙ አገራት በጫና ውስጥ ያሉ የሰራተኛው መደብ ሰዎች የራሳቸውን ዐመፅ እንዲጀምሩ አነሳስቷቸዋል	jəfəɾənsaj abjot jəlelot͡ʃ bɨzu aɡəɾat bət͡ʃʼana wɨstʼ jalu jəsəɾatəɲaw mədəb səwot͡ʃ jəɾasat͡ʃəwn amət͡sʼ ɨndid͡ʒəmɨɾu anəsastʷat͡ʃəwal
የፈረንሣይ አብዮት የሌሎች ብዙ አገራት በጫና ውስጥ ያሉ የሰራተኛው መደብ ሰዎች የራሳቸውን ዐመፅ እንዲጀምሩ አነሳስቷቸዋል	jəfəɾənsaj abjot jəlelot͡ʃ bɨzu aɡəɾat bət͡ʃʼana wɨstʼ jalu jəsəɾatəɲaw mədəb səwot͡ʃ jəɾasat͡ʃəwn amət͡sʼ ɨndid͡ʒəmɨɾu anəsastʷat͡ʃəwal
እነሱም የገንዘብ ገደቦችን እና የኢራን ኢኮኖሚ 80% የውጭ ገቢን የሚያገኝበትን ድፍድፍ ነዳጅ ወደ ውጭ ለመላክ በአውሮፓ ህብረት መከልከልን ያካትታሉ ፡፡	ɨnəsum jəɡənzəb ɡədəbot͡ʃn ɨna jəiɾan ikonomi səmanja bəməto jəwt͡ʃʼ ɡəbin jəmijaɡəɲbətn dɨfɨdf nədad͡ʒ wədə wɨt͡ʃʼ ləməlak bəawɨɾopa hɨbɨɾət məkəlkəln jakattalu .
እነሱም የገንዘብ ገደቦችን እና የኢራን ኢኮኖሚ 80% የውጭ ገቢን የሚያገኝበትን ድፍድፍ ነዳጅ ወደ ውጭ ለመላክ በአውሮፓ ህብረት መከልከልን ያካትታሉ ፡፡	ɨnəsum jəɡənzəb ɡədəbot͡ʃn ɨna jəiɾan ikonomi səmanja bəməto jəwt͡ʃʼ ɡəbin jəmijaɡəɲbətn dɨfɨdf nədad͡ʒ wədə wɨt͡ʃʼ ləməlak bəawɨɾopa hɨbɨɾət məkəlkəln jakattalu .
እነሱም የገንዘብ ገደቦችን እና የኢራን ኢኮኖሚ 80% የውጭ ገቢን የሚያገኝበትን ድፍድፍ ነዳጅ ወደ ውጭ ለመላክ በአውሮፓ ህብረት መከልከልን ያካትታሉ ፡፡	ɨnəsum jəɡənzəb ɡədəbot͡ʃn ɨna jəiɾan ikonomi səmanja bəməto jəwt͡ʃʼ ɡəbin jəmijaɡəɲbətn dɨfɨdf nədad͡ʒ wədə wɨt͡ʃʼ ləməlak bəawɨɾopa hɨbɨɾət məkəlkəln jakattalu .
ሁለቱ ማማዎች ከፍታቸው 83 ሜትር ነው ቁመቱ 378 ሜትር ሲሆን 3.50 ሜትር ስፋት ያለው ሁለት መንገድ አለው	hulətu mamawot͡ʃ kəftat͡ʃəw səmanja sost metɨɾ nəw kʼumətu sost məto səba sɨmɨnt metɨɾ sihon sost nətʼb amɨst zeɾo metɨɾ sɨfat jaləw hulət mənɡəd aləw
ሁለቱ ማማዎች ከፍታቸው 83 ሜትር ነው ቁመቱ 378 ሜትር ሲሆን 3.50 ሜትር ስፋት ያለው ሁለት መንገድ አለው	hulətu mamawot͡ʃ kəftat͡ʃəw səmanja sost metɨɾ nəw kʼumətu sost məto səba sɨmɨnt metɨɾ sihon sost nətʼb amɨst zeɾo metɨɾ sɨfat jaləw hulət mənɡəd aləw
የጃፓን የኢኮኖሚ፣ ንግድ እና ኢንዱስትሪ ሚኒስትር (ኤምኢቲአይ) ከመሳሪያዎቹ ጋር የተያያዙ 27 አደጋዎችን እንዳወቀ ተናግሯል	jəd͡ʒapan jəikonomi , nɨɡd ɨna industɨɾi ministɨɾ emitiaj kəməsaɾijawot͡ʃu ɡaɾ jətəjajazu haja səbat adəɡawot͡ʃn ɨndawəkʼə tənaɡɨɾʷal
የጃፓን የኢኮኖሚ፣ ንግድ እና ኢንዱስትሪ ሚኒስትር (ኤምኢቲአይ) ከመሳሪያዎቹ ጋር የተያያዙ 27 አደጋዎችን እንዳወቀ ተናግሯል	jəd͡ʒapan jəikonomi , nɨɡd ɨna industɨɾi ministɨɾ emitiaj kəməsaɾijawot͡ʃu ɡaɾ jətəjajazu haja səbat adəɡawot͡ʃn ɨndawəkʼə tənaɡɨɾʷal
ሌሎች ባዮሪትም የተመሰረቱ አማራጮች ከእንቅልፍዎ በፊት ብዙ ፈሳሽ (በተለይም ውሃ ወይም ሻይ፣ የታወቀ ዲዩሪቲክ) መጠጣት ያካትታል፣ አንድ ሰው ለሽንት ከእንቅልፍ እንዲነሳ ያስገድደዋል	lelot͡ʃ bajoɾitm jətəməsəɾətu amaɾat͡ʃʼot͡ʃ kənkʼlfwo bəfit bɨzu fəsaʃ bətələjm wɨha wəjm ʃaj , jətawəkʼə dijuɾitik mətʼətʼat jakattal , and səw ləʃɨnt kənkʼɨlf ɨndinəsa jasɡəddəwal
ሌሎች ባዮሪትም የተመሰረቱ አማራጮች ከእንቅልፍዎ በፊት ብዙ ፈሳሽ (በተለይም ውሃ ወይም ሻይ፣ የታወቀ ዲዩሪቲክ) መጠጣት ያካትታል፣ አንድ ሰው ለሽንት ከእንቅልፍ እንዲነሳ ያስገድደዋል	lelot͡ʃ bajoɾitm jətəməsəɾətu amaɾat͡ʃʼot͡ʃ kənkʼlfwo bəfit bɨzu fəsaʃ bətələjm wɨha wəjm ʃaj , jətawəkʼə dijuɾitik mətʼətʼat jakattal , and səw ləʃɨnt kənkʼɨlf ɨndinəsa jasɡəddəwal
ውጭ ከኖሩ በኋላ ወደቤት ሲመለሱ ለአዲሱ ባህል ለምደዋል እና የቤትዎን ባህል አንዳንድ ልማዶችዎን አጥተዋል	wɨt͡ʃʼ kənoɾu bəhʷala wədəbet simələsu ləadisu bahl ləmdəwal ɨna jəbetwon bahl andand lɨmadot͡ʃwon atʼtəwal
ውጭ ከኖሩ በኋላ ወደቤት ሲመለሱ ለአዲሱ ባህል ለምደዋል እና የቤትዎን ባህል አንዳንድ ልማዶችዎን አጥተዋል	wɨt͡ʃʼ kənoɾu bəhʷala wədəbet simələsu ləadisu bahl ləmdəwal ɨna jəbetwon bahl andand lɨmadot͡ʃwon atʼtəwal
ትምህርቱ በመደበኝነት ከ2-5 ቀናት ይሆናል እና የሚና ጨዋታ፣ ብዙ የመጀመሪያ እርዳታ እና አንዳንድ ጊዜ የጦር ስልጠና ያካትታል	tɨmhɾtu bəmədəbəɲɨnət kə hulət ɨskə amɨst kʼənat jɨhonal ɨna jəmina t͡ʃʼəwata , bɨzu jəməd͡ʒəməɾija ɨɾdata ɨna andand ɡize jətʼoɾ sɨltʼəna jakattal
ከ 2010 የመሬት መንቀጥቀጥ በኋላ ወደ ሃይቲ የገቡት የተባበሩት መንግስታት የሰላም አስከባሪ ሃይሎች በጦር ሰፈሩ አቅራቢያ ለጀመረው የበሽታ ስርጭት ተጠያቂ ናቸው ተብሏል	kə hulət ʃi asɾ jəməɾet mənkʼətʼkʼətʼ bəhʷala wədə hajti jəɡəbut jətəbabəɾut mənɡstat jəsəlam askəbaɾi hajlot͡ʃ bətʼoɾ səfəɾu akʼɨɾabija ləd͡ʒəməɾəw jəbəʃta sɨɾɨt͡ʃʼt tətʼəjakʼi nat͡ʃəw təblʷal
ከ 2010 የመሬት መንቀጥቀጥ በኋላ ወደ ሃይቲ የገቡት የተባበሩት መንግስታት የሰላም አስከባሪ ሃይሎች በጦር ሰፈሩ አቅራቢያ ለጀመረው የበሽታ ስርጭት ተጠያቂ ናቸው ተብሏል	kə hulət ʃi asɾ jəməɾet mənkʼətʼkʼətʼ bəhʷala wədə hajti jəɡəbut jətəbabəɾut mənɡstat jəsəlam askəbaɾi hajlot͡ʃ bətʼoɾ səfəɾu akʼɨɾabija ləd͡ʒəməɾəw jəbəʃta sɨɾɨt͡ʃʼt tətʼəjakʼi nat͡ʃəw təblʷal
ግን ያለምንም ሌላ ቅጥያዎች ከተጠቀሙ ቃሉ ከዋና ደሴት ጃቫ መሃል እና ምስራቃዊ ክፍሎች የመጣውን ምግብ ያመለክታል	ɡɨn jaləmɨnɨm lela kʼɨtʼjawot͡ʃ kətətʼəkʼəmu kʼalu kəwana dəset d͡ʒava məhal ɨna mɨsɾakʼawi kɨflot͡ʃ jəmətʼawn mɨɡb jamələktal
ግን ያለምንም ሌላ ቅጥያዎች ከተጠቀሙ ቃሉ ከዋና ደሴት ጃቫ መሃል እና ምስራቃዊ ክፍሎች የመጣውን ምግብ ያመለክታል	ɡɨn jaləmɨnɨm lela kʼɨtʼjawot͡ʃ kətətʼəkʼəmu kʼalu kəwana dəset d͡ʒava məhal ɨna mɨsɾakʼawi kɨflot͡ʃ jəmətʼawn mɨɡb jamələktal
በተጨማሪም “የግል ተሳትፎ” እና “ቀጣይ ግንኙነቶች” በኢጊሜ እና ማኮርድ (1998) የድርጣቢያዎች የታዳሚዎች ምላሾችን ሲመረምሩ እንደ አዲስ ተነሳሽነት ገጽታዎች ተለይተዋል	bətət͡ʃʼəmaɾim jəɡl təsatfo ɨna kʼətʼaj ɡɨnɨɲunətot͡ʃ bəiɡime ɨna makoɾd ʃi zətʼəɲ məto zətʼəna sɨmɨnt jədɨɾtʼabijawot͡ʃ jətadamiwot͡ʃ mɨlaʃot͡ʃn siməɾəmɨɾu ɨndə adis tənəsaʃnət ɡət͡sʼtawot͡ʃ tələjtəwal
በተጨማሪም “የግል ተሳትፎ” እና “ቀጣይ ግንኙነቶች” በኢጊሜ እና ማኮርድ (1998) የድርጣቢያዎች የታዳሚዎች ምላሾችን ሲመረምሩ እንደ አዲስ ተነሳሽነት ገጽታዎች ተለይተዋል	bətət͡ʃʼəmaɾim jəɡl təsatfo ɨna kʼətʼaj ɡɨnɨɲunətot͡ʃ bəiɡime ɨna makoɾd ʃi zətʼəɲ məto zətʼəna sɨmɨnt jədɨɾtʼabijawot͡ʃ jətadamiwot͡ʃ mɨlaʃot͡ʃn siməɾəmɨɾu ɨndə adis tənəsaʃnət ɡət͡sʼtawot͡ʃ tələjtəwal
በፓርክ ባለስልጣናቱ መሰረት ከድቦችና ተኩላዎች ቢያንስ 100 ያርዶች/ሜትሮች እና ከሁሉም ሌሎች እንስሳት 25 ያርዶች/ሜትሮች ርቀው ይቆዩ	bəpaɾk baləsltʼanatu məsəɾət kədbot͡ʃna təkulawot͡ʃ bijans məto jaɾdot͡ʃ metɨɾot͡ʃ ɨna kəhulum lelot͡ʃ ɨnssat haja amɨst jaɾdot͡ʃ metɨɾot͡ʃ ɾɨkʼəw jɨkʼoju
በፓርክ ባለስልጣናቱ መሰረት ከድቦችና ተኩላዎች ቢያንስ 100 ያርዶች/ሜትሮች እና ከሁሉም ሌሎች እንስሳት 25 ያርዶች/ሜትሮች ርቀው ይቆዩ	bəpaɾk baləsltʼanatu məsəɾət kədbot͡ʃna təkulawot͡ʃ bijans məto jaɾdot͡ʃ metɨɾot͡ʃ ɨna kəhulum lelot͡ʃ ɨnssat haja amɨst jaɾdot͡ʃ metɨɾot͡ʃ ɾɨkʼəw jɨkʼoju
መንግስታት ፓስፖርቶችን ካልተገለጸ ጾታ (X) ጋር ወይም ከተፈለገው ስም እና ጾታ ጋር ለማዛመድ የዘመኑ ሰነዶችን ለመስጠት ፈቃደኝነታቸው ይለያያል፡፡	mənɡstat paspoɾtot͡ʃn kaltəɡələt͡sʼə t͡sʼota ˈɛks ɡaɾ wəjm kətəfələɡəw sɨm ɨna t͡sʼota ɡaɾ ləmazaməd jəzəmənu sənədot͡ʃn ləməstʼət fəkʼadəɲɨnətat͡ʃəw jɨləjajal .
መንግስታት ፓስፖርቶችን ካልተገለጸ ጾታ (X) ጋር ወይም ከተፈለገው ስም እና ጾታ ጋር ለማዛመድ የዘመኑ ሰነዶችን ለመስጠት ፈቃደኝነታቸው ይለያያል፡፡	mənɡstat paspoɾtot͡ʃn kaltəɡələt͡sʼə t͡sʼota ˈɛks ɡaɾ wəjm kətəfələɡəw sɨm ɨna t͡sʼota ɡaɾ ləmazaməd jəzəmənu sənədot͡ʃn ləməstʼət fəkʼadəɲɨnətat͡ʃəw jɨləjajal .
ኦፒኢሲ በጣም በቅርቡ የወርሃዊ ሪፖርቱ ላይ የወጭ ንግድ ምርቶች ለሁለት አስርት ዓመታት ያህል በ2.8 ሚሊዮን በርሜሎች በቀን ወደ ዝቅተኛ ደረጃ ወርደዋል ብለዋል	opiisi bətʼam bəkʼɨɾbu jəwəɾhawi ɾipoɾtu laj jəwət͡ʃʼ nɨɡd mɨɾtot͡ʃ ləhulət asɨɾt amətat jahl bə hulət nətʼb sɨmɨnt milijon bəɾmelot͡ʃ bəkʼən wədə zɨkʼtəɲa dəɾəd͡ʒa wəɾdəwal bɨləwal
ኦፒኢሲ በጣም በቅርቡ የወርሃዊ ሪፖርቱ ላይ የወጭ ንግድ ምርቶች ለሁለት አስርት ዓመታት ያህል በ2.8 ሚሊዮን በርሜሎች በቀን ወደ ዝቅተኛ ደረጃ ወርደዋል ብለዋል	opiisi bətʼam bəkʼɨɾbu jəwəɾhawi ɾipoɾtu laj jəwət͡ʃʼ nɨɡd mɨɾtot͡ʃ ləhulət asɨɾt amətat jahl bə hulət nətʼb sɨmɨnt milijon bəɾmelot͡ʃ bəkʼən wədə zɨkʼtəɲa dəɾəd͡ʒa wəɾdəwal bɨləwal
የመጀመሪያው የታወቀ መጓጓዣ በእግር መጓዝ ነበር ፣ ሰዎች ከሁለት ሚሊዮን ዓመታት በፊት በሆሞ ኢሬክተስ (ቀጥ ያለ ሰው ማለት) ብቅ ከማለቱ ጋር ታያይዞ፣ በእግር መጓዝ ጀመሩ	jəməd͡ʒəməɾijaw jətawəkʼə məɡʷaɡʷaʒa bəɡɨɾ məɡʷaz nəbəɾ , səwot͡ʃ kəhulət milijon amətat bəfit bəhomo iɾektəs kʼətʼ jalə səw malət bɨkʼ kəmalətu ɡaɾ tajajzo , bəɡɨɾ məɡʷaz d͡ʒəməɾu
የመጀመሪያው የታወቀ መጓጓዣ በእግር መጓዝ ነበር ፣ ሰዎች ከሁለት ሚሊዮን ዓመታት በፊት በሆሞ ኢሬክተስ (ቀጥ ያለ ሰው ማለት) ብቅ ከማለቱ ጋር ታያይዞ፣ በእግር መጓዝ ጀመሩ	jəməd͡ʒəməɾijaw jətawəkʼə məɡʷaɡʷaʒa bəɡɨɾ məɡʷaz nəbəɾ , səwot͡ʃ kəhulət milijon amətat bəfit bəhomo iɾektəs kʼətʼ jalə səw malət bɨkʼ kəmalətu ɡaɾ tajajzo , bəɡɨɾ məɡʷaz d͡ʒəməɾu
በሳይንስ መጽሔት ውስጥ ሐሙስ ቀን የታተመ አንድ ጥናት በኢኳዶሪያን ጋላፓጎስ ደሴቶች ላይ አዲስ የወፍ ዝርያ ስለመፍጠር ሪፖርት ተደርጓል	bəsajɨns mət͡sʼhet wɨstʼ hamus kʼən jətatəmə and tʼɨnat bəikʷadoɾijan ɡalapaɡos dəsetot͡ʃ laj adis jəwəf zɨɾja sɨləməftʼəɾ ɾipoɾt tədəɾɡʷal
በሳይንስ መጽሔት ውስጥ ሐሙስ ቀን የታተመ አንድ ጥናት በኢኳዶሪያን ጋላፓጎስ ደሴቶች ላይ አዲስ የወፍ ዝርያ ስለመፍጠር ሪፖርት ተደርጓል	bəsajɨns mət͡sʼhet wɨstʼ hamus kʼən jətatəmə and tʼɨnat bəikʷadoɾijan ɡalapaɡos dəsetot͡ʃ laj adis jəwəf zɨɾja sɨləməftʼəɾ ɾipoɾt tədəɾɡʷal
ኤሪስወርዝ ላንድ በ ቤሊንግሿሰን ባህር የተከበበ በደቡብ ፔኑንስላ የሚገኝ ግዛት ነው	eɾiswəɾz land bə belinɡʃwasən bahɾ jətəkəbəbə bədəbub penunsla jəmiɡəɲ ɡɨzat nəw
ኤሪስወርዝ ላንድ በ ቤሊንግሿሰን ባህር የተከበበ በደቡብ ፔኑንስላ የሚገኝ ግዛት ነው	eɾiswəɾz land bə belinɡʃwasən bahɾ jətəkəbəbə bədəbub penunsla jəmiɡəɲ ɡɨzat nəw
ለምሳሌ የሞተር መኪና በግድ ወደ መንገድ ልማት ይመራል ሊባል ይችላል	ləmsale jəmotəɾ məkina bəɡd wədə mənɡəd lɨmat jɨməɾal libal jɨt͡ʃlal
ለምሳሌ የሞተር መኪና በግድ ወደ መንገድ ልማት ይመራል ሊባል ይችላል	ləmsale jəmotəɾ məkina bəɡd wədə mənɡəd lɨmat jɨməɾal libal jɨt͡ʃlal
መሪ ዘፋኙ ስቲቨን ታይለር ኦገስት 5 ላይ እየዘፈነ ከመድረክ ከወደቀ በኋላ ጉዳት ስለደረሰበት ጉብኝቱን ሰርዘዋል	məɾi zəfaɲu sɨtivən tajləɾ oɡəst amɨst laj ɨjəzəfənə kəmədɨɾək kəwədəkʼə bəhʷala ɡudat sɨlədəɾəsəbət ɡubɲtun səɾzəwal
መሪ ዘፋኙ ስቲቨን ታይለር ኦገስት 5 ላይ እየዘፈነ ከመድረክ ከወደቀ በኋላ ጉዳት ስለደረሰበት ጉብኝቱን ሰርዘዋል	məɾi zəfaɲu sɨtivən tajləɾ oɡəst amɨst laj ɨjəzəfənə kəmədɨɾək kəwədəkʼə bəhʷala ɡudat sɨlədəɾəsəbət ɡubɲtun səɾzəwal
ለአውትራሊያኖች የ’ፍላት ነጭ’ ቡና ሀሳብ በጣም የተለየ ነው። አጭር ጥቁር ‘ኤስፕሬሶ’ ነው፣ ካፕቺኖ በክሬም ተቆልሎ ይመጣልአረፋ አይደለም፣ እና ሻይ ደግሞ ያለ ወተት ነው የሚቀርበው	ləawtɨɾalijanot͡ʃ jə fɨlat nət͡ʃʼ buna hasab bətʼam jətələjə nəw . at͡ʃʼɨɾ tʼɨkʼuɾ espɨɾeso nəw , kapt͡ʃino bəkɨɾem təkʼollo jɨmətʼalaɾəfa ajdələm , ɨna ʃaj dəɡmo jalə wətət nəw jəmikʼəɾbəw
ለአውትራሊያኖች የ’ፍላት ነጭ’ ቡና ሀሳብ በጣም የተለየ ነው። አጭር ጥቁር ‘ኤስፕሬሶ’ ነው፣ ካፕቺኖ በክሬም ተቆልሎ ይመጣልአረፋ አይደለም፣ እና ሻይ ደግሞ ያለ ወተት ነው የሚቀርበው	ləawtɨɾalijanot͡ʃ jə fɨlat nət͡ʃʼ buna hasab bətʼam jətələjə nəw . at͡ʃʼɨɾ tʼɨkʼuɾ espɨɾeso nəw , kapt͡ʃino bəkɨɾem təkʼollo jɨmətʼalaɾəfa ajdələm , ɨna ʃaj dəɡmo jalə wətət nəw jəmikʼəɾbəw
አብዛኛውን ምግባቸውን የምናውቀው ቢሆንም ሮማውያን የዱር ከርከሮ ጣዎስ ቀንድ አውጣዎች እና ዶርማውስ የሚባል የአይጥ አይነትን ጨምሮ እንግዳ ወይም ያልተለመዱ የድግስ ምግቦች ነበሯቸው	abzaɲawn mɨɡbat͡ʃəwn jəmɨnawkʼəw bihonɨm ɾomawjan jəduɾ kəɾkəɾo tʼawos kʼənd awtʼawot͡ʃ ɨna doɾmaws jəmibal jəajtʼ ajnətn t͡ʃʼəmɨɾo ɨnɡda wəjm jaltələmədu jədɨɡs mɨɡbot͡ʃ nəbəɾʷat͡ʃəw
አብዛኛውን ምግባቸውን የምናውቀው ቢሆንም ሮማውያን የዱር ከርከሮ ጣዎስ ቀንድ አውጣዎች እና ዶርማውስ የሚባል የአይጥ አይነትን ጨምሮ እንግዳ ወይም ያልተለመዱ የድግስ ምግቦች ነበሯቸው	abzaɲawn mɨɡbat͡ʃəwn jəmɨnawkʼəw bihonɨm ɾomawjan jəduɾ kəɾkəɾo tʼawos kʼənd awtʼawot͡ʃ ɨna doɾmaws jəmibal jəajtʼ ajnətn t͡ʃʼəmɨɾo ɨnɡda wəjm jaltələmədu jədɨɡs mɨɡbot͡ʃ nəbəɾʷat͡ʃəw
በጥሩ ሁኔታዎች ከእርምጃ በተወሰነ ደረጃ የበለጠ ርቀት ይሸፍኑ ይሆናል ነገር ግን ከባድ ቦርሳ ሳይዙ በ ታረሰ መንገድ ላይ እምብዛም ሳይሆን አንዳንዴ የሀገር አቋራጭ ስኪ ፍጥነት ሊያገኙ ይችላሉ	bətʼɨɾu hunetawot͡ʃ kəɾmd͡ʒa bətəwəsənə dəɾəd͡ʒa jəbələtʼə ɾɨkʼət jɨʃəfnu jɨhonal nəɡəɾ ɡɨn kəbad boɾsa sajzu bə taɾəsə mənɡəd laj ɨmbzam sajhon andande jəhaɡəɾ akʼʷaɾat͡ʃʼ sɨki fɨtʼnət lijaɡəɲu jɨt͡ʃlalu
በጥሩ ሁኔታዎች ከእርምጃ በተወሰነ ደረጃ የበለጠ ርቀት ይሸፍኑ ይሆናል ነገር ግን ከባድ ቦርሳ ሳይዙ በ ታረሰ መንገድ ላይ እምብዛም ሳይሆን አንዳንዴ የሀገር አቋራጭ ስኪ ፍጥነት ሊያገኙ ይችላሉ	bətʼɨɾu hunetawot͡ʃ kəɾmd͡ʒa bətəwəsənə dəɾəd͡ʒa jəbələtʼə ɾɨkʼət jɨʃəfnu jɨhonal nəɡəɾ ɡɨn kəbad boɾsa sajzu bə taɾəsə mənɡəd laj ɨmbzam sajhon andande jəhaɡəɾ akʼʷaɾat͡ʃʼ sɨki fɨtʼnət lijaɡəɲu jɨt͡ʃlalu
ለአመጽ የተሰባሰቡ ሰዎች የንጉሱን እና ንግሥቲቱን የሰረገላ መስኮቶች በስፋት እንዲከፍቱ አስገደዷቸው	ləamət͡sʼ jətəsəbasəbu səwot͡ʃ jənɡusun ɨna nɨɡstitun jəsəɾəɡəla məskotot͡ʃ bəsfat ɨndikəftu asɡədədʷat͡ʃəw
ለአመጽ የተሰባሰቡ ሰዎች የንጉሱን እና ንግሥቲቱን የሰረገላ መስኮቶች በስፋት እንዲከፍቱ አስገደዷቸው	ləamət͡sʼ jətəsəbasəbu səwot͡ʃ jənɡusun ɨna nɨɡstitun jəsəɾəɡəla məskotot͡ʃ bəsfat ɨndikəftu asɡədədʷat͡ʃəw
ከስልክ ሽፋን ውጭ በሆኑ በሩቅ አካባቢዎች የሳተላይት ስልክ ብቸኛ አማራጭዎ ሊሆን ይችላል	kəsɨlk ʃɨfan wɨt͡ʃʼ bəhonu bəɾukʼ akababiwot͡ʃ jəsatəlajt sɨlk bɨt͡ʃəɲa amaɾat͡ʃʼwo lihon jɨt͡ʃlal
የሀገሪቱ ከፍተኛው መሪ አያቶላህ አሊ ኮሚኒ በ1979 ከኢራን እስላማዊ አብዮት በፊት የጀመረ እና አገሪቱ ከርሱ እራሷን ነጻ ማውጣት ያለባትን የነዳጅ ጥገኝነት እንደ "ወጥመድ" ገልፀውታል	jəhaɡəɾitu kəftəɲaw məɾi ajatolah ali komini bə ʃi zətʼəɲ məto səba zətʼəɲ kəiɾan ɨslamawi abjot bəfit jəd͡ʒəməɾə ɨna aɡəɾitu kəɾsu ɨɾasʷan nət͡sʼa mawtʼat jaləbatn jənədad͡ʒ tʼɨɡəɲɨnət ɨndə wətʼməd ɡəlt͡sʼəwtal
የሀገሪቱ ከፍተኛው መሪ አያቶላህ አሊ ኮሚኒ በ1979 ከኢራን እስላማዊ አብዮት በፊት የጀመረ እና አገሪቱ ከርሱ እራሷን ነጻ ማውጣት ያለባትን የነዳጅ ጥገኝነት እንደ "ወጥመድ" ገልፀውታል	jəhaɡəɾitu kəftəɲaw məɾi ajatolah ali komini bə ʃi zətʼəɲ məto səba zətʼəɲ kəiɾan ɨslamawi abjot bəfit jəd͡ʒəməɾə ɨna aɡəɾitu kəɾsu ɨɾasʷan nət͡sʼa mawtʼat jaləbatn jənədad͡ʒ tʼɨɡəɲɨnət ɨndə wətʼməd ɡəlt͡sʼəwtal
የሀገሪቱ ከፍተኛው መሪ አያቶላህ አሊ ኮሚኒ በ1979 ከኢራን እስላማዊ አብዮት በፊት የጀመረ እና አገሪቱ ከርሱ እራሷን ነጻ ማውጣት ያለባትን የነዳጅ ጥገኝነት እንደ "ወጥመድ" ገልፀውታል	jəhaɡəɾitu kəftəɲaw məɾi ajatolah ali komini bə ʃi zətʼəɲ məto səba zətʼəɲ kəiɾan ɨslamawi abjot bəfit jəd͡ʒəməɾə ɨna aɡəɾitu kəɾsu ɨɾasʷan nət͡sʼa mawtʼat jaləbatn jənədad͡ʒ tʼɨɡəɲɨnət ɨndə wətʼməd ɡəlt͡sʼəwtal
ስለዚህ ይህንን የሰዋሰው ጀማሪ መማርያ ማንበብ ስለ ፐርዢያ ሰዋሰው በደንብ ለመማር እና ሀረጎችን የበለጠ ለመረዳት ያግዝዎታል	sɨləzih jɨhnɨn jəsəwasəw d͡ʒəmaɾi məmaɾja manbəb sɨlə pəɾʒija səwasəw bədənb ləməmaɾ ɨna haɾəɡot͡ʃn jəbələtʼə ləməɾədat jaɡzwotal
ስለዚህ ይህንን የሰዋሰው ጀማሪ መማርያ ማንበብ ስለ ፐርዢያ ሰዋሰው በደንብ ለመማር እና ሀረጎችን የበለጠ ለመረዳት ያግዝዎታል	sɨləzih jɨhnɨn jəsəwasəw d͡ʒəmaɾi məmaɾja manbəb sɨlə pəɾʒija səwasəw bədənb ləməmaɾ ɨna haɾəɡot͡ʃn jəbələtʼə ləməɾədat jaɡzwotal
እንደ ዓለም አቀፍ ማዕቀቦች አዳዲስ አውሮፕላኖችን መግዛት አይቻልም ማለት ነው	ɨndə aləm akʼəf makʼəbot͡ʃ adadis awɨɾoplanot͡ʃn məɡzat ajt͡ʃalm malət nəw
እንደ ዓለም አቀፍ ማዕቀቦች አዳዲስ አውሮፕላኖችን መግዛት አይቻልም ማለት ነው	ɨndə aləm akʼəf makʼəbot͡ʃ adadis awɨɾoplanot͡ʃn məɡzat ajt͡ʃalm malət nəw
እንዲሁም ለታዋቂ የእግር ጉዞ እና ለብስክሌት ጎዳናዎች መንገዶችን ከፍተዋል	ɨndihum lətawakʼi jəɡɨɾ ɡuzo ɨna ləbsklet ɡodanawot͡ʃ mənɡədot͡ʃn kəftəwal
ክሮኤሺያ እና ዴንማርክ ውስጥ የ ኤች5ኤን1 የተጠረጠሩ ኬዞች እንዳልተረጋገጡ ናቸው	kɨɾoeʃija ɨna denɨmaɾk wɨstʼ jə et͡ʃ amɨst en and jətətʼəɾətʼəɾu kezot͡ʃ ɨndaltəɾəɡaɡətʼu nat͡ʃəw
ክሮኤሺያ እና ዴንማርክ ውስጥ የ ኤች5ኤን1 የተጠረጠሩ ኬዞች እንዳልተረጋገጡ ናቸው	kɨɾoeʃija ɨna denɨmaɾk wɨstʼ jə et͡ʃ amɨst en and jətətʼəɾətʼəɾu kezot͡ʃ ɨndaltəɾəɡaɡətʼu nat͡ʃəw
የፍሳሽ ስርዓቱ ቅሪቶች በግሪክ ውስጥ በሚኖኣን ከተሞች ክሬቴ እና ሳንቶሪኒ ቤቶች ውስጥ ተገኝተዋል	jəfsaʃ sɨɾatu kʼɨɾitot͡ʃ bəɡɨɾik wɨstʼ bəminoan kətəmot͡ʃ kɨɾete ɨna santoɾini betot͡ʃ wɨstʼ təɡəɲtəwal
የፍሳሽ ስርዓቱ ቅሪቶች በግሪክ ውስጥ በሚኖኣን ከተሞች ክሬቴ እና ሳንቶሪኒ ቤቶች ውስጥ ተገኝተዋል	jəfsaʃ sɨɾatu kʼɨɾitot͡ʃ bəɡɨɾik wɨstʼ bəminoan kətəmot͡ʃ kɨɾete ɨna santoɾini betot͡ʃ wɨstʼ təɡəɲtəwal
ማጣሪያዎች በብቃት ይለያያሉ እና ካሳሰብዎት ከዚያ ከተከበረ ኩባንያ ውሃዎትን በታሸገ ጠርሙስ ስለመግዛት ሊያስቡ ይገባል	matʼaɾijawot͡ʃ bəbkʼat jɨləjajalu ɨna kasasəbwot kəzija kətəkəbəɾə kubanja wɨhawotn bətaʃəɡə tʼəɾmus sɨləməɡzat lijasbu jɨɡəbal
ማጣሪያዎች በብቃት ይለያያሉ እና ካሳሰብዎት ከዚያ ከተከበረ ኩባንያ ውሃዎትን በታሸገ ጠርሙስ ስለመግዛት ሊያስቡ ይገባል	matʼaɾijawot͡ʃ bəbkʼat jɨləjajalu ɨna kasasəbwot kəzija kətəkəbəɾə kubanja wɨhawotn bətaʃəɡə tʼəɾmus sɨləməɡzat lijasbu jɨɡəbal
አንደኛው ሐምሌ 6 ወደ ጆርጅ ዋሽንግተን የተላከ ሲሆን በኒውዮርክ ላሉ ሰራዊቶቹ ሐምሌ 9 ላይ አስነብቦታል ቅጂው ነሐሴ 10 ላይ ለንደን ደርሷል	andəɲaw hamle sɨdɨst wədə d͡ʒoɾd͡ʒ waʃnɡtən jətəlakə sihon bəniwjoɾk lalu səɾawitot͡ʃu hamle zətʼəɲ laj asnəbbotal kʼɨd͡ʒiw nəhase asɾ laj ləndən dəɾsʷal
አንደኛው ሐምሌ 6 ወደ ጆርጅ ዋሽንግተን የተላከ ሲሆን በኒውዮርክ ላሉ ሰራዊቶቹ ሐምሌ 9 ላይ አስነብቦታል ቅጂው ነሐሴ 10 ላይ ለንደን ደርሷል	andəɲaw hamle sɨdɨst wədə d͡ʒoɾd͡ʒ waʃnɡtən jətəlakə sihon bəniwjoɾk lalu səɾawitot͡ʃu hamle zətʼəɲ laj asnəbbotal kʼɨd͡ʒiw nəhase asɾ laj ləndən dəɾsʷal
ከ ዘ ሲምፕሰንስ በፊት ሳይመን በተለያዩ ቦታዎች በበርካታ ትርኢቶች ላይ ሠርቶ ነበር	kə zə simpsəns bəfit sajmən bətələjaju botawot͡ʃ bəbəɾkata tɨɾitot͡ʃ laj səɾto nəbəɾ
የበሽታው ወረርሽኝ የህንድ መንግስት ከባድ ጉዳት በደረሰባቸው አካባቢዎች ላይ የአሳማ አሳዳሪዎችን ማሰማራት ፣ በሺዎች የሚቆጠሩ የወባ ትንኝ አጎበሮችን ማሰራጨት እና ፀረ-ተባዮችን መርጨት የመሳሰሉ እርምጃዎችን እንዲወስድ አስገድዶታል	jəbəʃtaw wəɾəɾɨʃɲ jəhɨnd mənɡɨst kəbad ɡudat bədəɾəsəbat͡ʃəw akababiwot͡ʃ laj jəasama asadaɾiwot͡ʃn masəmaɾat , bəʃiwot͡ʃ jəmikʼotʼəɾu jəwəba tɨnɨɲ aɡobəɾot͡ʃn masəɾat͡ʃʼət ɨna t͡sʼəɾə təbajot͡ʃn məɾt͡ʃʼət jəməsasəlu ɨɾmd͡ʒawot͡ʃn ɨndiwəsd asɡəddotal
የበሽታው ወረርሽኝ የህንድ መንግስት ከባድ ጉዳት በደረሰባቸው አካባቢዎች ላይ የአሳማ አሳዳሪዎችን ማሰማራት ፣ በሺዎች የሚቆጠሩ የወባ ትንኝ አጎበሮችን ማሰራጨት እና ፀረ-ተባዮችን መርጨት የመሳሰሉ እርምጃዎችን እንዲወስድ አስገድዶታል	jəbəʃtaw wəɾəɾɨʃɲ jəhɨnd mənɡɨst kəbad ɡudat bədəɾəsəbat͡ʃəw akababiwot͡ʃ laj jəasama asadaɾiwot͡ʃn masəmaɾat , bəʃiwot͡ʃ jəmikʼotʼəɾu jəwəba tɨnɨɲ aɡobəɾot͡ʃn masəɾat͡ʃʼət ɨna t͡sʼəɾə təbajot͡ʃn məɾt͡ʃʼət jəməsasəlu ɨɾmd͡ʒawot͡ʃn ɨndiwəsd asɡəddotal
ይህ ንድፈ-ሀሳብ በጋላክሲ ዙሪያ ያለው አብዛኛው የጨለማ ቁስ በጋላክሲው ዙሪያ በአንድ ሃሎ ውስጥ የሚገኝ ሲሆን ከብዙ ትናንሽ ቅንጣቶች የተሠራ ነው ይላል	jɨh nɨdfə hasab bəɡalaksi zuɾija jaləw abzaɲaw jət͡ʃʼələma kʼus bəɡalaksiw zuɾija bəand halo wɨstʼ jəmiɡəɲ sihon kəbzu tɨnanʃ kʼɨntʼatot͡ʃ jətəsəɾa nəw jɨlal
ይህ ንድፈ-ሀሳብ በጋላክሲ ዙሪያ ያለው አብዛኛው የጨለማ ቁስ በጋላክሲው ዙሪያ በአንድ ሃሎ ውስጥ የሚገኝ ሲሆን ከብዙ ትናንሽ ቅንጣቶች የተሠራ ነው ይላል	jɨh nɨdfə hasab bəɡalaksi zuɾija jaləw abzaɲaw jət͡ʃʼələma kʼus bəɡalaksiw zuɾija bəand halo wɨstʼ jəmiɡəɲ sihon kəbzu tɨnanʃ kʼɨntʼatot͡ʃ jətəsəɾa nəw jɨlal
ወደ 5ጠዋት (የምስራቅ ሰዓት) ካፕሱሉ ወደ ምድር ሲደርስ እና ህዋ ውስጥ ሲገባ፣ ሰሜን ካሊፎርኒያ፣ ኦሬጎን፣ ኔቫዳ እና ዩታ ውስጥ ላሉ ሰዎች የብርሃን ትዕይንት እንደሚያሳይ ይጠበቃል	wədə amɨst tʼəwat jəmsɾakʼ səat kapsulu wədə mɨdɨɾ sidəɾs ɨna hɨwa wɨstʼ siɡəba , səmen kalifoɾnija , oɾeɡon , nevada ɨna juta wɨstʼ lalu səwot͡ʃ jəbɨɾhan tɨjɨnt ɨndəmijasaj jɨtʼəbəkʼal
ወደ 5ጠዋት (የምስራቅ ሰዓት) ካፕሱሉ ወደ ምድር ሲደርስ እና ህዋ ውስጥ ሲገባ፣ ሰሜን ካሊፎርኒያ፣ ኦሬጎን፣ ኔቫዳ እና ዩታ ውስጥ ላሉ ሰዎች የብርሃን ትዕይንት እንደሚያሳይ ይጠበቃል	wədə amɨst tʼəwat jəmsɾakʼ səat kapsulu wədə mɨdɨɾ sidəɾs ɨna hɨwa wɨstʼ siɡəba , səmen kalifoɾnija , oɾeɡon , nevada ɨna juta wɨstʼ lalu səwot͡ʃ jəbɨɾhan tɨjɨnt ɨndəmijasaj jɨtʼəbəkʼal
ወደ 5ጠዋት (የምስራቅ ሰዓት) ካፕሱሉ ወደ ምድር ሲደርስ እና ህዋ ውስጥ ሲገባ፣ ሰሜን ካሊፎርኒያ፣ ኦሬጎን፣ ኔቫዳ እና ዩታ ውስጥ ላሉ ሰዎች የብርሃን ትዕይንት እንደሚያሳይ ይጠበቃል	wədə amɨst tʼəwat jəmsɾakʼ səat kapsulu wədə mɨdɨɾ sidəɾs ɨna hɨwa wɨstʼ siɡəba , səmen kalifoɾnija , oɾeɡon , nevada ɨna juta wɨstʼ lalu səwot͡ʃ jəbɨɾhan tɨjɨnt ɨndəmijasaj jɨtʼəbəkʼal
በፈረንሳይ ኦፔራ በካሚል ሴንት-ሳን የቀረበው የታሪክ ትእይንት “ሕይወቱ ለአደንዛዥ ዕፅ እና ለጃፓን ፍቅር ባለው ሰው ነው የሚተነተነው	bəfəɾənsaj opeɾa bəkamil sent san jəkʼəɾəbəw jətaɾik tɨjɨnt hɨjwətu ləadənzaʒ ɨt͡sʼ ɨna ləd͡ʒapan fɨkʼɨɾ baləw səw nəw jəmitənətənəw
በደቡብ በኩል የኒያጋራ ፎልስ የሚገኝ ሲሆን በስተ ሰሜን ደግሞ የሙስኮካ እና ከዚያ ወዲያ ያልተነካ የተፈጥሮ ውበት ይገኛል	bədəbub bəkul jənijaɡaɾa fols jəmiɡəɲ sihon bəstə səmen dəɡmo jəmuskoka ɨna kəzija wədija jaltənəka jətəfətʼɨɾo wɨbət jɨɡəɲal
በደቡብ በኩል የኒያጋራ ፎልስ የሚገኝ ሲሆን በስተ ሰሜን ደግሞ የሙስኮካ እና ከዚያ ወዲያ ያልተነካ የተፈጥሮ ውበት ይገኛል	bədəbub bəkul jənijaɡaɾa fols jəmiɡəɲ sihon bəstə səmen dəɡmo jəmuskoka ɨna kəzija wədija jaltənəka jətəfətʼɨɾo wɨbət jɨɡəɲal
በጣም ቀጭን ሆኖ ይሰራና እና በሌላ ብረት ላይ ይጣበቃል በጣም ቀጭን ሆኖ መሰራት ከመቻሉ የተነሳ "ኢሉሚኔትድ ማኑስክሪፕትስ" በተባሉ መጻሕፍት ውስጥ በእጅ የተሳሉ ስዕሎች ላይ ለማስዋቢያነት የሚያገለግል ነበር	bətʼam kʼət͡ʃʼn hono jɨsəɾana ɨna bəlela bɨɾət laj jɨtʼabəkʼal bətʼam kʼət͡ʃʼn hono məsəɾat kəmət͡ʃalu jətənəsa iluminetd manuskɨɾipɨts bətəbalu mət͡sʼahɨft wɨstʼ bəd͡ʒ jətəsalu sɨlot͡ʃ laj ləmaswabijanət jəmijaɡələɡl nəbəɾ
በጣም ቀጭን ሆኖ ይሰራና እና በሌላ ብረት ላይ ይጣበቃል በጣም ቀጭን ሆኖ መሰራት ከመቻሉ የተነሳ "ኢሉሚኔትድ ማኑስክሪፕትስ" በተባሉ መጻሕፍት ውስጥ በእጅ የተሳሉ ስዕሎች ላይ ለማስዋቢያነት የሚያገለግል ነበር	bətʼam kʼət͡ʃʼn hono jɨsəɾana ɨna bəlela bɨɾət laj jɨtʼabəkʼal bətʼam kʼət͡ʃʼn hono məsəɾat kəmət͡ʃalu jətənəsa iluminetd manuskɨɾipɨts bətəbalu mət͡sʼahɨft wɨstʼ bəd͡ʒ jətəsalu sɨlot͡ʃ laj ləmaswabijanət jəmijaɡələɡl nəbəɾ
በጉዞው ላይ ኢዋሳኪ በብዙ አጋጣሚዎች ላይ ችግር አጋጥሞታል	bəɡuzow laj iwasaki bəbzu aɡatʼamiwot͡ʃ laj t͡ʃɨɡɨɾ aɡatʼmotal
በጉዞው ላይ ኢዋሳኪ በብዙ አጋጣሚዎች ላይ ችግር አጋጥሞታል	bəɡuzow laj iwasaki bəbzu aɡatʼamiwot͡ʃ laj t͡ʃɨɡɨɾ aɡatʼmotal
ይህ ዳይኖሰሮች ላባ እንደነበራቸው የተስፋፋ ጽንሰ ሃሳብ ብቻ ሳይሆን ነገር ግን ቅሪት አካላት ሊያቀርቡ የማይችሉትን እንደ ቀለም እና ባለ ሶስት ልኬት አቀማመጥ አይነት ዝርዝሮችንም ያረጋግጣል	jɨh dajnosəɾot͡ʃ laba ɨndənəbəɾat͡ʃəw jətəsfafa t͡sʼɨnsə hasab bɨt͡ʃa sajhon nəɡəɾ ɡɨn kʼɨɾit akalat lijakʼəɾbu jəmajt͡ʃlutn ɨndə kʼələm ɨna balə sost lɨket akʼəmamətʼ ajnət zɨɾzɾot͡ʃnɨm jaɾəɡaɡtʼal
ይህ ዳይኖሰሮች ላባ እንደነበራቸው የተስፋፋ ጽንሰ ሃሳብ ብቻ ሳይሆን ነገር ግን ቅሪት አካላት ሊያቀርቡ የማይችሉትን እንደ ቀለም እና ባለ ሶስት ልኬት አቀማመጥ አይነት ዝርዝሮችንም ያረጋግጣል	jɨh dajnosəɾot͡ʃ laba ɨndənəbəɾat͡ʃəw jətəsfafa t͡sʼɨnsə hasab bɨt͡ʃa sajhon nəɡəɾ ɡɨn kʼɨɾit akalat lijakʼəɾbu jəmajt͡ʃlutn ɨndə kʼələm ɨna balə sost lɨket akʼəmamətʼ ajnət zɨɾzɾot͡ʃnɨm jaɾəɡaɡtʼal
በአንድ ወቅት አንድ የስብስብ ቡድን አባል በተደናገጠችው ንግሥት ፊት በቬርሳይለስ ላይ የተገደለውን የንጉሣዊ ዘበኛ ጭንቅላት እያውለበለበ ነበር	bəand wəkʼt and jəsbɨsb budn abal bətədənaɡətʼət͡ʃw nɨɡɨst fit bəveɾsajləs laj jətəɡədələwn jənɡusawi zəbəɲa t͡ʃʼɨnkʼlat ɨjawləbələbə nəbəɾ
ማስጠንቀቂያዎቹ ቢነሱም በሃዋይ ውስጥ በባህር ዳርቻዎች ወይም አቅራቢያ የሚገኙ 14 ትምህርት ቤቶች ረቡዕ ቀን በሙሉ ተዘግተዋል	mastʼənkʼəkʼijawot͡ʃu binəsum bəhawaj wɨstʼ bəbahɾ daɾt͡ʃawot͡ʃ wəjm akʼɨɾabija jəmiɡəɲu asɾa aɾat tɨmhɨɾt betot͡ʃ ɾəbu kʼən bəmulu təzəɡtəwal
ማስጠንቀቂያዎቹ ቢነሱም በሃዋይ ውስጥ በባህር ዳርቻዎች ወይም አቅራቢያ የሚገኙ 14 ትምህርት ቤቶች ረቡዕ ቀን በሙሉ ተዘግተዋል	mastʼənkʼəkʼijawot͡ʃu binəsum bəhawaj wɨstʼ bəbahɾ daɾt͡ʃawot͡ʃ wəjm akʼɨɾabija jəmiɡəɲu asɾa aɾat tɨmhɨɾt betot͡ʃ ɾəbu kʼən bəmulu təzəɡtəwal
ነብር እንደ አንበሶች፣ ሌፐርድ እና ጃጓሮች አንድ ዓይነት ቡድን ውስጥ ነው (ጀነስ ፓንትራ። ማጓራት የሚችሉት እነዚህ አራቱ ድመቶች ብቻ ናቸው	nəbɨɾ ɨndə anbəsot͡ʃ , lepəɾd ɨna d͡ʒaɡʷaɾot͡ʃ and ajnət budn wɨstʼ nəw d͡ʒənəs pantɨɾa . maɡʷaɾat jəmit͡ʃlut ɨnəzih aɾatu dɨmətot͡ʃ bɨt͡ʃa nat͡ʃəw
ነብር እንደ አንበሶች፣ ሌፐርድ እና ጃጓሮች አንድ ዓይነት ቡድን ውስጥ ነው (ጀነስ ፓንትራ። ማጓራት የሚችሉት እነዚህ አራቱ ድመቶች ብቻ ናቸው	nəbɨɾ ɨndə anbəsot͡ʃ , lepəɾd ɨna d͡ʒaɡʷaɾot͡ʃ and ajnət budn wɨstʼ nəw d͡ʒənəs pantɨɾa . maɡʷaɾat jəmit͡ʃlut ɨnəzih aɾatu dɨmətot͡ʃ bɨt͡ʃa nat͡ʃəw
ለቀጣዮቹ 40 ዓመታት የሚቆይ ነበር እናም ከአፍሪካ እስከ እስያ በአፍጋኒስታን ኩባ እና ሌሎች በርካታ ቦታዎች ባሉ የጦርነት ሜዳዎች በእውን ውጊያው ይካሄድ ነበር	ləkʼətʼajot͡ʃu aɾba amətat jəmikʼoj nəbəɾ ɨnam kəafɾika ɨskə ɨsja bəafɡanistan kuba ɨna lelot͡ʃ bəɾkata botawot͡ʃ balu jətʼoɾnət medawot͡ʃ bəwn wɨɡijaw jɨkahed nəbəɾ
ለቀጣዮቹ 40 ዓመታት የሚቆይ ነበር እናም ከአፍሪካ እስከ እስያ በአፍጋኒስታን ኩባ እና ሌሎች በርካታ ቦታዎች ባሉ የጦርነት ሜዳዎች በእውን ውጊያው ይካሄድ ነበር	ləkʼətʼajot͡ʃu aɾba amətat jəmikʼoj nəbəɾ ɨnam kəafɾika ɨskə ɨsja bəafɡanistan kuba ɨna lelot͡ʃ bəɾkata botawot͡ʃ balu jətʼoɾnət medawot͡ʃ bəwn wɨɡijaw jɨkahed nəbəɾ
ካውያ ከሌለ ወይም የተተኮሰ ካልሲ የማያስደስትዎት ከሆነ ከተገኘ የጸጉር ማድረቂያ መጠቀም ይችላሉ	kawja kəlelə wəjm jətətəkosə kalsi jəmajasdəstwot kəhonə kətəɡəɲə jət͡sʼəɡuɾ madɨɾəkʼija mətʼəkʼəm jɨt͡ʃlalu
ካውያ ከሌለ ወይም የተተኮሰ ካልሲ የማያስደስትዎት ከሆነ ከተገኘ የጸጉር ማድረቂያ መጠቀም ይችላሉ	kawja kəlelə wəjm jətətəkosə kalsi jəmajasdəstwot kəhonə kətəɡəɲə jət͡sʼəɡuɾ madɨɾəkʼija mətʼəkʼəm jɨt͡ʃlalu
ካፕሱሉ ወደ ሰማይ አቋርጦ የሚሄድ ተተኳሽ ኮከብ ይመስላል	kapsulu wədə səmaj akʼʷaɾtʼo jəmihed tətəkʷaʃ kokəb jɨməslal
ካፕሱሉ ወደ ሰማይ አቋርጦ የሚሄድ ተተኳሽ ኮከብ ይመስላል	kapsulu wədə səmaj akʼʷaɾtʼo jəmihed tətəkʷaʃ kokəb jɨməslal
ካፕሱሉ ወደ ሰማይ አቋርጦ የሚሄድ ተተኳሽ ኮከብ ይመስላል	kapsulu wədə səmaj akʼʷaɾtʼo jəmihed tətəkʷaʃ kokəb jɨməslal
የአንዳንዴ-ዓመፃዊ ሰላማዊ ሰልፎች የሚነሱት ምርጫዎችን ካለማድረግ ነው አንዳንዶቹ ከ2011 ጀምሮ	jəandande amət͡sʼawi səlamawi səlfot͡ʃ jəminəsut mɨɾt͡ʃʼawot͡ʃn kaləmadɨɾəɡ nəw andandot͡ʃu kə hulət ʃi asɾa and d͡ʒəmɨɾo
የአንዳንዴ-ዓመፃዊ ሰላማዊ ሰልፎች የሚነሱት ምርጫዎችን ካለማድረግ ነው አንዳንዶቹ ከ2011 ጀምሮ	jəandande amət͡sʼawi səlamawi səlfot͡ʃ jəminəsut mɨɾt͡ʃʼawot͡ʃn kaləmadɨɾəɡ nəw andandot͡ʃu kə hulət ʃi asɾa and d͡ʒəmɨɾo
ባሉት ትናንሽ የአየር ጸባይ ልዩነት በተለያየ አፈር እና በከፍታ ምክንያት በውስጡ የተለያዩ የእፅዋት ማህበረሰቦች አሉት	balut tɨnanʃ jəajəɾ t͡sʼəbaj lɨjunət bətələjajə afəɾ ɨna bəkəfta mɨknjat bəwstʼu jətələjaju jət͡sʼwat mahbəɾəsəbot͡ʃ alut
ባሉት ትናንሽ የአየር ጸባይ ልዩነት በተለያየ አፈር እና በከፍታ ምክንያት በውስጡ የተለያዩ የእፅዋት ማህበረሰቦች አሉት	balut tɨnanʃ jəajəɾ t͡sʼəbaj lɨjunət bətələjajə afəɾ ɨna bəkəfta mɨknjat bəwstʼu jətələjaju jət͡sʼwat mahbəɾəsəbot͡ʃ alut
