لم يبدُ لي ذلك منطقياً؛ بالتأكيد لم يكن عادلاً.	lˈam jˈabd lˈiː ðˈalik mantˤiɡˈijːaː , bitːaʔkˈiːd lˈam jˈakun ʕaːdˈilaː .
يجب أن تدرك النساء أن الاختلافات الثقافية قد تؤدي إلى ما قد يعتبرونه تحرشاً وأنه من المعتاد ترصدهم، والإمساك بهم من خلال الذراع، إلخ.	jˈaʒib ʔˈan tˈudrak anːisˈaːʔ ʔˈan alaːχtilaːfˈaːt aθːaɡaːfˈijːa ɡˈad tuʔˈadːiː ʔlˈaː mˈaː ɡˈad jaʕtabirˈuːnah taħarːˈuʃaː waʔˈanːah mˈin almuʕtˈaːd tarasˤːudˈihim , walʔimsˈaːk bˈihim mˈin χilˈaːl aðːirˈaːʕ , ʔlˈaχ .
رُبما يكون الشتاء بارداً بشكل مخادع: نادراً ما تنخفض درجات الحرارة إلى ما دون درجة التجمد، لكن الرياح والرطوبة تجتمعان لتجعل الجو أكثر برودة مما يُشير مقياس الحرارة.	rubːˈamaː jakˈuːn aʃːitˈaːʔ baːrˈidaː biʃˈakl maχˈaːdiʕ , naːdˈiraː mˈaː tanχˈafidˤ daraʒˈaːt alħarˈaːra ʔlˈaː mˈaː dˈuːn dˈaraʒa atːaʒˈamːud , lˈakin arːijˈaːħ warːutˤˈuːba taʒtamiʕˈaːn litˈaʒʕal alʒˈoː ʔˈakθar burˈuːda mˈimːaː juʃˈiːr miɡjˈaːs alħarˈaːra .
تدعم الولايات المتحدة للجمباز رسالة اللجنة الأولمبية الأمريكية وتقبل الحاجة المطلقة للأسرة الأولمبية لتعزيز بيئةٍ آمنةٍ لجميعِ الرياضيين لدينا.	tudˈaʕːim alwilaːjˈaːt almutːˈaħida lilʒumbˈaːz risˈaːla alːˈaʒna alʔuːlumbˈijːa alʔamriːkˈijːa watˈuɡbal alħˈaːʒa almutˤlˈaɡa lilʔˈusra alʔuːlumbˈijːa litaʕzˈiːz bˈiːʔa ʔˈaːmina liʒamˈiːʕ arːijaːdˤijːˈiːn ladˈeːnaː .
أولاً، يرتدي معظم الخيالين أحذية ركوب الخيل ذات الكعب والنعل الناعم الضيق للغاية.	ʔoːˈalaː , jartˈadiː mˈuʕðˤam alχajaːlˈiːn ʔaħðˈija rukˈuːb alχˈeːl ðˈaːt alkˈaʕb wanːˈaʕl anːˈaːʕim adˤːˈiːɡ lilɣˈaːja .
تتكون عائلة الأسود من واحد إلى ثلاثة ذكور بالغين، بالإضافة إلى ما يصل إلى ثلاثين أنثى وشبلاً.	tatakˈoːan ʕˈaːʔila alʔˈaswad mˈin wˈaːħid ʔlˈaː θalˈaːθa ðukˈuːr bilɣˈeːn , bilʔidˤˈaːfa ʔlˈaː mˈaː jˈasˤil ʔlˈaː θalaːθˈiːn ʔˈunθaː waʃˈablaː .
يُنصح المسافرون بشدة أن يلّموا بأي مخاطر لوقوع أحداث طقس قاسية في الأماكن التي يزورونها لما لذلك من تأثير على خطط سفرهم.	jˈansˤaħ almusaːfirˈuːn biʃˈidːa ʔˈan jˈalmːuː biʔˈeː maχˈaːtˤir liwuɡˈuːʕ ʔaħdˈaːθ tˤˈaɡs ɡˈaːsija fˈiː alʔamˈaːkin alːˈatiː jazuːruːnˈahaː lˈimaː liðˈalik mˈin taʔθˈiːr ʕˈalaː χˈatˤːatˤ safarˈihim .
تمامًا مثلما يجذب القمر الأرض فيتسبب في حدوث المد والجزر، تجذب مجرة درب التبانة مجرة الرامي.	tamˈaːmaː miθlˈamaː jˈaʒðib alɡˈamar alʔˈardˤ fajatasˈabːab fˈiː ħudˈuːθ almˈadː walʒˈazar , tˈaʒðib maʒˈarːa dˈarb atːabːˈaːna maʒˈarːa arːˈaːmiː .
لقد غرقت جميع السفن باستثناء طراد بريطاني واحد. وغرق وما يقرب من 200 شخص أمريكي وألماني.	lˈaɡad ɣarˈiɡat ʒamˈiːʕ asːˈufun bistiθnˈaːʔ tˤirˈaːd briːtˤaːnˈijː wˈaːħid . waɣˈariɡ wˈamaː jˈaɡrub mˈin miʔataːn ʃˈaχsˤ ʔamriːkˈijː waʔalmaːnˈijː .
أعربت منظمة "مانجولا" الخيرية الطبية ومنظمة أطباء بلا حدود ومنظمة الصحة العالمية، إن هذا هو أسوأ تفشٍ مسجل في البلاد.	ʔaʕrˈabat munaðˤːˈama maːnʒˈuːlaː alχeːrˈijːa atˤːibːˈijːa wamunaðˤːˈama ʔatˤibːˈaːʔ bˈilaː ħudˈuːd wamunaðˤːˈama asˤːˈiħːa alʕaːlamˈijːa , ʔn hˈaðaː hˈuː ʔˈaswaʔ tˈufʃ musˈaʒːal fˈiː albilˈaːd .
كانت الموازنة في الطاقة نظاماً حاولت من خلاله الدول الأوروبية أن تُحافظ على السيادة الوطنية الخاصة بجميع الدول الأوروبية.	kˈaːnat almuwˈaːzana fˈiː atˤːˈaːɡa niðˤˈaːmaː ħaːwˈalt mˈin χilˈaːlih adːˈuwal alʔuːruːbːˈijːa ʔˈan tuħˈaːfiðˤ ʕˈalaː asːijˈaːda alwatˤanˈijːa alχˈaːsˤːa biʒamˈiːʕ adːˈuwal alʔuːruːbːˈijːa .
ومن الناحية الأخرى، يحدث هذا تحديدًا لأن حجم الماء مرتفع للغاية بحيث يحجب رؤيتك للشلالات الفعلية لكثرة المياه!	wˈaman anːˈaːħija alʔˈuχraː , juħˈadːiθ hˈaðaː taħdˈiːdaː liʔˈanː ħˈaʒm almˈaːʔ murtˈafiʕ lilɣˈaːja biħˈeːθ jˈaħʒub ruʔjˈatuk liʃːalaːlˈaːt alfiʕlˈijːa likˈaθra almijˈaːh !
بشكل أساسي، ستضع إشعارات تعرض فيها مساعدتك، وتتنقّل على أرصفة الموانئ، وتقترب من الناس الذين يُنظفون يخوتهم، وتحاول أن تتواصل مع البحارة في الحانة، إلخ.	biʃˈakl ʔasaːsˈijː , satˈadˤaʕ ʔiʃʕaːrˈaːt taʕˈarːadˤ fˈiːhaː musaːʕadˈatuk , watatanˈaɡːal ʕˈalaː ʔarsˤˈifa almawˈaːniʔ , wataɡtˈarib mˈin anːˈaːs alːaðˈiːn junaðˤːifˈuːn jaχuːtˈahum , watuħˈaːwil ʔˈan tatawˈaːsˤal mˈaʕ albiħˈaːra fˈiː alħˈaːna , ʔlˈaχ .
في شهر أبريل/نيسان من هذا العام، أصدر القاضي "غلين" أمراً تقييدياً مؤقتاً ضد المنشأة لإنفاذ إطلاق سراح المحتجزين لأكثر من 24 ساعة منذ احتجازهم ممن لم يمنحهم وكيل المحكمة جلسة استماع.	fˈiː ʃˈahr ʔabrˈiːl neːsˈaːn mˈin hˈaðaː alʕˈaːmː , ʔˈasˤdar alɡˈaːdˤiː ɣalˈiːn ʔˈamraː taɡjiːdˈijːaː muʔaɡːˈataː dˤˈidː almunʃˈaʔa liʔinfˈaːð ʔitˤlˈaːɡ sarˈaːħ almuħtaʒizˈiːn liʔˈakθar mˈin ʔarbaʕa wa ʕiʃruːn sˈaːʕa mˈunð iħtiʒaːzˈihim mˈimːan lˈam jamnaħˈuhum wakˈiːl almaħkˈama ʒˈilsa istimˈaːʕ .
تم التعرف على "المشاركة الشخصية" و "العلاقات المستمرة" كجوانب تحفيزية جديدة بواسطة إيمي ومكورد (1998) عندما درسوا رد فعل الجمهور على مواقع الويب.	tˈamː atːaʕˈarːuf ʕˈalaː almuʃˈaːraka aʃːaχsˤˈijːa w alʕalaːɡˈaːt almustamˈirːa kaʒawˈaːnib taħfiːzˈijːa ʒadˈiːda biwˈaːsitˤa ʔiːmˈijː wamukˈoːrid ʔalf wa tisʕumiʔa wa θamaːnija wa tisʕuːn ʕindˈamaː darˈasuː rˈadː fˈaʕal alʒumhˈuːr ʕˈalaː mawˈaːɡiʕ alwˈeːb .
تسبب سوء الأحوال الجوية في تعطل عملية البحث، وفشل الهبوط.	tasˈabːab sˈuːʔ alʔaħwˈaːl alʒoːˈijːa fˈiː taʕˈatˤːal ʕamalˈijːa albˈaħθ , wafˈaʃal alhubˈuːtˤ .
تأكد من أنك تعرف ما يمكنك وما لا يمكنك إحضاره والإعلان عن أي شيء يتجاوز الحدود القانونية.	taʔˈakːad mˈin ʔˈanːak tˈuʕraf mˈaː jumkˈinuk wˈamaː lˈaː jumkˈinuk ʔiħdˤˈaːruh walʔiʕlˈaːn ʕˈan ʔˈeː ʃˈeːʔ jataʒˈaːwaz alħudˈuːd alɡaːnuːnˈijːa .
وتحتوي بعض الأحذية على مسامير وهناك عناصر إضافية مرصعة للظروف المناخية الزلقة ومناسبة لأغلب الأحذية، للكعب أو الكعب والنعل.	wataħtˈawiː bˈaʕdˤ alʔaħðˈija ʕˈalaː masaːmˈiːr wahunˈaːk ʕanˈaːsˤir ʔidˤaːfˈijːa murasˤːˈaʕa liðˤːurˈuːf almunaːχˈijːa azːˈalɡa wamunˈaːsaba liʔˈaɣlab alʔaħðˈija , lilkˈaʕb ʔˈoː alkˈaʕb wanːˈaʕl .
قصص النّجاح هذه قلّلت من مخاوف التّغيير، بينما خلقت اتجاهاتٍ إيجابيةٍ نحو التّغيير في المستقبل.	ɡˈisˤasˤ anːʒˈaːħ hˈaðih ɡulːˈilat mˈin maχˈaːwif atːaɣjˈiːr , beːnˈamaː χulˈiɡat itːiʒaːhˈaːt ʔiːʒaːbˈijːa nˈaħw atːaɣjˈiːr fˈiː almustˈaɡbal .
وأثارت مخاوف نقص وسائل التنقل إلى احتمالية توجب إقامة المباراة خلف أبواب مغلقة، دون تواجد أنصار الفريق.	waʔaθˈaːrat maχˈaːwif nˈaɡasˤ wasˈaːʔil atːanˈaɡːul ʔlˈaː iħtimaːlˈijːa tˈuːʒib ʔɡˈaːma almubˈaːraː χˈalf ʔabwˈaːb muɣlˈaɡa , dˈuːn tawˈaːʒud ʔansˤˈaːr alfarˈiːɡ .
لن تحتاج إلى استخدام شركة محمول حيث تقيم أو تسافر لأنه يتم توجيه المكالمات من خلال الإنترنت.	lˈan taħtˈaːʒ ʔlˈaː istiχdˈaːm ʃˈarika maħmˈuːl ħˈeːθ tuɡˈiːm ʔˈoː tusˈaːfir liʔˈanːah jatˈimː toːʒˈiːh almukaːlamˈaːt mˈin χilˈaːl alʔintˈarnit .
درجة متروبلس أكثر راحة وأقل ازدحامًا لكنها أغلى رغم أنها تظل أرخص من تذاكر المترو العادية في أوروبا.	dˈaraʒa mutrˈuːbils ʔˈakθar rˈaːħa waʔaɡˈalː izdiħˈaːmaː lakinːˈahaː ʔˈaɣlaː rˈaɣm ʔanːˈahaː taðˤˈalː ʔˈarχasˤ mˈin taðˈaːkar almatrˈuwː alʕˈaːdija fˈiː ʔuːrˈuːbːaː .
يعني الاستناد إلى هذه الحفرية أن الانشقاق وقع مبكرًا للغاية عما كان متوقعًا استنادًا إلى الدليل الجزيئي.	jˈaʕniː alaːstinˈaːd ʔlˈaː hˈaðih alħafrˈijːa ʔˈan alaːnʃiɡˈaːɡ wˈaɡaʕ mubakːˈiraː lilɣˈaːja ʕˈamːaː kˈaːn mutawaɡːˈaʕaː istinˈaːdaː ʔlˈaː adːalˈiːl alʒuzeːʔˈijː .
كما تبنى غير المؤمنين في البلدان المسيحية وغير المسيحيين في مختلف أنحاء العالم العديد من التقاليد المحيطة بالأعياد.	kˈamaː tˈubnaː ɣˈeːr almuʔminˈiːn fˈiː albuldˈaːn ˈalimsiħjːa waɣˈeːr almasiːħijːˈiːn fˈiː muχtˈalaf ʔanħˈaːʔ alʕˈaːlam alʕadˈiːd mˈin atːaɡaːlˈiːd almuħˈiːtˤa bilʔaʕjˈaːd .
يمكن أن تؤدي الأيام الطويلة جدًا في الصيف إلى مشاكل في الحصول على قسط كافٍ من النوم والمشكلات الصحية المرتبطة.	jˈumkin ʔˈan tuʔˈadːiː alʔeːˈaːm atˤːawˈiːla ʒˈidːaː fˈiː asˤːˈeːf ʔlˈaː maʃˈaːkil fˈiː alħusˤˈuːl ʕˈalaː ɡˈistˤ kˈaːf mˈin anːˈoːm walmuʃkilˈaːt asˤːiħːˈijːa almurtˈabitˤa .
تبذل الكازينوهات عادة الكثير من الجهود لزيادة الوقت والمال الذي ينفقه الضيوف. عادة ما تكون النوافذ والساعات غائبة، وقد يكون من الصعب العثور على مخارج.	tˈabðul alkaːziːnuːhˈaːt ʕˈaːda alkaθˈiːr mˈin alʒuhˈuːd lizijˈaːda alwˈaɡt walmˈaːl alːˈaðiː junfˈiɡuh adˤːujˈuːf . ʕˈaːda mˈaː takˈuːn anːawˈaːfið wasːaːʕˈaːt ɣˈaːʔiba , wˈaɡad jakˈuːn mˈin asˤːˈaʕb alʕuθˈuːr ʕˈalaː maχˈaːriʒ .
بيد أن تشارلز حضر الجامعة في كلية ترينتي في كامبردج حيث درس الأنتروبولوجيا و علم الآثار والتاريخ لاحقاً. حيث حصل على 2:2 (المرتبة الدنيا الثانية).	bˈijad ʔˈan taʃaːrˈuluz ħˈadˤar alʒˈaːmiʕa fˈiː kulːˈijːa tirˈiːntiː fˈiː kaːmbˈardaʒ ħˈeːθ dˈars alʔanturuːbuːlˈuːʒjaː w ʕˈalim alʔaːθˈaːr watːaːrˈiːχ laːħˈiɡaː . ħˈeːθ ħˈasˤal ʕˈalaː iθnaːn , iθnaːn almartˈaba adːˈunjaː aθːˈaːnija .
مع أنه، نظرياً، يمكن إقامتهم سنوياً (طالما كانوا في بلدان مختلفة)، إلا أن هذا لا يحدث عملياً.	mˈaʕ ʔˈanːah , naðˤarˈijːaː , jˈumkin ʔɡaːmatˈihim sanawˈijːaː tˤaːlˈamaː kˈaːnuː fˈiː buldˈaːn muχtˈalifa , ʔlːˈaː ʔˈan hˈaðaː lˈaː juħˈadːiθ ʕamalˈijːaː .
تتطلب تأشيرات الطلاب عموماً متطلبات وإجراءات تقديم مختلفة عن تأشيرات السياحة أو العمل العادية.	tatatˤˈalːab taʔʃiːrˈaːt atˤːulːˈaːb ʕumˈuːmaː mutatˤalːabˈaːt waʔiʒraːʔˈaːt taɡdˈiːm muχtˈalifa ʕˈan taʔʃiːrˈaːt asːijˈaːħa ʔˈoː alʕˈamal alʕˈaːdija .
كان البشر يصنعون العدسات ويستخدمونها للتكبير منذ آلاف وآلاف السنين.	kˈaːn albˈaʃar jasˤnaʕˈuːn alʕadasˈaːt wajastaχdimuːnˈahaː litːakbˈiːr mˈunð ʔaːlˈaːf waʔaːlˈaːf asːinˈiːn .
يحتوي الجزء الشمالي أو سلسلة سانتينيل على أعلى جبال في القارة القطبية الجنوبية، فينسون ماسيف حيث تبلغ ذروته ما يعادل 4892 متر جبل فينسون.	jaħtˈawiː alʒˈuzʔ aʃːamaːlˈijː ʔˈoː silsˈila saːntiːnˈiːl ʕˈalaː ʔˈaʕlaː ʒibˈaːl fˈiː alɡˈaːrːa alɡutˤbˈijːa alʒanuːbˈijːa , fajansˈoːn maːsˈiːf ħˈeːθ tˈabluɣ ðirwˈatah mˈaː juʕˈaːdil ʔarbaʕa ʔaːlaːf wa θamaːnumiʔa wa iθnaːn wa tisʕuːn mˈitr ʒˈabal fajansˈuːn .
كان طابعه رقم 1000 "الأعمال العظيمة التي قام بها الملوك السويديون" من قبل ديفيد كلوكر إهرنشترال في سنة 2000، والتي تم إدراجها في موسوعة غينيس للأرقام القياسية العالمية.	kˈaːn tˤaːbˈiʕah rˈaɡm ʔalf alʔaʕmˈaːl alʕaðˤˈiːma alːˈatiː ɡˈaːm bˈihaː almulˈuːk asːuweːdijːˈuːn mˈin ɡˈabl diːfˈiːd kulˈuːkr ʔihriniʃitrˈaːl fˈiː sˈana ʔalfaːn , walːˈatiː tˈamː ʔidraːʒˈuhaː fˈiː moːsˈuːʕa ɣiːnˈiːs liliʔraɡˈaːm alɡijaːsˈijːa alʕaːlamˈijːa .
وفي النهاية، تم استبدال العجلات الخشبية بعجلات حديدية. في عام 1767، تم إدخال أول قضبان حديدية كاملة.	wˈafiː anːihˈaːja , tˈamː istibdˈaːl alʕaʒalˈaːt alχaʃabˈijːa biʕaʒalˈaːt ħadiːdˈijːa . fˈiː ʕˈaːm ʔalf wa sabʕumiʔa wa sabʕa wa sittuːn , tˈamː ʔidχˈaːl ʔˈoːal ɡudˤbˈaːn ħadiːdˈijːa kˈaːmila .
من بين 1,400 شخص شملهم استطلاع ما قبل الانتخابات الفيدرالية لعام 2010، زادت نسبة من يعارضون أن تصبح أستراليا جمهورية بمقدار 8 في المائة منذ عام 2008.	mˈin bˈeːn ʔalf wa ʔarbaʕumiʔa ʃˈaχsˤ ʃamlˈuhum istitˤlˈaːʕ mˈaː ɡˈabl alaːntiχaːbˈaːt alfiːdraːlˈijːa liʕˈaːm ʔalfaːn wa ʕaʃara , zˈaːdat nˈisba mˈin juʕaːridˤˈuːn ʔˈan tˈusˤbiħ ʔusitrˈaːljaː ʒumhuːrˈijːa bimiɡdˈaːr θamaːnija fˈiː almˈiʔa mˈunð ʕˈaːm ʔalfaːn wa θamaːnija .
على الرغم من أن كاتب هذا الجزء من النص غير معروف تحديداً، ولكننا نعلم أن المخطوطة الكبيرة (ذات مقاسات 29¾ بوصة × 24½ بوصة) كانت مخزّنة مطوية في بداية وجودها.	ʕˈalaː arːˈaɣm mˈin ʔˈan kˈaːtab hˈaðaː alʒˈuzʔ mˈin anːˈasˤː ɣˈeːr maʕrˈuːf taħdˈiːdaː , walakinːˈanaː nˈaʕlam ʔˈan almaχtˤˈuːtˤa alkabˈiːra ðˈaːt muɡaːsˈaːt tisʕa wa ʕiʃruːn θalaːθa ʕˈalaː ʔarbaʕa bˈuːsˤːa fj ʔarbaʕa wa ʕiʃruːn waːħid ʕˈalaː iθnaːn bˈuːsˤːa kˈaːnat muχzˈana matˤwˈijːa fˈiː bidˈaːja wuʒuːdˈihaː .
وقد أخمدت فرق الإنقاذ النار في نهاية المطاف بحلول الساعة 11:35 مساء.	wˈaɡad ʔaχmˈadat fˈarɡ alʔinɡˈaːð anːˈaːr fˈiː nihˈaːja almatˤˈaːf biħulˈuːl asːˈaːʕa asːˈaːʕa ʔaħada ʕaʃar wˈa xamsa wa θalaːθuːn daɡˈiːɡa masˈaːʔ .
بين الساعة 10:00 إلى 11:00 مساءً بتوقيت الجبل، أُضرِمَ حريقٌ من قبل النزلاء في الفناء.	bˈeːn asːˈaːʕa asːˈaːʕa ʕaʃara ʔlˈaː asːˈaːʕa ʔaħada ʕaʃar masˈaːʔ bitoːɡˈiːt alʒˈabal , ʔˈadˤram ħarˈiːɡ mˈin ɡˈabl anːuzalˈaːʔ fˈiː alfinˈaːʔ .
تغادر الحافلات المحطة الداخلية بين المناطق (عبر النهر) في خلال اليوم على الرغم من أن معظمها وخاصة المتجهة منها إلى الشرق وجاكار/بومثانج تغادر بين 06:30 و 07:30.	tuɣˈaːdir alħaːfilˈaːt almaħˈatˤːa adːaːχilˈijːa bˈeːn almanˈaːtˤiɡ ʕˈabːar anːˈahr fˈiː χilˈaːl aljˈoːm ʕˈalaː arːˈaɣm mˈin ʔˈan muʕðˤamˈuhaː waχˈaːsˤːa almutːˈaʒiha mˈinhaː ʔlˈaː aʃːˈarɡ waʒaːkˈaːr buːmθˈaːniʒ tuɣˈaːdir bˈeːn asːˈaːʕa sitta wˈa θalaːθuːn daɡˈiːɡa w asːˈaːʕa sabʕa wˈa θalaːθuːn daɡˈiːɡa .
تركيا الأوروبية (تراقيا الشرقية أو روميليا في شبه جزيرة البلقان) فتضم 3% من البلاد.	turkˈijaː alʔuːruːbːˈijːa taraːɡˈijaː aʃːarɡˈijːa ʔˈoː ruːmˈiːljaː fˈiː ʃˈibh ʒazˈiːra albalɡˈaːn fatudˤˈamː θalaːθa fˈiː almˈiʔa mˈin albilˈaːd .
حل نيوت جينجريتش، رئيس مجلس النواب الأمريكي السابق، في المرتبة الثانية بنسبة 32%.	ħˈalː nujˈuːt ʒiːnʒarˈiːtʃ , raʔˈiːs mˈaʒlis anːuwːˈaːb alʔamriːkˈijː asːˈaːbiɡ , fˈiː almartˈaba aθːˈaːnija binˈisba iθnaːn wa θalaːθuːn fˈiː almˈiʔa .
حصد نادال نقاط على الشبكة بنسبة 88% في المباراة، ليفوز بـ76 نقطة في الإرسال الأول.	ħˈasˤad naːdˈaːl niɡˈaːtˤ ʕˈalaː aʃːˈabaka binˈisba θamaːnija wa θamaːnuːn fˈiː almˈiʔa fˈiː almubˈaːraː , lijafˈuːz bˈi sitta wa sabʕuːn nˈuɡtˤa fˈiː alʔirsˈaːl alʔˈoːal .
فعلى سبيل المثال، يقترح البعض "التعلم" و"التنشئة الاجتماعية" كدوافع مهمّة لاستخدام شبكة الإنترنت (جيمس وغيره، 1995).	faʕˈalaː sabˈiːl almiθˈaːl , jaɡtˈariħ albˈaʕdˤ atːaʕˈalːum w atːanʃˈiʔa alaːʒtimaːʕˈijːa kadawˈaːfiʕ muhˈimːa listiχdˈaːm ʃˈabaka alʔintˈarnit ʒˈiːms waɣˈeːrih , ʔalf wa tisʕumiʔa wa xamsa wa tisʕuːn .
خلال شغله لمنصب مستشار في الأمن القومي، ساعد كارتر دبلوماسيًا في إدارة شؤون العالم مثل اتفاقيات كامب ديفيد عام 1978؛ وفكرة تطبيع العلاقات الأمريكية والصينية في أواخر السبعينيات؛ والثورة الإيرانية التي أدت إلى كارثة الرهائن الإيرانية عام 1979؛ والاحتلال السوفييتي لأفغانستان عام 1979.	χilˈaːl ʃaɣˈalah limˈansˤib musitʃˈaːr fˈiː alʔˈamn alɡoːmˈijː , sˈaːʕid kˈaːrtur dibluːmˈaːsjaː fˈiː ʔidˈaːra ʃuʔˈuːn alʕˈaːlam mˈiθl itːfaːɡjːˈaːt kˈaːmib diːfˈiːd ʕˈaːm ʔalf wa tisʕumiʔa wa θamaːnija wa sabʕuːn , wafˈikra tatˤbˈiːʕ alʕalaːɡˈaːt alʔamriːkˈijːa wasˤːiːnˈijːa fˈiː ʔawˈaːχir asːabʕiːnijːˈaːt , waθːˈoːra alʔiːraːnˈijːa alːˈatiː ʔˈadːat ʔlˈaː kˈaːriθa arːahˈaːʔin alʔiːraːnˈijːa ʕˈaːm ʔalf wa tisʕumiʔa wa tisʕa wa sabʕuːn , walaːħtilˈaːl asːuːfijiːtˈijː liʔafɣaːnistˈaːn ʕˈaːm ʔalf wa tisʕumiʔa wa tisʕa wa sabʕuːn .
قام البرتغاليون بتدميرها وإعادة بنائها تحت اسم "كازا برانكا"، فقط ليهجروها بعد زلزال 1755.	ɡˈaːm alburtuɣaːlijːˈuːn bitadmiːrˈihaː waʔiʕˈaːda binaːʔˈihaː tˈaħt ˈism kˈaːzaː baraːnˈikaː , fˈaɡatˤ lijahʒurˈuːhaː bˈaʕd zilzˈaːl ʔalf wa sabʕumiʔa wa xamsa wa xamsuːn .
مرعوبين، أُجبر الملك لويس السادس عشر والملكة ماري أنطوانيت وطفلاهما الصغيران (ماري تيريزذات الـ11 عاماً ولويس تشارلز ذو الأربع أعوام) وأخت الملك، السيدة إليزابيث، في السادس من تشرين الأول عام 1789، على الرجوع من فرساي إلى باريس بواسطة حشد من غوغاء نسوة السوق.	marʕuːbˈiːn , ʔˈuʒbir almˈilk lwˈiːs asːˈaːdis ʕˈaʃar walmˈalaka mˈaːriː ʔuntˤuwaːnˈiːt watˤiflaːhˈumaː asˤːaɣiːrˈaːn mˈaːriː tiːriːzðˈaːt ˈal ʔaħada ʕaʃar ʕˈaːmaː waluwˈiːs taʃˈaːrluz ðˈuː alʔˈarbaʕ ʔaʕwˈaːm waʔˈuχt almˈilk , asːeːˈida ʔiliːzaːbˈiːθ , fˈiː asːˈaːdis mˈin tiʃrˈiːn alʔˈoːal ʕˈaːm ʔalf wa sabʕumiʔa wa tisʕa wa θamaːnuːn , ʕˈalaː arːuʒˈuːʕ mˈin farsˈaːj ʔlˈaː baːrˈiːs biwˈaːsitˤa ħˈaʃd mˈin ɣoːɣˈaːʔ nˈiswa asːˈuːɡ .
في الولايات المتحدة الأمريكية هناك ما يقارب 400,000 حالة معروفة من مرض التصلب المتعدد (ت م) مما يجعله أكثر الأمراض العصبية انتشاراً بين الشباب والبالغين ذوي الأعمار المتوسطة.	fˈiː alwilaːjˈaːt almutːˈaħida alʔamriːkˈijːa hunˈaːk mˈaː juɡˈaːrib ʔarbaʕumiʔa ʔalf ħˈaːla maʕrˈuːfa mˈin mˈaradˤ atːasˤˈalːub almutaʕˈadːid t m mˈimːaː jaʒʕˈaluh ʔˈakθar alʔamrˈaːdˤ alʕasˤabˈijːa intiʃˈaːraː bˈeːn aʃːabˈaːb walbaːliɣˈiːn ðˈawiː alʔaʕmˈaːr almutawasːˈitˤa .
تضم اليابان ما يقرب من 7,000 جزيرة (أكبرها جزيرة هونشو)، ما يجعل اليابان سابع أكبر جزيرة في العالم!	tudˤˈamː aljaːbˈaːn mˈaː jˈaɡrub mˈin sabʕa ʔaːlaːf ʒazˈiːra ʔakbarˈihaː ʒazˈiːra hˈuːnʃuː , mˈaː jˈuʒʕal aljaːbˈaːn sˈaːbiʕ ʔˈakbar ʒazˈiːra fˈiː alʕˈaːlam !
لم يصدر تحذير عن تسونامي، ووفقا لوكالة جاكرتا للجيوفيزياء، لن يصدر تحذير عن تسونامي لأن الزلزال لم يستوف متطلبات 6.5 درجة.	lˈam jˈasˤdur taħðˈiːr ʕˈan tusuːnaːmˈijː , wawˈafɡaː liwakˈaːla ʒaːkirˈataː lilʒujuːfiːzjˈaːʔ , lˈan jˈasˤdur taħðˈiːr ʕˈan tusuːnaːmˈijː liʔˈanː azːilzˈaːl lˈam jastˈoːf mutatˤalːabˈaːt sitta fˈaːsˤila xamsa dˈaraʒa .
يهاجر حوالي 1.5 مليون من الحيوانات العاشبة في شهر تشرين الأول من كل عام إلى السهول الجنوبية، عابرون نهر مارا، من التلال الشمالية من أجل الأمطار.	juhˈaːʒir ħawˈaːleː waːħid fˈaːsˤila xamsa miljˈuːn mˈin alħajawaːnˈaːt alʕˈaːʃiba fˈiː ʃˈahr tiʃrˈiːn alʔˈoːal mˈin kˈulː ʕˈaːm ʔlˈaː asːuhˈuːl alʒanuːbˈijːa , ʕaːbirˈuːn nˈahr mˈaːrːaː , mˈin atːilˈaːl aʃːamaːlˈijːa mˈin ʔˈaʒl alʔamtˤˈaːr .
أُسس الدين في القرن الخامس عشر على يد "جورو ناناك" (1469-1539). خلفه من بعده تسعة "غورو" آخرين.	ʔˈasːas adːˈeːn fˈiː alɡˈarn alχˈaːmis ʕˈaʃar ʕˈalaː jˈad ʒˈuːruː naːnˈaːk ʔalf wa ʔarbaʕumiʔa wa tisʕa wa sittuːn ʔalf wa xamsumiʔa wa tisʕa wa θalaːθuːn . χˈalfah mˈin bˈaʕdah tˈisʕa ɣˈuːruː ʔaːχarˈiːn .
سجّل هدفين ومرر تمريرتين حاسمتين في المباراة التي تغلّب فيها فريق واشنطن على فريق أتلانتا ثراشرز بنتيجة 5-3.	sˈaʒːal hadafˈeːn wamˈarar tamriːratˈeːn ħaːsimatˈeːn fˈiː almubˈaːraː alːˈatiː tˈaɣlib fˈiːhaː farˈiːɡ waːʃˈintˤun ʕˈalaː farˈiːɡ ʔatlˈaːntaː θaraːʃˈirz binatˈiːʒa xamsa θalaːθa .
حدود السرعة المعلنة أقل بشكل ملحوظ مما كانت عليه في الأقسام السابقة واللاحقة — عادة 35-40 ميل في الساعة (56-64 كم / ساعة) — والطاعة الصارمة لهم أكثر أهمية من غير ذلك.	ħudˈuːd asːˈurʕa almuʕlˈana ʔaɡˈalː biʃˈakl malħˈuːðˤ mˈimːaː kˈaːnat ʕalˈeːh fˈiː alʔaɡsˈaːm asːˈaːbiɡa walːˈaːħiɡa ʕˈaːda xamsa wa θalaːθuːn ʔarbaʕuːn mˈeːl fˈiː asːˈaːʕa sitta wa xamsuːn ʔarbaʕa wa sittuːn kˈam sˈaːʕa watˤːˈaːʕa asˤːˈaːrima lˈahum ʔˈakθar ʔahamːˈijːa mˈin ɣˈeːr ðˈalik .
سجل تاريخ مواجهات نادال مع الكندي هو 7 – 2.	sˈaʒːal taːrˈiːχ muwaːʒhˈaːt naːdˈaːl mˈaʕ alkindˈijː hˈuː sabʕa iθnaːn .
يعتقد د. مول أن بعض المرضى من بينهم اثنين من العاملين بالمستشفى يحتمل أن يكونوا قد أصيبوا بالفيروس داخل المستشفى.	jaʕtˈaɡid d . mˈuːl ʔˈan bˈaʕdˤ almˈardˤaː mˈin beːnˈahum iθnˈeːn mˈin alʕaːmilˈiːn bilmustˈaʃfaː jaħtˈamil ʔˈan jakˈuːnuː ɡˈad ʔusˤˈiːbuː bilfeːrˈuːs dˈaːχil almustˈaʃfaː .
كان أول سباق لها هو سباق التزلج المتعرج، حيث حصلت على نتيجة "لم تُنه السباق" في أول جولة لها. وقد حصل 36 من أصل 116 متنافساً على نفس النتيجة في هذا السباق.	kˈaːn ʔˈoːal sibˈaːɡ lˈahaː hˈuː sibˈaːɡ atːazˈalːuʒ almutaʕˈarːiʒ , ħˈeːθ ħasˤˈalat ʕˈalaː natˈiːʒa lˈam tˈanh asːabːˈaːɡ fˈiː ʔˈoːal ʒˈoːla lˈahaː . wˈaɡad ħˈasˤal sitta wa θalaːθuːn mˈin ʔˈasˤl miʔa wa sittata ʕaʃar mutanaːfˈisaː ʕˈalaː nˈafs anːatˈiːʒa fˈiː hˈaðaː asːabːˈaːɡ .
استقال هوهن وسيتم استبداله في مجلس الوزراء بعضو البرلمان إيد ديفي. من المتوقع أن يأخذ عضو البرلمان نورمان لامب وظيفة وزير الأعمال التي سيتركها ديفي.	istaɡˈaːl huːhˈunː wasajatˈimː istibdˈaːluh fˈiː mˈaʒlis alwuzarˈaːʔ biʕˈudˤw albarlamˈaːn ʔˈiːd diːfˈijː . mˈin almutawˈaɡːaʕ ʔˈan jˈaʔχuð ʕˈudˤw albarlamˈaːn nuːrmˈaːn lˈaːmb waðˤˈiːfa wazˈiːr alʔaʕmˈaːl alːˈatiː sajatrukˈuhaː dˈiːfiː .
يمكن للأعاصير أن تقتلع الأشجار من جذورها وتمزق الألواح من المباني وتقذف بالسيارات إلى السماء. تدوم أعنف 2% من الأعاصير لمدة تصل إلى أكثر من ثلاث ساعات.	jˈumkin lilʔaʕaːsˤˈiːr ʔˈan taɡtˈaliʕ alʔaʃʒˈaːr mˈin ʒuðuːrˈahaː watamˈazːaɡ alʔalwˈaːħ mˈin almabˈaːniː watˈuɡðaf bisːeːaːrˈaːt ʔlˈaː asːamˈaːʔ . tadˈuːm ʔuʕˈanːif iθnaːn fˈiː almˈiʔa mˈin alʔaʕaːsˤˈiːr limˈudːa tˈasˤil ʔlˈaː ʔˈakθar mˈin θalˈaːθ saːʕˈaːt .
وتتضمن قيوداً مالية وحظر من جانب الاتحاد الأوروبي على تصدير النفط الخام، والذي يتلقى منه الاقتصاد الإيراني 80% من الدخل الأجنبي.	watatadˤˈamːan ɡujˈuːdaː maːlˈijːa waħˈaðˤr mˈin ʒˈaːnib alaːtːiħˈaːd alʔuːruːbːˈijː ʕˈalaː tasˤdˈiːr anːˈaftˤ alχˈaːm , waːlːˈaðiː jatalˈaɡːaː mˈinh alaːɡtisˤˈaːd alʔiːraːnˈijː θamaːnuːn fˈiː almˈiʔa mˈin adːˈaχl alʔaʒnabˈijː .
تبلغ حاليًا سرعة ريح إعصار "فريد" 105 أميال في الساعة (165 كم/ساعة) ويتجه نحو الشمال الغربي.	tˈabluɣ ħaːlˈijːaː sˈurʕa rˈiːħ ʔiʕsˤˈaːr farˈiːd miʔa wa xamsa ʔamjˈaːl fˈiː asːˈaːʕa miʔa wa xamsa wa sittuːn kˈam sˈaːʕa wajatːˈaʒih nˈaħw aʃːamˈaːl alɣarbˈijː .
بحلول وقت مبكر من اليوم، كانت سرعة الرياح حوالي 83 كم/ساعة، وكان من المتوقع أن تستمر في الضعف.	biħulˈuːl wˈaɡt mubˈakːir mˈin aljˈoːm , kˈaːnat sˈurʕa arːijˈaːħ ħawˈaːleː θalaːθa wa θamaːnuːn kˈam sˈaːʕa , wakˈaːn mˈin almutawˈaɡːaʕ ʔˈan tastamˈirː fˈiː adˤːˈaʕf .
يتحرك الإعصار نحو الصين بسرعة 11 كم/ساعة، كما تشير التقديرات.	jataħˈarːak alʔiʕsˤˈaːr nˈaħw asˤːˈiːn bisˈurʕa ʔaħada ʕaʃar kˈam sˈaːʕa , kˈamaː tuʃˈiːr atːaɡdiːrˈaːt .
كانت قوّة الهجوم الرئيسيّة، المكوّنة من 2,400 رجلاً، ستعبر النهر الواقع على بعد تسعة أميال شمال ترينتون، ثم تنقسم إلى مجموعتين، الأولى بقيادة غرين والثانية بقيادة سوليفان، من أجل إطلاق هجوم قبل الفجر.	kˈaːnat ɡˈuwːa alhuʒˈuːm arːaʔiːsˈijːa , almukoːˈina mˈin ʔalfaːn wa ʔarbaʕumiʔa raʒˈulaː , satuʕˈabːir anːˈahr alwˈaːɡiʕ ʕˈalaː bˈaʕd tˈisʕa ʔamjˈaːl ʃamˈaːl tiriːntˈuːn , θˈumː tanɡˈasim ʔlˈaː maʒmuːʕatˈeːn , alʔˈuːlaː biɡijˈaːda ɣrˈiːn waθːˈaːnija biɡijˈaːda suːliːfˈaːn , mˈin ʔˈaʒl ʔitˤlˈaːɡ huʒˈuːm ɡˈabl alfˈaʒr .
أصدر أكثر من 1,000 طابع للسويد و28 دولة أخرى.	ʔˈasˤdar ʔˈakθar mˈin ʔalf tˤˈaːbaʕ lisːuwˈeːd w θamaːnija wa ʕiʃruːn dˈoːla ʔˈuχraː .
من بين ما يقرب من 24,000 نيزك معروف سقط على الأرض، تبين أنّ 34 منها فقط أصلها من المريخ.	mˈin bˈeːn mˈaː jˈaɡrub mˈin ʔarbaʕa wa ʕiʃruːn ʔalf nˈeːzik maʕrˈuːf sˈaɡatˤ ʕˈalaː alʔˈardˤ , tabˈeːan ʔˈan ʔarbaʕa wa θalaːθuːn mˈinhaː fˈaɡatˤ ʔasˤlˈihaː mˈin almarːˈiːχ .
من المتوقع أن أغلب تذاكر الحدث ستبلغ تكلفتها بين 2,500 ين و 130,000 ين أما كلفة العادية النموذجية فستكون حوالي 7,000 ين.	mˈin almutawˈaɡːaʕ ʔˈan ʔˈaɣlab taðˈaːkar alħˈadaθ satˈabluɣ takalːufatˈuhaː bˈeːn ʔalfaːn wa xamsumiʔa jnˈa w miʔa wa θalaːθuːn ʔalf jnˈa ʔˈamːaː kˈulfa alʕˈaːdija anːamuːðaʒˈijːa fasatakˈuːn ħawˈaːleː sabʕa ʔaːlaːf jnˈa .
اُستخدم العديد من تنسيقات الأفلام المختلفة على مدار السنين، ومن بين هذا التنسيقات حظى الفيلم القياسي مقاس 35 مم (36× 24 مم نيجاتيف) على الانتشار الأوسع.	istˈaχdam alʕadˈiːd mˈin tansiːɡˈaːt alʔaflˈaːm almuχtˈalifa ʕˈalaː madˈaːr asːinˈiːn , wˈaman bˈeːn hˈaðaː atːansiːɡˈaːt ħˈaðˤːi alfˈiːlm alɡijaːsˈijː muɡˈaːs xamsa wa θalaːθuːn mˈimː sitta wa θalaːθuːn fj ʔarbaʕa wa ʕiʃruːn mˈimː neːʒaːtˈiːf ʕˈalaː alaːntiʃˈaːr alʔˈoːsaʕ .
تسمح إمكانية عمل المعيار على الترددين أن يكون متوافقاً مع معايير سابقة له وتحديداً 802.11a و802.11b و802.11g وذلك على شرط امتلاك المحطة الأساسية لأجهزة راديو مزدوجة.	tˈasmaħ ʔimkaːnˈijːa ʕˈamil almiʕjˈaːr ʕˈalaː atːaradːudˈeːn ʔˈan jakˈuːn mutawaːfˈiɡaː mˈaʕ maʕaːjˈiːr sˈaːbiɡa lˈah wataħdˈiːdaː θamaːnumiʔa wa iθnaːn fˈaːsˤila waːħid waːħid ˈə w θamaːnumiʔa wa iθnaːn fˈaːsˤila waːħid waːħid bˈiː w θamaːnumiʔa wa iθnaːn fˈaːsˤila waːħid waːħid d͡ʒˈiː waðˈalik ʕˈalaː ʃˈaratˤ imtilˈaːk almaħˈatˤːa alʔasaːsˈijːa liʔaʒhˈiza rˈaːdjuː muzdˈawaʒa .
بدأ الاحتجاج حوالي الساعة 11:00 بالتوقيت المحلي (UTC+1) في "وايتهول" في الاتجاه المقابل لشارع "داونينج" الذي تحرسه الشرطة وهو المقر الرسمي لرئيس الوزراء.	bˈadaʔ alaːħtiʒˈaːʒ ħawˈaːleː asːˈaːʕa asːˈaːʕa ʔaħada ʕaʃar bitːoːɡˈiːt almaħalːˈijː jˈuː tʰˈiː sˈiː zˈaːʔid waːħid fˈiː waːjtahˈoːal fˈiː alaːtːiʒˈaːh almuɡˈaːbil liʃˈaːriʕ daːwinˈiːnʒ alːˈaðiː taħrˈusuh aʃːˈurtˤa wˈahuː almuɡˈirː arːasmˈijː liraʔˈiːs alwuzarˈaːʔ .
احتل المتزلج البولندي من ضعاف البصر ماسيج كريزيل والمرشدة آنا أوغارزينسكا المركز الثالث عشر في سباق Super-G. أنهى جونغ سورك بارك من كوريا الجنوبية السباق في المركز الرابع والعشرين في بطولة Super-G للرجال من المعوقين.	iħtˈalː almutazˈalːiʒ albuːlandˈijː mˈin dˤiʕˈaːf albˈasˤar maːsˈiːʒ kiriːzˈiːl walmurʃˈida ʔˈaːnaː ʔuːɣaːrzˈiːniskaː almˈarkaz aθːˈaːliθ ʕˈaʃar fˈiː sibˈaːɡ sˈuːpɚ d͡ʒˈiː . ʔˈanhaː ʒˈuːnɣ sˈuːrk bˈaːrak mˈin kˈuːrjaː alʒanuːbˈijːa asːabːˈaːɡ fˈiː almˈarkaz arːˈaːbiʕ walʕiʃrˈiːn fˈiː butˤˈuːla sˈuːpɚ d͡ʒˈiː lirːiʒˈaːl mˈin almuʕoːɡˈiːn .
يمكن استبدال المال في البنك الوحيد بالجزر الذي يقع في ستانلي على الجانب الأخر من متجر FIC West.	jˈumkin istibdˈaːl almˈaːl fˈiː albˈank alwaħˈiːd bilʒˈuzur alːˈaðiː jˈaɡaʕ fˈiː stˈaːnliː ʕˈalaː alʒˈaːnib alʔˈuχar mˈin mˈatʒar fˈɪk wˈɛst .
في السابق، لاحظ جيمي سيمينوف، الرئيس التنفيذي لشركة Ring، أن الشركة بدأت عندما لم يكن جرس بابه مسموعًا من متجره في مرآب منزله.	fˈiː asːˈaːbiɡ , lˈaːħaðˤ ʒˈiːmeː siːmiːnˈuːf , arːaʔˈiːs atːanfiːðˈijː liʃˈarika ɹˈɪŋ , ʔˈan aʃːˈarika badˈaʔat ʕindˈamaː lˈam jˈakun ʒˈaras bˈaːbih masmˈuːʕaː mˈin matʒˈarih fˈiː maraʔˈaːb manzˈilih .
(Angel (2006، يشرح طريقة الاستمرارية كطريقةٍ يتم استخدامها لمساعدة المؤسسات على الوصول إلى مستوى أعلى من الأداء.	ˈeᶦinid͡ʒəɫ ʔalfaːn wa sitta , jˈaʃraħ tˤarˈiːɡa alaːstimraːrˈijːa katˤarˈiːɡa jatˈimː istiχdaːmˈuhaː limusˈaːʕada almuʔasːasˈaːt ʕˈalaː alwusˤˈuːl ʔlˈaː mustˈawaː ʔˈaʕlaː mˈin alʔadˈaːʔ .
يُقاس مستوى الأُسّ الهيدروجيني من خلال عدد أيونات الهيدروجين (حرف الH في pH) في المادة الكيميائية المُراد اختبارها.	juɡˈaːs mustˈawaː alʔˈusː alheːdaruːʒiːnˈijː mˈin χilˈaːl ʕˈadad ʔajuːnˈaːt alheːdaruːʒˈiːn ħˈarf ˈal ˈeᶦit͡ʃ fˈiː pʰˈiːʲˈeᶦit͡ʃ fˈiː almˈaːdːa alkiːmjaːʔˈijːa almurˈaːd iχtibaːrˈahaː .
تمكن السيد ريد من قيادة سيارة سباق A1GP النيوزيلندية، التي تدعى الجميلة السوداء بسرعة تزيد عن ١٦٠ كم/ ساعة سبع مراتٍ فوق الجسر.	tamˈakːan asːˈeːid rˈiːd mˈin ɡijˈaːda seːˈaːra sibˈaːɡ ˈə waːħid d͡ʒˈiː pʰˈiː anːijuːziːlandˈijːa , alːˈatiː tˈudʕaː alʒamˈiːla asːoːdˈaːʔ bisˈurʕa tazˈiːd ʕˈan miʔa wa sittuːn kˈam sˈaːʕa sˈabʕ marːˈaːt fˈoːɡ alʒˈisr .
تبين موقع TMZ الإخباري الترفيهي أن المصور أوقف مركبته على الجانب الآخر من شارع سيبولفيدا بوليفارد وحاول التقاط صور لحاجز الشرطة قبل عبور الطريق والمتابعة، مما دفع ضابط شرطة دورية الطرق السريعة في كاليفورنيا إلى عمل توقيف لحركة المرور لأمره بالعودة مرتين.	tabˈeːan mˈoːɡiʕ tʰˈiː ˈɛm zˈiː alʔiχbaːrˈijː atːarfiːhˈijː ʔˈan almusˤˈoːir ʔˈoːɡaf markabˈatih ʕˈalaː alʒˈaːnib alʔˈaːχar mˈin ʃˈaːriʕ siːbuːlfˈiːdaː buːliːfˈaːrid waħˈaːwal atiɡˈaːtˤ sˤˈuwar liħˈaːʒiz aʃːˈurtˤa ɡˈabl ʕubˈuːr atˤːarˈiːɡ walmutˈaːbaʕa , mˈimːaː dˈafaʕ dˤˈaːbitˤ ʃˈurtˤa doːrˈijːa atˤːˈuruɡ asːarˈiːʕa fˈiː kalifuːrnˈijaː ʔlˈaː ʕˈamil toːɡˈiːf liħˈaraka almurˈuːr liʔˈamrih bilʕˈoːda marːatˈeːn .
أصبح Eee PC من ASUS الذي أُطلق في وقت سابق في جميع أنحاء العالم لعوامل توفير التكاليف والقدرة الوظيفية، موضوعاً مثيراً في شهر تكنولوجيا المعلومات في تايبيه لعام 2007.	ʔˈasˤbaħ ˈiːʲiːʲəˌiː pʰˈiːsˈiː mˈin ˈeᶦsəs alːˈaðiː ʔˈatˤlaɡ fˈiː wˈaɡt sˈaːbiɡ fˈiː ʒamˈiːʕ ʔanħˈaːʔ alʕˈaːlam liʕawˈaːmil toːfˈiːr atːakaːlˈiːf walɡˈudra alwaðˤiːfˈijːa , moːdˤˈuːʕaː muθˈiːraː fˈiː ʃˈahr tiknuːlˈuːʒjaː almaʕluːmˈaːt fˈiː taːjibˈeːh liʕˈaːm ʔalfaːn wa sabʕa .
تكوين هذه البلورات متطابق مع تلك الموجودة في بول الحيوانات الأليفة المتأثرة عند مقارنتها بواسطة التحليل الطيفي بالأشعة تحت الحمراء (FTIR).	takwˈiːn hˈaðih albalːuːrˈaːt mutatˤˈaːbiɡ mˈaʕ tˈilk almoːʒˈuːda fˈiː bˈoːl alħajawaːnˈaːt alʔalˈiːfa almutaʔaθːˈira ʕˈind muɡaːranatˈuhaː biwˈaːsitˤa atːaħlˈiːl atˤːiːfˈijː bilʔaʃˈiʕːa tˈaħt alħamrˈaːʔ ˈɛf tʰˈiː aᶦ ˈɑːɹ .
في الأسبوع الماضي، أعلنت METI أن Apple أبلغتها بـ 34 حادثا إضافيا من حوادث الانهاك، أطلقت عليها الشركة اسم "غير خطيرة".	fˈiː alʔusbˈuːʕ almˈaːdˤiː , ʔaʕlˈanat mˈɛt̬i ʔˈan ˈæpəɫ ʔablaɣˈathaː bˈi ʔarbaʕa wa θalaːθuːn ħaːdˈiθaː ʔdˤaːfˈijːaː mˈin ħawˈaːdiθ alaːnhˈaːk , ʔutˤlˈiɡat ʕalˈeːhaː aʃːˈarika ˈism ɣˈeːr χatˤˈiːra .
كان يطلق على الغواصات الألمانية "U-Boats"، وبرع الألمان في الملاحة بغواصاتهم وتشغيلها.	kˈaːn jˈutˤlaɡ ʕˈalaː alɣoːaːsˤˈaːt alʔalmaːnˈijːa jˈuː bˈoᶷits , wabˈaraʕ alʔalmˈaːn fˈiː almalˈaːħa biɣoːaːsˤaːtˈihim wataʃɣiːlˈihaː .
لم يمسس اللافتة ضرر مادي؛ ذلك لأن المتعدي استخدم تربولين أسود مزيناً بعلامة السلام ورسمة لقلب في تعديلاته لتغيير شكل حرف ال"O" ليبدو كحرف "e".	lˈam jumˈasːis alːˈaːfita dˤˈarar maːdːˈijː , ðˈalik liʔˈanː almutaʕˈadːiː istˈaχdam tarbuːlˈeːn ʔˈaswad muzeːˈanaː biʕalˈaːma asːalˈaːm warˈasma liɡˈalb fˈiː taʕdiːlˈaːtih litaɣjˈiːr ʃˈakl ħˈarf ˈal ˈoᶷ lajˈabduː kaħˈarf ˈiː .
كما أعرب الدكتور لي عن قلقه إزاء التقارير التي تفيد بأن الأطفال في تركيا قد أصيبوا الآن بفيروس إنفلونزا الطيور (A(H5N1 دون أن يمرضوا.	kˈamaː ʔˈaʕrab adːuktˈuːr lˈiː ʕˈan ɡˈalɡih ʔizˈaːʔ atːaɡaːrˈiːr alːˈatiː tufˈiːd bˈiʔan alʔatˤfˈaːl fˈiː turkˈijaː ɡˈad ʔusˤˈiːbuː alʔˈaːn bifeːrˈuːs ʔinfiluwˈanzaː atˤːujˈuːr ˈə ˈeᶦit͡ʃ xamsa ˈɛn waːħid dˈuːn ʔˈan jamrˈadˤuː .
بصفة عامة، لا جدوى من البحث عن خصومات لمقاعد فئة رجال الأعمال أو الدرجة الأولى على الرحلات المباشرة من A إلى B.	bˈisˤifa ʕˈaːmːa , lˈaː ʒˈadwaː mˈin albˈaħθ ʕˈan χusˤuːmˈaːt limaɡˈaːʕid fˈiʔa riʒˈaːl alʔaʕmˈaːl ʔˈoː adːˈaraʒa alʔˈuːlaː ʕˈalaː arːiħlˈaːt almubˈaːʃara mˈin ˈə ʔlˈaː bˈiː .
مقدمة	muɡadːˈama
الطبعة	atˤːˈabʕa
الثانية	aθːˈaːnija
بين	bˈeːn
يديك	jadˈeːk
أيها	ʔeːˈuhaː
القارئ	alɡˈaːriʔ
الكريم	alkarˈiːm
من	mˈin
هذا	hˈaðaː
الكتاب	alkitˈaːb
بما	bˈimaː
فيها	fˈiːhaː
إضافات	ʔidˤaːfˈaːt
لم	lˈam
تؤثر	tuʔˈaθːir
على	ʕˈalaː
منهج	mˈanhaʒ
ولكنها	walakinːˈahaː
زادت	zˈaːdat
تعميق	taʕmˈiːɡ
بعض	bˈaʕdˤ
الأفكار	alʔafkˈaːr
فيه	fˈiːh
وقد	wˈaɡad
أحببت	ʔaħbˈabt
في	fˈiː
هذه	hˈaðih
المقدمة	almuɡadːˈima
أن	ʔˈan
أتحدث	ʔitiħidːθ
عن	ʕˈan
مصدر	mˈasˤdar
الإيمان	alʔiːmˈaːn
والنص	wanːˈasˤː
المقدس	almˈaɡdis
الذي	alːˈaðiː
شرعت	ʃurˈiʕat
العبادة	alʕibˈaːda
ألا	ʔˈalaː
وهو	wˈahuː
القرآن	alɡurʔˈaːn
أنزله	ʔanzˈalah
الله	ˈalːah
تعالى	taʕˈaːlaː
محمد	muħˈamːad
بن	bn
عبد	ʕˈabd
صلوات	sˤalawˈaːt
وسلامه	wasalˈaːmuh
عليه	ʕalˈeːh
ليكون	lijakˈuːn
دستور	dustˈuːr
الإسلام	alʔislˈaːm
وكتاب	wakitˈaːb
الأمة	alʔˈama
لتطبيق	litatˤbˈiːɡ
ما	mˈaː
جاء	ʒˈaːʔ
عاش	ʕˈaːʃ
العرب	alʕˈarab
جاهليتهم	ʒaːhilijːatˈihim
يعبدون	jaʕbudˈuːn
الأوثان	alʔoːθˈaːn
وتشتتت	wataʃatːˈatat
عقائد	ʕaɡˈaːʔid
الناس	anːˈaːs
بصورة	bisˤˈuːra
عامة	ʕˈaːmːa
فأصبحوا	faʔasˤbˈaħuː
حاجة	ħˈaːʒa
إلى	ʔlˈaː
عقيدة	ʕaɡˈiːda
مقدسة	muɡadːˈasa
يجتمع	jaʒtˈamiʕ
حولها	ħoːlˈahaː
ومن	wˈaman
هنا	hˈunaː
نزل	nˈazal
يدعو	jˈadʕuː
توحيد	toːħˈiːd
وعبادته	waʕibaːdˈatih
ويسخف	wajusˈaχːif
عبادة	ʕubˈaːda
ويحرم	wajˈaħrum
الشرك	aʃːˈirk
والكفر	walkˈufr
تحريما	taħrˈiːmaː
قاطعا	ɡaːtˤˈiʕaː
ويكشف	wajˈakʃif
أفاعيل	ʔafaːʕˈiːl
الأقوام	alʔaɡwˈaːm
الذين	alːaðˈiːn
حرفوا	ħarːˈafuː
الكتب	alkˈutub
السابقة	asːˈaːbiɡa
التي	alːˈatiː
أنزلها	ʔanzalˈahaː
عليهم	ʕalˈeːhim
اهتمت	ihtˈamːat
رسالة	risˈaːla
بتخليص	bitaχlˈiːsˤ
الإنسان	alʔinsˈaːn
العبودية	alʕubuːdˈijːa
البشرية	albaʃarˈijːa
ونادت	wanˈaːdat
بتحرير	bitaħrˈiːr
العقل	alʕˈaɡl
قيود	ɡujˈuːd
الجهل	alʒˈahl
والتقليد	watːaɡlˈiːd
الأعمى	alʔˈaʕmaː
بحيث	biħˈeːθ
لا	lˈaː
يكون	jakˈuːn
إمعة	ʔimːˈaʕa
ودعوة	wadˈaʕwa
العلم	alʕˈilm
