بلؤچی زبان یک مزنئیں زبانئ مه ئیران،پاکستان و اوگانستان تها.	bluːt͡ʃiː zbaːn jak mzniː̃ zbaːn mh iːraːn , paːkst̪aːn wa aːwɡaːnst̪aːn t̪haː .
آهر زمان وهد ته مسلمانی عقیده عیسی گون حضرت مهدی هور بیت و دجال کوشیت و پیش مهدی نماز وانت.	aːhr zmaːn whd̪ t̪ah mslmaːniː kiːd̪h iːsiː ɡwan hzrt̪ mhd̪iː huːr biːt̪ wa d̪d͡ʒaːl kuːʃiːt̪ wa piːʃ mhd̪iː nmaːz waːnt̪ .
بلوچستان (پاکستان), (1970- ) یا روچ‌دراتین بلوچستان، انونین وختا پاکستان مزنین ولایت یا ایالت اینت که شه سال ۱۹۴۷ تا ۱۹۴۸ میلادیا یک وت واکین ملکی ات.	bluːt͡ʃst̪aːn paːkst̪aːn , hazaːru noː sad̪u hapt̪aːd̪ jaː ruːt͡ʃd̪raːt̪iːn bluːt͡ʃst̪aːn , aːnuːniːn wxt̪aː paːkst̪aːn mzniːn wlaːjt̪ jaː aːjaːlt̪ aːjnt̪ kh ʃh saːl hazaːru noː sad̪u t͡ʃihilu hapt̪ t̪aː hazaːru noː sad̪u t͡ʃihilu haʃt̪ miːlaːd̪jaː jak wt̪ waːkiːn mlkiː aːt̪ .
حاجی نورعلی خان و حاجی مولوی محی الدین بلوچ شه ای قومی مذنینانه توانن که نام ګیفت	haːd͡ʒiː nuːrliː xaːn wa haːd͡ʒiː muːlwj mhiː aːld̪iːn baloːt͡ʃ ʃh aːj kuːmiː mzniːnaːnh t̪waːnn kh naːm ɡiːft̪
سینګ بهء ډیګاریء دیماء بهء موادیاء ګُشتهءآ بیت که شه یک یا چینکهء کانیءین موادان که ګون یکدیګرا پیوند دارنت ، جوړ بُوته ګنت.	seːnaɡ bh ɖiːɡaːriː d̪iːmaː bh mwaːd̪jaː ɡuʃt̪haː biːt̪ kh ʃh jak jaː t͡ʃiːnkh kaːniːiːn mwaːd̪aːn kh ɡwan jkd̪iːɡraː pjwnd̪ d̪aːrnt̪ , d͡ʒuːɽ buːt̪h ɡnt̪ .
قرآن کریم شه الله تعالی جل جلاله طرفه په مسلمانانی رهنمایی خاطرا یک شه چار اسمانیءین کتابان اینت که بهء حضرت محمد صل الله علیه وصلم سره نازل بونهءګ اینت	kraːn kriːm ʃh aːllh t̪aːliː d͡ʒl d͡ʒlaːlh t̪rfh ph mslmaːnaːniː rhnmaːjj xaːt̪raː jak ʃh t͡ʃaːr aːsmaːniːiːn kt̪aːbaːn aːjnt̪ kh bh hzrt̪ mhmd̪ sl aːllh liːh wslm srh naːzl buːnhɡ aːjnt̪
مروچین روچا مزنین بلوچستان رسمیءین زبان بلوچی اینت که ای زبان هم یکی شه ایرانیءین زبانان اینت.	mruːt͡ʃiːn ruːt͡ʃaː mzniːn bluːt͡ʃst̪aːn rsmiːiːn zbaːn bluːt͡ʃiː aːjnt̪ kh aːj zbaːn hm jkiː ʃh aːjraːniːiːn zbaːnaːn aːjnt̪ .
ای حزب سالی 1937 بی قلاتی شاری تا تاسیس بوت انګریزانی مقابلا . یک عادی حزب اینت و غیر مخالف دولت پاکستانا.	aːj hzb saːliː hazaːru noː sad̪u siːu hapt̪ biː klaːt̪iː ʃaːriː t̪aː t̪aːsiːs boːt̪ aːnɡriːzaːniː mkaːblaː . jak aːd̪iː hzb aːjnt̪ wa ɣiːr mxaːlf d̪uːlt̪ paːkst̪aːnaː .
تاسیس ای تنظیم بی سالی 1962 تاسیس بوت ، ای حزب پری منطقهءها شه دیګرین مناطقان بلوچستانیا جتا زانت. تا ۱۹۶۹ یحی خانی وختا ګون پاکستانا جنګه کورتنت .	t̪aːsiːs aːj t̪nziːm biː saːliː hazaːru noː sad̪u ʃast̪u d̪oː t̪aːsiːs boːt̪ , aːj hzb priː mnt̪khhaː ʃh d̪iːɡriːn mnaːt̪kaːn bluːt͡ʃst̪aːnjaː d͡ʒit̪aː zaːnt̪ . t̪aː hazaːru noː sad̪u ʃast̪u noː jhiː xaːniː wxt̪aː ɡwan paːkst̪aːnaː d͡ʒnɡh kuːrt̪nt̪ .
نواب خیربخش مری بلوچانی یک مزنین رهبری اینت که بیء سالی ۱۹۲۸ تا بی فبروری ۲۸ بی بلوچستانی کوہلو منطقهءیی تا پیدا بوته.	nwaːb xiːrbxʃ mriː bluːt͡ʃaːniː jak mzniːn rhbriː aːjnt̪ kh biː saːliː hazaːru noː sad̪u biːst̪u haʃt̪ t̪aː biː fbruːriː biːst̪u haʃt̪ biː bluːt͡ʃst̪aːniː kuːhluː mnt̪khjj t̪aː piːd̪aː buːt̪h .
جمهوری آذربایجان کپکازمزنین ملک و اروپا و آسیای جنوب غربی وصل کنوک و خزری دریاب ی کنیکا موکیعت داریت . آیی پایتخت باکو اینت.	d͡ʒmhuːriː aːzrbaːjd͡ʒaːn kpkaːzmzniːn mlk wa aːruːpaː wa aːsjaːj d͡ʒnuːb ɣrbiː wsl knuːk wa xzriː d̪rjaːb j kniːkaː muːkiːt̪ d̪aːriːt̪ . aːjj paːjt̪xt̪ baːkuː aːjnt̪ .
آمریکای شمالی شمالی ین بخش شه آمریکایی براعظما است. که بی سه ملکی کانادا، آمریکاین متحدین ایالات و مکسیکو سرابار بوته . ای براعظم نیمکره شمالیا ډګاریا واکع بوته. کانادا مزنین ملک بی آمریکای شمالی تا اینت.	aːmriːkaːj ʃmaːliː ʃmaːliː jn bxʃ ʃh aːmriːkaːjj braːzmaː aːst̪ . kh biː sh mlkiː kaːnaːd̪aː , aːmriːkaːjn mt̪hd̪iːn aːjaːlaːt̪ wa mksiːkuː sraːbaːr buːt̪h . aːj braːzm niːmkrh ʃmaːljaː ɖɡaːrjaː waːk buːt̪h . kaːnaːd̪aː mzniːn mlk biː aːmriːkaːj ʃmaːliː t̪aː aːjnt̪ .
آنتون لاوی بی۳۰ آپریل ۱۹۶۶ بی والپورگیس شپ آ شیطانی ین کلیسا که بی آینده تا شیطان کلیسا بوت نام دات- جوړ کورت. ګون آیی مرگا بی ۱۹۹۷ میلادی، شیطان کلیسا ګون نوکین مدیریتا بی نیویارک منتکل‌ بوت. ولی آیی جینیک لاوی ای کارا آیی پیسی راهی مخالف زانت و وت تانا شیطان کلیساها ډن شه سانپرانسیسکو پاچ کورت.	aːnt̪uːn laːwj biː siː aːpriːl hazaːru noː sad̪u ʃast̪u ʃiʃ biː waːlpuːrɡiːs ʃap aː ʃiːt̪aːniː jn kliːsaː kh biː aːjnd̪h t̪aː ʃiːt̪aːn kliːsaː boːt̪ naːm d̪aːt̪ d͡ʒuːɽ kuːrt̪ . ɡwan aːjj mrɡaː biː hazaːru noː sad̪u nawad̪u hapt̪ miːlaːd̪iː , ʃiːt̪aːn kliːsaː ɡwan nuːkiːn md̪iːriːt̪aː biː njwjaːrk mnt̪kl boːt̪ . wliː aːjj d͡ʒiːniːk laːwj aːj kaːraː aːjj piːsiː raːhiː mxaːlf zaːnt̪ wa wt̪ t̪aːnaː ʃiːt̪aːn kliːsaːhaː ɖn ʃh saːnpraːnsiːskuː paːt͡ʃ kuːrt̪ .
بلۏچی زبان یکے چہ اݔرانی گۏریچی رۏکپتی زبانان اِنت،بلۏچ مردم پہ اے زبانا مہ بلۏچستانءِ تۏکا ھبرءَ کن اَنت۔	bloːt͡ʃiː zbaːn jkeː t͡ʃh aːeːraːniː ɡoːriːt͡ʃiː roːkpt̪iː zbaːnaːn int̪ , baloːt͡ʃ mrd̪m ph aːeː zbaːnaː mh bloːt͡ʃst̪aːni t̪oːkaː hbra kn ant̪
قیرگیزستانی شوروین سوسیالیستین جمهوریت یا قرگیزستان شوروی، یکی شه ۱۵ شوروی ئی جمهوریتان ات.	kiːrɡiːzst̪aːniː ʃuːrwjn suːsjaːliːst̪iːn d͡ʒmhuːriːt̪ jaː krɡiːzst̪aːn ʃuːrwj , jkiː ʃh panzd̪ah ʃuːrwj iː d͡ʒmhuːriːt̪aːn aːt̪ .
شه الله نیمگاه دیمداتگین یکی شه پیگمبران اینت٬ که اسلام ٬ یهودیت و ئیسویت دینانی پیگمبرانی پیس اینت.	ʃh aːllh niːmɡaːh d̪iːmd̪aːt̪ɡiːn jkiː ʃh piːɡmbraːn aːjnt̪ kh aːslaːm jhuːd̪iːt̪ wa iːswjt̪ d̪iːnaːniː piːɡmbraːniː piːs aːjnt̪ .
زنا یکی شه ناروا و ئرامین کاران بی اسلام تا اینت٬ زنا ارتبات دو نپری جنینزاگ و مردینزاک یی مانجینا که ازدواج نه کورته انت.	znaː jkiː ʃh naːrwaː wa raːmiːn kaːraːn biː aːslaːm t̪aː aːjnt̪ znaː aːrt̪baːt̪ d̪oː npriː d͡ʒniːnzaːɡ wa mrd̪iːnzaːk jj maːnd͡ʒiːnaː kh aːzd̪waːd͡ʒ nh kuːrt̪h aːnt̪ .
چه پاکستانی استقلالی روچا اینګو بلوچانی و پاکستانی دولتی مانجینا باز سکین جنګ بوته ګنت، که به ۱۳۲۷،۱۳۳۷،۱۳۴۷،۱۳۵۲و ۱۳۸۳ سالانی تا باز سکین و کوشوکین جنګ اتنت. بلوچستان لیبریشن آرمی پنچ هزار نفر سرمچار داریت که به کوهلو ( مری یی قومی منطقه) و دیره بکتی ( بکتی یی قومی منطقه) بی بلوچستانی شرقی ین نمه ګا هستنت باز فعال اینت.	t͡ʃh paːkst̪aːniː aːst̪klaːliː ruːt͡ʃaː aːjnɡuː bluːt͡ʃaːniː wa paːkst̪aːniː d̪uːlt̪iː maːnd͡ʒiːnaː baːz skiːn d͡ʒanɡ buːt̪h ɡnt̪ , kh bh hazaːru sai sad̪u biːst̪u hapt̪ , hazaːru sai sad̪u siːu hapt̪ , hazaːru sai sad̪u t͡ʃihilu hapt̪ , hazaːru sai sad̪u pand͡ʒaːhu d̪oː wa hazaːru sai sad̪u haʃt̪aːd̪u sai saːlaːniː t̪aː baːz skiːn wa kuːʃuːkiːn d͡ʒanɡ aːt̪nt̪ . bluːt͡ʃst̪aːn liːbriːʃn aːrmiː pant͡ʃ hazaːr nfr srmt͡ʃaːr d̪aːriːt̪ kh bh kuːhluː mriː jj kuːmiː mnt̪kh wa d̪iːrh bkt̪iː bkt̪iː jj kuːmiː mnt̪kh biː bluːt͡ʃst̪aːniː ʃrkiː jn nmh ɡaː hst̪nt̪ baːz faːl aːjnt̪ .
هجری کمری چه هما وهدا که پیامبرا گوں وتی پاٹا چه مکه آ په مدینه اش لڈیتگ بنگیج بیتگ	hd͡ʒriː kmriː t͡ʃh hmaː whd̪aː kh pjaːmbraː ɡuː̃ wt̪iː paːʈaː t͡ʃh mkh aː ph md̪iːnh aːʃ lɖiːt̪ɡ bnɡiːd͡ʒ biːt̪ɡ
مهرگان اولی ماه چه بلوچی هجرتء ماهان انت که چه هما وهدی که بلوچان چه برزسری روچ کپتینا په جهلسری روچ دراتکء نیمگا آتکگن هنو هن ۲٠۴۶ سال چه ئی سابء سرا گوزیت	mhrɡaːn aːwliː maːh t͡ʃh bluːt͡ʃiː hd͡ʒrt̪ maːhaːn aːnt̪ kh t͡ʃh hmaː whd̪iː kh bluːt͡ʃaːn t͡ʃh brzsriː roːt͡ʃ kpt̪iːnaː ph d͡ʒhlsriː roːt͡ʃ d̪raːt̪k niːmɡaː aːt̪kɡn hnuː hn d̪oː hazaːru t͡ʃihilu ʃiʃ saːl t͡ʃh iː saːb sraː ɡuːziːt̪
اے دو بندی سیاھگ یا پہ لاتین دوبند اَنت یا پہ نسھ	aːeː d̪oː bnd̪iː sjaːhɡ jaː ph laːt̪iːn d̪uːbnd̪ ant̪ jaː ph nsh
پہ انگلستانئش اُرش کُت ءُ اۏدئش گِپت،پݔسر چہ اشی‌ئا بریتانیاء مردمان پہ سلتی زبان‌ئاگپءَ جت۔	ph aːnɡlst̪aːnʃ urʃ kat̪ u aːoːd̪ʃ ɡipt̪ , peːsr t͡ʃh aːʃiːaː briːt̪aːnjaː mrd̪maːn ph slt̪iː zbaːnaːɡpa d͡ʒt̪
انگرݔزستان چہ رۏکپتی نݔمگ‌ئا گۏں ولز ءُ چہ سراوانی نݔمگ‌ئا گۏں اسکاتلندئا ھۏرءَ بئ اَنت۔	aːnɡreːzst̪aːn t͡ʃh roːkpt̪iː neːmɡaː ɡoː̃ wlz u t͡ʃh sraːwaːniː neːmɡaː ɡoː̃ aːskaːt̪lnd̪aː hoːra b ant̪
بلۏچی ویکی پدیاءِ رھبند یک رھبندی وڈے کہ مہ ویکی پدیاءِ تۏکا کار گِرگءَ بیت، اے رھبند ھمے بلۏچی ویکی پدیاءِ راہ ءُ رھبند اَنت کہ شما باید اِنت ادا پہ کار بہ گِر اِت	bloːt͡ʃiː wjkiː pd̪jaːi rhbnd̪ jak rhbnd̪iː wɖeː kh mh wjkiː pd̪jaːi t̪oːkaː kaːr ɡirɡa biːt̪ , aːeː rhbnd̪ hmeː bloːt͡ʃiː wjkiː pd̪jaːi raːh u rhbnd̪ ant̪ kh ʃmaː baːjd̪ int̪ aːd̪aː ph kaːr bh ɡar it̪
ۏ ءُ ݔ‍ دو نۏکݔن سیاھگ اَنت کہ استاندارݔن سیاھگان ھۏر کنگ بیتگ اَنت، اے سیاھگ سیدءِ رھبندانءِ تۏکا	wa u eː d̪oː noːkeːn sjaːhɡ ant̪ kh aːst̪aːnd̪aːreːn sjaːhɡaːn hoːr knɡ biːt̪ɡ ant̪ , aːeː sjaːhɡ siːd̪i rhbnd̪aːni t̪oːkaː
اݔرانء ملائان داتجاہ یک اسپݔشلݔن داتجاھے کہ اۏدا ملائانء واستا ھُکم دیگءَ بیت،اے داتجاہء بُنی جاگہ مشھدشارء تھا اِنت کہ شݔھہ‌ئانء ھشتمی امامء جاہ اِنت۔	aːeːraːn mlaːaːn d̪aːt̪d͡ʒaːh jak aːspeːʃleːn d̪aːt̪d͡ʒaːheː kh aːoːd̪aː mlaːaːn waːst̪aː hukm d̪iːɡa biːt̪ , aːeː d̪aːt̪d͡ʒaːh buniː d͡ʒaːɡh mʃhd̪ʃaːr t̪haː int̪ kh ʃeːhhaːn hʃt̪miː aːmaːm d͡ʒaːh int̪
زِربار چہ زِرء ناما گِرَگ بیتگ ھانݔن اشی کہ زِرء نݔمگ اِنت	zirbaːr t͡ʃh zir naːmaː ɡiraɡ biːt̪ɡ haːneːn aːʃiː kh zir neːmaɡ int̪
اے شارءِ مردم بلۏچ اَنت ءُ گۏن بلۏچی ءُ جدگالی زبانان گپءَ جن اَنت۔	aːeː ʃaːri mrd̪m baloːt͡ʃ ant̪ u ɡwan bloːt͡ʃiː u d͡ʒd̪ɡaːliː zbaːnaːn ɡpa d͡ʒan ant̪
شنبہ یا گنجی ھپتگءِ اولی رۏچ اِنت بلۏچی ربیدگءِ کِررا اے رۏچ ھپتگا بنگݔجءَ کَنت ءُ کاروبار ھمے رۏچا رند چہ آدݔنگا پدا بنگݔجءَ بئ اَنت۔	ʃnbh jaː ɡnd͡ʒiː hpt̪ɡi aːwliː roːt͡ʃ int̪ bloːt͡ʃiː rbiːd̪ɡi kirraː aːeː roːt͡ʃ hpt̪ɡaː bnɡeːd͡ʒa kant̪ u kaːruːbaːr hmeː roːt͡ʃaː rnd̪ t͡ʃh aːd̪eːnɡaː pd̪aː bnɡeːd͡ʒa b ant̪
رند چہ اشی‌ئا ھن کم کم د چہ اے ناما گار کنگ بیت ءُ برۏچ کنگ بیت پدا رندا ھن ل مہ ر ءِ جاھا آرگ بیت ءُ ھنی بلۏچ گُشگءَ بئ اَنت۔	rnd̪ t͡ʃh aːʃiːaː hn kam kam d̪ t͡ʃh aːeː naːmaː ɡaːr knɡ biːt̪ u broːt͡ʃ knɡ biːt̪ pd̪aː rnd̪aː hn l mh r i d͡ʒaːhaː aːrɡ biːt̪ u hniː baloːt͡ʃ ɡuʃɡa b ant̪
گۏن اشی‌ئا کہ اے کشورءِ ڈگار کم اَنت بلئ اے کشورءِ تۏکا ڈؤلاڈؤلݔن جگراپیایی آپگوات ھست اِنت، اسرائݔلءِ زانشتی ءُ ‌‌اکتسادی دلگاہ تل آویو ءِ شار اِنت، بلئ اسرائݔلءَ گُش ایت کہ اورشلیم اے کشورءِ بُنبار یا کلات اِنت، کہ بازݔن کشورے اے کلاتا پہ اسرائݔلءَ نہ منن اَنت ءُ گُش اَنت کہ اسرائݔلءِ کلات ھنگت تل آویو اِنت	ɡwan aːʃiːaː kh aːeː kʃuːri ɖɡaːr kam ant̪ bl aːeː kʃuːri t̪oːkaː ɖuːlaːɖuːleːn d͡ʒɡraːpjaːjj aːpɡwaːt̪ hst̪ int̪ , aːsraːeːli zaːnʃt̪iː u aːkt̪saːd̪iː d̪lɡaːh t̪l aːwjw i ʃaːir int̪ , bl aːsraːeːla ɡuʃ aːjt̪ kh aːwrʃliːm aːeː kʃuːri bunbaːr jaː klaːt̪ int̪ , kh baːzeːn kʃuːreː aːeː klaːt̪aː ph aːsraːeːla nh mnn ant̪ u ɡuʃ ant̪ kh aːsraːeːli klaːt̪ hnɡt̪ t̪l aːwjw int̪
کلیسای واقعی عیسی یک مستقلین کلیسای کلیسا که ته سال ۱۹۱۷ ته چین بنگیج بوتت.مروچا نزیک په 2.5 ملیون عضو ته 45 کشور و شش قاره ای هستن. کلیسا چه شاحه ی پروتستانی مسیحیت انت که ته اوایل قرن بیستم شر بوت. هدف آ شی انت که په کل ملل تبلیغ کنت پیش چه دومی آیگ مسیح دومی آیگ مسیح. ده دکترین و عقاید کلیسا شی انت:	kliːsaːj waːkiː iːsiː jak mst̪kliːn kliːsaːj kliːsaː kh t̪ah saːl hazaːru noː sad̪u habd̪ah t̪ah t͡ʃiːn bnɡiːd͡ʒ buːt̪t̪ . mruːt͡ʃaː nziːk ph d̪oː pant͡ʃ mljwn zuː t̪ah t͡ʃihilu pant͡ʃ kʃuːr wa ʃiʃ kaːrh aːj hst̪n . kliːsaː t͡ʃh ʃaːhh j pruːt̪st̪aːniː msiːhiːt̪ aːnt̪ kh t̪ah aːwaːjl krn biːst̪m ʃr boːt̪ . hd̪f aː ʃiː aːnt̪ kh ph kul mll t̪bliːɣ knt̪ piːʃ t͡ʃh d̪uːmiː aːjɡ msiːh d̪uːmiː aːjɡ msiːh . d̪ah d̪kt̪riːn wa kaːjd̪ kliːsaː ʃiː aːnt̪ ,
کوټه چې د شال کوټ په نامه هم ياد شوی ، یو ښار دی چې د پاکستان د بلوچستان په ايالت کې پروت دی. کوټه د بلوڅستان ايالت تر ټولو لوی ښار دی او پایتخت یی هم دی. کوټه د حکومت معلوماتو په مطابق ۵۶۵۱۳۷ وګړي لري.	kuːʈh t͡ʃeː d̪ ʃaːl kuːʈ ph naːmh hm jaːd̪ ʃwj , jw aːr d̪iː t͡ʃeː d̪ paːkst̪aːn d̪ bluːt͡ʃst̪aːn ph aːjaːlt̪ kaj pruːt̪ d̪iː . kuːʈh d̪ bluːst̪aːn aːjaːlt̪ t̪ir ʈuːluː lwj aːr d̪iː aːw paːjt̪xt̪ jj hm d̪iː . kuːʈh d̪ hkuːmt̪ mluːmaːt̪uː ph mt̪aːbk pant͡ʃ lakku ʃast̪u pant͡ʃ hazaːru sad̪u siːu hapt̪ wɡɽiː lriː .
په ۱۸۷۶ کال کې کوټه د انګریزي پوځ له خوا ونیول شوه او په ښار کې لويه پوځي اډه جوړه شوه. پر ۱۹۳۵ کال دغه ښار د زلزلې لامله خراب شو. له مالوماتو سره سم ۴۰۰۰۰ تنه د نوموړې زلزلې لامله مړه شول. ۱۹۴۷ ز کال پاکستان تاسیس شو او کوټه د بلوڅستان ولایت پایتخت شوه. محمد علي جناح چې د پاکستان ولسمشر وو، د کوټې ښار يې خوښ وو او په همدې ښار کې يې خپل مقر جوړ کړی وو.	ph hazaːru haʃt̪ sad̪u hapt̪aːd̪u ʃiʃ kaːl kaj kuːʈh d̪ aːnɡriːziː puː lh xwaːi wnjwl ʃuːh aːw ph aːr kaj lwjh puːiː aːɖh d͡ʒuːɽh ʃuːh . pur hazaːru noː sad̪u siːu pant͡ʃ kaːl d̪ɣh aːr d̪ zlzleː laːmlh xaraːb ʃuː . lh maːluːmaːt̪uː srh sm t͡ʃihil hazaːr t̪nh d̪ nuːmuːɽeː zlzleː laːmlh mɽh ʃuːl . hazaːru noː sad̪u t͡ʃihilu hapt̪ z kaːl paːkst̪aːn t̪aːsiːs ʃuː aːw kuːʈh d̪ bluːst̪aːn wlaːjt̪ paːjt̪xt̪ ʃuːh . mhmd̪ liː d͡ʒnaːh t͡ʃeː d̪ paːkst̪aːn wlsmʃr ww , d̪ kuːʈeː aːr jeː xuː ww aːw ph hmd̪eː aːr kaj jeː xpl mkr d͡ʒuːɽ kɽiː ww .
سینګ شه باز ګوونډین قسمتان بنام کانی جوړ بُته ګنت. کانی‌ جامدین موادی انت، طبیعی، معمولاً بلور، غیرآلی، همگن و ګون کیمیاویءن ترکیباتان نشان داتهءګه بینت. تاهنون ګیشتیر شه ۳۰۰۰ کانی بهء طبیعتا درست کورتګ بُوته که تانا ۲۴ قسمی ډیګاری دیمی موادان تا شامل انت .	seːnaɡ ʃh baːz ɡwwnɖiːn ksmt̪aːn bnaːm kaːniː d͡ʒuːɽ but̪h ɡnt̪ . kaːniː d͡ʒaːmd̪iːn mwaːd̪iː aːnt̪ , t̪biːiː , mmuːlaː buluːr , ɣiːraːliː , hmɡn wa ɡwan kiːmjaːwjn t̪rkiːbaːt̪aːn nʃaːn d̪aːt̪hɡh biːnt̪ . t̪aːhnuːn ɡiːʃt̪iːr ʃh sai hazaːr kaːniː bh t̪biːt̪aː d̪urust̪ kuːrt̪ɡ buːt̪h kh t̪aːnaː biːst̪u t͡ʃaːr ksmiː ɖiːɡaːriː d̪iːmiː mwaːd̪aːn t̪aː ʃaːml aːnt̪ .
اے کشورءِ ڈگارانءِ مزنی درستی‌ئا ۳/۸ ملیون چارسریکی مِلل یا ۹/۸ ملیون چارسریکی کیلومتر اِنت کہ گۏن ھمے سابا دگنیاءِ سئمی مسترݔن کشور اِنت، آمریکاءِ مردم چہ ۳۴۰ ملیون نپرا گݔشتر اَنت کہ اے آمار ۲۰۲۳ءِ سالئیگ اِنت، آمریکاءِ کلات واشنگتون دی سی ءُ مسترݔن شاری ھن نیویورک سیتی اِنت	aːeː kʃuːri ɖɡaːraːni mzniː d̪rst̪iːaː sai haʃt̪ mljwn t͡ʃaːrsriːkiː mill jaː noː haʃt̪ mljwn t͡ʃaːrsriːkiː kiːluːmt̪r int̪ kh ɡwan hmeː saːbaː d̪ɡnjaːi smiː mst̪reːn kʃuːr int̪ , aːmriːkaːi mrd̪m t͡ʃh sai sad̪u t͡ʃihil mljwn npraː ɡeːʃt̪r ant̪ kh aːeː aːmaːr d̪oː hazaːru biːst̪u sai i saːliːɡ int̪ , aːmriːkaːi klaːt̪ waːʃnɡt̪uːn d̪iː siː u mst̪reːn ʃaːriː hn njwjwrk siːt̪iː int̪
واجہ پنجشمبےءِ بامگواہ، 3 ذوالحجہ سال 1355ھ. ق. ماں انزاء، یکے چہ سربازءِ میتگاں پیداگ بوت.چما گونڈیءَ نگبھتیءِ نشانیاں آئیءِ پیشانیگءِ سرءَ پدّراِتنت. کمے کہ مزن تر بوت نماز و درودءِ وانگ و روچگءِ گرگءِ شوک آئیءِ وجودءَ پیداگ بوت. بازیں لچہ اے چہ دیوان حافظءَ پہ پشت یاتی کت.	waːd͡ʒh pnd͡ʒʃmbeːi baːmɡwaːh , sai zwaːlhd͡ʒh saːl hazaːru sai sad̪u pand͡ʒaːhu pant͡ʃ hd͡ʒriː kmriːmaː̃ aːnzaː , jkeː t͡ʃh srbaːzi miːt̪ɡaː̃ piːd̪aːɡ boːt̪ . t͡ʃmaː ɡuːnɖiːa nɡbht̪iːi nʃaːnjaː̃ aːiːi piːʃaːniːɡi sra pd̪ːraːit̪nt̪ . kmeː kh mazan t̪ir boːt̪ nmaːz wa d̪ruːd̪i waːnɡ wa ruːt͡ʃɡi ɡrɡi ʃawk aːiːi wd͡ʒuːd̪a piːd̪aːɡ boːt̪ . baːziː̃ lt͡ʃh aːeː t͡ʃh d̪jwaːn haːfza ph puʃt̪ jaːt̪iː kat̪ .
واجہءَ ماں ﺳﺎﻝ 1373ﻫـ .ﻕ. وتی وانگ پورہ کت و دیم پہ وطنءَ رھادگ بوت. واجہ رند چہ وانگءِ ھلاس کنگءَ، ماں سال 1375ھ. ق. اوگانستانءَ شت و گوں ﺣﻀﺮﺕ ﺷﺎﻩ ﻏﻮﺙ ﻣﺤﻤﺪ ﻫﺮﻭﯼ ﺭﺣﻤﻪ ﺍﻟﻠﻪ بیعتی کت.	waːd͡ʒha maː̃ saːl hazaːru sai sad̪u hapt̪aːd̪u sai hd͡ʒriː kmrjwt̪iː waːnɡ puːrh kat̪ wa d̪iːm ph wt̪na rhaːd̪ɡ boːt̪ . waːd͡ʒh rnd̪ t͡ʃh waːnɡi hlaːs knɡa , maː̃ saːl hazaːru sai sad̪u hapt̪aːd̪u pant͡ʃ hd͡ʒriː kmrjaːwɡaːnst̪aːna ʃt̪ wa ɡuː̃ hzrt̪ ʃaːh ɣuːs mhmd̪ hrwj rhmh aːllh biːt̪iː kat̪ .
ای حزبی مزنین سردار اختر مینګل و موسسیء سردار عطا الله مینگل اینت ، تاسیسیء سال 1972.	aːj hzbiː mzniːn srd̪aːr aːxt̪r miːnɡl wa muːssiː srd̪aːr t̪aː aːllh miːnɡl aːjnt̪ , t̪aːsiːsiː saːl hazaːru noː sad̪u hapt̪aːd̪u d̪oː .
متشکل شه بلوچستانی آزادی طلبین هشت سازمانان اینت.که که شه غلام محمد بلوچ نیمهءګاه بی 2009 سالی تا تاسیس بوت و بی همی خاطیرا غلام محمد بلوچ شه پاکستانی دولتی طرفه ترور بوت .	mt̪ʃkl ʃh bluːt͡ʃst̪aːniː aːzaːd̪iː t̪lbiːn haʃt̪ saːzmaːnaːn aːjnt̪ . kh kh ʃh ɣlaːm mhmd̪ baloːt͡ʃ niːmhɡaːh biː d̪oː hazaːru noː saːliː t̪aː t̪aːsiːs boːt̪ wa biː hmiː xaːt̪iːraː ɣlaːm mhmd̪ baloːt͡ʃ ʃh paːkst̪aːniː d̪uːlt̪iː t̪rfh t̪ruːr boːt̪ .
بلوچستانی آزادی خواهین سازمان پاکستانی دولتی ضد که بی سالی ۱۹۶۷ تاسیس بوت ای حزبی مزن عبدا لنبی بنگل زی اینت.	bluːt͡ʃst̪aːniː aːzaːd̪iː xwaːhiːn saːzmaːn paːkst̪aːniː d̪uːlt̪iː zd̪ kh biː saːliː hazaːru noː sad̪u ʃast̪u hapt̪ t̪aːsiːs boːt̪ aːj hzbiː mazan bd̪aː lnbiː bnɡl ziː aːjnt̪ .
یکی شه پاکستانی و ایرانی دولتانی مخالفین حزبان اینت .ای حزب بی پاکستانی تا بی سالی ۱۹۴۸ وایرانی تا بی سالی ۲۰۰۳ تاسیس بوته . ای حزب چینکه وار شه ایرانی و پاکستانی دولتانی نیمهءګانه مورد حمله قرار ګفته . بی ۱۹۷۳-۱۹۷۷ سالان ۵۳۰۰ نفر کشته دات و ګیشتیر شه ۳۳۰۰ پاکستانیءین لشکرا کشت.بی ۲۰۰۶-۲۰۰۹ سالانی تا ۳۸۰ کشته دات و ۳۳۰ نفر شه پاکستانی فوجا کشت.	jkiː ʃh paːkst̪aːniː wa aːjraːniː d̪uːlt̪aːniː mxaːlfiːn hzbaːn aːjnt̪ . aːj hzb biː paːkst̪aːniː t̪aː biː saːliː hazaːru noː sad̪u t͡ʃihilu haʃt̪ waːjraːniː t̪aː biː saːliː d̪oː hazaːru sai t̪aːsiːs buːt̪h . aːj hzb t͡ʃiːnkh waːr ʃh aːjraːniː wa paːkst̪aːniː d̪uːlt̪aːniː niːmhɡaːnh muːrd̪ hmlh kraːr ɡft̪h . biː hazaːru noː sad̪u hapt̪aːd̪u sai hazaːru noː sad̪u hapt̪aːd̪u hapt̪ saːlaːn pant͡ʃ hazaːru sai sad̪ nfr kʃt̪h d̪aːt̪ wa ɡiːʃt̪iːr ʃh sai hazaːru sai sad̪ paːkst̪aːniːiːn lʃkraː kʃt̪ . biː d̪oː hazaːru ʃiʃ d̪oː hazaːru noː saːlaːniː t̪aː sai sad̪u haʃt̪aːd̪ kʃt̪h d̪aːt̪ wa sai sad̪u siː nfr ʃh paːkst̪aːniː fuːd͡ʒaː kʃt̪ .
عیسی مه سال 2-7 پیش چه میلاد متولد بوت. آیی اصلی شخصیت مسیحیت دینتت. چه مسلمان و مسیحیعنوان لینک دین و عقیده آی زهگ مریم اینت.	iːsiː mh saːl d̪oː hapt̪ piːʃ t͡ʃh miːlaːd̪ mt̪uːld̪ boːt̪ . aːjj aːsliː ʃxsiːt̪ msiːhiːt̪ d̪iːnt̪t̪ . t͡ʃh mslmaːn wa msiːhiːnwaːn liːnk d̪iːn wa kiːd̪h aːj zhɡ mriːm aːjnt̪ .
شه سالی 1960-1973 فعال بوت وبی سالی 1974 پاکستانی هوایین قوا ای مردمانی سره هوایین حملاتانا شروع و بمباری کورت. ای قیامی تا 5300 بلوچین سرمچار و 3300 پاکستانین فوجی شرکت کرتنت.	ʃh saːliː hazaːru noː sad̪u ʃast̪ hazaːru noː sad̪u hapt̪aːd̪u sai faːl boːt̪ wbiː saːliː hazaːru noː sad̪u hapt̪aːd̪u t͡ʃaːr paːkst̪aːniː hwaːjjn kwaː aːj mrd̪maːniː srh hwaːjjn hmlaːt̪aːnaː ʃruː wa bmbaːriː kuːrt̪ . aːj kjaːmiː t̪aː pant͡ʃ hazaːru sai sad̪ bluːt͡ʃiːn srmt͡ʃaːr wa sai hazaːru sai sad̪ paːkst̪aːniːn fuːd͡ʒiː ʃrkt̪ krt̪nt̪ .
عشای ربانی: هدای پاکین راه، ههء راءینت کهء بیء آییء سببه عیسی علیه السلامی وفاتآء بیء یاد آوورتینه بیت. اِیء کار سببهء بیت کهء هدای راه ګون همیء جسم و روحءهه یکجاه بیت ، همهء اُبدیءن زیندءګیا برءسن و قیامتیء روچاء پهءدی زیندءګ بیّهءن. وختی کهء اِی کار ممکین بیت، باید اِجراء بیت ،اګر چیء بیء یک ټوټه نانی و انګوریء ضرورت بیت.	ʃaːj rbaːniː , hd̪aːj paːkiːn raːh , hh raːiːnt̪ kh biː aːjj sbbh iːsiː liːh aːlslaːmiː wfaːt̪aː biː jaːd̪ aːwwrt̪iːnh biːt̪ . iː kaːr sbbh biːt̪ kh hd̪aːj raːh ɡwan hmiː d͡ʒsm wa ruːhhh jkd͡ʒaːh biːt̪ , hmh ubd̪iːn ziːnd̪ɡjaː brsn wa kjaːmt̪iː ruːt͡ʃaː phd̪iː ziːnd̪ɡ biːhn . wxt̪iː kh iː kaːr mmkiːn biːt̪ , baːjd̪ id͡ʒraː biːt̪ , aːɡr t͡ʃiː biː jak ʈuːʈh naːniː wa aːnɡuːriː zruːrt̪ biːt̪ .
مسیحیت گوشیت که وهدی آی وتی کار بنگیج کت سی سال عمری هستت. په مردم گمان آی زهگ یوسف ات.	msiːhiːt̪ ɡuːʃiːt̪ kh whd̪iː aːj wt̪iː kaːr bnɡiːd͡ʒ kat̪ siː saːl mriː hst̪t̪ . ph mrd̪m ɡmaːn aːj zhɡ jwsf aːt̪ .
د پېښليک پوهانو په مطابق کوټه د ساسانیانو سلطنت په دوره کې تاسیس شوه. په ۷ پیړۍ کې کوټه د اسلام اردو له خوا ونیول شوه. دغهښار په۱۱ پیړۍ کې د مغل سلطنت په لاس کې وه. شېرشاه سوري پر ۱۶ پیړۍ د مغل پر سلطنت بريد وکړ او همایون ایران ته وتښتېد.	d̪ peːliːk puːhaːnuː ph mt̪aːbk kuːʈh d̪ saːsaːnjaːnuː slt̪nt̪ ph d̪uːrh kaj t̪aːsiːs ʃuːh . ph hapt̪ piːɽ kaj kuːʈh d̪ aːslaːm aːrd̪uː lh xwaːi wnjwl ʃuːh . d̪ɣhaːr ph jaːzd̪ah piːɽ kaj d̪ mɣl slt̪nt̪ ph laːs kaj wh . ʃeːrʃaːh suːriː pur ʃanzd̪ah piːɽ d̪ mɣl pur slt̪nt̪ briːd̪ wkɽ aːw hmaːjwn aːjraːn t̪ah wt̪t̪eːd̪ .
کیمیا یکی شهءی علوم غریبه غءدیمین علمانی شاخهءآنی اینت که بهء کوشش در بدل کانی‌ها و فلزات موتاءلیهء ء کنت. غریبهءین علم یا کُلُّه‌ُسِر پنچ موحیمین بخش داریت که آی طبیعیءن علم کیمیاء وانتءګه بیت.	kiːmjaː jkiː ʃhiː luːm ɣriːbh ɣd̪iːmiːn lmaːniː ʃaːxhaːniː aːjnt̪ kh bh kuːʃʃ d̪ur bad̪al kaːniːhaː wa flzaːt̪ muːt̪aːliːh knt̪ . ɣriːbhiːn lm jaː kulːuhusir pant͡ʃ muːhiːmiːn bxʃ d̪aːriːt̪ kh aːj t̪biːiːn lm kiːmjaː waːnt̪ɡh biːt̪ .
دانش پایه شیمی نام بهء موچین زبانانءی تآ شه همیء لغتآ ګیفتهء بوتهء و شه همیء کلمهء اینت. و بعضیء هم ای کلمهءی ریشءګه شه یونانیءن زبانا زاننت. کیمیاءی علم شه میانهءګین اسیاءآ ودی و ګون عربانی واسطهءآ بیء اوروپاءآ بورتهءګ بوت	d̪aːnʃ paːjh ʃiːmiː naːm bh muːt͡ʃiːn zbaːnaːniː t̪aː ʃh hmiː lɣt̪aː ɡiːft̪h buːt̪h wa ʃh hmiː klmh aːjnt̪ . wa bziː hm aːj klmhiː riːʃɡh ʃh jwnaːniːn zbaːnaː zaːnnt̪ . kiːmjaːiː lm ʃh mjaːnhɡiːn aːsjaːaː wd̪iː wa ɡwan rbaːniː waːst̪haː biː aːwruːpaːaː buːrt̪hɡ boːt̪
شه دیګه مزنین دینان جهانیء تا تونن شه بوداگرایی، هندوگرایی و دینیء کنفوسیوسگرایی آن نام ګیفت. اِی دین هدا محور نه انت و فقط بهء طبعیتء سره باور دارنت.	ʃh d̪iːɡh mzniːn d̪iːnaːn d͡ʒhaːniː t̪aː t̪uːnn ʃh buːd̪aːɡraːjj , hnd̪uːɡraːjj wa d̪iːniː knfuːsjwsɡraːjj aːn naːm ɡiːft̪ . iː d̪iːn hd̪aː mhuːr nh aːnt̪ wa fkt̪ bh t̪biːt̪ srh baːwr d̪aːrnt̪ .
سربیراء بیء ایشیء که ریاضیءی علم شه طبعیءین عولومان حسابهء نه بیت ، ولی خاصین جوړشت کهء ریاضی‌داناءن بررسی آ کننت ګیشتیریت شه طبعیءن عولومان انت بخصوص شه فیزیک ایء علمءآ سرچشمه آء ګیرنت و یک جیتایءن فضایی شه طبعیتا بیء پراخین اندازهآ بیء کار ګیفتهءګ بینت جوړهء کننت و رقم رقمین مسءله آنا حلء آ کننت.	srbiːraː biː aːjʃiː kh rjaːziːiː lm ʃh t̪biːiːn uːluːmaːn hsaːbh nh biːt̪ , wliː xaːsiːn d͡ʒuːɽʃt̪ kh rjaːziːd̪aːnaːn brrsiː aː knnt̪ ɡiːʃt̪iːriːt̪ ʃh t̪biːn uːluːmaːn aːnt̪ bxsuːs ʃh fiːziːk aːj lmaː srt͡ʃʃmh aː ɡiːrnt̪ wa jak d͡ʒiːt̪aːjn fzaːjj ʃh t̪biːt̪aː biː praːxiːn aːnd̪aːzhaː biː kaːr ɡiːft̪hɡ biːnt̪ d͡ʒuːɽh knnt̪ wa rkm rkmiːn mslh aːnaː hl aː knnt̪ .
مزنین بلوچستان, ای یک مزنین و وسیع‌ئین منطقه‌ئی اینت که پاکستانی روچ‌کپتین بخش، اوگانستانی جنوب غربین بخش و ایرانی جنوب‌شرقین نیمه‌گان ئانه شامل‌ئه بیت.	mzniːn bluːt͡ʃst̪aːn , aːj jak mzniːn wa wsiːiːn mnt̪khiː aːjnt̪ kh paːkst̪aːniː ruːt͡ʃkpt̪iːn bxʃ , aːwɡaːnst̪aːniː d͡ʒnuːb ɣrbiːn bxʃ wa aːjraːniː d͡ʒnuːbʃrkiːn niːmhɡaːn aːnh ʃaːmlh biːt̪ .
ای کلمهء شه غءدیمین زبانان ګیفته بوته ، و احتمال داریت که شه بین‌النهرین یا هند بیت.	aːj klmh ʃh ɣd̪iːmiːn zbaːnaːn ɡiːft̪h buːt̪h , wa aːht̪maːl d̪aːriːt̪ kh ʃh biːnaːlnhriːn jaː hnd̪ biːt̪ .
شه مزنین دینانن بیء جهانء تا توانن شه ابراهیمیءین دینان نام برن.. ابراهیمیءین دین کهء آء موچین شه یک ریشهءګ و منطقهء خاور میانه سرچشمهءګ آء ګیرنت کهء عبارت‌انت شه اسلام، عیسویت و یهودیت. بابی و بهائی دین هم ګوشنت شه همیء دستهء دینان انت و البته نوک پیداءین دین انت.	ʃh mzniːn d̪iːnaːnn biː d͡ʒhaːn t̪aː t̪waːnn ʃh aːbraːhiːmiːiːn d̪iːnaːn naːm brn . aːbraːhiːmiːiːn d̪iːn kh aː muːt͡ʃiːn ʃh jak riːʃhɡ wa mnt̪kh xaːwr mjaːnh srt͡ʃʃmhɡ aː ɡiːrnt̪ kh baːrt̪aːnt̪ ʃh aːslaːm , iːswjt̪ wa jhuːd̪iːt̪ . baːbiː wa bhaːiː d̪iːn hm ɡuːʃnt̪ ʃh hmiː d̪st̪h d̪iːnaːn aːnt̪ wa aːlbt̪h noːk piːd̪aːiːn d̪iːn aːnt̪ .
دیګه باز کونهءګین دین‌ هم باز انت چون زرتشتی‌گری، مانی‌گری، مهرپرستی و دیګرین مثالانی.	d̪iːɡh baːz kuːnhɡiːn d̪iːn hm baːz aːnt̪ t͡ʃuːn zrt̪ʃt̪iːɡriː , maːniːɡriː , mhrprst̪iː wa d̪iːɡriːn msaːlaːniː .
طبی علوم یکی شه سلامتیءین علومانی شاخه‌آناینت. طب هدف بُرز برتین ، سلامتی و جوړیءیی، دوایی ناجوړانی وکمک کورتین بهءآسیب ګیندوکان ( مانند فیزیوتراپی و فلج) مردمان اینت. اِی هدف وختی پوره آ بینت که درست کورتین ناجوړیانی ، تشخیص و درمان و جلوگیری و شه آوانی ودی بُوتینا جلوګیری بیت .	t̪biː luːm jkiː ʃh slaːmt̪iːiːn luːmaːniː ʃaːxhaːnaːjnt̪ . t̪b hd̪f burz brt̪iːn , slaːmt̪iː wa d͡ʒuːɽiːjj , d̪waːjj naːd͡ʒuːɽaːniː wkmk kuːrt̪iːn bhaːsiːb ɡiːnd̪uːkaːn maːnnd̪ fiːzjwt̪raːpiː wa fld͡ʒ mrd̪maːn aːjnt̪ . iː hd̪f wxt̪iː puːrh aː biːnt̪ kh d̪urust̪ kuːrt̪iːn naːd͡ʒuːɽjaːniː , t̪ʃxiːs wa d̪rmaːn wa d͡ʒluːɡiːriː wa ʃh aːwaːniː wd̪iː buːt̪iːnaː d͡ʒluːɡiːriː biːt̪ .
علم النفس 'بیء ، علم که زیندهءګین موجوداتانی ـ بخصوص انسانی رفتار و کرداران شه علمین رووشامطالعهٔ آء کنت . همچنین یکی شه تحصیلین و کاربردیءین علمی شاخهء آن اینت که انسانی روح وروان و ذهنی ارتباطا ، ګون سلامتی ،اجتماعین رفتار ، وترا درست کورتی و فکریءین رُشت مطالعهء و برسی آ کننت .	lm aːlnfs biː , lm kh ziːnd̪hɡiːn muːd͡ʒuːd̪aːt̪aːniː bxsuːs aːnsaːniː rft̪aːr wa krd̪aːraːn ʃh lmiːn rwwʃaːmt̪aːlh aː knt̪ . hmt͡ʃniːn jkiː ʃh t̪hsiːliːn wa kaːrbrd̪iːiːn lmiː ʃaːxh aːn aːjnt̪ kh aːnsaːniː ruːh wrwaːn wa zhniː aːrt̪baːt̪aː , ɡwan slaːmt̪iː , aːd͡ʒt̪maːiːn rft̪aːr , wt̪raː d̪urust̪ kuːrt̪iː wa fkriːiːn ruʃt̪ mt̪aːlh wa brsiː aː knnt̪ .
ارمنستان (بی ارمنی: Հայաստան، تلفظ: هایاستان) ګون رسمی ین ناما جمهوری ارمنستان (Հայաստանի Հանրապետություն، هایاستانی هانراپِتوتیون) یک ملکی نامی اینت که بی جنوبی ین کپکاز تا موقیعت داریت و ای ملکی پایتخت ایروان نام داریت.	aːrmnst̪aːn biː aːrmniː , hɑjɑstɑn , t̪lfz , haːjaːst̪aːn ɡwan rsmiː jn naːmaː d͡ʒmhuːriː aːrmnst̪aːn hɑjɑstɑni hɑnɾɑpetutʰjun , haːjaːst̪aːniː haːnraːpit̪uːt̪jwn jak mlkiː naːmiː aːjnt̪ kh biː d͡ʒnuːbiː jn kpkaːz t̪aː muːkiːt̪ d̪aːriːt̪ wa aːj mlkiː paːjt̪xt̪ aːjrwaːn naːm d̪aːriːt̪ .
پری میسن (بی انگریزی - freemason) یک بین المللی ین یہودی تنظیم است که آوانی مخصد دونیایی تا په دجال و دجالی ین حکومتی هاطیرا راه یی پاچ کورتین است. پری میسنانی اصلی ین حمایت کنونک امریکا ، اسراییل و بریتانیا انت.	priː miːsn biː aːnɡriːziː freːeːmasoːn jak biːn aːlmlliː jn jhuːd̪iː t̪nziːm aːst̪ kh aːwaːniː mxsd̪ d̪uːnjaːjj t̪aː ph d̪d͡ʒaːl wa d̪d͡ʒaːliː jn hkuːmt̪iː haːt̪iːraː raːh jj paːt͡ʃ kuːrt̪iːn aːst̪ . priː miːsnaːniː aːsliː jn hmaːjt̪ knuːnk aːmriːkaː , aːsraːjjl wa briːt̪aːnjaː aːnt̪ .
زائدان (لاتین: Zàedàn) یکے چہ اݔرانءِ مسترݔں شاران ءُ رۏنندی بلۏچستانءّ مسترݔں شار اِنت	zaːd̪aːn laːt̪iːn , zaeːd̪an jkeː t͡ʃh aːeːraːni mst̪reː̃ ʃaːraːn u roːnnd̪iː bloːt͡ʃst̪aːnː mst̪reː̃ ʃaːir int̪
لاتینی بلۏچی اب یا بللاتین (پہ لاتین: Ballàtin) بلۏچی زبانء اب پہ بلۏچی اَنت کہ بلۏچی زبانء ربیدجاہئا ردبندی بیتگ اَنت	laːt̪iːniː bloːt͡ʃiː aːb jaː bllaːt̪iːn ph laːt̪iːn , ballat̪in bloːt͡ʃiː zbaːn aːb ph bloːt͡ʃiː ant̪ kh bloːt͡ʃiː zbaːn rbiːd̪d͡ʒaːhaː rd̪bnd̪iː biːt̪ɡ ant̪
سیستانء ھُند (لاتین: Sistàn E Hond) یکے چہ مزنݔن بلۏچستانءھُندان اِنت کہ بلۏچستانء سراوانی(شمالی) جاھئن۔	siːst̪aːn hund̪ laːt̪iːn , sist̪an eː hoːnd̪ jkeː t͡ʃh mzneːn bloːt͡ʃst̪aːnhund̪aːn int̪ kh bloːt͡ʃst̪aːn sraːwaːniː ʃmaːliː d͡ʒaːhn
بیتکوین یا گۏن نماد BTC گۏن سیاھگ ₿ یک انترنتی پولے بے دلگاھݔن(دیسنترالین) کہ آیی ءِ کنترۏل ھچ بانک یا پولی اورگانے دستا نہ اِنت کہ تۏن اݔن چہ بیتکوینءِ ٹٹا پہ دگرے‌ئا دݔم دیگ بہ بیت چۏ کہ چہ یکے ڈارِک پہ دگرے دݔم دیگءَ بیت ءُ اے تَل ءُ تۏکان کسے نݔست اِنت کہ ادا اے دوئݔنانءِ تۏکا بہ یئیت۔	biːt̪kwjn jaː ɡwan nmaːd̪ bt̪t͡ʃ ɡwan sjaːhɡ jak aːnt̪rnt̪iː puːleː beː d̪lɡaːheːn d̪iːsnt̪raːliːn kh aːjj i knt̪roːl ht͡ʃ baːnuk jaː puːliː aːwrɡaːneː d̪st̪aː nh int̪ kh t̪oːn aːeːn t͡ʃh biːt̪kwjni ʈʈaː ph d̪ɡreːaː d̪eːm d̪iːɡ bh biːt̪ t͡ʃoː kh t͡ʃh jkeː ɖaːrik ph d̪ɡreː d̪eːm d̪iːɡa biːt̪ u aːeː t̪al u t̪oːkaːn kseː neːst̪ int̪ kh aːd̪aː aːeː d̪uːeːnaːni t̪oːkaː bh jiːt̪
ویکی پیڈیا (lang-en:Wikipedia) ویکی پیڈیا انترنتی تا یک مزنین شبکه اینت که بی بازین زبانان دونیایی تا موچین معلوماتانا شینک دهنت .	wjkiː piːɖjaː lanɡ eːn , wikipeːd̪ia wjkiː piːɖjaː aːnt̪rnt̪iː t̪aː jak mzniːn ʃbkh aːjnt̪ kh biː baːziːn zbaːnaːn d̪uːnjaːjj t̪aː muːt͡ʃiːn mluːmaːt̪aːnaː ʃeːnak d̪hnt̪ .
آنتیگوا و باربودایا (Antigua & Barbuda) یک چینکه جزیره یی مجموعه انت کی دریای کارائیبشرکی نیمه ګه موقیعت دارنت و پایتخت سنت جانز اینت.	aːnt̪iːɡwaː wa baːrbuːd̪aːjaː ant̪iɡua barbud̪a jak t͡ʃiːnkh d͡ʒziːrh jj md͡ʒmuːh aːnt̪ kaj d̪rjaːj kaːraːiːbʃrkiː niːmh ɡh muːkiːt̪ d̪aːrnt̪ wa paːjt̪xt̪ sunt̪ d͡ʒaːnz aːjnt̪ .
جمهوری آلبانی یک ملکی نامی اینت، کی براعظم Wp/bcc/اروپاجنوب شرکی ین نیمه ګا موقیعت داریت. ای ملکی پایتخت Wp/bcc/تیرانا نام داریت.	d͡ʒmhuːriː aːlbaːniː jak mlkiː naːmiː aːjnt̪ , kaj braːzm wp bt͡ʃt͡ʃ aːruːpaːd͡ʒnuːb ʃrkiː jn niːmh ɡaː muːkiːt̪ d̪aːriːt̪ . aːj mlkiː paːjt̪xt̪ wp bt͡ʃt͡ʃ t̪iːraːnaː naːm d̪aːriːt̪ .
کانادا (به انگلیسی-Canada) یک ملکی نامی بی آمریکای شمالی براعظمی تا و دومین ملک بی دونیایی تا شه پراخیی نظرا اینت.ای ملکی پایتخت اوتاوای شار اینت.	kaːnaːd̪aː bh aːnɡliːsiː t͡ʃanad̪a jak mlkiː naːmiː biː aːmriːkaːj ʃmaːliː braːzmiː t̪aː wa d̪uːmiːn mlk biː d̪uːnjaːjj t̪aː ʃh praːxjj nzraː aːjnt̪ . aːj mlkiː paːjt̪xt̪ aːwt̪aːwaːj ʃaːir aːjnt̪ .
اُوتاوا (بی انگلیسی-Ottawa) (بوانیت آدووآ) کانادای ملکی پایتخت و چهارمین مزنین شار اینت . ای شار بی آمریکای شمالی تا و اوتاوایی رودی کنارا (پخش رودخانه سن‌لوران) موکیعت داریت.	uːt̪aːwaː biː aːnɡliːsiː oːt̪t̪awa bwaːniːt̪ aːd̪wwaː kaːnaːd̪aːj mlkiː paːjt̪xt̪ wa t͡ʃhaːrmiːn mzniːn ʃaːir aːjnt̪ . aːj ʃaːir biː aːmriːkaːj ʃmaːliː t̪aː wa aːwt̪aːwaːjj ruːd̪iː knaːraː pxʃ ruːd̪xaːnh snluːraːn muːkiːt̪ d̪aːriːt̪ .
گُرجِستان(بی گرجی زبانا-საქართველო، ساکارتْول) (ګون رسمی ین بین‌المللی ین ناما "Georgia") یک ملکی نامی اینت کی بی کپکازی تا خزری دریاب و سیاه ین دریاب مانجینا کرار داریت . ای ملکی پایتخت تپلیسی شار اینت.	ɡurd͡ʒist̪aːn biː ɡrd͡ʒiː zbaːnaː sakʰaɾtʰvɛlɔ , saːkaːrt̪uːl ɡwan rsmiː jn biːnaːlmlliː jn naːmaː ɡeːoːrɡia jak mlkiː naːmiː aːjnt̪ kaj biː kpkaːziː t̪aː xzriː d̪rjaːb wa sjaːh jn d̪rjaːb maːnd͡ʒiːnaː kraːr d̪aːriːt̪ . aːj mlkiː paːjt̪xt̪ t̪pliːsiː ʃaːir aːjnt̪ .
اے سیاھگ لاتین‌ئا AE/ae ھن لکگءَ بیت،ھنچۏ ھں پہ نسھ ۓ ھں لکگءَ بیت۔	aːeː sjaːhɡ laːt̪iːnaː aeː aeː hn lkɡa biːt̪ , hnt͡ʃoː h̃ ph nsh eː h̃ lkɡa biːt̪
آمریکاءِ تپاکݔن ایالتان(پہ انگرݔزی: United States of America یا گونڈ بیتگݔن ڈؤلا; USA) کہ گݔشتری گۏن آمریکاءِ ناما زانگءَ بیت، یک وتواجھݔن کشورے کہ مہ گۏریچی آمریکاءِ تۏکئن، ھنچۏ ھن لھتے بھر مہ آرامءِ مزن زرءِ تۏکئن، اے کشۏرءِ ھکومتءِ ڈؤل پدرالݔن ھکومت اِنت کہ چہ ۴۸ ایالت کہ مہ رݔدگݔن سرڈگارءِ تۏکا اَنت ءُ اݔدگہ دگہ جاھان اَنت بنݔنگ بیتگ۔	aːmriːkaːi t̪paːkeːn aːjaːlt̪aːn ph aːnɡreːziː , unit̪eːd̪ st̪at̪eːs oːf ameːrit͡ʃa jaː ɡuːnɖ biːt̪ɡeːn ɖuːlaː usa kh ɡeːʃt̪riː ɡwan aːmriːkaːi naːmaː zaːnɡa biːt̪ , jak wt̪waːd͡ʒheːn kʃuːreː kh mh ɡoːriːt͡ʃiː aːmriːkaːi t̪oːkn , hnt͡ʃoː hn lht̪eː bhr mh aːraːmi mazan zri t̪oːkn , aːeː kʃoːri hkuːmt̪i ɖuːl pd̪raːleːn hkuːmt̪ int̪ kh t͡ʃh t͡ʃihilu haʃt̪ aːjaːlt̪ kh mh reːd̪ɡeːn srɖɡaːri t̪oːkaː ant̪ u aːeːd̪ɡh d̪ɡh d͡ʒaːhaːn ant̪ bneːnɡ biːt̪ɡ
زیرگءِ زۏراکءِ برابری یا ززب - ZZB یا (پہ انگرݔزی:Purchasin power parity یا ھما PPP) یک اکتسادی سابکتابے کہ یک تکنیکے سابءَ بیت کہ گۏن اشی‌ئا پولءِ ارزشا سابءَ کن اَنت	ziːrɡi zoːraːki braːbriː jaː zzb zzb jaː ph aːnɡreːziː , purt͡ʃhasin poːweːr parit̪j jaː hmaː ppp jak aːkt̪saːd̪iː saːbkt̪aːbeː kh jak t̪kniːkeː saːba biːt̪ kh ɡwan aːʃiːaː puːli aːrzʃaː saːba kn ant̪
ملکی نابزانتݔن جۏڈݔنگ یا (پہ انگرݔزی: Gross Domestic Product یا GDP) مھمترݔن سابکتابے کہ مزنݔن اکستاد ساب جنگءَ بیت۔	mlkiː naːbzaːnt̪eːn d͡ʒoːɖeːnɡ jaː ph aːnɡreːziː , ɡroːss d̪oːmeːst̪it͡ʃ proːd̪ut͡ʃt̪ jaː ɡd̪p mhmt̪reːn saːbkt̪aːbeː kh mzneːn aːkst̪aːd̪ saːb d͡ʒnɡa biːt̪
مھرگڈھءِ تمدن یا Mehrgaďh E Tamaddon یکے چہ رۏدرآتکی بلۏچستانءِ سئ دانگی تمدنان اِنت کہ آییءِ وھدی چیز مہ سݔبی شارءِ مۏزہءَ اݔر کنگ بیتگ اَنت۔	mhrɡɖhi t̪md̪n jaː meːhrɡad̪h eː t̪amad̪d̪oːn jkeː t͡ʃh roːd̪raːt̪kiː bloːt͡ʃst̪aːni s d̪aːnɡiː t̪md̪naːn int̪ kh aːjji whd̪iː t͡ʃiːz mh seːbiː ʃaːri moːzha aːeːr knɡ biːt̪ɡ ant̪
آمریکاء لشکر(انگرݔزی:U.S Army) آمریکاء پݔسرتری جنگی لشکر اِنت کہ اولی برا مہ ژۏن ۱۷۷۵ میلادی‌ئا جۏڑݔنگ بیت ءُ پہ پشت بییگ‌ئا وتواجھی لۏٹݔں مردمانئیگ‌ئا وتی کارے بنگݔج کُت ءُ نامئی پہ Wp/bcc/آمریکا آجوییءِ لشکر	aːmriːkaː lʃkr aːnɡreːziː , u . s armj aːmriːkaː peːsrt̪riː d͡ʒnɡiː lʃkr int̪ kh aːwliː braː mh ʒoːn hazaːru hapt̪ sad̪u hapt̪aːd̪u pant͡ʃ miːlaːd̪iːaː d͡ʒoːɽeːnɡ biːt̪ u ph puʃt̪ bjjɡaː wt̪waːd͡ʒhiː loːʈeː̃ mrd̪maːniːɡaː wt̪iː kaːreː bnɡeːd͡ʒ kat̪ u naːmiː ph wp bt͡ʃt͡ʃ aːmriːkaː aːd͡ʒwjji lʃkr
بلۏچستان آجوییء لشکر(لاتین:Balòcestàn Àjuyi E Laškar) یکے چہ بلۏچی جنگی گلّ‌ئان اِنت کہ گۏں پاکستانء لشکرئا پہ بلۏچستانء آجو کنگءَ جنگ ایت۔	bloːt͡ʃst̪aːn aːd͡ʒwjj lʃkr laːt̪iːn , baloːt͡ʃeːst̪an ad͡ʒuji eː laʃkar jkeː t͡ʃh bloːt͡ʃiː d͡ʒnɡiː ɡlːaːn int̪ kh ɡoː̃ paːkst̪aːn lʃkraː ph bloːt͡ʃst̪aːn aːd͡ʒuː knɡa d͡ʒanɡ aːjt̪
بلۏچی زبانء ربیدجاہ(پہ لاتین:Balòci Zubàn E Rabidjàh) (پہ انگرݔزی:Balochi Academy of Sarbaz) بلۏچی زبانء ربیدجاہ اِنت کہ بلۏچی زبانء سرا کارءَ کَنت، اے لبزانکی ربیدجاہ ۲۰۰۷ء سال‌ئا بنگݔج بیتگ ءُ ۵ ھۏرݔنی ھست، اے ربیدجاہ مہ سربازء سرکؤرء تۏک‌ئا اِنت، سھماندپء دمگ‌ئا اے بُنرِدی بیتگ۔	bloːt͡ʃiː zbaːn rbiːd̪d͡ʒaːh ph laːt̪iːn , baloːt͡ʃi zuban eː rabid̪d͡ʒah ph aːnɡreːziː , baloːt͡ʃhi at͡ʃad̪eːmj oːf sarbaz bloːt͡ʃiː zbaːn rbiːd̪d͡ʒaːh int̪ kh bloːt͡ʃiː zbaːn sraː kaːra kant̪ , aːeː lbzaːnkiː rbiːd̪d͡ʒaːh d̪oː hazaːru hapt̪ saːlaː bnɡeːd͡ʒ biːt̪ɡ u pant͡ʃ hoːreːniː hst̪ , aːeː rbiːd̪d͡ʒaːh mh srbaːz srkuːr t̪oːkaː int̪ , shmaːnd̪p d̪mɡaː aːeː bunrid̪iː biːt̪ɡ
کروناء وایرس(پہ لاتین:Koronà E Wàyres) یک نادراھی‌ئے کہ مردمء نپس‌ئا تنکءَ کَنت ۇ مردمءَ کش ایت،اے نادراھی پݔسر چہ چینء سرڈگارا چِست بیتگ ۇ کم کم دگنیاء اݔدگہ جاھان ھن شُتگ۔	kruːnaː waːjrs ph laːt̪iːn , koːroːna eː wajreːs jak naːd̪raːhiːeː kh mrd̪m npsaː t̪nka kant̪ wa mrd̪ma kaʃ aːjt̪ , aːeː naːd̪raːhiː peːsr t͡ʃh t͡ʃiːn srɖɡaːraː t͡ʃist̪ biːt̪ɡ wa kam kam d̪ɡnjaː aːeːd̪ɡh d͡ʒaːhaːn hn ʃut̪ɡ
