фотоните са по-малки дори от материята която изгражда атомите!	fɔtɔnitɛ sa pɔ maɫki dɔri ɔt matɛrijata kɔjatɔ izɡraʒda atɔmitɛ !
ако дори правенето на снимка на нещо не е разрешено не бива дори да си помисляш да запишеш видеоклип	akɔ dɔri pravɛnɛtɔ na snimka na nɛʃtɔ nɛ ɛ razrɛʃɛnɔ nɛ biva dɔri da si pɔmislʲaʃ da zapiʃɛʃ vidɛɔklip
повечето насекоми имат предимството да сгъват крилата си назад по тялото	pɔvɛt͡ʃɛtɔ nasɛkɔmi imat prɛdimstvɔtɔ da zɡɤvat kriɫata si nazat pɔ tʲaɫɔtɔ
затворът придоби лоша слава след като там бе открито малтретиране на затворници след като американските сили поеха контрола	zatvɔrɤt pridɔbi ɫɔʃa sɫava slɛt katɔ tam bɛ ɔtkritɔ maɫtrɛtiranɛ na zatvɔrnit͡si slɛt katɔ amɛrikanskitɛ sili pɔɛxa kɔntrɔɫa
демонстрантите се надяват да съберат 1,2 милиона подписа за петиция която да представят пред националния конгрес през ноември	dɛmɔnstrantitɛ sɛ nadʲavat da sɤbɛrat ɛdnɔ t͡sʲaɫɔ i dvɛ miliɔna pɔtpisa za pɛtit͡sija kɔjatɔ da prɛtstavʲat prɛt nat͡siɔnaɫnija kɔŋɡrɛs prɛs nɔɛmvri
чантите без надзор са обект на кражба и могат да привлекат внимание от властите загрижени за бомбени заплахи	t͡ʃantitɛ bɛs nadzɔr sa ɔbɛkt na kraʒba i mɔɡat da privlɛkat vnimaniɛ ɔt vɫastitɛ zaɡriʒɛni za bɔmbɛni zapɫaxi
за дълъг период от време през деветнадесети и двадесети век се вярвало че първите заселници на нова зеландия са били маорите които ловели гигантските птици наречени моа	za dɤɫɤk pɛriɔt ɔt vrɛmɛ prɛs dɛvɛtnadɛsɛti i dvadɛsɛti vɛk sɛ vʲarvaɫɔ t͡ʃɛ pɤrvitɛ zasɛɫnit͡si na nɔva zɛɫandija sa bili maɔritɛ kɔitɔ ɫɔvɛli ɡiɡantskitɛ ptit͡si narɛt͡ʃɛni mɔa
тази флотилия е ръководена от олаф тригвасон норвежец с амбиции да освободи страната си от датското господство	tazi fɫɔtilija ɛ rɤkɔvɔdɛna ɔt ɔɫaf triɡvasɔn nɔrvɛʒɛt͡s s ambit͡sii da ɔsvɔbɔdi stranata si ɔt datskɔtɔ ɡɔspɔtstvɔ
имало е тоалетни в древен египет персия и китай. в римската цивилизация тоалетните понякога са били част от обществени бани където мъжете и жените в смесена компания са се събирали заедно	imaɫɔ ɛ tɔalɛtni f drɛvɛn ɛɡipɛt pɛrsija i kitaj . f rimskata t͡sivilizat͡sija tɔalɛtnitɛ pɔnʲakɔɡa sa bili t͡ʃast ɔt ɔpʃtɛstvɛni bani kɤdɛtɔ mɤʒɛtɛ i ʒɛnitɛ f smɛsɛna kɔmpanija sa sɛ sɤbirali zaɛdnɔ
невротоксинът произведен от водораслите може да увреди нервите както на хората така и на рибите	nɛvrɔtɔksinɤt prɔizvɛdɛn ɔt vɔdɔraslitɛ mɔʒɛ da uvrɛdi nɛrvitɛ kaktɔ na xɔrata taka i na ribitɛ
проучването констатира че депресията страха и черногледството посредничат във връзката между болката и инвалидността при страдащите от болка в долната част на гърба	prɔut͡ʃvanɛtɔ kɔnstatira t͡ʃɛ dɛprɛsijata straxa i t͡ʃɛrnɔɡlɛtstvɔtɔ pɔsrɛdnit͡ʃat vɤf vrɤskata mɛʒdu bɔɫkata i invalidnɔsta pri stradaʃtitɛ ɔt bɔɫka f dɔɫnata t͡ʃast na ɡɤrba
за някои хора разбирането на начина по който работят въздухоплавателните средства както и случващото се по време на полет може да помогне за преодоляване на страх който се основава на неизвестното или на липсата на контрол	za nʲakɔi xɔra razbiranɛtɔ na nat͡ʃina pɔ kɔjtɔ rabɔtʲat vɤzduxɔpɫavatɛɫnitɛ srɛtstva kaktɔ i sɫut͡ʃvaʃtɔtɔ sɛ pɔ vrɛmɛ na pɔlɛt mɔʒɛ da pɔmɔɡnɛ za prɛɔdɔlʲavanɛ na strax kɔjtɔ sɛ ɔsnɔvava na nɛizvɛstnɔtɔ ili na lipsata na kɔntrɔɫ
ако отидете в гренландия през студените сезони имайте предвид че колкото сте по - на север толкова е по - студено жизнено важно е да носите достатъчно топли дрехи	akɔ ɔtidɛtɛ f ɡrɛnɫandija prɛs studɛnitɛ sɛzɔni imajtɛ prɛdvit t͡ʃɛ kɔɫkɔtɔ stɛ pɔ na sɛvɛr tɔɫkɔva ɛ pɔ studɛnɔ ʒiznɛnɔ vaʒnɔ ɛ da nɔsitɛ dɔstatɤt͡ʃnɔ tɔpli drɛxi
обявено е че причината за смъртта е рак на интрахепаталните жлъчни пътища	ɔbʲavɛnɔ ɛ t͡ʃɛ prit͡ʃinata za smɤrta ɛ rak na intraxɛpataɫnitɛ ʒɫɤt͡ʃni pɤtiʃta
някои боти имат шипове и има допълнителна екипировка с шипове за хлъзгави условия която е подходяща за повечето обувки и боти за токове или цялото ходило с тока	nʲakɔi bɔti imat ʃipɔvɛ i ima dɔpɤɫnitɛɫna ɛkipirɔfka s ʃipɔvɛ za xɫɤzɡavi usɫɔvija kɔjatɔ ɛ pɔtxɔdʲaʃta za pɔvɛt͡ʃɛtɔ ɔbufki i bɔti za tɔkɔvɛ ili t͡sʲaɫɔtɔ xɔdiɫɔ s tɔka
идеята за каране на ски е много стара – пещерните рисунки изобразяващи скиори датират от 5000 г. пр.н.е.!	idɛjata za karanɛ na ski ɛ mnɔɡɔ stara pɛʃtɛrnitɛ risuŋki izɔbrazʲavaʃti skiɔri datirat ɔt pɛt xilʲadi ɡɔdina prɛdi nɔvata ɛra !
докато ученето базирано на проекти трябва да направи ученето по-лесно и по-интересно скаффолдинга отива една стъпка по-далеч	dɔkatɔ ut͡ʃɛnɛtɔ baziranɔ na prɔɛkti trʲabva da napravi ut͡ʃɛnɛtɔ pɔ lɛsnɔ i pɔ intɛrɛsnɔ skaffɔɫdiŋɡa ɔtiva ɛdna stɤpka pɔ dalɛt͡ʃ
монтевидео е в субтропичната област; през летните месеци са нормални температури над +30 °c	mɔntɛvidɛɔ ɛ f suptrɔpit͡ʃnata ɔbɫast , prɛs lɛtnitɛ mɛsɛt͡si sa nɔrmaɫni tɛmpɛraturi nat plʲus trijsɛt ɡradusa pɔ t͡sɛɫzij
говорителят на полицейското управление в лос анджелис кристофър гарсия заяви че заподозреният е разследван най-вече за влизане с взлом а не за вандализъм	ɡɔvɔritɛlʲat na pɔlit͡sɛjskɔtɔ upravlɛniɛ f ɫɔs andʒɛlis kristɔfɤr ɡarsija zajavi t͡ʃɛ zapɔdɔzrɛnijat ɛ rasslɛdvan naj vɛt͡ʃɛ za vlizanɛ s vzɫɔm a nɛ za vandalizɤm
софокъл и аристофан все още са популярни драматурзи и техните пиеси се считат за едни от най - великите творби на световната литература	sɔfɔkɤɫ i aristɔfan fsɛ ɔʃtɛ sa pɔpulʲarni dramaturzi i tɛxnitɛ piɛsi sɛ ʃt͡ʃitat za ɛdni ɔt naj vɛlikitɛ tvɔrbi na svɛtɔvnata litɛratura
донесете походно легло или хамак за да ви предпазят от змии скорпиони и други подобни ако възнамерявате да лагерувате	dɔnɛsɛtɛ pɔxɔdnɔ lɛɡɫɔ ili xamak za da vi prɛtpazʲat ɔt zmii skɔrpiɔni i druɡi pɔdɔbni akɔ vɤznamɛrʲavatɛ da ɫaɡɛruvatɛ
политиката на комен отхвърли планираното родителство  поради текущото разследване за това как планирано родителство  харчи и отчита парите си водено от представителя клиф стърнс	pɔlitikata na kɔmɛn ɔtxvɤrli pɫaniranɔtɔ rɔditɛɫstvɔ pɔradi tɛkuʃtɔtɔ rasslɛdvanɛ za tɔva kak pɫaniranɔ rɔditɛɫstvɔ xart͡ʃi i ɔtt͡ʃita paritɛ si vɔdɛnɔ ɔt prɛtstavitɛlʲa klif stɤrns
очевидно е че светът се е променил значително поради научния и технологичния напредък на човечеството и проблемите са станали по-големи поради свръхнаселеността и екстравагантния начин на живот на хората	ɔt͡ʃɛvidnɔ ɛ t͡ʃɛ svɛtɤt sɛ ɛ prɔmɛniɫ znat͡ʃitɛɫnɔ pɔradi naut͡ʃnija i tɛxnɔɫɔɡit͡ʃnija naprɛdɤk na t͡ʃɔvɛt͡ʃɛstvɔtɔ i prɔblɛmitɛ sa stanali pɔ ɡɔlɛmi pɔradi svrɤxnasɛlɛnɔsta i ɛkstravaɡantnija nat͡ʃin na ʒivɔt na xɔrata
при национализацията през 2010 г. настоящата високобюджетна банка northern rock plc е разделена от лошата банка  northern rock управление на активи	pri nat͡siɔnalizat͡sijata prɛs dvɛ xilʲadi i dɛsɛt ɡɔdina nastɔjaʃtata visɔkɔbʲudʒɛtna baŋka nˈɔːɹðɚn ɹˈɑːk pʰˈiːʲɛɫsˌiː ɛ razdɛlɛna ɔt ɫɔʃata baŋka nˈɔːɹðɚn ɹˈɑːk upravlɛniɛ na aktivi
решението на нба бе взето след като играч от юта джаз е дал положителен тест за вируса covid-19	rɛʃɛniɛtɔ na nba bɛ vzɛtɔ slɛt katɔ iɡrat͡ʃ ɔt juta dʒas ɛ daɫ pɔɫɔʒitɛlɛn tɛst za virusa kʰˈoᶷvəd dɛvɛtnajsɛt
проучванията показват че вероятността да имат мс е два пъти по-голяма при жените отколкото при мъжете	prɔut͡ʃvanijata pɔkazvat t͡ʃɛ vɛrɔjatnɔsta da imat ms ɛ dva pɤti pɔ ɡɔlʲama pri ʒɛnitɛ ɔtkɔɫkɔtɔ pri mɤʒɛtɛ
реймънд дамадиан лекар и изследовател открива през 1970 година основата за използването на магнитно-резонансните изображения като средство за медицинска диагностика	rɛjmɤnt damadian lɛkar i isslɛdɔvatɛɫ ɔtkriva prɛs xilʲada dɛvɛtstɔtin i sɛdɛmdɛsɛt ɡɔdina ɔsnɔvata za ispɔɫzvanɛtɔ na maɡnitnɔ rɛzɔnansnitɛ izɔbraʒɛnija katɔ srɛtstvɔ za mɛdit͡sinska diaɡnɔstika
предполага се че алън един от най-богатите хора в света е инвестирал голяма част от богатството си в морски изследвания и търсенето на мусаши е породено от отдавнашния му интерес към войната	prɛtpɔɫaɡa sɛ t͡ʃɛ aɫɤn ɛdin ɔt naj bɔɡatitɛ xɔra f svɛta ɛ invɛstiraɫ ɡɔlʲama t͡ʃast ɔt bɔɡatstvɔtɔ si f mɔrski isslɛdvanija i tɤrsɛnɛtɔ na musaʃi ɛ pɔrɔdɛnɔ ɔt ɔdavnaʃnija mu intɛrɛs kɤm vɔjnata
другата вторична ограничителна зона под резервоарите побиращи 104 500 барела все още не е запълнена до крайния ѝ капацитет	druɡata ftɔrit͡ʃna ɔɡranit͡ʃitɛɫna zɔna pɔt rɛzɛrvɔaritɛ pɔbiraʃti stɔ i t͡ʃɛtiri xilʲadi i pɛtstɔtin barɛɫa fsɛ ɔʃtɛ nɛ ɛ zapɤɫnɛna dɔ krajnija kapat͡sitɛt
има много различни конструкции на очите с различна сложност според изискванията на организма	ima mnɔɡɔ razlit͡ʃni kɔnstrukt͡sii na ɔt͡ʃitɛ s razlit͡ʃna sɫɔʒnɔst spɔrɛt iziskvanijata na ɔrɡanizma
хирурзите са познавали различни успокоителни включително морфин от екстракти от макови семена и скополамин от билкови семена	xirurzitɛ sa pɔznavali razlit͡ʃni uspɔkɔitɛɫni fklʲut͡ʃitɛɫnɔ mɔrfin ɔt ɛkstrakti ɔt makɔvi sɛmɛna i skɔpɔɫamin ɔt biɫkɔvi sɛmɛna
всеки може да постигне просветление. собственото ни напрежение и негативизъм са единственото нещо което стои на пътя ни за постигането на тази цел	fsɛki mɔʒɛ da pɔstiɡnɛ prɔsvɛtlɛniɛ . sɔpstvɛnɔtɔ ni naprɛʒɛniɛ i nɛɡativizɤm sa ɛdinstvɛnɔtɔ nɛʃtɔ kɔɛtɔ stɔi na pɤtʲa ni za pɔstiɡanɛtɔ na tazi t͡sɛɫ
обикновено първата спирка при слизане от самолет кораб или друго превозно средство е имиграционният контролно - пропускателен пункт	ɔbiknɔvɛnɔ pɤrvata spirka pri slizanɛ ɔt samɔlɛt kɔrap ili druɡɔ prɛvɔznɔ srɛtstvɔ ɛ imiɡrat͡siɔnnijat kɔntrɔɫnɔ prɔpuskatɛlɛn puŋkt
хората могат да бъдат заразени от вдишване на заразена вода вдигната във въздуха от вятъра и вълните	xɔrata mɔɡat da bɤdat zarazɛni ɔt vdiʃvanɛ na zarazɛna vɔda vdiɡnata vɤf vɤzduxa ɔt vʲatɤra i vɤɫnitɛ
някои деца за няколко стотинки ще ви разкажат историята	nʲakɔi dɛt͡sa za nʲakɔɫkɔ stɔtiŋki ʃtɛ vi raskaʒat istɔrijata
за да приеме работа в компанията едисон в ню йорк тесла се премества в съединените американски щати през 1884 година	za da priɛmɛ rabɔta f kɔmpanijata ɛdisɔn f nʲu jɔrk tɛsɫa sɛ prɛmɛstva f sɤɛdinɛnitɛ amɛrikanski ʃtati prɛs xilʲada ɔsɛmstɔtin ɔsɛmdɛsɛt i t͡ʃɛtiri ɡɔdina
властите предполагат че това е знак че контейнерите за съхранение на ураново гориво на обекта може да са се спукали и да има изтичане	vɫastitɛ prɛtpɔɫaɡat t͡ʃɛ tɔva ɛ znak t͡ʃɛ kɔntɛjnɛritɛ za sɤxranɛniɛ na uranɔvɔ ɡɔrivɔ na ɔbɛkta mɔʒɛ da sa sɛ spukali i da ima istit͡ʃanɛ
персийският език е лесен и има сравнително правилна граматика	pɛrsijskijat ɛzik ɛ lɛsɛn i ima sravnitɛɫnɔ praviɫna ɡramatika
той отбеляза 403 гола в 468 изяви през времето прекарано с отбора	tɔj ɔdbɛlʲaza t͡ʃɛtiristɔtin i tri ɡɔɫa f t͡ʃɛtiristɔtin ʃɛjsɛt i ɔsɛm izʲavi prɛs vrɛmɛtɔ prɛkaranɔ s ɔdbɔra
очаквам да се върна към задълженията си в понеделник  каза ариас в изявление	ɔt͡ʃakvam da sɛ vɤrna kɤm zadɤɫʒɛnijata si f pɔnɛdɛɫnik kaza arias f izʲavlɛniɛ
други включват остров ливингстън и измамата където има зрелищно естествено пристанище поради наводнената калдера на все още активен вулкан	druɡi fklʲut͡ʃvat ɔstrɔf liviŋkstɤn i izmamata kɤdɛtɔ ima zrɛliʃtnɔ ɛstɛstvɛnɔ pristaniʃtɛ pɔradi navɔdnɛnata kaɫdɛra na fsɛ ɔʃtɛ aktivɛn vuɫkan
до двадесет години бвп на китай може да бъде по - голям от този на сащ	dɔ dvadɛsɛt ɡɔdini pfp na kitaj mɔʒɛ da bɤdɛ pɔ ɡɔlʲam ɔt tɔzi na saʃt
американската федерация по гимнастика подкрепя независимо разследване което би могло да хвърли светлина върху това как една такава злоупотреба с тези размери описана толкова смело от жертвите на лари насар би могла да остане незабелязана толкова дълго и приема всички необходими и подходящи промени	amɛrikanskata fɛdɛrat͡sija pɔ ɡimnastika pɔtkrɛpʲa nɛzavisimɔ rasslɛdvanɛ kɔɛtɔ bi mɔɡɫɔ da xvɤrli svɛtlina vɤrxu tɔva kak ɛdna takava zɫɔupɔtrɛba s tɛzi razmɛri ɔpisana tɔɫkɔva smɛɫɔ ɔt ʒɛrtvitɛ na ɫari nasar bi mɔɡɫa da ɔstanɛ nɛzabɛlʲazana tɔɫkɔva dɤɫɡɔ i priɛma fsit͡ʃki nɛɔpxɔdimi i pɔtxɔdʲaʃti prɔmɛni
по време на посещението си в манастирите жените са задължени да носят поли под коленете като раменете им също трябва да са покрити	pɔ vrɛmɛ na pɔsɛʃtɛniɛtɔ si f manastiritɛ ʒɛnitɛ sa zadɤɫʒɛni da nɔsʲat pɔli pɔt kɔlɛnɛtɛ katɔ ramɛnɛtɛ im sɤʃtɔ trʲabva da sa pɔkriti
сега функционира като централна плаза и винаги има много неща случващи се ден и нощ	sɛɡa fuŋkt͡siɔnira katɔ t͡sɛntraɫna pɫaza i vinaɡi ima mnɔɡɔ nɛʃta sɫut͡ʃvaʃti sɛ dɛn i nɔʃt
шумахер който се пенсионира през 2006 г. след като седем пъти спечели шампионата на формула 1 се очакваше да замени ранения фелипе маса	ʃumaxɛr kɔjtɔ sɛ pɛnsiɔnira prɛs dvɛ xilʲadi i ʃɛst ɡɔdina slɛt katɔ sɛdɛm pɤti spɛt͡ʃɛli ʃampiɔnata na fɔrmuɫa ɛdnɔ sɛ ɔt͡ʃakvaʃɛ da zamɛni ranɛnija fɛlipɛ masa
с участието на райън гослинг и ема стоун филмът получи номинации във всички главни категории	s ut͡ʃastiɛtɔ na rajɤn ɡɔsliŋk i ɛma stɔun fiɫmɤt pɔɫut͡ʃi nɔminat͡sii vɤf fsit͡ʃki ɡɫavni katɛɡɔrii
изследванията му показват че ако се приложи хормон това ще ускори феталното развитие на белия дроб на бебето	isslɛdvanijata mu pɔkazvat t͡ʃɛ akɔ sɛ priɫɔʒi xɔrmɔn tɔva ʃtɛ uskɔri fɛtaɫnɔtɔ razvitiɛ na bɛlija drɔp na bɛbɛtɔ
ричард вирман говорителят на лекари без граници  каза: ангола се е запътила към най - тежката си епидемия досега и ситуацията там остава много лоша	rit͡ʃart virman ɡɔvɔritɛlʲat na lɛkari bɛs ɡranit͡si kaza , aŋɡɔɫa sɛ ɛ zapɤtiɫa kɤm naj tɛʃkata si ɛpidɛmija dɔsɛɡa i situat͡sijata tam ɔstava mnɔɡɔ ɫɔʃa
в лондон около 200 души протестираха пред офисите на някои крупни притежатели на авторски права	f ɫɔndɔn ɔkɔɫɔ dvɛsta duʃi prɔtɛstiraxa prɛt ɔfisitɛ na nʲakɔi krupni pritɛʒatɛli na aftɔrski prava
случайни специализирани въздушни обиколки тръгват по суша за алпинизъм или за отиване до полюса на който има голяма база	sɫut͡ʃajni spɛt͡sializirani vɤzduʃni ɔbikɔɫki trɤɡvat pɔ suʃa za aɫpinizɤm ili za ɔtivanɛ dɔ pɔlʲusa na kɔjtɔ ima ɡɔlʲama baza
въпреки това през юни 1956 г. обещанията на крушчов бяха подложени на изпитание. по същото това време бунтовете в полша където работниците протестираха срещу недостига на храна и намаляването на надниците се превърнаха в общ протест срещу комунизма	vɤprɛki tɔva prɛs juni xilʲada dɛvɛtstɔtin pɛdɛsɛt i ʃɛst ɡɔdina ɔbɛʃtanijata na kruʃt͡ʃɔf bʲaxa pɔdɫɔʒɛni na ispitaniɛ . pɔ sɤʃtɔtɔ tɔva vrɛmɛ buntɔvɛtɛ f pɔɫʃa kɤdɛtɔ rabɔtnit͡sitɛ prɔtɛstiraxa srɛʃtu nɛdɔstiɡa na xrana i namalʲavanɛtɔ na nadnit͡sitɛ sɛ prɛvɤrnaxa f ɔpʃt prɔtɛst srɛʃtu kɔmunizma
свръхпечалбите получени от продължителната експлоатация на филипинския народ представляват разбира се основни придобивки на американския империализъм	svrɤxpɛt͡ʃaɫbitɛ pɔɫut͡ʃɛni ɔt prɔdɤɫʒitɛɫnata ɛkspɫɔatat͡sija na filipinskija narɔt prɛtstavlʲavat razbira sɛ ɔsnɔvni pridɔbifki na amɛrikanskija impɛrializɤm
това писмо трябва да отговаря на определени изисквания и да бъде легализирано от министерството на външните работи на еквадор	tɔva pismɔ trʲabva da ɔdɡɔvarʲa na ɔprɛdɛlɛni iziskvanija i da bɤdɛ lɛɡaliziranɔ ɔt ministɛrstvɔtɔ na vɤnʃnitɛ rabɔti na ɛkvadɔr
играят се осемнадесет дупки по време на редовен рунд като играчите обикновено започват от първата дупка на игрището и завършват на осемнадесетата	iɡrajat sɛ ɔsɛmnadɛsɛt dupki pɔ vrɛmɛ na rɛdɔvɛn runt katɔ iɡrat͡ʃitɛ ɔbiknɔvɛnɔ zapɔt͡ʃvat ɔt pɤrvata dupka na iɡriʃtɛtɔ i zavɤrʃvat na ɔsɛmnadɛsɛtata
ямр е базиран на физичен феномен наречен ядрено-магнитен резонанс открит през 1930 г. от феликс блок станфордски университет и едуард пърсел харвардски университет	jamr ɛ baziran na fizit͡ʃɛn fɛnɔmɛn narɛt͡ʃɛn jadrɛnɔ maɡnitɛn rɛzɔnans ɔtkrit prɛs xilʲada dɛvɛtstɔtin i trijsɛt ɡɔdina ɔt fɛliks bɫɔk stanfɔrtski univɛrsitɛt i ɛduart pɤrsɛɫ xarvartski univɛrsitɛt
разработен е от джон смит през 70-те години на миналия век за да помага на неопитни сгъвачи или на лица с ограничени двигателни умения	razrabɔtɛn ɛ ɔt dʒɔn smit prɛs sɛdɛmdɛsɛt tɛ ɡɔdini na minalija vɛk za da pɔmaɡa na nɛɔpitni zɡɤvat͡ʃi ili na lit͡sa s ɔɡranit͡ʃɛni dviɡatɛɫni umɛnija
артистичното събитие е и част от кампанията на общината на букурещ целяща да възстанови имиджа на румънската столица на творчески и колоритен метрополис	artistit͡ʃnɔtɔ sɤbitiɛ ɛ i t͡ʃast ɔt kampanijata na ɔpʃtinata na bukurɛʃt t͡sɛlʲaʃta da vɤsstanɔvi imidʒa na rumɤnskata stɔlit͡sa na tvɔrt͡ʃɛski i kɔɫɔritɛn mɛtrɔpɔlis
кораб миночистач от клас avenger корабът е бил на път за пуерто принсеса в палауан	kɔrap minɔt͡ʃistat͡ʃ ɔt kɫas əvˈɛnd͡ʒɚ kɔrabɤt ɛ biɫ na pɤt za puɛrtɔ prinsɛsa f paɫauan
другата разлика била че докато бедните хора и жената се хранели седнали на столове богатите мъже обичали да правят банкети заедно излежавайки се настрани докато се хранят	druɡata razlika biɫa t͡ʃɛ dɔkatɔ bɛdnitɛ xɔra i ʒɛnata sɛ xranɛli sɛdnali na stɔɫɔvɛ bɔɡatitɛ mɤʒɛ ɔbit͡ʃali da pravʲat baŋkɛti zaɛdnɔ izlɛʒavajki sɛ nastrani dɔkatɔ sɛ xranʲat
тези уебсайтове привлякоха много внимание особено в сферата на образованието	tɛzi uɛpsajtɔvɛ privlʲakɔxa mnɔɡɔ vnimaniɛ ɔsɔbɛnɔ f sfɛrata na ɔbrazɔvaniɛtɔ
уистлър на 1,5 часа път с кола от ванкувър е скъпо но популярно заради зимните олимпийски игри през 2010 г. място	uistɫɤr na ɛdnɔ t͡sʲaɫɔ i pɛt t͡ʃasa pɤt s kɔɫa ɔt vaŋkuvɤr ɛ skɤpɔ nɔ pɔpulʲarnɔ zaradi zimnitɛ ɔlimpijski iɡri prɛs dvɛ xilʲadi i dɛsɛt ɡɔdina mʲastɔ
обектите и дивата природа на галапагоските острови могат да бъдат видяни най-добре с лодка точно както чарлз дарвин го е направил през 1835 г	ɔbɛktitɛ i divata prirɔda na ɡaɫapaɡɔskitɛ ɔstrɔvi mɔɡat da bɤdat vidʲani naj dɔbrɛ s ɫɔtka tɔt͡ʃnɔ kaktɔ t͡ʃarɫs darvin ɡɔ ɛ napraviɫ prɛs xilʲada ɔsɛmstɔtin trijsɛt i pɛt ɡrama
тази автентична общност се намира в хау саунд близо до ванкувър и достъпът до нея става лесно чрез водни таксита тръгващи от гренвил айлънд в центъра на ванкувър	tazi aftɛntit͡ʃna ɔpʃtnɔst sɛ namira f xau saunt blizɔ dɔ vaŋkuvɤr i dɔstɤpɤt dɔ nɛja stava lɛsnɔ t͡ʃrɛs vɔdni taksita trɤɡvaʃti ɔt ɡrɛnviɫ ajɫɤnt f t͡sɛntɤra na vaŋkuvɤr
нашествието накара индийското правителство да предприеме такива мерки като разполагане на ловци на свине в сериозно засегнатите райони осигурявайки хиляди завеси за комари и пръскайки с пестициди	naʃɛstviɛtɔ nakara indijskɔtɔ pravitɛɫstvɔ da prɛtpriɛmɛ takiva mɛrki katɔ raspɔɫaɡanɛ na ɫɔft͡si na svinɛ f sɛriɔznɔ zasɛɡnatitɛ rajɔni ɔsiɡurʲavajki xilʲadi zavɛsi za kɔmari i prɤskajki s pɛstit͡sidi
могат също така да запазят резервацията ви ако се нуждаете от време да обмислите офертата или да си извадите други документи за дестинацията си напр. виза	mɔɡat sɤʃtɔ taka da zapazʲat rɛzɛrvat͡sijata vi akɔ sɛ nuʒdaɛtɛ ɔt vrɛmɛ da ɔbmislitɛ ɔfɛrtata ili da si izvaditɛ druɡi dɔkumɛnti za dɛstinat͡sijata si napr . viza
главният орган на кръвоносната система е сърцето което има функцията на помпа на кръвта	ɡɫavnijat ɔrɡan na krɤvɔnɔsnata sistɛma ɛ sɤrt͡sɛtɔ kɔɛtɔ ima fuŋkt͡sijata na pɔmpa na krɤfta
временно е затворен пътят където е станала катастрофата за да могат аварийните служби да извадят шофьора от червеното ауди тт	vrɛmɛnnɔ ɛ zatvɔrɛn pɤtʲat kɤdɛtɔ ɛ stanaɫa katastrɔfata za da mɔɡat avarijnitɛ sɫuʒbi da izvadʲat ʃɔfʲɔra ɔt t͡ʃɛrvɛnɔtɔ audi t
посещението на обекта може удобно да се комбинира с разходка с лодка до езерото	pɔsɛʃtɛniɛtɔ na ɔbɛkta mɔʒɛ udɔbnɔ da sɛ kɔmbinira s rasxɔtka s ɫɔtka dɔ ɛzɛrɔtɔ
наблюдаването на цъфтежа на черешите известно като ханами  е част от японската култура от 8-и век насам	nablʲudavanɛtɔ na t͡sɤftɛʒa na t͡ʃɛrɛʃitɛ izvɛstnɔ katɔ xanami ɛ t͡ʃast ɔt japɔnskata kuɫtura ɔt ɔsɛm i vɛk nasam
спортистите може да имат чувството че предпочитат определен продукт дори когато той не им носи реална полза	spɔrtistitɛ mɔʒɛ da imat t͡ʃufstvɔtɔ t͡ʃɛ prɛtpɔt͡ʃitat ɔprɛdɛlɛn prɔdukt dɔri kɔɡatɔ tɔj nɛ im nɔsi rɛaɫna pɔɫza
от геологичните проучвания на сащ usgs и техният национален информационен център за земетресения не са получени непосредствени доклади за щети	ɔt ɡɛɔɫɔɡit͡ʃnitɛ prɔut͡ʃvanija na saʃt ˈʌɛsɡz i tɛxnijat nat͡siɔnalɛn infɔrmat͡siɔnɛn t͡sɛntɤr za zɛmɛtrɛsɛnija nɛ sa pɔɫut͡ʃɛni nɛpɔsrɛtstvɛni dɔkɫadi za ʃtɛti
презентаторът който бе арестуван на сцената отрече нападението и заяви че е използвал пръта за да се предпази от бутилките хвърляни по него от повече от тридесет човека	prɛzɛntatɔrɤt kɔjtɔ bɛ arɛstuvan na st͡sɛnata ɔtrɛt͡ʃɛ napadɛniɛtɔ i zajavi t͡ʃɛ ɛ ispɔɫzvaɫ prɤta za da sɛ prɛtpazi ɔt butiɫkitɛ xvɤrlʲani pɔ nɛɡɔ ɔt pɔvɛt͡ʃɛ ɔt tridɛsɛt t͡ʃɔvɛka
в сряда следобед вентилите на резервоара все още течаха вероятно от терморазширение вътре в него	f srʲada slɛdɔbɛt vɛntilitɛ na rɛzɛrvɔara fsɛ ɔʃtɛ tɛt͡ʃaxa vɛrɔjatnɔ ɔt tɛrmɔraʃʃirɛniɛ vɤtrɛ f nɛɡɔ
вторият му нокът е по-голям откъдето се ражда името хеспероникус или западен нокът	ftɔrijat mu nɔkɤt ɛ pɔ ɡɔlʲam ɔtkɤdɛtɔ sɛ raʒda imɛtɔ xɛspɛrɔnikus ili zapadɛn nɔkɤt
женските обикновено са тясно свързани голямо семейство от сестри и дъщери	ʒɛnskitɛ ɔbiknɔvɛnɔ sa tʲasnɔ svɤrzani ɡɔlʲamɔ sɛmɛjstvɔ ɔt sɛstri i dɤʃtɛri
следващите изпълнения след това са били на истанбулският държавен симфоничен оркестър янисарският оркестър и певците фатих еркозич и мюслюм гюрес	slɛdvaʃtitɛ ispɤɫnɛnija slɛt tɔva sa bili na istanbuɫskijat dɤrʒavɛn simfɔnit͡ʃɛn ɔrkɛstɤr janisarskijat ɔrkɛstɤr i pɛft͡sitɛ fatix ɛrkɔzit͡ʃ i mʲuslʲum ɡʲurɛs
в най-добрите такива заведения съответно човек може да намери най-луксозното спално бельо може би ръчно изработен юрган или антично легло	f naj dɔbritɛ takiva zavɛdɛnija sɤɔtvɛtnɔ t͡ʃɔvɛk mɔʒɛ da namɛri naj ɫuksɔznɔtɔ spaɫnɔ bɛlʲɔ mɔʒɛ bi rɤt͡ʃnɔ izrabɔtɛn jurɡan ili antit͡ʃnɔ lɛɡɫɔ
в къщите на минойските градове крит и санторини в гърция бяха открити останки от канализационни системи	f kɤʃtitɛ na minɔjskitɛ ɡradɔvɛ krit i santɔrini f ɡɤrt͡sija bʲaxa ɔtkriti ɔstaŋki ɔt kanalizat͡siɔnni sistɛmi
когато се прибирате у дома след като сте живели в чужбина където сте се адаптирали към новата там култура сте загубили някои от навиците си от културата у дома	kɔɡatɔ sɛ pribiratɛ u dɔma slɛt katɔ stɛ ʒivɛli f t͡ʃuʒbina kɤdɛtɔ stɛ sɛ adaptirali kɤm nɔvata tam kuɫtura stɛ zaɡubili nʲakɔi ɔt navit͡sitɛ si ɔt kuɫturata u dɔma
в исторически план повечето фермери са се занимавали със земеделие за препитание и това все още важи за много развиващи се страни	f istɔrit͡ʃɛski pɫan pɔvɛt͡ʃɛtɔ fɛrmɛri sa sɛ zanimavali sɤs zɛmɛdɛliɛ za prɛpitaniɛ i tɔva fsɛ ɔʃtɛ vaʒi za mnɔɡɔ razvivaʃti sɛ strani
азотът в газообразно състояние все така има същите свойства като течния азот. течното състояние е по - плътно но молекулите са си същите	azɔtɤt f ɡazɔɔbraznɔ sɤstɔjaniɛ fsɛ taka ima sɤʃtitɛ svɔjstva katɔ tɛt͡ʃnija azɔt . tɛt͡ʃnɔtɔ sɤstɔjaniɛ ɛ pɔ pɫɤtnɔ nɔ mɔlɛkulitɛ sa si sɤʃtitɛ
на островите чатам имало и друго племе - маорите които мигрирали далеч от нова зеландия	na ɔstrɔvitɛ t͡ʃatam imaɫɔ i druɡɔ plɛmɛ maɔritɛ kɔitɔ miɡrirali dalɛt͡ʃ ɔt nɔva zɛɫandija
участниците в редовната активност имаха нужда от повече подкрепа по отношение на отрицателното възприемане на болката за разграничаване на хроничната болка от усещането за дискомфорт при нормалното физическо движение	ut͡ʃastnit͡sitɛ f rɛdɔvnata aktivnɔst imaxa nuʒda ɔt pɔvɛt͡ʃɛ pɔtkrɛpa pɔ ɔtnɔʃɛniɛ na ɔtrit͡satɛɫnɔtɔ vɤspriɛmanɛ na bɔɫkata za razɡranit͡ʃavanɛ na xrɔnit͡ʃnata bɔɫka ɔt usɛʃtanɛtɔ za diskɔmfɔrt pri nɔrmaɫnɔtɔ fizit͡ʃɛskɔ dviʒɛniɛ
ямата се нагрява или с нагорещени в огън камъни или някъде геотермалната топлина прави земята естествено гореща	jamata sɛ naɡrʲava ili s naɡɔrɛʃtɛni f ɔɡɤn kamɤni ili nʲakɤdɛ ɡɛɔtɛrmaɫnata tɔplina pravi zɛmʲata ɛstɛstvɛnɔ ɡɔrɛʃta
градът е разположен непосредствено до водопадите които са основната атракция но тази популярна туристическа дестинация предлага много възможности за по-дълъг престой и на туристите и на авантюристите	ɡradɤt ɛ raspɔɫɔʒɛn nɛpɔsrɛtstvɛnɔ dɔ vɔdɔpaditɛ kɔitɔ sa ɔsnɔvnata atrakt͡sija nɔ tazi pɔpulʲarna turistit͡ʃɛska dɛstinat͡sija prɛdɫaɡa mnɔɡɔ vɤzmɔʒnɔsti za pɔ dɤɫɤk prɛstɔj i na turistitɛ i na avantʲuristitɛ
"сирипорн беше цитиран на пресконферениця че благодари на онези подкрепили затворник като него	siripɔrn bɛʃɛ t͡sitiran na prɛskɔnfɛrɛnit͡sʲa t͡ʃɛ bɫaɡɔdari na ɔnɛzi pɔtkrɛpili zatvɔrnik katɔ nɛɡɔ
този вид мислене се асоциира с определени стандартни процедури или такива в науката	tɔzi vit mislɛnɛ sɛ asɔt͡siira s ɔprɛdɛlɛni standartni prɔt͡sɛduri ili takiva f naukata
при хората са известни по-малко от хиляда случая но някои от тях са били фатални	pri xɔrata sa izvɛstni pɔ maɫkɔ ɔt xilʲada sɫut͡ʃaja nɔ nʲakɔi ɔt tʲax sa bili fataɫni
миналата година през януари 2017 година 21 - годишният исус се присъедини към манчестър сити от бразилския клуб палмейрас  срещу оповестена трансферна такса от 27 милиона британски лири	minaɫata ɡɔdina prɛs januari dvɛ xilʲadi i sɛdɛmnajsɛt ɡɔdina dvajsɛt i ɛdnɔ ɡɔdiʃnijat isus sɛ prisɤɛdini kɤm mant͡ʃɛstɤr siti ɔt braziɫskija kɫup paɫmɛjras srɛʃtu ɔpɔvɛstɛna transfɛrna taksa ɔt dvajsɛt i sɛdɛm miliɔna britanski liri
остров боуен е популярно място за екскурзия за един ден или уикенда като предлага каяк туризъм магазини ресторанти и други	ɔstrɔf bɔuɛn ɛ pɔpulʲarnɔ mʲastɔ za ɛkskurzija za ɛdin dɛn ili uikɛnda katɔ prɛdɫaɡa kajak turizɤm maɡazini rɛstɔranti i druɡi
всъщност няма и едно добро нещо за научаване. ученето става чрез опита между ученика и представеното знание	fsɤʃtnɔst nʲama i ɛdnɔ dɔbrɔ nɛʃtɔ za naut͡ʃavanɛ . ut͡ʃɛnɛtɔ stava t͡ʃrɛs ɔpita mɛʒdu ut͡ʃɛnika i prɛtstavɛnɔtɔ znaniɛ
посещението фотографирането и изучаването на орангутани в борнео са примери за това	pɔsɛʃtɛniɛtɔ fɔtɔɡrafiranɛtɔ i izut͡ʃavanɛtɔ na ɔraŋɡutani f bɔrnɛɔ sa primɛri za tɔva
сега за япония. също като великобритания япония е била островна държава	sɛɡa za japɔnija . sɤʃtɔ katɔ vɛlikɔbritanija japɔnija ɛ biɫa ɔstrɔvna dɤrʒava
следващата снимка показва излъчващи фотони атоми. в действителност разбира се фотоните са много по - малки от тези на снимката	slɛdvaʃtata snimka pɔkazva izɫɤt͡ʃvaʃti fɔtɔni atɔmi . f dɛjstvitɛɫnɔst razbira sɛ fɔtɔnitɛ sa mnɔɡɔ pɔ maɫki ɔt tɛzi na snimkata
всички поданици на ватикана са католици	fsit͡ʃki pɔdanit͡si na vatikana sa katɔlit͡si
това ни предоставя много информация и материали за изграждане на симулационни модели които ни помагат да разберем процесите в нашето съзнание	tɔva ni prɛdɔstavʲa mnɔɡɔ infɔrmat͡sija i matɛriali za izɡraʒdanɛ na simuɫat͡siɔnni mɔdɛli kɔitɔ ni pɔmaɡat da razbɛrɛm prɔt͡sɛsitɛ f naʃɛtɔ sɤznaniɛ
в този случай това което помогна на хората да бъдат отворени за нови промени и нови насоки за местната църква беше припомнянето на предишните случаи на предприемаческо поведение и постигнати успехи	f tɔzi sɫut͡ʃaj tɔva kɔɛtɔ pɔmɔɡna na xɔrata da bɤdat ɔtvɔrɛni za nɔvi prɔmɛni i nɔvi nasɔki za mɛstnata t͡sɤrkva bɛʃɛ pripɔmnʲanɛtɔ na prɛdiʃnitɛ sɫut͡ʃai na prɛtpriɛmat͡ʃɛskɔ pɔvɛdɛniɛ i pɔstiɡnati uspɛxi
има и учени които спорят че тези растения са много отровни и е малко вероятно който и да е динозавър да ги е ядял въпреки че в наши дни ленивците и други животни като папагала потомък на динозаврите могат да ядат отровни листа или плодове	ima i ut͡ʃɛni kɔitɔ spɔrʲat t͡ʃɛ tɛzi rastɛnija sa mnɔɡɔ ɔtrɔvni i ɛ maɫkɔ vɛrɔjatnɔ kɔjtɔ i da ɛ dinɔzavɤr da ɡi ɛ jadʲaɫ vɤprɛki t͡ʃɛ f naʃi dni lɛnift͡sitɛ i druɡi ʒivɔtni katɔ papaɡaɫa pɔtɔmɤk na dinɔzavritɛ mɔɡat da jadat ɔtrɔvni lista ili pɫɔdɔvɛ
има много различни формати на филм които са били използвани през годините. стандартният 35 mm филм негатив 36 на 24 mm е най-разпространеният от тях	ima mnɔɡɔ razlit͡ʃni fɔrmati na fiɫm kɔitɔ sa bili ispɔɫzvani prɛs ɡɔdinitɛ . standartnijat trijsɛt i pɛt milimɛtra fiɫm nɛɡatif trijsɛt i ʃɛst na dvajsɛt i t͡ʃɛtiri milimɛtra ɛ naj rasprɔstranɛnijat ɔt tʲax
точно в 8:46 сутринта тишина се спусна над града като отбеляза точния момент в който първият самолет уцели мишената си	tɔt͡ʃnɔ f ɔsɛm t͡ʃɛtirijsɛt i ʃɛst sutrinta tiʃina sɛ spusna nat ɡrada katɔ ɔdbɛlʲaza tɔt͡ʃnija mɔmɛnt f kɔjtɔ pɤrvijat samɔlɛt ut͡sɛli miʃɛnata si
повечето са включили хора които работят с домашни птици но също така има малък риск и за наблюдателите на птици	pɔvɛt͡ʃɛtɔ sa fklʲut͡ʃili xɔra kɔitɔ rabɔtʲat s dɔmaʃni ptit͡si nɔ sɤʃtɔ taka ima maɫɤk risk i za nablʲudatɛlitɛ na ptit͡si
със сигурност ще се намокриш ако пресечеш моста или вървиш по пътеките криволичещи около водопада	sɤs siɡurnɔst ʃtɛ sɛ namɔkriʃ akɔ prɛsɛt͡ʃɛʃ mɔsta ili vɤrviʃ pɔ pɤtɛkitɛ krivɔlit͡ʃɛʃti ɔkɔɫɔ vɔdɔpada
туристическите агенти често имат договорки с определени хотели въпреки че може да намерите и други начини на настаняване като къмпинги чрез туристически агент	turistit͡ʃɛskitɛ aɡɛnti t͡ʃɛstɔ imat dɔɡɔvɔrki s ɔprɛdɛlɛni xɔtɛli vɤprɛki t͡ʃɛ mɔʒɛ da namɛritɛ i druɡi nat͡ʃini na nastanʲavanɛ katɔ kɤmpiŋɡi t͡ʃrɛs turistit͡ʃɛski aɡɛnt
крушката трябва да се смени след това. трябва да внимавате при смяна на електрическата крушка	kruʃkata trʲabva da sɛ smɛni slɛt tɔva . trʲabva da vnimavatɛ pri smʲana na ɛlɛktrit͡ʃɛskata kruʃka
през последните 20 години броят лесно разбираеми за децата опции в uptown charlotte нарасна експоненциално	prɛs pɔslɛdnitɛ dvajsɛt ɡɔdini brɔjat lɛsnɔ razbiraɛmi za dɛt͡sata ɔpt͡sii f ˈʌptˈaᶷn ʃˈɑːɹlət narasna ɛkspɔnɛnt͡siaɫnɔ
червеният прилив се дължи на концентрация на karenia brevis естествено срещащ се едноклетъчен морски организъм по - висока от нормалната	t͡ʃɛrvɛnijat prilif sɛ dɤɫʒi na kɔnt͡sɛntrat͡sija na kʰɛɹˈiːniʲə bɹˈɛvɪs ɛstɛstvɛnɔ srɛʃtaʃt sɛ ɛdnɔklɛtɤt͡ʃɛn mɔrski ɔrɡanizɤm pɔ visɔka ɔt nɔrmaɫnata
дори в най-горещите пустини може да стане изключително студено през нощта. хипотермията е реална опасност ако липсват топли дрехи	dɔri f naj ɡɔrɛʃtitɛ pustini mɔʒɛ da stanɛ isklʲut͡ʃitɛɫnɔ studɛnɔ prɛs nɔʃtta . xipɔtɛrmijata ɛ rɛaɫna ɔpasnɔst akɔ lipsvat tɔpli drɛxi
въпреки че може да не ви е необходима виза за кратки посещения в някои държави като турист или по работа отиването там като международен студент обикновено изисква по-дълъг престой от отиването като обикновен турист	vɤprɛki t͡ʃɛ mɔʒɛ da nɛ vi ɛ nɛɔpxɔdima viza za kratki pɔsɛʃtɛnija f nʲakɔi dɤrʒavi katɔ turist ili pɔ rabɔta ɔtivanɛtɔ tam katɔ mɛʒdunarɔdɛn studɛnt ɔbiknɔvɛnɔ iziskva pɔ dɤɫɤk prɛstɔj ɔt ɔtivanɛtɔ katɔ ɔbiknɔvɛn turist
американската федерация по гимнастика подкрепя независимо разследване което би могло да хвърли светлина върху това как една такава злоупотреба с тези размери описана толкова смело от жертвите на лари насар би могла да остане незабелязана толкова дълго и приема всички необходими и подходящи промени	amɛrikanskata fɛdɛrat͡sija pɔ ɡimnastika pɔtkrɛpʲa nɛzavisimɔ rasslɛdvanɛ kɔɛtɔ bi mɔɡɫɔ da xvɤrli svɛtlina vɤrxu tɔva kak ɛdna takava zɫɔupɔtrɛba s tɛzi razmɛri ɔpisana tɔɫkɔva smɛɫɔ ɔt ʒɛrtvitɛ na ɫari nasar bi mɔɡɫa da ɔstanɛ nɛzabɛlʲazana tɔɫkɔva dɤɫɡɔ i priɛma fsit͡ʃki nɛɔpxɔdimi i pɔtxɔdʲaʃti prɔmɛni
докато властите не са сигурни в сериозността на заплахата транспортните власти на мериленд завършиха с призив от фбр	dɔkatɔ vɫastitɛ nɛ sa siɡurni f sɛriɔznɔsta na zapɫaxata transpɔrtnitɛ vɫasti na mɛrilɛnt zavɤrʃixa s prizif ɔt vbr
от националният център за урагани nhc съобщиха че ураганът джери не представлява заплаха за сушата	ɔt nat͡siɔnaɫnijat t͡sɛntɤr za uraɡani ˈɛneᶦt͡ʃsˌiː sɤɔpʃtixa t͡ʃɛ uraɡanɤt dʒɛri nɛ prɛtstavlʲava zapɫaxa za suʃata
предполага се че алън един от най-богатите хора в света е инвестирал голяма част от богатството си в морски изследвания и търсенето на мусаши е породено от отдавнашния му интерес към войната	prɛtpɔɫaɡa sɛ t͡ʃɛ aɫɤn ɛdin ɔt naj bɔɡatitɛ xɔra f svɛta ɛ invɛstiraɫ ɡɔlʲama t͡ʃast ɔt bɔɡatstvɔtɔ si f mɔrski isslɛdvanija i tɤrsɛnɛtɔ na musaʃi ɛ pɔrɔdɛnɔ ɔt ɔdavnaʃnija mu intɛrɛs kɤm vɔjnata
ако искате да видите света евтино поради необходимост заради начина си на живот или като предизвикателство има няколко начина да направите това	akɔ iskatɛ da viditɛ svɛta ɛftinɔ pɔradi nɛɔpxɔdimɔst zaradi nat͡ʃina si na ʒivɔt ili katɔ prɛdizvikatɛɫstvɔ ima nʲakɔɫkɔ nat͡ʃina da napravitɛ tɔva
хостел се срути в мека свещеният ислямски град около 10 часа местно време тази сутрин	xɔstɛɫ sɛ sruti f mɛka svɛʃtɛnijat islʲamski ɡrat ɔkɔɫɔ dɛsɛt t͡ʃasa mɛstnɔ vrɛmɛ tazi sutrin
рамките за висококачествени търговски марки предлагани в такива райони може да имат два проблема: някои могат да бъдат ментета а истинските вносни може да са по - скъпи отколкото у дома	ramkitɛ za visɔkɔkat͡ʃɛstvɛni tɤrɡɔfski marki prɛdɫaɡani f takiva rajɔni mɔʒɛ da imat dva prɔblɛma , nʲakɔi mɔɡat da bɤdat mɛntɛta a istinskitɛ vnɔsni mɔʒɛ da sa pɔ skɤpi ɔtkɔɫkɔtɔ u dɔma
балансът на силите беше система в която европейските държави се стремяха да запазят националния суверенитет на всички европейски държави	baɫansɤt na silitɛ bɛʃɛ sistɛma f kɔjatɔ ɛvrɔpɛjskitɛ dɤrʒavi sɛ strɛmʲaxa da zapazʲat nat͡siɔnaɫnija suvɛrɛnitɛt na fsit͡ʃki ɛvrɔpɛjski dɤrʒavi
два светлинни лъча са били фиксирани за през нощта да сочат към небето	dva svɛtlinni ɫɤt͡ʃa sa bili fiksirani za prɛs nɔʃtta da sɔt͡ʃat kɤm nɛbɛtɔ
макар че повечето от храната им ни е известна римляните са имали и доста странни или необичайни деликатеси включително глигани пауни охлюви и вид гризачи наречени сънливци	makar t͡ʃɛ pɔvɛt͡ʃɛtɔ ɔt xranata im ni ɛ izvɛstna rimlʲanitɛ sa imali i dɔsta stranni ili nɛɔbit͡ʃajni dɛlikatɛsi fklʲut͡ʃitɛɫnɔ ɡliɡani pauni ɔxlʲuvi i vit ɡrizat͡ʃi narɛt͡ʃɛni sɤnlift͡si
х. к. мениджмънт инк  мениджърската фирма на състава не даде първоначална причина за отменянето на 20 септември но на следващия ден изтъкна логистични причини	x . k . mɛnidʒmɤnt iŋk mɛnidʒɤrskata firma na sɤstava nɛ dadɛ pɤrvɔnat͡ʃaɫna prit͡ʃina za ɔtmɛnʲanɛtɔ na dvajsɛt sɛptɛmvri nɔ na slɛdvaʃtija dɛn istɤkna ɫɔɡistit͡ʃni prit͡ʃini
езерото онега е свързано с волга така че преминаването от каспийско море през русия все още е възможно	ɛzɛrɔtɔ ɔnɛɡa ɛ svɤrzanɔ s vɔɫɡa taka t͡ʃɛ prɛminavanɛtɔ ɔt kaspijskɔ mɔrɛ prɛs rusija fsɛ ɔʃtɛ ɛ vɤzmɔʒnɔ
въпреки че всяка от страните беше скандинавска  между народите кралете обичаите и историята на швеция норвегия дания и исландия имаше много различия	vɤprɛki t͡ʃɛ fsʲaka ɔt stranitɛ bɛʃɛ skandinafska mɛʒdu narɔditɛ kralɛtɛ ɔbit͡ʃaitɛ i istɔrijata na ʃvɛt͡sija nɔrvɛɡija danija i isɫandija imaʃɛ mnɔɡɔ razlit͡ʃija
случайни специализирани въздушни обиколки тръгват по суша за алпинизъм или за отиване до полюса на който има голяма база	sɫut͡ʃajni spɛt͡sializirani vɤzduʃni ɔbikɔɫki trɤɡvat pɔ suʃa za aɫpinizɤm ili za ɔtivanɛ dɔ pɔlʲusa na kɔjtɔ ima ɡɔlʲama baza
по територия турция е 37-ата по големина страна в света и е с размерите на градска франция и обединеното кралство взети заедно	pɔ tɛritɔrija turt͡sija ɛ trijsɛt i sɛdɛm ata pɔ ɡɔlɛmina strana f svɛta i ɛ s razmɛritɛ na ɡratska frant͡sija i ɔbɛdinɛnɔtɔ kraɫstvɔ vzɛti zaɛdnɔ
малките култури често изчезват без да оставят съответните исторически доказателства за съществуването си и поради това не успяват да бъдат разпознати като истински цивилизации	maɫkitɛ kuɫturi t͡ʃɛstɔ iʃt͡ʃɛzvat bɛs da ɔstavʲat sɤɔtvɛtnitɛ istɔrit͡ʃɛski dɔkazatɛɫstva za sɤʃtɛstvuvanɛtɔ si i pɔradi tɔva nɛ uspʲavat da bɤdat raspɔznati katɔ istinski t͡sivilizat͡sii
все пак през 991 г. етелред се изправя срещу викингски флот по-голям от всеки друг от времето на гутрум век по-рано	fsɛ pak prɛs dɛvɛtstɔtin dɛvɛdɛsɛt i ɛdnɔ ɡɔdina ɛtɛɫrɛt sɛ ispravʲa srɛʃtu vikiŋkski fɫɔt pɔ ɡɔlʲam ɔt fsɛki druk ɔt vrɛmɛtɔ na ɡutrum vɛk pɔ ranɔ
като използват интернет и световната мрежа учащите имат достъп до информация по всяко време	katɔ ispɔɫzvat intɛrnɛt i svɛtɔvnata mrɛʒa ut͡ʃaʃtitɛ imat dɔstɤp dɔ infɔrmat͡sija pɔ fsʲakɔ vrɛmɛ
традиционният средновековен замък отдавна вдъхновява въображението извиквайки в съзнанието изображения на турнири пиршества и рицарския дух на крал артур	tradit͡siɔnnijat srɛdnɔvɛkɔvɛn zamɤk ɔdavna vdɤxnɔvʲava vɤɔbraʒɛniɛtɔ izvikvajki f sɤznaniɛtɔ izɔbraʒɛnija na turniri pirʃɛstva i rit͡sarskija dux na kraɫ artur
затворът придоби лоша слава след като там бе открито малтретиране на затворници след като американските сили поеха контрола	zatvɔrɤt pridɔbi ɫɔʃa sɫava slɛt katɔ tam bɛ ɔtkritɔ maɫtrɛtiranɛ na zatvɔrnit͡si slɛt katɔ amɛrikanskitɛ sili pɔɛxa kɔntrɔɫa
една клетка е най - малкото структурно и функционално звено на живия организъм	ɛdna klɛtka ɛ naj maɫkɔtɔ strukturnɔ i fuŋkt͡siɔnaɫnɔ zvɛnɔ na ʒivija ɔrɡanizɤm
преди няколко седмици след като информацията оповестена от журналиста макис триантафилопулос в популярното му телевизионно предаване zoungla  по алфа тв депутатът и адвокат петрос мантувалос се отказа от поста си тъй като членове на неговото министерство бяха замесени в незаконни подкупи и корупция	prɛdi nʲakɔɫkɔ sɛdmit͡si slɛt katɔ infɔrmat͡sijata ɔpɔvɛstɛna ɔt ʒurnalista makis triantafiɫɔpuɫɔs f pɔpulʲarnɔtɔ mu tɛlɛviziɔnnɔ prɛdavanɛ zˈaᶷŋlɑː pɔ aɫfa tf dɛputatɤt i advɔkat pɛtrɔs mantuvaɫɔs sɛ ɔtkaza ɔt pɔsta si tɤj katɔ t͡ʃlɛnɔvɛ na nɛɡɔvɔtɔ ministɛrstvɔ bʲaxa zamɛsɛni f nɛzakɔnni pɔtkupi i kɔrupt͡sija
тези изисквания могат често да са в зависимост от държавите които пътуващият е посетил или има намерение да посети	tɛzi iziskvanija mɔɡat t͡ʃɛstɔ da sa f zavisimɔst ɔt dɤrʒavitɛ kɔitɔ pɤtuvaʃtijat ɛ pɔsɛtiɫ ili ima namɛrɛniɛ da pɔsɛti
ванда мис хоаким хибридна орхидея е избрана за национално цвете на страната през 1981 г	vanda mis xɔakim xibridna ɔrxidɛja ɛ izbrana za nat͡siɔnaɫnɔ t͡svɛtɛ na stranata prɛs xilʲada dɛvɛtstɔtin ɔsɛmdɛsɛt i ɛdnɔ ɡrama
отломките се проследяват от стратегическото командване на министерството на отбраната на сащ	ɔtɫɔmkitɛ sɛ prɔslɛdʲavat ɔt stratɛɡit͡ʃɛskɔtɔ kɔmandvanɛ na ministɛrstvɔtɔ na ɔdbranata na saʃt
доказателствата предоставени впоследствие сочат че тестовете са били фалшифицирани от хол който заедно с 34 други служители в сферата на образованието получи обвинение през 2013 година	dɔkazatɛɫstvata prɛdɔstavɛni fpɔslɛtstviɛ sɔt͡ʃat t͡ʃɛ tɛstɔvɛtɛ sa bili faɫʃifit͡sirani ɔt xɔɫ kɔjtɔ zaɛdnɔ s trijsɛt i t͡ʃɛtiri druɡi sɫuʒitɛli f sfɛrata na ɔbrazɔvaniɛtɔ pɔɫut͡ʃi ɔbvinɛniɛ prɛs dvɛ xilʲadi i trinajsɛt ɡɔdina
модерното образование го обвини в отпечатване на големи реклами на автобуси без разрешение и лъжа като казва че той бил главният учител по английски език	mɔdɛrnɔtɔ ɔbrazɔvaniɛ ɡɔ ɔbvini f ɔtpɛt͡ʃatvanɛ na ɡɔlɛmi rɛkɫami na aftɔbusi bɛs razrɛʃɛniɛ i ɫɤʒa katɔ kazva t͡ʃɛ tɔj biɫ ɡɫavnijat ut͡ʃitɛɫ pɔ aŋɡlijski ɛzik
тези които са готови да жертват комфорт време и предвидимост за да сведат разходите почти до нула могат да видят пътуванията с минимален бюджет	tɛzi kɔitɔ sa ɡɔtɔvi da ʒɛrtvat kɔmfɔrt vrɛmɛ i prɛdvidimɔst za da svɛdat rasxɔditɛ pɔt͡ʃti dɔ nuɫa mɔɡat da vidʲat pɤtuvanijata s minimalɛn bʲudʒɛt
те се наричаха мориори. имаше няколко схватки и накрая мориорите бяха унищожени	tɛ sɛ narit͡ʃaxa mɔriɔri . imaʃɛ nʲakɔɫkɔ sxvatki i nakraja mɔriɔritɛ bʲaxa uniʃtɔʒɛni
те се формират в началото като фунии спускащи се от буреносни облаци и когато докоснат земята се превръщат в торнада	tɛ sɛ fɔrmirat f nat͡ʃaɫɔtɔ katɔ funii spuskaʃti sɛ ɔt burɛnɔsni ɔbɫat͡si i kɔɡatɔ dɔkɔsnat zɛmʲata sɛ prɛvrɤʃtat f tɔrnada
д - р ехуд ур професор по медицина в университета далхаузи  в халифакс нова скотия и председател на клиничния и научен отдел на канадската асоциация за диабет предупреди че изследването все още е в началото си	t r ɛxut ur prɔfɛsɔr pɔ mɛdit͡sina f univɛrsitɛta daɫxauzi f xalifaks nɔva skɔtija i prɛtsɛdatɛɫ na klinit͡ʃnija i naut͡ʃɛn ɔdɛɫ na kanatskata asɔt͡siat͡sija za diabɛt prɛduprɛdi t͡ʃɛ isslɛdvanɛtɔ fsɛ ɔʃtɛ ɛ f nat͡ʃaɫɔtɔ si
търсеният от екипа ефект би бил причинен от приливните сили между тъмната материя на галактиката и тази на млечния път	tɤrsɛnijat ɔt ɛkipa ɛfɛkt bi biɫ prit͡ʃinɛn ɔt prilivnitɛ sili mɛʒdu tɤmnata matɛrija na ɡaɫaktikata i tazi na mlɛt͡ʃnija pɤt
също така бактериите растат по - бързо и оцеляват по - дълго извън тялото при по - топъл климат	sɤʃtɔ taka baktɛriitɛ rastat pɔ bɤrzɔ i ɔt͡sɛlʲavat pɔ dɤɫɡɔ izvɤn tʲaɫɔtɔ pri pɔ tɔpɤɫ klimat
ричард вирман говорителят на лекари без граници  каза: ангола се е запътила към най - тежката си епидемия досега и ситуацията там остава много лоша	rit͡ʃart virman ɡɔvɔritɛlʲat na lɛkari bɛs ɡranit͡si kaza , aŋɡɔɫa sɛ ɛ zapɤtiɫa kɤm naj tɛʃkata si ɛpidɛmija dɔsɛɡa i situat͡sijata tam ɔstava mnɔɡɔ ɫɔʃa
често трябва отделно да купите глобален номер който позволява на pstn телефони да ви набират. за хората които ви се обаждат е от значение откъде е номерът	t͡ʃɛstɔ trʲabva ɔdɛɫnɔ da kupitɛ ɡɫɔbalɛn nɔmɛr kɔjtɔ pɔzvɔlʲava na pʰiːʲˈɛstiːʲˌɛn tɛlɛfɔni da vi nabirat . za xɔrata kɔitɔ vi sɛ ɔbaʒdat ɛ ɔt znat͡ʃɛniɛ ɔtkɤdɛ ɛ nɔmɛrɤt
за някои хора разбирането на начина по който работят въздухоплавателните средства както и случващото се по време на полет може да помогне за преодоляване на страх който се основава на неизвестното или на липсата на контрол	za nʲakɔi xɔra razbiranɛtɔ na nat͡ʃina pɔ kɔjtɔ rabɔtʲat vɤzduxɔpɫavatɛɫnitɛ srɛtstva kaktɔ i sɫut͡ʃvaʃtɔtɔ sɛ pɔ vrɛmɛ na pɔlɛt mɔʒɛ da pɔmɔɡnɛ za prɛɔdɔlʲavanɛ na strax kɔjtɔ sɛ ɔsnɔvava na nɛizvɛstnɔtɔ ili na lipsata na kɔntrɔɫ
сикхската религия е от индийския субконтинент. произхожда през 15 век от региона пунджаб  от сектантско разделение в хиндуистката традиция	sikxskata rɛliɡija ɛ ɔt indijskija supkɔntinɛnt . prɔisxɔʒda prɛs pɛtnajsɛt vɛk ɔt rɛɡiɔna pundʒap ɔt sɛktantskɔ razdɛlɛniɛ f xinduiskata tradit͡sija
според парковите органи от мечки и вълци стойте на поне 100 ярда/метра а от всички други диви животни на 25 ярда/метра!	spɔrɛt parkɔvitɛ ɔrɡani ɔt mɛt͡ʃki i vɤɫt͡si stɔjtɛ na pɔnɛ stɔ jarda mɛtra a ɔt fsit͡ʃki druɡi divi ʒivɔtni na dvajsɛt i pɛt jarda mɛtra !
при катастрофа на полицейски хеликоптер по - рано тази седмица загинаха трима души а други трима бяха ранени	pri katastrɔfa na pɔlit͡sɛjski xɛlikɔptɛr pɔ ranɔ tazi sɛdmit͡sa zaɡinaxa trima duʃi a druɡi trima bʲaxa ranɛni
днес в общността на ред лейк докато се провеждаха погребенията на джеф уайз и три от деветте жертви изтече новина че друг ученик е бил арестуван във връзка със стрелбата в училище на 21 март	dnɛs f ɔpʃtnɔsta na rɛt lɛjk dɔkatɔ sɛ prɔvɛʒdaxa pɔɡrɛbɛnijata na dʒɛf uajs i tri ɔt dɛvɛtɛ ʒɛrtvi istɛt͡ʃɛ nɔvina t͡ʃɛ druk ut͡ʃɛnik ɛ biɫ arɛstuvan vɤf vrɤska sɤs strɛɫbata f ut͡ʃiliʃtɛ na dvajsɛt i ɛdnɔ mart
за възникването на нов вид птици на еквадорските острови галапагос съобщава изследване публикувано в четвъртък в списание наука	za vɤznikvanɛtɔ na nɔf vit ptit͡si na ɛkvadɔrskitɛ ɔstrɔvi ɡaɫapaɡɔs sɤɔpʃtava isslɛdvanɛ publikuvanɔ f t͡ʃɛtvɤrtɤk f spisaniɛ nauka
ръководителят на совалката на наса – н. уейн хейл младши каза че пяната се е спуснала след времето за което става въпрос	rɤkɔvɔditɛlʲat na sɔvaɫkata na nasa n . uɛjn xɛjɫ mɫatʃi kaza t͡ʃɛ pʲanata sɛ ɛ spusnaɫa slɛt vrɛmɛtɔ za kɔɛtɔ stava vɤprɔs
с участието на райън гослинг и ема стоун филмът получи номинации във всички главни категории	s ut͡ʃastiɛtɔ na rajɤn ɡɔsliŋk i ɛma stɔun fiɫmɤt pɔɫut͡ʃi nɔminat͡sii vɤf fsit͡ʃki ɡɫavni katɛɡɔrii
твърди се че мъжът е врязал в тълпата триколесен автомобил зареден с експлозиви	tvɤrdi sɛ t͡ʃɛ mɤʒɤt ɛ vrʲazaɫ f tɤɫpata trikɔlɛsɛn aftɔmɔbiɫ zarɛdɛn s ɛkspɫɔzivi
при хората са известни по-малко от хиляда случая но някои от тях са били фатални	pri xɔrata sa izvɛstni pɔ maɫkɔ ɔt xilʲada sɫut͡ʃaja nɔ nʲakɔi ɔt tʲax sa bili fataɫni
много екзотични животни трудно се намират а понякога в парковете имат правила за правене на снимки с търговска цел	mnɔɡɔ ɛɡzɔtit͡ʃni ʒivɔtni trudnɔ sɛ namirat a pɔnʲakɔɡa f parkɔvɛtɛ imat praviɫa za pravɛnɛ na snimki s tɤrɡɔfska t͡sɛɫ
въпреки че повечето други страни и оон не признават йерусалим за столица той е столицата и най-големият град на израел	vɤprɛki t͡ʃɛ pɔvɛt͡ʃɛtɔ druɡi strani i ɔɔn nɛ priznavat jɛrusalim za stɔlit͡sa tɔj ɛ stɔlit͡sata i naj ɡɔlɛmijat ɡrat na izraɛɫ
с приземяванията в деня д и последващите битки северна франция беше освободена но югът все още не беше свободен	s prizɛmʲavanijata f dɛnʲa t i pɔslɛdvaʃtitɛ bitki sɛvɛrna frant͡sija bɛʃɛ ɔsvɔbɔdɛna nɔ juɡɤt fsɛ ɔʃtɛ nɛ bɛʃɛ svɔbɔdɛn
играчът който поема най-малкото удари или махове с бухалката за да завърши пистата печели	iɡrat͡ʃɤt kɔjtɔ pɔɛma naj maɫkɔtɔ udari ili maxɔvɛ s buxaɫkata za da zavɤrʃi pistata pɛt͡ʃɛli
останките предизвикаха валежи на повечето острови но до момента не се съобщава за щети или наводнения	ɔstaŋkitɛ prɛdizvikaxa valɛʒi na pɔvɛt͡ʃɛtɔ ɔstrɔvi nɔ dɔ mɔmɛnta nɛ sɛ sɤɔpʃtava za ʃtɛti ili navɔdnɛnija
джон грант от wned buffalo детското телевизионно предаване четене под дъгата  каза: предаването четене под дъгата  учеше децата защо трябва да четат,... любовта към четенето – [предаването] насърчаваше децата да вземат книга и да четат.	dʒɔn ɡrant ɔt wnˈɛd bˈʌfəlˌoᶷ dɛtskɔtɔ tɛlɛviziɔnnɔ prɛdavanɛ t͡ʃɛtɛnɛ pɔt dɤɡata kaza , prɛdavanɛtɔ t͡ʃɛtɛnɛ pɔt dɤɡata ut͡ʃɛʃɛ dɛt͡sata zaʃtɔ trʲabva da t͡ʃɛtat . lʲubɔfta kɤm t͡ʃɛtɛnɛtɔ prɛdavanɛtɔ nasɤrt͡ʃavaʃɛ dɛt͡sata da vzɛmat kniɡa i da t͡ʃɛtat .
ако са изпратили неща с въздушен транспорт по някои маршрути разтоварването и преминаването през митниците може да отнеме дни	akɔ sa ispratili nɛʃta s vɤzduʃɛn transpɔrt pɔ nʲakɔi marʃruti rastɔvarvanɛtɔ i prɛminavanɛtɔ prɛs mitnit͡sitɛ mɔʒɛ da ɔtnɛmɛ dni
на 16 февруари хюхн и прайс трябва да се явят в съда на магистратите в уестминстър	na ʃɛstnajsɛt fɛvruari xʲuxn i prajs trʲabva da sɛ javʲat f sɤda na maɡistratitɛ f uɛstminstɤr
най-разпространената причина за инциденти през зимата са хлъзгавите пътища тротоарите и най-вече стъпалата	naj rasprɔstranɛnata prit͡ʃina za int͡sidɛnti prɛs zimata sa xɫɤzɡavitɛ pɤtiʃta trɔtɔaritɛ i naj vɛt͡ʃɛ stɤpaɫata
докато все още удряте правилно всички ноти уверете се че ръката ви е възможно най - отпусната; също така се опитайте да не правите много неприсъщи движения с пръстите си	dɔkatɔ fsɛ ɔʃtɛ udrʲatɛ praviɫnɔ fsit͡ʃki nɔti uvɛrɛtɛ sɛ t͡ʃɛ rɤkata vi ɛ vɤzmɔʒnɔ naj ɔtpusnata , sɤʃtɔ taka sɛ ɔpitajtɛ da nɛ pravitɛ mnɔɡɔ nɛprisɤʃti dviʒɛnija s prɤstitɛ si
и докато икономиката на сан франциско е свързвана с факта че той е туристическа атракция от световна класа тази икономика е диверсифицирана	i dɔkatɔ ikɔnɔmikata na san frant͡siskɔ ɛ svɤrzvana s fakta t͡ʃɛ tɔj ɛ turistit͡ʃɛska atrakt͡sija ɔt svɛtɔvna kɫasa tazi ikɔnɔmika ɛ divɛrsifit͡sirana
при играта на голф играчите използват стикове за да удрят топките към дупки	pri iɡrata na ɡɔɫf iɡrat͡ʃitɛ ispɔɫzvat stikɔvɛ za da udrʲat tɔpkitɛ kɤm dupki
законопроектът изисква видеоигрите продавани в щата калифорния които съдържат насилие да бъдат обозначени с надпис 18 а продажбата им на непълнолетни лица да се наказва с глоба от 1000 долара за всяко нарушение	zakɔnɔprɔɛktɤt iziskva vidɛɔiɡritɛ prɔdavani f ʃtata kalifɔrnija kɔitɔ sɤdɤrʒat nasiliɛ da bɤdat ɔbɔznat͡ʃɛni s natpis ɔsɛmnajsɛt a prɔdaʒbata im na nɛpɤɫnɔlɛtni lit͡sa da sɛ nakazva s ɡɫɔba ɔt xilʲada dɔɫara za fsʲakɔ naruʃɛniɛ
много от разходките до рифа са целогодишни а злополуките на рифа породени от някоя от тези причини са редки	mnɔɡɔ ɔt rasxɔtkitɛ dɔ rifa sa t͡sɛɫɔɡɔdiʃni a zɫɔpɔɫukitɛ na rifa pɔrɔdɛni ɔt nʲakɔja ɔt tɛzi prit͡ʃini sa rɛtki
гръцкият историк страбо по-късно отбелязва името и така ни е известно днес. храмът е бил разрушен в същата нощ в която се е родил александър велики	ɡrɤt͡skijat istɔrik strabɔ pɔ kɤsnɔ ɔdbɛlʲazva imɛtɔ i taka ni ɛ izvɛstnɔ dnɛs . xramɤt ɛ biɫ razruʃɛn f sɤʃtata nɔʃt f kɔjatɔ sɛ ɛ rɔdiɫ alɛksandɤr vɛliki
издирването е било възпрепятствано от същото лошо време което не е позволило кацането	izdirvanɛtɔ ɛ biɫɔ vɤsprɛpʲatstvanɔ ɔt sɤʃtɔtɔ ɫɔʃɔ vrɛmɛ kɔɛtɔ nɛ ɛ pɔzvɔliɫɔ kat͡sanɛtɔ
в началото на войната те предимно пътували по повърхността на морето но когато радарът започнал да се развива и да става по-точен за да не бъдат забелязани подводниците били принудени да плават под вода	f nat͡ʃaɫɔtɔ na vɔjnata tɛ prɛdimnɔ pɤtuvali pɔ pɔvɤrxnɔsta na mɔrɛtɔ nɔ kɔɡatɔ radarɤt zapɔt͡ʃnaɫ da sɛ razviva i da stava pɔ tɔt͡ʃɛn za da nɛ bɤdat zabɛlʲazani pɔdvɔdnit͡sitɛ bili prinudɛni da pɫavat pɔt vɔda
немските подводници са наричани подводни лодки . германците са били много добри в навигацията и управлението на своите подводници	nɛmskitɛ pɔdvɔdnit͡si sa narit͡ʃani pɔdvɔdni ɫɔtki . ɡɛrmant͡sitɛ sa bili mnɔɡɔ dɔbri f naviɡat͡sijata i upravlɛniɛtɔ na svɔitɛ pɔdvɔdnit͡si
но министър - председателят джон хауърд каза че действието е било само за да се предпазят болничните заведения от понижаване на рейтинга от страна на тасманийското правителство давайки допълнителни 45 милиона австралийски долара	nɔ ministɤr prɛtsɛdatɛlʲat dʒɔn xauɤrt kaza t͡ʃɛ dɛjstviɛtɔ ɛ biɫɔ samɔ za da sɛ prɛtpazʲat bɔɫnit͡ʃnitɛ zavɛdɛnija ɔt pɔniʒavanɛ na rɛjtiŋɡa ɔt strana na tasmanijskɔtɔ pravitɛɫstvɔ davajki dɔpɤɫnitɛɫni t͡ʃɛtirijsɛt i pɛt miliɔna afstralijski dɔɫara
молдова е многоетническа република страдаща от етнически конфликти	mɔɫdɔva ɛ mnɔɡɔɛtnit͡ʃɛska rɛpublika stradaʃta ɔt ɛtnit͡ʃɛski kɔnflikti
всеки който иска да види доказателства за пораженията върху мумията извършени по време на опитите да я извадят от ковчега ще бъде разочарован тъй като само главата и раменете са видими	fsɛki kɔjtɔ iska da vidi dɔkazatɛɫstva za pɔraʒɛnijata vɤrxu mumijata izvɤrʃɛni pɔ vrɛmɛ na ɔpititɛ da ja izvadʲat ɔt kɔft͡ʃɛɡa ʃtɛ bɤdɛ razɔt͡ʃarɔvan tɤj katɔ samɔ ɡɫavata i ramɛnɛtɛ sa vidimi
англия преживява дълъг мирен период след повторното завземане на денло	aŋɡlija prɛʒivʲava dɤɫɤk mirɛn pɛriɔt slɛt pɔftɔrnɔtɔ zavzɛmanɛ na dɛnɫɔ
каучсърфингът е създаден през януари 2004 г. когато компютърният програмист кейси фентън намерил евтин полет до исландия но нямало къде да отседне	kaut͡ʃsɤrfiŋɡɤt ɛ sɤzdadɛn prɛs januari dvɛ xilʲadi i t͡ʃɛtiri ɡɔdina kɔɡatɔ kɔmpʲutɤrnijat prɔɡramist kɛjsi fɛntɤn namɛriɫ ɛftin pɔlɛt dɔ isɫandija nɔ nʲamaɫɔ kɤdɛ da ɔtsɛdnɛ
не всички подкрепят въвеждането на чинове за жени	nɛ fsit͡ʃki pɔtkrɛpʲat vɤvɛʒdanɛtɔ na t͡ʃinɔvɛ za ʒɛni
територията на турция е с дължина над 1600 километра 1000 мили и ширина над 800 км 500 мили с грубата форма на правоъгълник	tɛritɔrijata na turt͡sija ɛ s dɤɫʒina nat xilʲada i ʃɛststɔtin kiɫɔmɛtra xilʲada mili i ʃirina nat ɔsɛmstɔtin kiɫɔmɛtra pɛtstɔtin mili s ɡrubata fɔrma na pravɔɤɡɤɫnik
по цялата луна са открити такива парчета които изглеждат минимално износени което показва че геоложките събития които са ги създали са били доста скорошни	pɔ t͡sʲaɫata ɫuna sa ɔtkriti takiva part͡ʃɛta kɔitɔ izɡlɛʒdat minimaɫnɔ iznɔsɛni kɔɛtɔ pɔkazva t͡ʃɛ ɡɛɔɫɔʃkitɛ sɤbitija kɔitɔ sa ɡi sɤzdali sa bili dɔsta skɔrɔʃni
при осиновяване родителските права на биологичните родители се прекратяват след което другата двойка могат да бъдат родители на детето	pri ɔsinɔvʲavanɛ rɔditɛɫskitɛ prava na biɔɫɔɡit͡ʃnitɛ rɔditɛli sɛ prɛkratʲavat slɛt kɔɛtɔ druɡata dvɔjka mɔɡat da bɤdat rɔditɛli na dɛtɛtɔ
имаме едногодишна финансова криза чийто най-остър момент беше през последните два месеца но смятам че понастоящем финансовите пазари започват да се възстановяват.	imamɛ ɛdnɔɡɔdiʃna finansɔva kriza t͡ʃijtɔ naj ɔstɤr mɔmɛnt bɛʃɛ prɛs pɔslɛdnitɛ dva mɛsɛt͡sa nɔ smʲatam t͡ʃɛ pɔnastɔjaʃtɛm finansɔvitɛ pazari zapɔt͡ʃvat da sɛ vɤsstanɔvʲavat .
в края на 2015 г. toginet създава astronet radio като спомагателна станция	f kraja na dvɛ xilʲadi i pɛtnajsɛt ɡɔdina təd͡ʒˈɪnət sɤzdava ˈæstɹənˌɛt ɹˈeᶦd̬iʲˌoᶷ katɔ spɔmaɡatɛɫna stant͡sija
компанията се надява да разнообрази своите източници на печалба и да добие известност в области където skype заема силна позиция като китай източна европа и бразилия	kɔmpanijata sɛ nadʲava da raznɔɔbrazi svɔitɛ istɔt͡ʃnit͡si na pɛt͡ʃaɫba i da dɔbiɛ izvɛstnɔst f ɔbɫasti kɤdɛtɔ skˈaᶦp zaɛma siɫna pɔzit͡sija katɔ kitaj istɔt͡ʃna ɛvrɔpa i brazilija
рекордът на надал срещу канадеца в директен двубой е 7–2	rɛkɔrdɤt na nadaɫ srɛʃtu kanadɛt͡sa f dirɛktɛn dvubɔj ɛ sɛdɛm dɔ dvɛ
пазете се: баровете в малките градове тук невинаги са добри места за размотаване на посетители които не са от този щат	pazɛtɛ sɛ , barɔvɛtɛ f maɫkitɛ ɡradɔvɛ tuk nɛvinaɡi sa dɔbri mɛsta za razmɔtavanɛ na pɔsɛtitɛli kɔitɔ nɛ sa ɔt tɔzi ʃtat
гридли или старк поставяха кол на около 100 фута 30 метра пред оградата и нареждаха да няма никаква стрелба докато не преминат цивилните	ɡridli ili stark pɔstavʲaxa kɔɫ na ɔkɔɫɔ stɔ futa trijsɛt mɛtra prɛt ɔɡradata i narɛʒdaxa da nʲama nikakva strɛɫba dɔkatɔ nɛ prɛminat t͡siviɫnitɛ
ако погледнете под микроскоп живите същества ще видите че се състоят от малки квадратчета или топки	akɔ pɔɡlɛdnɛtɛ pɔt mikrɔskɔp ʒivitɛ sɤʃtɛstva ʃtɛ viditɛ t͡ʃɛ sɛ sɤstɔjat ɔt maɫki kvadratt͡ʃɛta ili tɔpki
флюк пише че усилията на някои да заглушат жените да говорят за здравето на жените са били неуспешни	flʲuk piʃɛ t͡ʃɛ usilijata na nʲakɔi da zaɡɫuʃat ʒɛnitɛ da ɡɔvɔrʲat za zdravɛtɔ na ʒɛnitɛ sa bili nɛuspɛʃni
пътуващите могат да срещнат животни вредители които не са им познати от родните места	pɤtuvaʃtitɛ mɔɡat da srɛʃtnat ʒivɔtni vrɛditɛli kɔitɔ nɛ sa im pɔznati ɔt rɔdnitɛ mɛsta
джони рийд втори пилот на отбора на a1gp в нова зеландия днес влезе в историята карайки най-бързо законно по 48 - годишния оукланд харбър бридж нова зеландия	dʒɔni rijt ftɔri piɫɔt na ɔdbɔra na ˈə ɛdnɔ ɡˈiːpʰiː f nɔva zɛɫandija dnɛs vlɛzɛ f istɔrijata karajki naj bɤrzɔ zakɔnnɔ pɔ t͡ʃɛtirijsɛt i ɔsɛm ɡɔdiʃnija ɔukɫant xarbɤr britʃ nɔva zɛɫandija
днес много саами работят в модерните професии. туризмът е доходоносен отрасъл в сампи една от областите където живеят саамите	dnɛs mnɔɡɔ saami rabɔtʲat f mɔdɛrnitɛ prɔfɛsii . turizmɤt ɛ dɔxɔdɔnɔsɛn ɔtrasɤɫ f sampi ɛdna ɔt ɔbɫastitɛ kɤdɛtɔ ʒivɛjat saamitɛ
наличието на отворен съд с лекарство или токсични домакински химикали може да бъде най-добрата индикация за вътрешно отравяне	nalit͡ʃiɛtɔ na ɔtvɔrɛn sɤt s lɛkarstvɔ ili tɔksit͡ʃni dɔmakinski ximikali mɔʒɛ da bɤdɛ naj dɔbrata indikat͡sija za vɤtrɛʃnɔ ɔtravʲanɛ
по-хладни са от съседната повърхност през деня и по-топли през нощта	pɔ xɫadni sa ɔt sɤsɛdnata pɔvɤrxnɔst prɛs dɛnʲa i pɔ tɔpli prɛs nɔʃtta
но кралският флот бил все още много по-силен от немската флота kriegsmarine и е можел да унищожи всякакви нашествени кораби изпратени през ламанша	nɔ kraɫskijat fɫɔt biɫ fsɛ ɔʃtɛ mnɔɡɔ pɔ silɛn ɔt nɛmskata fɫɔta kɹˈiːɡzmɚˌiːn i ɛ mɔʒɛɫ da uniʃtɔʒi fsʲakakvi naʃɛstvɛni kɔrabi ispratɛni prɛs ɫamanʃa
хостелите предлагат услуги предимно на млади хора – типичният гост е на около двадесет години но често там можете да намерите и по-възрастни пътници	xɔstɛlitɛ prɛdɫaɡat usɫuɡi prɛdimnɔ na mɫadi xɔra tipit͡ʃnijat ɡɔst ɛ na ɔkɔɫɔ dvadɛsɛt ɡɔdini nɔ t͡ʃɛstɔ tam mɔʒɛtɛ da namɛritɛ i pɔ vɤzrastni pɤtnit͡si
те включват финансови рестрикции и възбрана от страна на европейския съюз върху износа на суров нефт който носи на иранската икономика 80% от чуждестранните ѝ приходи	tɛ fklʲut͡ʃvat finansɔvi rɛstrikt͡sii i vɤzbrana ɔt strana na ɛvrɔpɛjskija sɤjus vɤrxu iznɔsa na surɔf nɛft kɔjtɔ nɔsi na iranskata ikɔnɔmika ɔsɛmdɛsɛt prɔt͡sɛnta ɔt t͡ʃuʒdɛstrannitɛ prixɔdi
това е най-голямата покупка в историята на ebay	tɔva ɛ naj ɡɔlʲamata pɔkupka f istɔrijata na ˈiːbeᶦ
семействата с деца са рядкост но някои общежития ги допускат в самостоятелни стаи	sɛmɛjstvata s dɛt͡sa sa rʲatkɔst nɔ nʲakɔi ɔpʃtɛʒitija ɡi dɔpuskat f samɔstɔjatɛɫni stai
санскрит е древен език и е сравним с говорения в европа латински	sanskrit ɛ drɛvɛn ɛzik i ɛ sravnim s ɡɔvɔrɛnija f ɛvrɔpa ɫatinski
