सोमवार को, स्टैनफ़ोर्ड यूनिवर्सिटी स्कूल ऑफ़ मेडिसिन के वैज्ञानिकों ने एक नए डायग्नोस्टिक उपकरण के आविष्कार की घोषणा की जो कोशिकाओं को उनके प्रकार के आधार पर छांट सकता है: एक छोटी प्रिंट करने योग्य चिप जिसे स्टैण्डर्ड इंकजेट प्रिंटर का उपयोग करके लगभग एक अमेरिकी सेंट के लिए निर्मित किया जा सकता है.	sˈomwɑɾ kˈo , sʈɛnfˈoɾɖ juniwˈəɾsiʈi skˈul ˈɔf mˈeɖisin kˈe wˈɛd͡ʒnɑnikõ nˈe ˈek nˈəe ɖɑjəɡnˈosʈik upˈəkɾən kˈe ɑwˈiskɑɾ kˈi ɡʱˈosnɑ kˈi d͡ʒˈo kˈosikɑõ kˈo ˈunke pɾˈəkɑɾ kˈe ˈɑd̪ʱɑɾ pˈəɾ t͡ʃʰˈɑ̃ɳʈ sˈəkt̪ɑ ɦˈɛ , ˈek t͡ʃʰˈoʈi pɾˈĩɳʈ kˈəɾne jˈoɡj t͡ʃˈip d͡ʒˈise sʈɛnɖˈəɾɖ ˈĩŋkəd͡ʒeʈ pɾˈĩɳʈəɾ kˈɑ ˈupjoɡ kˈəɾke lˈəɡbʱəɡ ˈek ˈʌmeɾiki sˈẽɳʈ kˈe lˈie nˈiɾmit̪ kˈijɑ d͡ʒˈɑ sˈəkt̪ɑ ɦˈɛ .
11:20 पर, पुलिस ने प्रदर्शनकारियों को यह कहते हुए फ़ुटपाथ पर वापस जाने के लिए कहा कि उन्हें भीड़ इकट्ठा करने के साथ विरोध करने के अधिकार को संतुलित करने की ज़रूरत है.	ɡjˈɑɾəɦ bˈəd͡ʒkəɾ bˈis mˈinəʈ pˈəɾ , pˈulis nˈe pɾəd̪əɾsˈənkɑɾijõ kˈo jˈəɦ kˈəɦt̪e ɦˈue fˈuʈpɑt̪ʰ pˈəɾ wˈɑpəs d͡ʒˈɑne kˈe lˈie kˈəɦɑ kˈi ˈunɦẽ bʱˈiɽ ikˈəʈʈʰɑ kˈəɾne kˈe sˈɑt̪ʰ wˈiɾod̪ʱ kˈəɾne kˈe ˈʌd̪ʱikɑɾ kˈo sˈə̃n̪t̪ulit̪ kˈəɾne kˈi zˈəɾuɾət̪ ɦˈɛ .
एक नियमित फायर-कमांड सिस्टम परीक्षण के चलते बिजली चले जाने से रिलीफ वाल्व खुल गए और फोर्ट ग्रीली पंप स्टेशन 9 के पास कच्चा तेल बह गया	ˈek nˈijmit̪ pʰˈɑjəɾ kəmˈɑ̃ɳɖ sˈisʈəm pəɾˈiksən kˈe t͡ʃˈəlt̪e bˈid͡ʒli t͡ʃˈəle d͡ʒˈɑne sˈe ɾˈilipʰ wˈɑlw kʰˈul ɡˈəe ˈɔɾ pʰˈoɾʈ ɡɾˈili pˈə̃mp sʈˈesən nˈɔ kˈe pˈɑs kˈət͡ʃːɑ t̪ˈel bˈəɦ ɡˈəjɑ
पुलिस ने कहा कि उन्हें हमले के लिए ज़िम्मेदार कथित डाएश (आईएसआईएल) लड़ाकों पर संदेह है.	pˈulis nˈe kˈəɦɑ kˈi ˈunɦẽ ɦˈəmle kˈe lˈie zˈimːed̪ɑɾ kˈət̪ʰit̪ ɖˈɑes ˈɑiesəɑiel lˈəɽɑkõ pˈəɾ sˈə̃n̪d̪eɦ ɦˈɛ .
वैटिकन सिटी अपने कानूनी और आधिकारिक संचार में इतालवी का उपयोग करता है	wˈɛʈikən sˈiʈi ˈʌpne kˈɑnuni ˈɔɾ ˈɑd̪ʱikɑɾik sˈə̃ɲt͡ʃɑɾ mˈẽ it̪ˈɑlwi kˈɑ ˈupjoɡ kˈəɾt̪ɑ ɦˈɛ
वैटिकन सिटी अपने कानूनी और आधिकारिक संचार में इतालवी का उपयोग करता है	wˈɛʈikən sˈiʈi ˈʌpne kˈɑnuni ˈɔɾ ˈɑd̪ʱikɑɾik sˈə̃ɲt͡ʃɑɾ mˈẽ it̪ˈɑlwi kˈɑ ˈupjoɡ kˈəɾt̪ɑ ɦˈɛ
फ़ोटोग्राफ़र को रोनाल्ड रीगन यूसीएलए मेडिकल सेंटर ले जाया गया, जहां बाद में उसकी मौत हो गई.	foʈˈoɡɾɑfəɾ kˈo ɾonˈɑlɖ ɾˈiɡən jˈusieləe mˈeɖikəl sˈẽɳʈəɾ lˈe d͡ʒˈɑjɑ ɡˈəjɑ , d͡ʒˈəɦɑ̃ bˈɑd̪ mˈẽ ˈuski mˈɔt̪ ɦˈo ɡˈəi .
साथ ही, r और rr का अलग-अलग तरीके से ही करें: caro का मतलब है प्रिय, जबकि carro का मतलब है रथ.	sˈɑt̪ʰ ɦˈi , ˈɑːɹ ˈɔɾ ˈɑːɹɑːɹ kˈɑ ˈʌləɡ ˈʌləɡ t̪ˈəɾike sˈe ɦˈi kˈəɾẽ , kʰˈɑːɹoᶷ kˈɑ mˈət̪ləb ɦˈɛ pɾˈij , d͡ʒˈəbki kʰˈɑːɹoᶷ kˈɑ mˈət̪ləb ɦˈɛ ɾˈət̪ʰ .
यह बहुत समय से ज्ञात है कि विभिन्न प्रकार के मस्तिष्क घाव, ट्रॉमा, चोट और ट्यूमर कुछ मानसिक व्यवहार को प्रभावित करते हैं और कुछ मानसिक कार्यों में परिवर्तन का कारण बनते हैं.	jˈəɦ bˈəɦut̪ sˈəməj sˈe d͡ʒnˈɑt̪ ɦˈɛ kˈi wˈibʱinː pɾˈəkɑɾ kˈe məst̪ˈisk ɡʱˈɑw , ʈɾˈɔmɑ , t͡ʃˈoʈ ˈɔɾ ʈjˈuməɾ kˈut͡ʃʰ mˈɑnsik wjˈəwɦɑɾ kˈo pɾˈəbʱɑwit̪ kˈəɾt̪e ɦˈɛ̃ ˈɔɾ kˈut͡ʃʰ mˈɑnsik kˈɑɾjõ mˈẽ pəɾiwˈəɾt̪ən kˈɑ kˈɑɾən bˈənt̪e ɦˈɛ̃ .
आजकल एआई सिस्टम का इस्तेमाल अक्सर अर्थशास्त्र, दवाइयों, इंजीनियरिंग और सैन्य क्षेत्रों में किया जाता है, जैसा कि कई होम कंप्यूटर और वीडियो गेम सॉफ़्टवेयर ऐप्लिकेशन में बनाया गया है.	ˈɑd͡ʒkəl ˈeɑi sˈisʈəm kˈɑ ˈist̪emɑl ˈʌksəɾ ʌɾt̪ʰəsˈɑst̪ɾ , d̪ˈəwɑijõ , ĩɲd͡ʒinijɾˈĩŋɡ ˈɔɾ sˈɛnj ksˈet̪ɾõ mˈẽ kˈijɑ d͡ʒˈɑt̪ɑ ɦˈɛ , d͡ʒˈɛsɑ kˈi kˈəi ɦˈom kˈə̃mpjuʈəɾ ˈɔɾ wˈiɖijo ɡˈem sˈɔfʈəwejəɾ ˈɛplikesən mˈẽ bˈənɑjɑ ɡˈəjɑ ɦˈɛ .
आजकल एआई सिस्टम का इस्तेमाल अक्सर अर्थशास्त्र, दवाइयों, इंजीनियरिंग और सैन्य क्षेत्रों में किया जाता है, जैसा कि कई होम कंप्यूटर और वीडियो गेम सॉफ़्टवेयर ऐप्लिकेशन में बनाया गया है.	ˈɑd͡ʒkəl ˈeɑi sˈisʈəm kˈɑ ˈist̪emɑl ˈʌksəɾ ʌɾt̪ʰəsˈɑst̪ɾ , d̪ˈəwɑijõ , ĩɲd͡ʒinijɾˈĩŋɡ ˈɔɾ sˈɛnj ksˈet̪ɾõ mˈẽ kˈijɑ d͡ʒˈɑt̪ɑ ɦˈɛ , d͡ʒˈɛsɑ kˈi kˈəi ɦˈom kˈə̃mpjuʈəɾ ˈɔɾ wˈiɖijo ɡˈem sˈɔfʈəwejəɾ ˈɛplikesən mˈẽ bˈənɑjɑ ɡˈəjɑ ɦˈɛ .
प्रत्येक मंदिर में मंदिर का एक खुला प्रांगण था और फिर एक आंतरिक गर्भगृह था जिसमें केवल पुजारी ही प्रवेश कर सकते थे	pɾˈət̪jek mˈə̃n̪d̪iɾ mˈẽ mˈə̃n̪d̪iɾ kˈɑ ˈek kʰˈulɑ pɾˈɑ̃ŋɡən t̪ʰˈɑ ˈɔɾ pʰˈiɾ ˈek ˈɑ̃n̪t̪əɾik ɡəɾbʱˈəɡɾiɦ t̪ʰˈɑ d͡ʒˈismẽ kˈewəl pˈud͡ʒɑɾi ɦˈi pɾˈəwes kˈəɾ sˈəkt̪e t̪ʰˈe
सेट में एक-एक सर्विस दोनों पुरुषों के पास रहने के बाद मरे टाई ब्रेकर में पहला सेट हार गया.	sˈeʈ mˈẽ ˈek ˈek sˈəɾwis d̪ˈonõ pˈuɾusõ kˈe pˈɑs ɾˈəɦne kˈe bˈɑd̪ mˈəɾe ʈˈɑi bɾˈekəɾ mˈẽ pˈəɦlɑ sˈeʈ ɦˈɑɾ ɡˈəjɑ .
सेट में एक-एक सर्विस दोनों पुरुषों के पास रहने के बाद मरे टाई ब्रेकर में पहला सेट हार गया.	sˈeʈ mˈẽ ˈek ˈek sˈəɾwis d̪ˈonõ pˈuɾusõ kˈe pˈɑs ɾˈəɦne kˈe bˈɑd̪ mˈəɾe ʈˈɑi bɾˈekəɾ mˈẽ pˈəɦlɑ sˈeʈ ɦˈɑɾ ɡˈəjɑ .
इसे तेज़ी से प्राप्त करने का एकमात्र तरीका इसे चेक किए गए सामान के रूप में भेजना था एयरलाइन के नियम उन्हें बिना यात्री के सामान भेजने की अनुमति नहीं देंगे, और यहीं पर आप काम आएंगे	ˈise t̪ˈezi sˈe pɾˈɑpt̪ kˈəɾne kˈɑ ekmˈɑt̪ɾ t̪ˈəɾikɑ ˈise t͡ʃˈek kˈie ɡˈəe sˈɑmɑn kˈe ɾˈup mˈẽ bʱˈed͡ʒnɑ t̪ʰˈɑ ejˈəɾlɑin kˈe nˈijəm ˈunɦẽ bˈinɑ jˈɑt̪ɾi kˈe sˈɑmɑn bʱˈed͡ʒne kˈi ʌnˈumt̪i nˈəɦĩ d̪ˈẽŋɡe , ˈɔɾ jˈəɦĩ pˈəɾ ˈɑp kˈɑm ɑˈẽŋɡe
वाल्व छिद्र से प्रणाली का दबाव कम हुआ और तेल एक पैड से एक टैंक में गया जिसमें 55,000 बैरल (23 लाख गैलन) आ सकता है।	wˈɑlw t͡ʃʰˈid̪ɾ sˈe pɾˈənɑli kˈɑ d̪ˈəbɑw kˈəm ɦˈuɑ ˈɔɾ t̪ˈel ˈek pˈɛɖ sˈe ˈek ʈˈɛ̃ŋk mˈẽ ɡˈəjɑ d͡ʒˈismẽ pˈət͡ʃpən ɦˈəzɑɾ bˈɛɾəl t̪ˈeis lˈɑkʰ ɡˈɛlən ˈɑ sˈəkt̪ɑ ɦˈɛ .
अगस्त में ऐम्स स्ट्रॉ पोल को जीतने वाली बेकमन ने अपना कैंपेन खत्म करने का फ़ैसला लिया.	ʌɡˈəst̪ mˈẽ ˈɛms sʈɾˈɔ pˈol kˈo d͡ʒˈit̪ne wˈɑli bˈekmən nˈe ˈʌpnɑ kˈɛ̃mpen kʰˈət̪m kˈəɾne kˈɑ fˈɛslɑ lˈijɑ .
अगस्त में ऐम्स स्ट्रॉ पोल को जीतने वाली बेकमन ने अपना कैंपेन खत्म करने का फ़ैसला लिया.	ʌɡˈəst̪ mˈẽ ˈɛms sʈɾˈɔ pˈol kˈo d͡ʒˈit̪ne wˈɑli bˈekmən nˈe ˈʌpnɑ kˈɛ̃mpen kʰˈət̪m kˈəɾne kˈɑ fˈɛslɑ lˈijɑ .
यहां कई तरह की फ़्रेंच वाइन मिलती हैं, लेकिन शायद न्यूज़ीलैंड और ऑस्ट्रेलिया की वाइन बेहतर होगी.	jˈəɦɑ̃ kˈəi t̪ˈəɾəɦ kˈi fɾˈẽɲt͡ʃ wˈɑin mˈilt̪i ɦˈɛ̃ , lˈekin sˈɑjəd̪ njuzilˈɛ̃ɳɖ ˈɔɾ ˈɔsʈɾelijɑ kˈi wˈɑin bˈeɦt̪əɾ ɦˈoɡi .
यहां कई तरह की फ़्रेंच वाइन मिलती हैं, लेकिन शायद न्यूज़ीलैंड और ऑस्ट्रेलिया की वाइन बेहतर होगी.	jˈəɦɑ̃ kˈəi t̪ˈəɾəɦ kˈi fɾˈẽɲt͡ʃ wˈɑin mˈilt̪i ɦˈɛ̃ , lˈekin sˈɑjəd̪ njuzilˈɛ̃ɳɖ ˈɔɾ ˈɔsʈɾelijɑ kˈi wˈɑin bˈeɦt̪əɾ ɦˈoɡi .
इन्फ़्रारेड चित्र दिखाते हैं कि रात और दिन के बदले तापमान से वे कुछ-कुछ गुफ़ाएं जैसी हैं.	ˈinfɾɑɾeɖ t͡ʃˈit̪ɾ d̪ˈikʰɑt̪e ɦˈɛ̃ kˈi ɾˈɑt̪ ˈɔɾ d̪ˈin kˈe bˈəd̪le t̪ˈɑpmɑn sˈe wˈe kˈut͡ʃʰ kˈut͡ʃʰ ɡˈufɑẽ d͡ʒˈɛsi ɦˈɛ̃ .
इन्फ़्रारेड चित्र दिखाते हैं कि रात और दिन के बदले तापमान से वे कुछ-कुछ गुफ़ाएं जैसी हैं.	ˈinfɾɑɾeɖ t͡ʃˈit̪ɾ d̪ˈikʰɑt̪e ɦˈɛ̃ kˈi ɾˈɑt̪ ˈɔɾ d̪ˈin kˈe bˈəd̪le t̪ˈɑpmɑn sˈe wˈe kˈut͡ʃʰ kˈut͡ʃʰ ɡˈufɑẽ d͡ʒˈɛsi ɦˈɛ̃ .
कुल 17,000 द्वीपों में से, इंडोनेशियाई भोजन एक व्यापक शब्द है, जो देश भर में पाए जाने वाले विभिन्न प्रकार के क्षेत्रीय व्यंजनों को अपने भीतर समाहित करता है	kˈul sˈət̪ɾəɦ ɦˈəzɑɾ d̪wˈipõ mˈẽ sˈe , ˈĩɳɖonesijɑi bʱˈod͡ʒən ˈek wjˈɑpək sˈəbd̪ ɦˈɛ , d͡ʒˈo d̪ˈes bʱˈəɾ mˈẽ pˈɑe d͡ʒˈɑne wˈɑle wˈibʱinː pɾˈəkɑɾ kˈe ksˈet̪ɾij wjˈə̃ɲd͡ʒənõ kˈo ˈʌpne bʱˈit̪əɾ sˈəmɑɦit̪ kˈəɾt̪ɑ ɦˈɛ
कुल 17,000 द्वीपों में से, इंडोनेशियाई भोजन एक व्यापक शब्द है, जो देश भर में पाए जाने वाले विभिन्न प्रकार के क्षेत्रीय व्यंजनों को अपने भीतर समाहित करता है	kˈul sˈət̪ɾəɦ ɦˈəzɑɾ d̪wˈipõ mˈẽ sˈe , ˈĩɳɖonesijɑi bʱˈod͡ʒən ˈek wjˈɑpək sˈəbd̪ ɦˈɛ , d͡ʒˈo d̪ˈes bʱˈəɾ mˈẽ pˈɑe d͡ʒˈɑne wˈɑle wˈibʱinː pɾˈəkɑɾ kˈe ksˈet̪ɾij wjˈə̃ɲd͡ʒənõ kˈo ˈʌpne bʱˈit̪əɾ sˈəmɑɦit̪ kˈəɾt̪ɑ ɦˈɛ
भूकंप डिलन के उत्तर-उत्तर पूर्व में लगभग 20 किमी (15 मील) और ब्यूट के दक्षिण में लगभग 65 किमी (40 मील) की दूरी पर केंद्रित था.	bʱukˈə̃mp ɖˈilən kˈe ˈut̪ːəɾ ˈut̪ːəɾ pˈuɾw mˈẽ lˈəɡbʱəɡ bˈis kˈilomiʈəɾ pˈə̃n̪d̪ɾəɦ mˈil ˈɔɾ bjˈuʈ kˈe d̪ˈəksin mˈẽ lˈəɡbʱəɡ pˈɛ̃səʈʰ kˈilomiʈəɾ t͡ʃˈɑlis mˈil kˈi d̪ˈuɾi pˈəɾ kˈẽn̪d̪ɾit̪ t̪ʰˈɑ .
भूकंप डिलन के उत्तर-उत्तर पूर्व में लगभग 20 किमी (15 मील) और ब्यूट के दक्षिण में लगभग 65 किमी (40 मील) की दूरी पर केंद्रित था.	bʱukˈə̃mp ɖˈilən kˈe ˈut̪ːəɾ ˈut̪ːəɾ pˈuɾw mˈẽ lˈəɡbʱəɡ bˈis kˈilomiʈəɾ pˈə̃n̪d̪ɾəɦ mˈil ˈɔɾ bjˈuʈ kˈe d̪ˈəksin mˈẽ lˈəɡbʱəɡ pˈɛ̃səʈʰ kˈilomiʈəɾ t͡ʃˈɑlis mˈil kˈi d̪ˈuɾi pˈəɾ kˈẽn̪d̪ɾit̪ t̪ʰˈɑ .
नासा के शटल कार्यक्रम के प्रमुख एन. वेन हेल जूनियर ने कहा कि “जिस समय की हम चिंता कर रहे थे”, उसके बाद फोम गिरा था	nˈɑsɑ kˈe sˈəʈəl kɑɾjˈəkɾəm kˈe pɾˈəmukʰ ˈen . wˈen ɦˈel d͡ʒˈunijəɾ nˈe kˈəɦɑ kˈi d͡ʒˈis sˈəməj kˈi ɦˈəm t͡ʃˈĩn̪t̪ɑ kˈəɾ ɾˈəɦe t̪ʰˈe , ˈuske bˈɑd̪ pʰˈom ɡˈiɾɑ t̪ʰˈɑ
नासा के शटल कार्यक्रम के प्रमुख एन. वेन हेल जूनियर ने कहा कि “जिस समय की हम चिंता कर रहे थे”, उसके बाद फोम गिरा था	nˈɑsɑ kˈe sˈəʈəl kɑɾjˈəkɾəm kˈe pɾˈəmukʰ ˈen . wˈen ɦˈel d͡ʒˈunijəɾ nˈe kˈəɦɑ kˈi d͡ʒˈis sˈəməj kˈi ɦˈəm t͡ʃˈĩn̪t̪ɑ kˈəɾ ɾˈəɦe t̪ʰˈe , ˈuske bˈɑd̪ pʰˈom ɡˈiɾɑ t̪ʰˈɑ
परमाणु अविश्वसनीय रूप से इतने छोटे हैं कि वे खरबों की संख्या में वाक्य के अंत में लगने वाले बिंदु में फिट हो सकते हैं	pˈəɾmɑnu ʌwiswˈəsnij ɾˈup sˈe ˈit̪ne t͡ʃʰˈoʈe ɦˈɛ̃ kˈi wˈe kʰˈəɾbõ kˈi sˈə̃ŋkʰjɑ mˈẽ wˈɑkj kˈe ˈʌ̃n̪t̪ mˈẽ lˈəɡne wˈɑle bˈĩn̪d̪u mˈẽ pʰˈiʈ ɦˈo sˈəkt̪e ɦˈɛ̃
16 सितंबर तक रॉक बैंड को अमेरिका और कनाडा की यात्रा करनी थी.	sˈoləɦ sit̪ˈə̃mbəɾ t̪ˈək ɾˈɔk bˈɛ̃ɳɖ kˈo ˈʌmeɾikɑ ˈɔɾ kˈənɑɖɑ kˈi jˈɑt̪ɾɑ kˈəɾni t̪ʰˈi .
16 सितंबर तक रॉक बैंड को अमेरिका और कनाडा की यात्रा करनी थी.	sˈoləɦ sit̪ˈə̃mbəɾ t̪ˈək ɾˈɔk bˈɛ̃ɳɖ kˈo ˈʌmeɾikɑ ˈɔɾ kˈənɑɖɑ kˈi jˈɑt̪ɾɑ kˈəɾni t̪ʰˈi .
आम तौर पर, ट्रैवल एजेंट ऐसे पैकेज ऑफ़र करते हैं, जिनमें नाश्ता, हवाई अड्डे आने-जाने की व्यवस्था या हवाई यात्रा की टिकट के साथ-साथ होटल का किराया भी शामिल होता है.	ˈɑm t̪ˈɔɾ pˈəɾ , ʈɾˈɛwəl ed͡ʒˈẽɳʈ ˈɛse pˈɛked͡ʒ ˈɔfəɾ kˈəɾt̪e ɦˈɛ̃ , d͡ʒˈinmẽ nˈɑst̪ɑ , ɦˈəwɑi ˈʌɖɖe ˈɑne d͡ʒˈɑne kˈi wjəwˈəst̪ʰɑ jˈɑ ɦˈəwɑi jˈɑt̪ɾɑ kˈi ʈˈikəʈ kˈe sˈɑt̪ʰ sˈɑt̪ʰ ɦˈoʈəl kˈɑ kˈiɾɑjɑ bʱˈi sˈɑmil ɦˈot̪ɑ ɦˈɛ .
आम तौर पर, ट्रैवल एजेंट ऐसे पैकेज ऑफ़र करते हैं, जिनमें नाश्ता, हवाई अड्डे आने-जाने की व्यवस्था या हवाई यात्रा की टिकट के साथ-साथ होटल का किराया भी शामिल होता है.	ˈɑm t̪ˈɔɾ pˈəɾ , ʈɾˈɛwəl ed͡ʒˈẽɳʈ ˈɛse pˈɛked͡ʒ ˈɔfəɾ kˈəɾt̪e ɦˈɛ̃ , d͡ʒˈinmẽ nˈɑst̪ɑ , ɦˈəwɑi ˈʌɖɖe ˈɑne d͡ʒˈɑne kˈi wjəwˈəst̪ʰɑ jˈɑ ɦˈəwɑi jˈɑt̪ɾɑ kˈi ʈˈikəʈ kˈe sˈɑt̪ʰ sˈɑt̪ʰ ɦˈoʈəl kˈɑ kˈiɾɑjɑ bʱˈi sˈɑmil ɦˈot̪ɑ ɦˈɛ .
उनके अंतर्गत अधिक मध्यम आकार की बिल्लियां होती हैं जो खरगोशों से लेकर मृगों और हिरणों तक के मध्यम आकार के शिकार खाती हैं.	ˈunke ˈʌ̃n̪t̪əɾɡət̪ ˈʌd̪ʱik mˈəd̪ʱjəm ˈɑkɑɾ kˈi bˈilːijɑ̃ ɦˈot̪i ɦˈɛ̃ d͡ʒˈo kʰˈəɾɡosõ sˈe lˈekəɾ mɾˈiɡõ ˈɔɾ ɦˈiɾnõ t̪ˈək kˈe mˈəd̪ʱjəm ˈɑkɑɾ kˈe sˈikɑɾ kʰˈɑt̪i ɦˈɛ̃ .
उनके अंतर्गत अधिक मध्यम आकार की बिल्लियां होती हैं जो खरगोशों से लेकर मृगों और हिरणों तक के मध्यम आकार के शिकार खाती हैं.	ˈunke ˈʌ̃n̪t̪əɾɡət̪ ˈʌd̪ʱik mˈəd̪ʱjəm ˈɑkɑɾ kˈi bˈilːijɑ̃ ɦˈot̪i ɦˈɛ̃ d͡ʒˈo kʰˈəɾɡosõ sˈe lˈekəɾ mɾˈiɡõ ˈɔɾ ɦˈiɾnõ t̪ˈək kˈe mˈəd̪ʱjəm ˈɑkɑɾ kˈe sˈikɑɾ kʰˈɑt̪i ɦˈɛ̃ .
बुधवार की दोपहर तक टैंक के अंदर थर्मल एक्सपेंशन से शायद अभी भी टैंक वेंट लीक हो रहे थे	bˈud̪ʱwɑɾ kˈi d̪ˈopɦəɾ t̪ˈək ʈˈɛ̃ŋk kˈe ˈʌ̃n̪d̪əɾ t̪ʰˈəɾməl eksəpˈẽsən sˈe sˈɑjəd̪ ˈʌbʱi bʱˈi ʈˈɛ̃ŋk wˈẽɳʈ lˈik ɦˈo ɾˈəɦe t̪ʰˈe
चैंबर्स ने “व्यापक मौत, विनाश और पृथ्वी के लाखों निवासी पर आतंक के लिए भगवान पर मुकदमा चलाया था	t͡ʃɛ̃mbˈəɾs nˈe wjˈɑpək mˈɔt̪ , wˈinɑs ˈɔɾ pɾˈit̪ʰwi kˈe lˈɑkʰõ nˈiwɑsi pˈəɾ ɑt̪ˈə̃ŋk kˈe lˈie bʱˈəɡwɑn pˈəɾ mukˈəd̪mɑ t͡ʃˈəlɑjɑ t̪ʰˈɑ
चैंबर्स ने “व्यापक मौत, विनाश और पृथ्वी के लाखों निवासी पर आतंक के लिए भगवान पर मुकदमा चलाया था	t͡ʃɛ̃mbˈəɾs nˈe wjˈɑpək mˈɔt̪ , wˈinɑs ˈɔɾ pɾˈit̪ʰwi kˈe lˈɑkʰõ nˈiwɑsi pˈəɾ ɑt̪ˈə̃ŋk kˈe lˈie bʱˈəɡwɑn pˈəɾ mukˈəd̪mɑ t͡ʃˈəlɑjɑ t̪ʰˈɑ
कीट भोजन को ख़राब कर सकते हैं, जलन पैदा कर सकते हैं, या इससे भी बदतर स्थिति में एलर्जी पैदा कर सकते हैं, विष फैला सकते हैं या संक्रमण फैला सकते हैं.	kˈiʈ bʱˈod͡ʒən kˈo xˈəɾɑb kˈəɾ sˈəkt̪e ɦˈɛ̃ , d͡ʒˈələn pˈɛd̪ɑ kˈəɾ sˈəkt̪e ɦˈɛ̃ , jˈɑ ˈisse bʱˈi bˈəd̪t̪əɾ st̪ʰˈit̪i mˈẽ elˈəɾd͡ʒi pˈɛd̪ɑ kˈəɾ sˈəkt̪e ɦˈɛ̃ , wˈis pʰˈɛlɑ sˈəkt̪e ɦˈɛ̃ jˈɑ sˈə̃ŋkɾəmən pʰˈɛlɑ sˈəkt̪e ɦˈɛ̃ .
कीट भोजन को ख़राब कर सकते हैं, जलन पैदा कर सकते हैं, या इससे भी बदतर स्थिति में एलर्जी पैदा कर सकते हैं, विष फैला सकते हैं या संक्रमण फैला सकते हैं.	kˈiʈ bʱˈod͡ʒən kˈo xˈəɾɑb kˈəɾ sˈəkt̪e ɦˈɛ̃ , d͡ʒˈələn pˈɛd̪ɑ kˈəɾ sˈəkt̪e ɦˈɛ̃ , jˈɑ ˈisse bʱˈi bˈəd̪t̪əɾ st̪ʰˈit̪i mˈẽ elˈəɾd͡ʒi pˈɛd̪ɑ kˈəɾ sˈəkt̪e ɦˈɛ̃ , wˈis pʰˈɛlɑ sˈəkt̪e ɦˈɛ̃ jˈɑ sˈə̃ŋkɾəmən pʰˈɛlɑ sˈəkt̪e ɦˈɛ̃ .
टोक्यो, जिसने 1964 में खेलों की मेजबानी की थी, दो ग्रीष्मकालीन खेलों की मेजबानी करने वाला एकमात्र एशियाई शहर होगा	ʈˈokjo , d͡ʒˈisne ˈek ɦˈəzɑɾ nˈɔ sˈɔ t͡ʃˈɔ̃səʈʰ mˈẽ kʰˈelõ kˈi mˈed͡ʒbɑni kˈi t̪ʰˈi , d̪ˈo ɡɾˈisməkɑlin kʰˈelõ kˈi mˈed͡ʒbɑni kˈəɾne wˈɑlɑ ekmˈɑt̪ɾ ˈesijɑi sˈəɦəɾ ɦˈoɡɑ
टोक्यो, जिसने 1964 में खेलों की मेजबानी की थी, दो ग्रीष्मकालीन खेलों की मेजबानी करने वाला एकमात्र एशियाई शहर होगा	ʈˈokjo , d͡ʒˈisne ˈek ɦˈəzɑɾ nˈɔ sˈɔ t͡ʃˈɔ̃səʈʰ mˈẽ kʰˈelõ kˈi mˈed͡ʒbɑni kˈi t̪ʰˈi , d̪ˈo ɡɾˈisməkɑlin kʰˈelõ kˈi mˈed͡ʒbɑni kˈəɾne wˈɑlɑ ekmˈɑt̪ɾ ˈesijɑi sˈəɦəɾ ɦˈoɡɑ
हालांकि, बाढ़ के बाद पानी का स्तर सिर्फ़ कुछ ही फ़ीट बढ़ेगा, लेकिन अधिकारी उम्मीद कर रहे हैं कि यह निचले स्तर के सैंडबार्स को फिर से बहाल करने के लिए काफ़ी होगा.	ɦɑlˈɑ̃ŋki , bˈɑɽʱ kˈe bˈɑd̪ pˈɑni kˈɑ st̪ˈəɾ sˈiɾf kˈut͡ʃʰ ɦˈi fˈiʈ bˈəɽʱeɡɑ , lˈekin ˈʌd̪ʱikɑɾi ˈumːid̪ kˈəɾ ɾˈəɦe ɦˈɛ̃ kˈi jˈəɦ nˈit͡ʃle st̪ˈəɾ kˈe sɛ̃ɳɖəbˈɑɾs kˈo pʰˈiɾ sˈe bˈəɦɑl kˈəɾne kˈe lˈie kˈɑfi ɦˈoɡɑ .
हालांकि, बाढ़ के बाद पानी का स्तर सिर्फ़ कुछ ही फ़ीट बढ़ेगा, लेकिन अधिकारी उम्मीद कर रहे हैं कि यह निचले स्तर के सैंडबार्स को फिर से बहाल करने के लिए काफ़ी होगा.	ɦɑlˈɑ̃ŋki , bˈɑɽʱ kˈe bˈɑd̪ pˈɑni kˈɑ st̪ˈəɾ sˈiɾf kˈut͡ʃʰ ɦˈi fˈiʈ bˈəɽʱeɡɑ , lˈekin ˈʌd̪ʱikɑɾi ˈumːid̪ kˈəɾ ɾˈəɦe ɦˈɛ̃ kˈi jˈəɦ nˈit͡ʃle st̪ˈəɾ kˈe sɛ̃ɳɖəbˈɑɾs kˈo pʰˈiɾ sˈe bˈəɦɑl kˈəɾne kˈe lˈie kˈɑfi ɦˈoɡɑ .
एक तारे की रॉस्बी संख्या, जो प्लाज़्मा फ़्लो से संबंधित है, का पता लगाने के लिए उसकी चमक और रोटेशन का एक साथ इस्तेमाल किया जाता है,	ˈek t̪ˈɑɾe kˈi ɾˈɔsbi sˈə̃ŋkʰjɑ , d͡ʒˈo plˈɑzmɑ flˈo sˈe sə̃mbˈə̃n̪d̪ʱit̪ ɦˈɛ , kˈɑ pˈət̪ɑ lˈəɡɑne kˈe lˈie ˈuski t͡ʃˈəmək ˈɔɾ ɾˈoʈesən kˈɑ ˈek sˈɑt̪ʰ ˈist̪emɑl kˈijɑ d͡ʒˈɑt̪ɑ ɦˈɛ ,
फ़ॉस्टर केयर उन सभी तरह की ज़रूरतों को पूरा करने के लिए होते हैं जो उस घर में नहीं मिल रही थीं जहां से उन्हें लाया गया था.	fˈɔsʈəɾ kˈejəɾ ˈun sˈəbʱi t̪ˈəɾəɦ kˈi zəɾˈuɾt̪õ kˈo pˈuɾɑ kˈəɾne kˈe lˈie ɦˈot̪e ɦˈɛ̃ d͡ʒˈo ˈus ɡʱˈəɾ mˈẽ nˈəɦĩ mˈil ɾˈəɦi t̪ʰˈĩ d͡ʒˈəɦɑ̃ sˈe ˈunɦẽ lˈɑjɑ ɡˈəjɑ t̪ʰˈɑ .
एक रिपोर्ट मे बताया गया है कि इस क्षेत्र 9400 घर पानी की कमी से जूझ रहे है और लगभग 100 बिजली की कमी से	ˈek ɾipˈoɾʈ mˈe bˈət̪ɑjɑ ɡˈəjɑ ɦˈɛ kˈi ˈis ksˈet̪ɾ nˈɔ ɦˈəzɑɾ t͡ʃˈɑɾ sˈɔ ɡʱˈəɾ pˈɑni kˈi kˈəmi sˈe d͡ʒˈud͡ʒʱ ɾˈəɦe ɦˈɛ ˈɔɾ lˈəɡbʱəɡ ˈek sˈɔ bˈid͡ʒli kˈi kˈəmi sˈe
एक रिपोर्ट मे बताया गया है कि इस क्षेत्र 9400 घर पानी की कमी से जूझ रहे है और लगभग 100 बिजली की कमी से	ˈek ɾipˈoɾʈ mˈe bˈət̪ɑjɑ ɡˈəjɑ ɦˈɛ kˈi ˈis ksˈet̪ɾ nˈɔ ɦˈəzɑɾ t͡ʃˈɑɾ sˈɔ ɡʱˈəɾ pˈɑni kˈi kˈəmi sˈe d͡ʒˈud͡ʒʱ ɾˈəɦe ɦˈɛ ˈɔɾ lˈəɡbʱəɡ ˈek sˈɔ bˈid͡ʒli kˈi kˈəmi sˈe
एक और अंतर यह था कि जहां गरीब लोग और महिला कुर्सियों पर बैठकर खाना खाते थे, वहीं अमीर लोग मिलजुल कर दावतें करना पसंद करते थे और भोजन करते वक्त वे मौज मस्ती करते थे.	ˈek ˈɔɾ ˈʌ̃n̪t̪əɾ jˈəɦ t̪ʰˈɑ kˈi d͡ʒˈəɦɑ̃ ɡˈəɾib lˈoɡ ˈɔɾ mˈəɦilɑ kˈuɾsijõ pˈəɾ bˈɛʈʰkəɾ kʰˈɑnɑ kʰˈɑt̪e t̪ʰˈe , wˈəɦĩ ˈʌmiɾ lˈoɡ mˈild͡ʒul kˈəɾ d̪ˈɑwt̪ẽ kˈəɾnɑ pəsˈə̃n̪d̪ kˈəɾt̪e t̪ʰˈe ˈɔɾ bʱˈod͡ʒən kˈəɾt̪e wˈəkt̪ wˈe mˈɔd͡ʒ mˈəst̪i kˈəɾt̪e t̪ʰˈe .
टंकियों के नीचे दूसरा कंटेनमेंट एरिया 104,500 बैरल की क्षमता रखता है, जिसे अभी तक पूर्ण क्षमता के साथ भरा नहीं गया है.	ʈˈə̃ŋkijõ kˈe nˈit͡ʃe d̪ˈusɾɑ kə̃ɳʈenmˈẽɳʈ ˈeɾijɑ ˈek lˈɑkʰ t͡ʃˈɑɾ ɦˈəzɑɾ pˈɑ̃t͡ʃ sˈɔ bˈɛɾəl kˈi ksˈəmt̪ɑ ɾˈəkʰt̪ɑ ɦˈɛ , d͡ʒˈise ˈʌbʱi t̪ˈək pˈuɾn ksˈəmt̪ɑ kˈe sˈɑt̪ʰ bʱˈəɾɑ nˈəɦĩ ɡˈəjɑ ɦˈɛ .
राजनीतिक गतिरोध के बावजूद माल्डोवा के इन दो इलाकों में आर्थिक साझेदारी फिर से स्थापित हुई.	ɾˈɑd͡ʒnit̪ik ɡˈət̪iɾod̪ʱ kˈe bˈɑwd͡ʒud̪ mˈɑlɖowɑ kˈe ˈin d̪ˈo ˈilɑkõ mˈẽ ˈɑɾt̪ʰik sˈɑd͡ʒʱed̪ɑɾi pʰˈiɾ sˈe st̪ʰˈɑpit̪ ɦˈui .
जापान के पास, द्वीपों के समूह होने के कारण, जापान को भौगोलिक रूप से अक्सर “द्वीपसमूह” के रूप में संदर्भित किया जाता है	d͡ʒˈɑpɑn kˈe pˈɑs , d̪wˈipõ kˈe sˈəmuɦ ɦˈone kˈe kˈɑɾən , d͡ʒˈɑpɑn kˈo bʱˈɔɡolik ɾˈup sˈe ˈʌksəɾ d̪wipˈəsmuɦ kˈe ɾˈup mˈẽ sˈə̃n̪d̪əɾbʱit̪ kˈijɑ d͡ʒˈɑt̪ɑ ɦˈɛ
जिस सड़क पर दुर्घटना हुई उसे कुछ समय के लिए बंद कर दिया गया था, जबकि आपाताकालीन सेवाओं ने ड्राइवर को लाल रंग की Audi TT से निकाल दिया था.	d͡ʒˈis sˈəɽək pˈəɾ d̪uɾɡʱˈəʈnɑ ɦˈui ˈuse kˈut͡ʃʰ sˈəməj kˈe lˈie bˈə̃n̪d̪ kˈəɾ d̪ˈijɑ ɡˈəjɑ t̪ʰˈɑ , d͡ʒˈəbki ˈɑpɑt̪ɑkɑlin sˈewɑõ nˈe ɖɾˈɑiwəɾ kˈo lˈɑl ɾˈə̃ŋɡ kˈi ˈɔːd̬i tʰˈiː tʰˈiː sˈe nˈikɑl d̪ˈijɑ t̪ʰˈɑ .
यहां सूर्योदय देखने की कुछ जगहों पर ईस्टर की पूरी रात जागने की परंपरा है.	jˈəɦɑ̃ sˈuɾjod̪əj d̪ˈekʰne kˈi kˈut͡ʃʰ d͡ʒˈəɡɦõ pˈəɾ ˈisʈəɾ kˈi pˈuɾi ɾˈɑt̪ d͡ʒˈɑɡne kˈi pəɾˈə̃mpəɾɑ ɦˈɛ .
यहां कोई “बारिश” या “सूखे” का मौसम नहीं होता: बारिश की मात्रा लगभग पूरे साल ही एक जैसी रहती है.	jˈəɦɑ̃ kˈoi bˈɑɾis jˈɑ sˈukʰe kˈɑ mˈɔsəm nˈəɦĩ ɦˈot̪ɑ , bˈɑɾis kˈi mˈɑt̪ɾɑ lˈəɡbʱəɡ pˈuɾe sˈɑl ɦˈi ˈek d͡ʒˈɛsi ɾˈəɦt̪i ɦˈɛ .
यहां कोई “बारिश” या “सूखे” का मौसम नहीं होता: बारिश की मात्रा लगभग पूरे साल ही एक जैसी रहती है.	jˈəɦɑ̃ kˈoi bˈɑɾis jˈɑ sˈukʰe kˈɑ mˈɔsəm nˈəɦĩ ɦˈot̪ɑ , bˈɑɾis kˈi mˈɑt̪ɾɑ lˈəɡbʱəɡ pˈuɾe sˈɑl ɦˈi ˈek d͡ʒˈɛsi ɾˈəɦt̪i ɦˈɛ .
हर्शे और चेस के परीक्षण का एक प्रमुख सुझाव था कि DNA एक जेनेटिक मटेरियल था.	ɦˈəɾse ˈɔɾ t͡ʃˈes kˈe pəɾˈiksən kˈɑ ˈek pɾˈəmukʰ sˈud͡ʒʱɑw t̪ʰˈɑ kˈi dˈiːʲɛnˈeᶦ ˈek d͡ʒˈeneʈik mˈəʈeɾijəl t̪ʰˈɑ .
हर्शे और चेस के परीक्षण का एक प्रमुख सुझाव था कि DNA एक जेनेटिक मटेरियल था.	ɦˈəɾse ˈɔɾ t͡ʃˈes kˈe pəɾˈiksən kˈɑ ˈek pɾˈəmukʰ sˈud͡ʒʱɑw t̪ʰˈɑ kˈi dˈiːʲɛnˈeᶦ ˈek d͡ʒˈeneʈik mˈəʈeɾijəl t̪ʰˈɑ .
ताज़ा-तरीन बुलेटिन के मुताबिक, समुद्री स्तर की रीडिंग बताती है कि वहां सुनामी आई थी. पागो पागो और नीयू के करीब सुनामी की कुछ गतिविधि पक्के तौर पर रिकॉर्ड की गई थी.	t̪ˈɑzɑ t̪ˈəɾin bˈuleʈin kˈe mˈut̪ɑbik , səmˈud̪ɾi st̪ˈəɾ kˈi ɾiɖˈĩŋɡ bˈət̪ɑt̪i ɦˈɛ kˈi wˈəɦɑ̃ sˈunɑmi ˈɑi t̪ʰˈi . pˈɑɡo pˈɑɡo ˈɔɾ nˈiju kˈe kˈəɾib sˈunɑmi kˈi kˈut͡ʃʰ ɡˈət̪iwid̪ʱi pˈəkːe t̪ˈɔɾ pˈəɾ ɾikˈɔɾɖ kˈi ɡˈəi t̪ʰˈi .
ताज़ा-तरीन बुलेटिन के मुताबिक, समुद्री स्तर की रीडिंग बताती है कि वहां सुनामी आई थी. पागो पागो और नीयू के करीब सुनामी की कुछ गतिविधि पक्के तौर पर रिकॉर्ड की गई थी.	t̪ˈɑzɑ t̪ˈəɾin bˈuleʈin kˈe mˈut̪ɑbik , səmˈud̪ɾi st̪ˈəɾ kˈi ɾiɖˈĩŋɡ bˈət̪ɑt̪i ɦˈɛ kˈi wˈəɦɑ̃ sˈunɑmi ˈɑi t̪ʰˈi . pˈɑɡo pˈɑɡo ˈɔɾ nˈiju kˈe kˈəɾib sˈunɑmi kˈi kˈut͡ʃʰ ɡˈət̪iwid̪ʱi pˈəkːe t̪ˈɔɾ pˈəɾ ɾikˈɔɾɖ kˈi ɡˈəi t̪ʰˈi .
टेलीविज़न पर किए गए लाइव कमेंट्स में पहली बार सीनियर इरानियन सूत्रों ने यह माना था कि प्रतिबंधों को कोई प्रभाव हुआ था.	ʈˈeliwizən pˈəɾ kˈie ɡˈəe lˈɑiw kəmˈẽɳʈs mˈẽ pˈəɦli bˈɑɾ sˈinijəɾ ˈiɾɑnijən sˈut̪ɾõ nˈe jˈəɦ mˈɑnɑ t̪ʰˈɑ kˈi pɾət̪ibˈə̃n̪d̪ʱõ kˈo kˈoi pɾˈəbʱɑw ɦˈuɑ t̪ʰˈɑ .
टेलीविज़न पर किए गए लाइव कमेंट्स में पहली बार सीनियर इरानियन सूत्रों ने यह माना था कि प्रतिबंधों को कोई प्रभाव हुआ था.	ʈˈeliwizən pˈəɾ kˈie ɡˈəe lˈɑiw kəmˈẽɳʈs mˈẽ pˈəɦli bˈɑɾ sˈinijəɾ ˈiɾɑnijən sˈut̪ɾõ nˈe jˈəɦ mˈɑnɑ t̪ʰˈɑ kˈi pɾət̪ibˈə̃n̪d̪ʱõ kˈo kˈoi pɾˈəbʱɑw ɦˈuɑ t̪ʰˈɑ .
सभी गुफाओं, जिनका नाम “सात बहनें” रखा गया, में घुसने की जगह का डायमीटर कम से कम 100 से 250 मीटर (328 से 820 फ़ीट) है.	sˈəbʱi ɡˈupʰɑõ , d͡ʒˈinkɑ nˈɑm sˈɑt̪ bˈəɦnẽ ɾˈəkʰɑ ɡˈəjɑ , mˈẽ ɡʱˈusne kˈi d͡ʒˈəɡəɦ kˈɑ ɖˈɑjmiʈəɾ kˈəm sˈe kˈəm ˈek sˈɔ sˈe d̪ˈo sˈɔ pˈət͡ʃɑs mˈiʈəɾ t̪ˈin sˈɔ ˈʌʈʈʰɑis sˈe ˈɑʈʰ sˈɔ bˈis fˈiʈ ɦˈɛ .
कुछ अन्य विशेषज्ञों की तरह, उन्हें इस बात पर संदेह है कि क्या मधुमेह को ठीक किया जा सकता है, यह देखते हुए कि इन निष्कर्षों की उन लोगों के लिए कोई प्रासंगिकता नहीं है जिन्हें पहले से ही टाइप 1 मधुमेह है.	kˈut͡ʃʰ ˈʌnj wisesˈəd͡ʒnõ kˈi t̪ˈəɾəɦ , ˈunɦẽ ˈis bˈɑt̪ pˈəɾ sˈə̃n̪d̪eɦ ɦˈɛ kˈi kjˈɑ mˈəd̪ʱumeɦ kˈo ʈʰˈik kˈijɑ d͡ʒˈɑ sˈəkt̪ɑ ɦˈɛ , jˈəɦ d̪ˈekʰt̪e ɦˈue kˈi ˈin niskˈəɾsõ kˈi ˈun lˈoɡõ kˈe lˈie kˈoi pɾɑsˈə̃ŋɡikt̪ɑ nˈəɦĩ ɦˈɛ d͡ʒˈinɦẽ pˈəɦle sˈe ɦˈi ʈˈɑip ˈek mˈəd̪ʱumeɦ ɦˈɛ .
लेकिन प्रधानमंत्री जॉन हॉवर्ड ने कहा है कि यह अधिनियम केवल अस्पताल की सुविधाओं को तस्मानियाई सरकार द्वारा नीचे गिरने से बचाने के लिए अतिरिक्त AUD $45 मिलियन देने के लिए था.	lˈekin pɾəd̪ʱɑnmˈə̃n̪t̪ɾi d͡ʒˈɔn ɦɔwˈəɾɖ nˈe kˈəɦɑ ɦˈɛ kˈi jˈəɦ ˈʌd̪ʱinijəm kˈewəl ˈʌspət̪ɑl kˈi sˈuwid̪ʱɑõ kˈo t̪ˈəsmɑnijɑi sˈəɾkɑɾ d̪wˈɑɾɑ nˈit͡ʃe ɡˈiɾne sˈe bˈət͡ʃɑne kˈe lˈie ʌt̪iɾˈikt̪ ˈɔːd pˈɛ̃n̪t̪ɑlis ɖˈɔləɾ mˈilijən d̪ˈene kˈe lˈie t̪ʰˈɑ .
लेकिन प्रधानमंत्री जॉन हॉवर्ड ने कहा है कि यह अधिनियम केवल अस्पताल की सुविधाओं को तस्मानियाई सरकार द्वारा नीचे गिरने से बचाने के लिए अतिरिक्त AUD $45 मिलियन देने के लिए था.	lˈekin pɾəd̪ʱɑnmˈə̃n̪t̪ɾi d͡ʒˈɔn ɦɔwˈəɾɖ nˈe kˈəɦɑ ɦˈɛ kˈi jˈəɦ ˈʌd̪ʱinijəm kˈewəl ˈʌspət̪ɑl kˈi sˈuwid̪ʱɑõ kˈo t̪ˈəsmɑnijɑi sˈəɾkɑɾ d̪wˈɑɾɑ nˈit͡ʃe ɡˈiɾne sˈe bˈət͡ʃɑne kˈe lˈie ʌt̪iɾˈikt̪ ˈɔːd pˈɛ̃n̪t̪ɑlis ɖˈɔləɾ mˈilijən d̪ˈene kˈe lˈie t̪ʰˈɑ .
यह क्षेत्र पशु और पक्षी प्रजातियों की एक बहुत व्यापक किस्मों का आवास है	jˈəɦ ksˈet̪ɾ pˈəsu ˈɔɾ pˈəksi pɾˈəd͡ʒɑt̪ijõ kˈi ˈek bˈəɦut̪ wjˈɑpək kˈismõ kˈɑ ˈɑwɑs ɦˈɛ
जिस तरह पेरिस को आज की दुनिया की फ़ैशन राजधानी के रूप में जाना जाता है उसी तरह कॉन्स्टेंटिनोपल को सामंती यूरोप की फैशन राजधानी के रूप में माना जाता था.	d͡ʒˈis t̪ˈəɾəɦ pˈeɾis kˈo ˈɑd͡ʒ kˈi d̪ˈunijɑ kˈi fˈɛsən ɾˈɑd͡ʒd̪ʱɑni kˈe ɾˈup mˈẽ d͡ʒˈɑnɑ d͡ʒˈɑt̪ɑ ɦˈɛ ˈusi t̪ˈəɾəɦ kɔnsʈˈẽɳʈinopəl kˈo sɑmˈə̃n̪t̪i jˈuɾop kˈi pʰˈɛsən ɾˈɑd͡ʒd̪ʱɑni kˈe ɾˈup mˈẽ mˈɑnɑ d͡ʒˈɑt̪ɑ t̪ʰˈɑ .
सूट मानक व्यावसायिक पहनावा हैं, और सहकर्मी एक-दूसरे को उनके पारिवारिक नामों या पद नामों से पुकारते हैं.	sˈuʈ mˈɑnək wjˈɑwsɑjik pˈəɦnɑwɑ ɦˈɛ̃ , ˈɔɾ səɦkˈəɾmi ˈek d̪ˈusɾe kˈo ˈunke pˈɑɾiwɑɾik nˈɑmõ jˈɑ pˈəd̪ nˈɑmõ sˈe pukˈɑɾt̪e ɦˈɛ̃ .
टेक्नोलॉजिकल निर्धारणवाद एक ऐसा शब्द है, जो व्यवहार में विचारों की एक विस्तृत श्रृंखला को शामिल करता है, प्रौद्योगिकी-धक्का या तकनीकी अनिवार्यता से लेकर सख्त अर्थ तक कि मानव नियति वैज्ञानिक कानूनों और प्रौद्योगिकी में उनके प्रदर्शन से जुड़े एक अंतर्निहित तर्क से प्रेरित है	ʈˈeknolɔd͡ʒikəl niɾd̪ʱɑɾˈənwɑd̪ ˈek ˈɛsɑ sˈəbd̪ ɦˈɛ , d͡ʒˈo wjˈəwɦɑɾ mˈẽ wˈit͡ʃɑɾõ kˈi ˈek wˈist̪ɾit̪ sɾɾˈĩŋkʰəlɑ kˈo sˈɑmil kˈəɾt̪ɑ ɦˈɛ , pɾˈɔd̪joɡiki d̪ʱˈəkːɑ jˈɑ t̪ˈəkniki ʌniwˈɑɾjət̪ɑ sˈe lˈekəɾ sˈəkʰt̪ ˈʌɾt̪ʰ t̪ˈək kˈi mˈɑnəw nˈijt̪i wˈɛd͡ʒnɑnik kˈɑnunõ ˈɔɾ pɾˈɔd̪joɡiki mˈẽ ˈunke pɾəd̪ˈəɾsən sˈe d͡ʒˈuɽe ˈek ˈʌ̃n̪t̪əɾniɦit̪ t̪ˈəɾk sˈe pɾˈeɾit̪ ɦˈɛ
फ़्रांसीसी क्रांति ने दूसरे देशों में मौजूद कामगार वर्ग के कई दमित लोगों को भी अपनी-अपनी क्रांतियां शुरू करने की प्रेरणा दी.	fɾˈɑ̃sisi kɾˈɑ̃n̪t̪i nˈe d̪ˈusɾe d̪ˈesõ mˈẽ mˈɔd͡ʒud̪ kˈɑmɡɑɾ wˈəɾɡ kˈe kˈəi d̪ˈəmit̪ lˈoɡõ kˈo bʱˈi ˈʌpni ˈʌpni kɾˈɑ̃n̪t̪ijɑ̃ sˈuɾu kˈəɾne kˈi pɾˈeɾnɑ d̪ˈi .
इनमें वित्तीय प्रतिबंध और कच्चे तेल के निर्यात पर यूरोपीय संघ द्वारा प्रतिबंध शामिल है, जिससे ईरानी अर्थव्यवस्था को उनकी विदेशी आय का 80% प्राप्त होता है	ˈinmẽ wˈit̪ːij pɾət̪ibˈə̃n̪d̪ʱ ˈɔɾ kˈət͡ʃːe t̪ˈel kˈe nˈiɾjɑt̪ pˈəɾ jˈuɾopij sˈə̃ŋɡʱ d̪wˈɑɾɑ pɾət̪ibˈə̃n̪d̪ʱ sˈɑmil ɦˈɛ , d͡ʒˈisse ˈiɾɑni ʌɾt̪ʰəwjəwˈəst̪ʰɑ kˈo ˈunki wˈid̪esi ˈɑj kˈɑ ˈʌsːi pɾˈət̪isət̪ pɾˈɑpt̪ ɦˈot̪ɑ ɦˈɛ
इनमें वित्तीय प्रतिबंध और कच्चे तेल के निर्यात पर यूरोपीय संघ द्वारा प्रतिबंध शामिल है, जिससे ईरानी अर्थव्यवस्था को उनकी विदेशी आय का 80% प्राप्त होता है	ˈinmẽ wˈit̪ːij pɾət̪ibˈə̃n̪d̪ʱ ˈɔɾ kˈət͡ʃːe t̪ˈel kˈe nˈiɾjɑt̪ pˈəɾ jˈuɾopij sˈə̃ŋɡʱ d̪wˈɑɾɑ pɾət̪ibˈə̃n̪d̪ʱ sˈɑmil ɦˈɛ , d͡ʒˈisse ˈiɾɑni ʌɾt̪ʰəwjəwˈəst̪ʰɑ kˈo ˈunki wˈid̪esi ˈɑj kˈɑ ˈʌsːi pɾˈət̪isət̪ pɾˈɑpt̪ ɦˈot̪ɑ ɦˈɛ
इन दोनों टावर की ऊंचाई 83 मीटर है. इनकी लंबाई 378 मीटर है और इनमें 3.50 मीटर चौड़ी दो लेन हैं.	ˈin d̪ˈonõ ʈˈɑwəɾ kˈi ˈũɲt͡ʃɑi t̪ˈiɾɑsi mˈiʈəɾ ɦˈɛ . ˈinki lˈə̃mbɑi t̪ˈin sˈɔ ˈʌʈʰɦət̪ːəɾ mˈiʈəɾ ɦˈɛ ˈɔɾ ˈinmẽ t̪ˈin d̪əsˈəmləw pˈɑ̃t͡ʃ sˈunj mˈiʈəɾ t͡ʃˈɔɽi d̪ˈo lˈen ɦˈɛ̃ .
जापान के अर्थव्यवस्था, व्यापार और उद्योग मंत्रालय (METI) ने कहा कि उसे उपकरणों से संबंधित 27 दुर्घटनाओं की जानकारी थी.	d͡ʒˈɑpɑn kˈe ʌɾt̪ʰəwjəwˈəst̪ʰɑ , wjˈɑpɑɾ ˈɔɾ ˈud̪joɡ mˈə̃n̪t̪ɾɑləj mˈɛt̬i nˈe kˈəɦɑ kˈi ˈuse upkˈəɾnõ sˈe sə̃mbˈə̃n̪d̪ʱit̪ sˈət̪ːɑis d̪uɾɡʱˈəʈnɑõ kˈi d͡ʒˈɑnkɑɾi t̪ʰˈi .
अन्य बायोरैड-आधारित विकल्पों में सोने से पहले बहुत सारे तरल पदार्थ पीना (विशेष रूप से पानी या चाय, एक प्रचलित मूत्रवर्धक) शामिल है, जिससे व्यक्ति को मूत्र करने के लिए मजबूर होना पड़ता है”.	ˈʌnj bˈɑjoɾɛɖ ˈɑd̪ʱɑɾit̪ wikˈəlpõ mˈẽ sˈone sˈe pˈəɦle bˈəɦut̪ sˈɑɾe t̪ˈəɾəl pəd̪ˈɑɾt̪ʰ pˈinɑ wˈises ɾˈup sˈe pˈɑni jˈɑ t͡ʃˈɑj , ˈek pɾˈət͡ʃlit̪ mut̪ɾəwˈəɾd̪ʱək sˈɑmil ɦˈɛ , d͡ʒˈisse wjˈəkt̪i kˈo mˈut̪ɾ kˈəɾne kˈe lˈie mˈəd͡ʒbuɾ ɦˈonɑ pˈəɽt̪ɑ ɦˈɛ .
विदेश में रहने के बाद वापस घर लौटते समय, आप नई संस्कृति को अपना चुके होते हैं और अपनी घरेलू संस्कृति की कई आदतें खो चुके होते हैं.	wˈid̪es mˈẽ ɾˈəɦne kˈe bˈɑd̪ wˈɑpəs ɡʱˈəɾ lˈɔʈt̪e sˈəməj , ˈɑp nˈəi sˈə̃skɾit̪i kˈo ˈʌpnɑ t͡ʃˈuke ɦˈot̪e ɦˈɛ̃ ˈɔɾ ˈʌpni ɡʱˈəɾelu sˈə̃skɾit̪i kˈi kˈəi ˈɑd̪t̪ẽ kʰˈo t͡ʃˈuke ɦˈot̪e ɦˈɛ̃ .
एक कोर्स आम तौर पर 2 से 5 दिनों का होगा और उसमें भूमिका निभाना, बहुत सारा प्राथमिक उपचार और कभी-कभी हथियारों का प्रशिक्षण भी शामिल होगा.	ˈek kˈoɾs ˈɑm t̪ˈɔɾ pˈəɾ d̪ˈo sˈe pˈɑ̃t͡ʃ d̪ˈinõ kˈɑ ɦˈoɡɑ ˈɔɾ ˈusmẽ bʱˈumikɑ nˈibʱɑnɑ , bˈəɦut̪ sˈɑɾɑ pɾˈɑt̪ʰmik ˈupt͡ʃɑɾ ˈɔɾ kˈəbʱi kˈəbʱi ɦˈət̪ʰijɑɾõ kˈɑ pɾəsˈiksən bʱˈi sˈɑmil ɦˈoɡɑ .
एक कोर्स आम तौर पर 2 से 5 दिनों का होगा और उसमें भूमिका निभाना, बहुत सारा प्राथमिक उपचार और कभी-कभी हथियारों का प्रशिक्षण भी शामिल होगा.	ˈek kˈoɾs ˈɑm t̪ˈɔɾ pˈəɾ d̪ˈo sˈe pˈɑ̃t͡ʃ d̪ˈinõ kˈɑ ɦˈoɡɑ ˈɔɾ ˈusmẽ bʱˈumikɑ nˈibʱɑnɑ , bˈəɦut̪ sˈɑɾɑ pɾˈɑt̪ʰmik ˈupt͡ʃɑɾ ˈɔɾ kˈəbʱi kˈəbʱi ɦˈət̪ʰijɑɾõ kˈɑ pɾəsˈiksən bʱˈi sˈɑmil ɦˈoɡɑ .
2010 के भूकंप के बाद हैती में पहुंचे संयुक्त राष्ट्र के शांति सैनिकों को उस बीमारी को फैलाने के लिए दोषी ठहराया जा रहा है जो सेना के शिविर के पास शुरू हुई थी.	d̪ˈo ɦˈəzɑɾ d̪ˈəs kˈe bʱukˈə̃mp kˈe bˈɑd̪ ɦˈɛt̪i mˈẽ pəɦˈũɲt͡ʃe sə̃jˈukt̪ ɾˈɑsʈɾ kˈe sˈɑ̃n̪t̪i sˈɛnikõ kˈo ˈus bˈimɑɾi kˈo pʰˈɛlɑne kˈe lˈie d̪ˈosi ʈʰˈəɦɾɑjɑ d͡ʒˈɑ ɾˈəɦɑ ɦˈɛ d͡ʒˈo sˈenɑ kˈe sˈiwiɾ kˈe pˈɑs sˈuɾu ɦˈui t̪ʰˈi .
2010 के भूकंप के बाद हैती में पहुंचे संयुक्त राष्ट्र के शांति सैनिकों को उस बीमारी को फैलाने के लिए दोषी ठहराया जा रहा है जो सेना के शिविर के पास शुरू हुई थी.	d̪ˈo ɦˈəzɑɾ d̪ˈəs kˈe bʱukˈə̃mp kˈe bˈɑd̪ ɦˈɛt̪i mˈẽ pəɦˈũɲt͡ʃe sə̃jˈukt̪ ɾˈɑsʈɾ kˈe sˈɑ̃n̪t̪i sˈɛnikõ kˈo ˈus bˈimɑɾi kˈo pʰˈɛlɑne kˈe lˈie d̪ˈosi ʈʰˈəɦɾɑjɑ d͡ʒˈɑ ɾˈəɦɑ ɦˈɛ d͡ʒˈo sˈenɑ kˈe sˈiwiɾ kˈe pˈɑs sˈuɾu ɦˈui t̪ʰˈi .
लेकिन, अगर अतिरिक्त क्वालिफ़ायर के बिना इस्तेमाल किया जाए, तो इस शब्द का मतलब ऐसे खाने से है जो मूल रूप से मुख्य जावा द्वीप के मध्य और पूर्वी हिस्सों से आता है.	lˈekin , ˈʌɡəɾ ʌt̪iɾˈikt̪ kwˈɑlifɑjəɾ kˈe bˈinɑ ˈist̪emɑl kˈijɑ d͡ʒˈɑe , t̪ˈo ˈis sˈəbd̪ kˈɑ mˈət̪ləb ˈɛse kʰˈɑne sˈe ɦˈɛ d͡ʒˈo mˈul ɾˈup sˈe mˈukʰj d͡ʒˈɑwɑ d̪wˈip kˈe mˈəd̪ʱj ˈɔɾ pˈuɾwi ɦˈisːõ sˈe ˈɑt̪ɑ ɦˈɛ .
लेकिन, अगर अतिरिक्त क्वालिफ़ायर के बिना इस्तेमाल किया जाए, तो इस शब्द का मतलब ऐसे खाने से है जो मूल रूप से मुख्य जावा द्वीप के मध्य और पूर्वी हिस्सों से आता है.	lˈekin , ˈʌɡəɾ ʌt̪iɾˈikt̪ kwˈɑlifɑjəɾ kˈe bˈinɑ ˈist̪emɑl kˈijɑ d͡ʒˈɑe , t̪ˈo ˈis sˈəbd̪ kˈɑ mˈət̪ləb ˈɛse kʰˈɑne sˈe ɦˈɛ d͡ʒˈo mˈul ɾˈup sˈe mˈukʰj d͡ʒˈɑwɑ d̪wˈip kˈe mˈəd̪ʱj ˈɔɾ pˈuɾwi ɦˈisːõ sˈe ˈɑt̪ɑ ɦˈɛ .
पार्क अथॉरिटीज़ के मुताबिक भालुओं और भेड़ियों से कम से कम 100 यार्ड्स/मीटर्स और अन्य जंगली जानवरों से कम से कम 25 यार्डर्स/मीटर्स दूर रहें.	pˈɑɾk ˈʌt̪ʰɔɾiʈiz kˈe mˈut̪ɑbik bʱˈɑluõ ˈɔɾ bʱˈeɽijõ sˈe kˈəm sˈe kˈəm ˈek sˈɔ jˈɑɾɖs miʈˈəɾs ˈɔɾ ˈʌnj d͡ʒˈə̃ŋɡəli d͡ʒɑnˈəwɾõ sˈe kˈəm sˈe kˈəm pˈət͡ʃːis jɑɾɖˈəɾs miʈˈəɾs d̪ˈuɾ ɾˈəɦẽ .
पार्क अथॉरिटीज़ के मुताबिक भालुओं और भेड़ियों से कम से कम 100 यार्ड्स/मीटर्स और अन्य जंगली जानवरों से कम से कम 25 यार्डर्स/मीटर्स दूर रहें.	pˈɑɾk ˈʌt̪ʰɔɾiʈiz kˈe mˈut̪ɑbik bʱˈɑluõ ˈɔɾ bʱˈeɽijõ sˈe kˈəm sˈe kˈəm ˈek sˈɔ jˈɑɾɖs miʈˈəɾs ˈɔɾ ˈʌnj d͡ʒˈə̃ŋɡəli d͡ʒɑnˈəwɾõ sˈe kˈəm sˈe kˈəm pˈət͡ʃːis jɑɾɖˈəɾs miʈˈəɾs d̪ˈuɾ ɾˈəɦẽ .
लिंग के साथ पासपोर्ट जारी करने की सरकारों की इच्छा नहीं बताई गई या नाम और लिंग को मैच करने के लिए अपडेट किए गए डॉक्यूमेंट अलग-अलग हैं.	lˈĩŋɡ kˈe sˈɑt̪ʰ pɑspˈoɾʈ d͡ʒˈɑɾi kˈəɾne kˈi sˈəɾkɑɾõ kˈi ˈit͡ʃʰːɑ nˈəɦĩ bˈət̪ɑi ɡˈəi jˈɑ nˈɑm ˈɔɾ lˈĩŋɡ kˈo mˈɛt͡ʃ kˈəɾne kˈe lˈie ˈʌpɖeʈ kˈie ɡˈəe ɖɔkjumˈẽɳʈ ˈʌləɡ ˈʌləɡ ɦˈɛ̃ .
अपनी सबसे हालिया मासिक रिपोर्ट में, ओपेक ने कहा कि कच्चे तेल का निर्यात दो दशकों के लिए 2.8 मिलियन बैरल प्रति दिन के निचले स्तर तक गिर गया था.	ˈʌpni sˈəbse ɦˈɑlijɑ mˈɑsik ɾipˈoɾʈ mˈẽ , ˈopek nˈe kˈəɦɑ kˈi kˈət͡ʃːe t̪ˈel kˈɑ nˈiɾjɑt̪ d̪ˈo d̪ˈəskõ kˈe lˈie d̪ˈo d̪əsˈəmləw ˈɑʈʰ mˈilijən bˈɛɾəl pɾˈət̪i d̪ˈin kˈe nˈit͡ʃle st̪ˈəɾ t̪ˈək ɡˈiɾ ɡˈəjɑ t̪ʰˈɑ .
अपनी सबसे हालिया मासिक रिपोर्ट में, ओपेक ने कहा कि कच्चे तेल का निर्यात दो दशकों के लिए 2.8 मिलियन बैरल प्रति दिन के निचले स्तर तक गिर गया था.	ˈʌpni sˈəbse ɦˈɑlijɑ mˈɑsik ɾipˈoɾʈ mˈẽ , ˈopek nˈe kˈəɦɑ kˈi kˈət͡ʃːe t̪ˈel kˈɑ nˈiɾjɑt̪ d̪ˈo d̪ˈəskõ kˈe lˈie d̪ˈo d̪əsˈəmləw ˈɑʈʰ mˈilijən bˈɛɾəl pɾˈət̪i d̪ˈin kˈe nˈit͡ʃle st̪ˈəɾ t̪ˈək ɡˈiɾ ɡˈəjɑ t̪ʰˈɑ .
जर्नल साइंस में गुरूवार को प्रकाशित एक अध्ययन ने इक्वाडोरियन गैलापागोस आइलैंड पर एक नई पक्षी प्रजाति के निर्माण की सूचना दी.	d͡ʒˈəɾnəl sɑˈĩs mˈẽ ɡˈuɾuwɑɾ kˈo pɾˈəkɑsit̪ ˈek ˈʌd̪ʱjəjən nˈe ˈikwɑɖoɾijən ɡˈɛlɑpɑɡos ɑilˈɛ̃ɳɖ pˈəɾ ˈek nˈəi pˈəksi pɾˈəd͡ʒɑt̪i kˈe nˈiɾmɑn kˈi sˈut͡ʃnɑ d̪ˈi .
पेनिनसुला के दक्षिणी क्षेत्र में एल्सवर्थ लैंड है जो बेल्लिंगशॉसेन समुद्र से घिरा हुआ है.	penˈinsulɑ kˈe d̪ˈəksini ksˈet̪ɾ mˈẽ elsəwˈəɾt̪ʰ lˈɛ̃ɳɖ ɦˈɛ d͡ʒˈo belːˈĩŋɡəsɔsen səmˈud̪ɾ sˈe ɡʱˈiɾɑ ɦˈuɑ ɦˈɛ .
पेनिनसुला के दक्षिणी क्षेत्र में एल्सवर्थ लैंड है जो बेल्लिंगशॉसेन समुद्र से घिरा हुआ है.	penˈinsulɑ kˈe d̪ˈəksini ksˈet̪ɾ mˈẽ elsəwˈəɾt̪ʰ lˈɛ̃ɳɖ ɦˈɛ d͡ʒˈo belːˈĩŋɡəsɔsen səmˈud̪ɾ sˈe ɡʱˈiɾɑ ɦˈuɑ ɦˈɛ .
उदाहरण के लिए, कोई कह सकता है कि मोटर कार आवश्यक रूप से सड़कों के विकास को प्रभावित करती हैं	ud̪ˈɑɦɾən kˈe lˈie , kˈoi kˈəɦ sˈəkt̪ɑ ɦˈɛ kˈi mˈoʈəɾ kˈɑɾ ɑwˈəsjək ɾˈup sˈe sˈəɽkõ kˈe wˈikɑs kˈo pɾˈəbʱɑwit̪ kˈəɾt̪i ɦˈɛ̃
उदाहरण के लिए, कोई कह सकता है कि मोटर कार आवश्यक रूप से सड़कों के विकास को प्रभावित करती हैं	ud̪ˈɑɦɾən kˈe lˈie , kˈoi kˈəɦ sˈəkt̪ɑ ɦˈɛ kˈi mˈoʈəɾ kˈɑɾ ɑwˈəsjək ɾˈup sˈe sˈəɽkõ kˈe wˈikɑs kˈo pɾˈəbʱɑwit̪ kˈəɾt̪i ɦˈɛ̃
ऑस्ट्रेलिया के लोगों के लिए, 'फ्लैट व्हाइट' कॉफी का विचार विदेशी है।शॉर्ट ब्लैक 'एस्प्रेसो' है, कैपेचीनो में क्रीम (झाग नहीं) भरा होता है, और चाय दूध के बिना परोसी जाती है।	ˈɔsʈɾelijɑ kˈe lˈoɡõ kˈe lˈie , pʰlˈɛʈ wɦˈɑiʈ kˈɔpʰi kˈɑ wˈit͡ʃɑɾ wˈid̪esi ɦˈɛ . sˈɔɾʈ blˈɛk ˈespɾeso ɦˈɛ , kˈɛpet͡ʃino mˈẽ kɾˈim d͡ʒʱˈɑɡ nˈəɦĩ bʱˈəɾɑ ɦˈot̪ɑ ɦˈɛ , ˈɔɾ t͡ʃˈɑj d̪ˈud̪ʱ kˈe bˈinɑ pˈəɾosi d͡ʒˈɑt̪i ɦˈɛ .
ऑस्ट्रेलिया के लोगों के लिए, 'फ्लैट व्हाइट' कॉफी का विचार विदेशी है।शॉर्ट ब्लैक 'एस्प्रेसो' है, कैपेचीनो में क्रीम (झाग नहीं) भरा होता है, और चाय दूध के बिना परोसी जाती है।	ˈɔsʈɾelijɑ kˈe lˈoɡõ kˈe lˈie , pʰlˈɛʈ wɦˈɑiʈ kˈɔpʰi kˈɑ wˈit͡ʃɑɾ wˈid̪esi ɦˈɛ . sˈɔɾʈ blˈɛk ˈespɾeso ɦˈɛ , kˈɛpet͡ʃino mˈẽ kɾˈim d͡ʒʱˈɑɡ nˈəɦĩ bʱˈəɾɑ ɦˈot̪ɑ ɦˈɛ , ˈɔɾ t͡ʃˈɑj d̪ˈud̪ʱ kˈe bˈinɑ pˈəɾosi d͡ʒˈɑt̪i ɦˈɛ .
जबकि उनके अधिकतर व्यंजन हमारे लिए जाने-पहचाने होंगे, रोमनों ने अपने हिस्से को अजीब या असामान्य दावत वस्तुओं में शामिल किया, जिनमें जंगली सूअर, मोर, घोंघे और एक प्रकार का रोडेंट (कृंतक) शामिल है, जिसे डॉर्महाउस कहा जाता है.	d͡ʒˈəbki ˈunke ʌd̪ʱˈikt̪əɾ wjˈə̃ɲd͡ʒən ɦˈəmɑɾe lˈie d͡ʒˈɑne pˈəɦt͡ʃɑne ɦˈõŋɡe , ɾˈomnõ nˈe ˈʌpne ɦˈisːe kˈo ˈʌd͡ʒib jˈɑ ʌsɑmˈɑnj d̪ˈɑwət̪ wˈəst̪uõ mˈẽ sˈɑmil kˈijɑ , d͡ʒˈinmẽ d͡ʒˈə̃ŋɡəli sˈuʌɾ , mˈoɾ , ɡʱˈõŋɡʱe ˈɔɾ ˈek pɾˈəkɑɾ kˈɑ ɾoɖˈẽɳʈ kɾˈĩn̪t̪ək sˈɑmil ɦˈɛ , d͡ʒˈise ɖˈɔɾməɦɑus kˈəɦɑ d͡ʒˈɑt̪ɑ ɦˈɛ .
अच्छी परिस्थितियों में आप चलने से कुछ हद तकअधिक दूरी तय कर पाएंगे लेकिन केवल बहुत कम ही आपको तैयार पटरियों में भारी बैग के बिना क्रॉस कंट्री स्कीइंग की गति मिलेगी	ˈʌt͡ʃʰːi pəɾˈist̪ʰit̪ijõ mˈẽ ˈɑp t͡ʃˈəlne sˈe kˈut͡ʃʰ ɦˈəd̪ t̪ˈəkəʌd̪ʱik d̪ˈuɾi t̪ˈəj kˈəɾ pɑˈẽŋɡe lˈekin kˈewəl bˈəɦut̪ kˈəm ɦˈi ˈɑpko t̪ˈɛjɑɾ pˈəʈɾijõ mˈẽ bʱˈɑɾi bˈɛɡ kˈe bˈinɑ kɾˈɔs kˈə̃ɳʈɾi skiˈĩŋɡ kˈi ɡˈət̪i mˈileɡi
लोगों की भीड़ ने राजा और रानी को अपनी गाड़ी की खिड़की खोलने के लिए मजबूर किया.	lˈoɡõ kˈi bʱˈiɽ nˈe ɾˈɑd͡ʒɑ ˈɔɾ ɾˈɑni kˈo ˈʌpni ɡˈɑɽi kˈi kʰˈiɽki kʰˈolne kˈe lˈie mˈəd͡ʒbuɾ kˈijɑ .
लोगों की भीड़ ने राजा और रानी को अपनी गाड़ी की खिड़की खोलने के लिए मजबूर किया.	lˈoɡõ kˈi bʱˈiɽ nˈe ɾˈɑd͡ʒɑ ˈɔɾ ɾˈɑni kˈo ˈʌpni ɡˈɑɽi kˈi kʰˈiɽki kʰˈolne kˈe lˈie mˈəd͡ʒbuɾ kˈijɑ .
दूरस्थ स्थानों में, सेल फ़ोन कवरेज नहीं होने से, एक सेटेलाइट फ़ोन आपका एकमात्र विकल्प हो सकता है.	d̪uɾˈəst̪ʰ st̪ʰˈɑnõ mˈẽ , sˈel fˈon kˈəwɾed͡ʒ nˈəɦĩ ɦˈone sˈe , ˈek sˈeʈelɑiʈ fˈon ˈɑpkɑ ekmˈɑt̪ɾ wikˈəlp ɦˈo sˈəkt̪ɑ ɦˈɛ .
देश के सुप्रीम लीडर अयातुल्ला अली ख़ामेनी ने तेल पर निर्भरता को एक ऐसे “जाल” के रूप में परिभाषित किया है जो 1979 में इरान के इस्लामिक क्रांति के पहले से बुना जा रहा है और जिससे देश को अपने आपको आज़ाद करना चाहिए.	d̪ˈes kˈe sˈupɾim lˈiɖəɾ ˈʌjɑt̪ulːɑ ˈʌli xˈɑmeni nˈe t̪ˈel pˈəɾ niɾbʱˈəɾt̪ɑ kˈo ˈek ˈɛse d͡ʒˈɑl kˈe ɾˈup mˈẽ pˈəɾibʱɑsit̪ kˈijɑ ɦˈɛ d͡ʒˈo ˈek ɦˈəzɑɾ nˈɔ sˈɔ ˈunɑsi mˈẽ ˈiɾɑn kˈe ˈislɑmik kɾˈɑ̃n̪t̪i kˈe pˈəɦle sˈe bˈunɑ d͡ʒˈɑ ɾˈəɦɑ ɦˈɛ ˈɔɾ d͡ʒˈisse d̪ˈes kˈo ˈʌpne ˈɑpko ˈɑzɑd̪ kˈəɾnɑ t͡ʃˈɑɦie .
इसलिए, व्याकरण की इस प्रथम पुस्तक को पढ़ने से आपको फारसी व्याकरण के बारे में बहुत कुछ जानने और वाक्यांशों को बेहतर ढंग से समझने में मदद मिलेगी	ˈislie , wjˈɑkɾən kˈi ˈis pɾˈət̪ʰəm pˈust̪ək kˈo pˈəɽʱne sˈe ˈɑpko pʰˈɑɾsi wjˈɑkɾən kˈe bˈɑɾe mˈẽ bˈəɦut̪ kˈut͡ʃʰ d͡ʒˈɑnne ˈɔɾ wɑkjˈɑ̃sõ kˈo bˈeɦt̪əɾ ɖʱˈə̃ŋɡ sˈe səmˈəd͡ʒʱne mˈẽ mˈəd̪əd̪ mˈileɡi
इसलिए, व्याकरण की इस प्रथम पुस्तक को पढ़ने से आपको फारसी व्याकरण के बारे में बहुत कुछ जानने और वाक्यांशों को बेहतर ढंग से समझने में मदद मिलेगी	ˈislie , wjˈɑkɾən kˈi ˈis pɾˈət̪ʰəm pˈust̪ək kˈo pˈəɽʱne sˈe ˈɑpko pʰˈɑɾsi wjˈɑkɾən kˈe bˈɑɾe mˈẽ bˈəɦut̪ kˈut͡ʃʰ d͡ʒˈɑnne ˈɔɾ wɑkjˈɑ̃sõ kˈo bˈeɦt̪əɾ ɖʱˈə̃ŋɡ sˈe səmˈəd͡ʒʱne mˈẽ mˈəd̪əd̪ mˈileɡi
अंतर्राष्ट्रीय प्रतिबंधों का मतलब है कि नए विमान नहीं खरीदे जा सकते.	ʌ̃n̪t̪əɾɾˈɑsʈɾij pɾət̪ibˈə̃n̪d̪ʱõ kˈɑ mˈət̪ləb ɦˈɛ kˈi nˈəe wˈimɑn nˈəɦĩ kʰˈəɾid̪e d͡ʒˈɑ sˈəkt̪e .
अंतर्राष्ट्रीय प्रतिबंधों का मतलब है कि नए विमान नहीं खरीदे जा सकते.	ʌ̃n̪t̪əɾɾˈɑsʈɾij pɾət̪ibˈə̃n̪d̪ʱõ kˈɑ mˈət̪ləb ɦˈɛ kˈi nˈəe wˈimɑn nˈəɦĩ kʰˈəɾid̪e d͡ʒˈɑ sˈəkt̪e .
उन्होंने लोकप्रिय हाइकिंग और साइक्लिंग ट्रैल्स के लिए रूट्स भी तय किए.	unɦˈõne lokˈəpɾij ɦɑikˈĩŋɡ ˈɔɾ sɑiklˈĩŋɡ ʈɾˈɛls kˈe lˈie ɾˈuʈs bʱˈi t̪ˈəj kˈie .
उन्होंने लोकप्रिय हाइकिंग और साइक्लिंग ट्रैल्स के लिए रूट्स भी तय किए.	unɦˈõne lokˈəpɾij ɦɑikˈĩŋɡ ˈɔɾ sɑiklˈĩŋɡ ʈɾˈɛls kˈe lˈie ɾˈuʈs bʱˈi t̪ˈəj kˈie .
क्रोएशिया और डेनमार्क में H5N1 के संदिग्ध मामले अपुष्ट बने हुए हैं.	kɾˈoesijɑ ˈɔɾ ɖenmˈɑɾk mˈẽ ˈeᶦt͡ʃ pˈɑ̃t͡ʃ ˈɛn ˈek kˈe sə̃n̪d̪ˈiɡd̪ʱ mˈɑmle ʌpˈusʈ bˈəne ɦˈue ɦˈɛ̃ .
ग्रीस में मिनोअन सिटीज़ ऑफ़ क्रेटे एंड सांटोरिनी के घरों में सिवेज सिस्टम्स के अवशेष पाए गए हैं.	ɡɾˈis mˈẽ mˈinoʌn sˈiʈiz ˈɔf kɾˈeʈe ˈẽɳɖ sˈɑ̃ɳʈoɾini kˈe ɡʱˈəɾõ mˈẽ sˈiwed͡ʒ sisʈˈəms kˈe ˈʌwses pˈɑe ɡˈəe ɦˈɛ̃ .
फिल्टर प्रभावशीलता में अलग अलग होते हैं, और आपको पहले इस पर विचार करना चाहिए, फिर आपको एक सम्मानित कंपनी से सील की बोतल में अपना पानी खरीदने पर विचार करना चाहिए	pʰˈilʈəɾ pɾəbʱɑwsˈilt̪ɑ mˈẽ ˈʌləɡ ˈʌləɡ ɦˈot̪e ɦˈɛ̃ , ˈɔɾ ˈɑpko pˈəɦle ˈis pˈəɾ wˈit͡ʃɑɾ kˈəɾnɑ t͡ʃˈɑɦie , pʰˈiɾ ˈɑpko ˈek sˈəmːɑnit̪ kˈə̃mpəni sˈe sˈil kˈi bˈot̪əl mˈẽ ˈʌpnɑ pˈɑni kʰəɾˈid̪ne pˈəɾ wˈit͡ʃɑɾ kˈəɾnɑ t͡ʃˈɑɦie
उनमें से एक जॉर्ज वाशिंगटन को 6 जुलाई को भेजा गया, जिसने कि इसको अपनी सेना के लिए न्यूयॉर्क में 9 जुलाई को पढ़ा उसकी एक कॉपी 10 अगस्त को लंदन पहुंची	ˈunmẽ sˈe ˈek d͡ʒˈɔɾd͡ʒ wɑsˈĩŋɡəʈən kˈo t͡ʃʰˈəɦ d͡ʒˈulɑi kˈo bʱˈed͡ʒɑ ɡˈəjɑ , d͡ʒˈisne kˈi ˈisko ˈʌpni sˈenɑ kˈe lˈie njujˈɔɾk mˈẽ nˈɔ d͡ʒˈulɑi kˈo pˈəɽʱɑ ˈuski ˈek kˈɔpi d̪ˈəs ʌɡˈəst̪ kˈo lˈə̃n̪d̪ən pəɦˈũɲt͡ʃi
उनमें से एक जॉर्ज वाशिंगटन को 6 जुलाई को भेजा गया, जिसने कि इसको अपनी सेना के लिए न्यूयॉर्क में 9 जुलाई को पढ़ा उसकी एक कॉपी 10 अगस्त को लंदन पहुंची	ˈunmẽ sˈe ˈek d͡ʒˈɔɾd͡ʒ wɑsˈĩŋɡəʈən kˈo t͡ʃʰˈəɦ d͡ʒˈulɑi kˈo bʱˈed͡ʒɑ ɡˈəjɑ , d͡ʒˈisne kˈi ˈisko ˈʌpni sˈenɑ kˈe lˈie njujˈɔɾk mˈẽ nˈɔ d͡ʒˈulɑi kˈo pˈəɽʱɑ ˈuski ˈek kˈɔpi d̪ˈəs ʌɡˈəst̪ kˈo lˈə̃n̪d̪ən pəɦˈũɲt͡ʃi
द सिंपसन के पहले साइमन ने कई शोज़ के कई पोज़िशन्स में काम किया था.	d̪ˈə sˈĩmpəsən kˈe pˈəɦle sˈɑimən nˈe kˈəi sˈoz kˈe kˈəi pozisˈəns mˈẽ kˈɑm kˈijɑ t̪ʰˈɑ .
द सिंपसन के पहले साइमन ने कई शोज़ के कई पोज़िशन्स में काम किया था.	d̪ˈə sˈĩmpəsən kˈe pˈəɦle sˈɑimən nˈe kˈəi sˈoz kˈe kˈəi pozisˈəns mˈẽ kˈɑm kˈijɑ t̪ʰˈɑ .
प्रकोप ने भारत सरकार को गंभीर रूप से प्रभावित क्षेत्रों में सुअर पकड़ने वालों की तैनाती, हज़ारों मच्छरदानी वितरित करने और कीटनाशकों के छिड़काव जैसे उपाय करने के लिए मजबूर कर दिया है.	pɾˈəkop nˈe bʱˈɑɾət̪ sˈəɾkɑɾ kˈo ɡˈə̃mbʱiɾ ɾˈup sˈe pɾˈəbʱɑwit̪ ksˈet̪ɾõ mˈẽ sˈuʌɾ pəkˈəɽne wˈɑlõ kˈi t̪ˈɛnɑt̪i , ɦˈəzɑɾõ mət͡ʃʰːˈəɾd̪ɑni wˈit̪ɾit̪ kˈəɾne ˈɔɾ kiʈnˈɑskõ kˈe t͡ʃʰˈiɽkɑw d͡ʒˈɛse ˈupɑj kˈəɾne kˈe lˈie mˈəd͡ʒbuɾ kˈəɾ d̪ˈijɑ ɦˈɛ .
यह सिद्धांत बताता है कि आकाशगंगा के आसपास का सबसे गहरा काला पदार्थ प्रभामंडल के रूप में स्थित होता है और यह कई छोटे-छोटे कणों से बना होता है.	jˈəɦ sid̪ʱːˈɑ̃n̪t̪ bˈət̪ɑt̪ɑ ɦˈɛ kˈi ɑkɑsɡˈə̃ŋɡɑ kˈe ˈɑspɑs kˈɑ sˈəbse ɡˈəɦɾɑ kˈɑlɑ pəd̪ˈɑɾt̪ʰ pɾəbʱɑmˈə̃ɳɖəl kˈe ɾˈup mˈẽ st̪ʰˈit̪ ɦˈot̪ɑ ɦˈɛ ˈɔɾ jˈəɦ kˈəi t͡ʃʰˈoʈe t͡ʃʰˈoʈe kˈənõ sˈe bˈənɑ ɦˈot̪ɑ ɦˈɛ .
सुबह लगभग 5 बजे (पूर्वी समय) जब कैप्सूल धरती को छूकर वायुमंडल में प्रवेश करता है, तब उत्तरी कैलिफ़ोर्निया, ऑरेगन, नेवाडा और उटाह के लोगों के लिए एक शानदार लाइट शो पेश करने की अपेक्षा होती है.	sˈubəɦ lˈəɡbʱəɡ pˈɑ̃t͡ʃ bˈəd͡ʒe pˈuɾwi sˈəməj d͡ʒˈəb kˈɛpsul d̪ʱˈəɾt̪i kˈo t͡ʃʰˈukəɾ wɑjumˈə̃ɳɖəl mˈẽ pɾˈəwes kˈəɾt̪ɑ ɦˈɛ , t̪ˈəb ˈut̪ːəɾi kɛlifˈoɾnijɑ , ˈɔɾeɡən , nˈewɑɖɑ ˈɔɾ ˈuʈɑɦ kˈe lˈoɡõ kˈe lˈie ˈek sˈɑnd̪ɑɾ lˈɑiʈ sˈo pˈes kˈəɾne kˈi ʌpˈeksɑ ɦˈot̪i ɦˈɛ .
सुबह लगभग 5 बजे (पूर्वी समय) जब कैप्सूल धरती को छूकर वायुमंडल में प्रवेश करता है, तब उत्तरी कैलिफ़ोर्निया, ऑरेगन, नेवाडा और उटाह के लोगों के लिए एक शानदार लाइट शो पेश करने की अपेक्षा होती है.	sˈubəɦ lˈəɡbʱəɡ pˈɑ̃t͡ʃ bˈəd͡ʒe pˈuɾwi sˈəməj d͡ʒˈəb kˈɛpsul d̪ʱˈəɾt̪i kˈo t͡ʃʰˈukəɾ wɑjumˈə̃ɳɖəl mˈẽ pɾˈəwes kˈəɾt̪ɑ ɦˈɛ , t̪ˈəb ˈut̪ːəɾi kɛlifˈoɾnijɑ , ˈɔɾeɡən , nˈewɑɖɑ ˈɔɾ ˈuʈɑɦ kˈe lˈoɡõ kˈe lˈie ˈek sˈɑnd̪ɑɾ lˈɑiʈ sˈo pˈes kˈəɾne kˈi ʌpˈeksɑ ɦˈot̪i ɦˈɛ .
केमिली सेंट-सेंस द्वारा, फ्रेंच ऑपेरा में प्रस्तुत कहानी, एक कलाकार की है “जिसका जीवन ड्रग्स के लिए प्यार और जापान से दर्शाया जाता है	kˈemili sˈẽɳʈ sˈẽs d̪wˈɑɾɑ , pʰɾˈẽɲt͡ʃ ˈɔpeɾɑ mˈẽ pɾˈəst̪ut̪ kˈəɦɑni , ˈek kˈəlɑkɑɾ kˈi ɦˈɛ d͡ʒˈiskɑ d͡ʒˈiwən ɖɾˈəɡs kˈe lˈie pjˈɑɾ ˈɔɾ d͡ʒˈɑpɑn sˈe d̪ˈəɾsɑjɑ d͡ʒˈɑt̪ɑ ɦˈɛ
केमिली सेंट-सेंस द्वारा, फ्रेंच ऑपेरा में प्रस्तुत कहानी, एक कलाकार की है “जिसका जीवन ड्रग्स के लिए प्यार और जापान से दर्शाया जाता है	kˈemili sˈẽɳʈ sˈẽs d̪wˈɑɾɑ , pʰɾˈẽɲt͡ʃ ˈɔpeɾɑ mˈẽ pɾˈəst̪ut̪ kˈəɦɑni , ˈek kˈəlɑkɑɾ kˈi ɦˈɛ d͡ʒˈiskɑ d͡ʒˈiwən ɖɾˈəɡs kˈe lˈie pjˈɑɾ ˈɔɾ d͡ʒˈɑpɑn sˈe d̪ˈəɾsɑjɑ d͡ʒˈɑt̪ɑ ɦˈɛ
सुदूर दक्षिण में नियाग्रा जलप्रपात है. साथ ही, उत्तर में मुस्कोका और दूसरी जगहों पर प्राकृतिक सुन्दरता बिखरी पड़ी है.	sˈud̪uɾ d̪ˈəksin mˈẽ nijˈɑɡɾɑ d͡ʒəlˈəpɾəpɑt̪ ɦˈɛ . sˈɑt̪ʰ ɦˈi , ˈut̪ːəɾ mˈẽ mˈuskokɑ ˈɔɾ d̪ˈusɾi d͡ʒˈəɡɦõ pˈəɾ pɾˈɑkɾit̪ik sund̪ˈəɾt̪ɑ bˈikʰɾi pˈəɽi ɦˈɛ .
सुदूर दक्षिण में नियाग्रा जलप्रपात है. साथ ही, उत्तर में मुस्कोका और दूसरी जगहों पर प्राकृतिक सुन्दरता बिखरी पड़ी है.	sˈud̪uɾ d̪ˈəksin mˈẽ nijˈɑɡɾɑ d͡ʒəlˈəpɾəpɑt̪ ɦˈɛ . sˈɑt̪ʰ ɦˈi , ˈut̪ːəɾ mˈẽ mˈuskokɑ ˈɔɾ d̪ˈusɾi d͡ʒˈəɡɦõ pˈəɾ pɾˈɑkɾit̪ik sund̪ˈəɾt̪ɑ bˈikʰɾi pˈəɽi ɦˈɛ .
इसे काफ़ी पतला बनाया जा सकता है और दूसरी धातु पर लगाया जा सकता है. इसे इतना पतला बनाया जा सकता है कि इसे कभी-कभी “प्रकाशित पांडुलिपियां” नामक किताबों में हाथ से बनाए गए चित्रों को सजाने के लिए इस्तेमाल किया जाता था.	ˈise kˈɑfi pˈət̪lɑ bˈənɑjɑ d͡ʒˈɑ sˈəkt̪ɑ ɦˈɛ ˈɔɾ d̪ˈusɾi d̪ʱˈɑt̪u pˈəɾ lˈəɡɑjɑ d͡ʒˈɑ sˈəkt̪ɑ ɦˈɛ . ˈise ˈit̪nɑ pˈət̪lɑ bˈənɑjɑ d͡ʒˈɑ sˈəkt̪ɑ ɦˈɛ kˈi ˈise kˈəbʱi kˈəbʱi pɾˈəkɑsit̪ pˈɑ̃ɳɖulipijɑ̃ nˈɑmək kˈit̪ɑbõ mˈẽ ɦˈɑt̪ʰ sˈe bˈənɑe ɡˈəe t͡ʃˈit̪ɾõ kˈo sˈəd͡ʒɑne kˈe lˈie ˈist̪emɑl kˈijɑ d͡ʒˈɑt̪ɑ t̪ʰˈɑ .
अपनी यात्रा के दौरान, इवासाकी कई मौकों पर परेशानियों में फंस गया था.	ˈʌpni jˈɑt̪ɾɑ kˈe d̪ˈɔɾɑn , ˈiwɑsɑki kˈəi mˈɔkõ pˈəɾ pˈəɾesɑnijõ mˈẽ pʰˈə̃s ɡˈəjɑ t̪ʰˈɑ .
अपनी यात्रा के दौरान, इवासाकी कई मौकों पर परेशानियों में फंस गया था.	ˈʌpni jˈɑt̪ɾɑ kˈe d̪ˈɔɾɑn , ˈiwɑsɑki kˈəi mˈɔkõ pˈəɾ pˈəɾesɑnijõ mˈẽ pʰˈə̃s ɡˈəjɑ t̪ʰˈɑ .
यह न केवल इसकी पुष्टि करता है कि कम से कम कुछ डायनासोर के पंख थे, एक सिद्धांत पहले से ही प्रचलित है, लेकिन यह ऐसी जानकारी प्रदान करता जो जीवाश्म आमतौर पर नहीं कर सकते, जैसे रंग और तीन आयामी अरेंजमेंट.	jˈəɦ nˈə kˈewəl ˈiski pˈusʈi kˈəɾt̪ɑ ɦˈɛ kˈi kˈəm sˈe kˈəm kˈut͡ʃʰ ɖˈɑjnɑsoɾ kˈe pˈə̃ŋkʰ t̪ʰˈe , ˈek sid̪ʱːˈɑ̃n̪t̪ pˈəɦle sˈe ɦˈi pɾˈət͡ʃlit̪ ɦˈɛ , lˈekin jˈəɦ ˈɛsi d͡ʒˈɑnkɑɾi pɾˈəd̪ɑn kˈəɾt̪ɑ d͡ʒˈo d͡ʒiwˈɑsm ˈɑmt̪ɔɾ pˈəɾ nˈəɦĩ kˈəɾ sˈəkt̪e , d͡ʒˈɛse ɾˈə̃ŋɡ ˈɔɾ t̪ˈin ˈɑjɑmi ʌɾẽɲd͡ʒəmˈẽɳʈ .
यह न केवल इसकी पुष्टि करता है कि कम से कम कुछ डायनासोर के पंख थे, एक सिद्धांत पहले से ही प्रचलित है, लेकिन यह ऐसी जानकारी प्रदान करता जो जीवाश्म आमतौर पर नहीं कर सकते, जैसे रंग और तीन आयामी अरेंजमेंट.	jˈəɦ nˈə kˈewəl ˈiski pˈusʈi kˈəɾt̪ɑ ɦˈɛ kˈi kˈəm sˈe kˈəm kˈut͡ʃʰ ɖˈɑjnɑsoɾ kˈe pˈə̃ŋkʰ t̪ʰˈe , ˈek sid̪ʱːˈɑ̃n̪t̪ pˈəɦle sˈe ɦˈi pɾˈət͡ʃlit̪ ɦˈɛ , lˈekin jˈəɦ ˈɛsi d͡ʒˈɑnkɑɾi pɾˈəd̪ɑn kˈəɾt̪ɑ d͡ʒˈo d͡ʒiwˈɑsm ˈɑmt̪ɔɾ pˈəɾ nˈəɦĩ kˈəɾ sˈəkt̪e , d͡ʒˈɛse ɾˈə̃ŋɡ ˈɔɾ t̪ˈin ˈɑjɑmi ʌɾẽɲd͡ʒəmˈẽɳʈ .
एक मौके पर तो भीड़ में मौजूद किसी व्यक्ति ने घबराई हुई महारानी के सामने ही वर्सेल्स में मारे गए शाही अंगरक्षक का सिर पकड़कर हिला दिया.	ˈek mˈɔke pˈəɾ t̪ˈo bʱˈiɽ mˈẽ mˈɔd͡ʒud̪ kˈisi wjˈəkt̪i nˈe ɡʱˈəbɾɑi ɦˈui mˈəɦɑɾɑni kˈe sˈɑmne ɦˈi wəɾsˈels mˈẽ mˈɑɾe ɡˈəe sˈɑɦi ˈʌ̃ŋɡəɾəksək kˈɑ sˈiɾ pəkˈəɽkəɾ ɦˈilɑ d̪ˈijɑ .
चेतावनी हटा लिए जाने के बावजूद हवाई समुद्र तट या उसके निकट स्थित चौदह विद्यालय बुधवार को बंद कर दिए गए	t͡ʃet̪ˈɑwni ɦˈəʈɑ lˈie d͡ʒˈɑne kˈe bˈɑwd͡ʒud̪ ɦˈəwɑi səmˈud̪ɾ t̪ˈəʈ jˈɑ ˈuske nˈikəʈ st̪ʰˈit̪ t͡ʃˈɔd̪əɦ wˈid̪jɑləj bˈud̪ʱwɑɾ kˈo bˈə̃n̪d̪ kˈəɾ d̪ˈie ɡˈəe
बाघों, तेंदुओं, और जगुआर की ही तरह, शेर भी उसी समूह (जीनस पैंथेरा) का है। केवल ये चार ही बिल्लियाँ हैं जो गर्जन कर सकती हैं।	bˈɑɡʱõ , t̪ˈẽn̪d̪uõ , ˈɔɾ d͡ʒˈəɡuɑɾ kˈi ɦˈi t̪ˈəɾəɦ , sˈeɾ bʱˈi ˈusi sˈəmuɦ d͡ʒˈinəs pˈɛ̃n̪t̪ʰeɾɑ kˈɑ ɦˈɛ . kˈewəl jˈe t͡ʃˈɑɾ ɦˈi bˈilːijɑ̃ ɦˈɛ̃ d͡ʒˈo ɡˈəɾd͡ʒən kˈəɾ sˈəkt̪i ɦˈɛ̃ .
इसे अगले 40 सालों तक चलना था और यह असली में, छद्म सेनाओं द्वारा, अफ़्रीका से लेकर एशिया तक की युद्धभूमियों पर, अफ़गानिस्तान, क्यूबा और दूसरी कई जगहों पर होना था.	ˈise ˈʌɡle t͡ʃˈɑlis sˈɑlõ t̪ˈək t͡ʃˈəlnɑ t̪ʰˈɑ ˈɔɾ jˈəɦ ˈʌsli mˈẽ , t͡ʃʰˈəd̪m sˈenɑõ d̪wˈɑɾɑ , ˈʌfɾikɑ sˈe lˈekəɾ ˈesijɑ t̪ˈək kˈi jˈud̪ʱːəbʱumijõ pˈəɾ , ʌfɡɑnˈist̪ɑn , kjˈubɑ ˈɔɾ d̪ˈusɾi kˈəi d͡ʒˈəɡɦõ pˈəɾ ɦˈonɑ t̪ʰˈɑ .
इसे अगले 40 सालों तक चलना था और यह असली में, छद्म सेनाओं द्वारा, अफ़्रीका से लेकर एशिया तक की युद्धभूमियों पर, अफ़गानिस्तान, क्यूबा और दूसरी कई जगहों पर होना था.	ˈise ˈʌɡle t͡ʃˈɑlis sˈɑlõ t̪ˈək t͡ʃˈəlnɑ t̪ʰˈɑ ˈɔɾ jˈəɦ ˈʌsli mˈẽ , t͡ʃʰˈəd̪m sˈenɑõ d̪wˈɑɾɑ , ˈʌfɾikɑ sˈe lˈekəɾ ˈesijɑ t̪ˈək kˈi jˈud̪ʱːəbʱumijõ pˈəɾ , ʌfɡɑnˈist̪ɑn , kjˈubɑ ˈɔɾ d̪ˈusɾi kˈəi d͡ʒˈəɡɦõ pˈəɾ ɦˈonɑ t̪ʰˈɑ .
यदि प्रेस उपलब्ध नहीं है, या यदि आप प्रेस किए गए मोजे पहनने की इच्छा नहीं रखते हैं, तो आप यदि उपलब्ध हो तो हेयरड्रायर के इस्तेमाल पर विचार कर सकते हैं.	jˈəd̪i pɾˈes uplˈəbd̪ʱ nˈəɦĩ ɦˈɛ , jˈɑ jˈəd̪i ˈɑp pɾˈes kˈie ɡˈəe mˈod͡ʒe pəɦˈənne kˈi ˈit͡ʃʰːɑ nˈəɦĩ ɾˈəkʰt̪e ɦˈɛ̃ , t̪ˈo ˈɑp jˈəd̪i uplˈəbd̪ʱ ɦˈo t̪ˈo ɦejɾˈəɖɾɑjəɾ kˈe ˈist̪emɑl pˈəɾ wˈit͡ʃɑɾ kˈəɾ sˈəkt̪e ɦˈɛ̃ .
यदि प्रेस उपलब्ध नहीं है, या यदि आप प्रेस किए गए मोजे पहनने की इच्छा नहीं रखते हैं, तो आप यदि उपलब्ध हो तो हेयरड्रायर के इस्तेमाल पर विचार कर सकते हैं.	jˈəd̪i pɾˈes uplˈəbd̪ʱ nˈəɦĩ ɦˈɛ , jˈɑ jˈəd̪i ˈɑp pɾˈes kˈie ɡˈəe mˈod͡ʒe pəɦˈənne kˈi ˈit͡ʃʰːɑ nˈəɦĩ ɾˈəkʰt̪e ɦˈɛ̃ , t̪ˈo ˈɑp jˈəd̪i uplˈəbd̪ʱ ɦˈo t̪ˈo ɦejɾˈəɖɾɑjəɾ kˈe ˈist̪emɑl pˈəɾ wˈit͡ʃɑɾ kˈəɾ sˈəkt̪e ɦˈɛ̃ .
कैप्सूल बहुत हद तक आसमान में एक उल्का की तरह दिखाई देगा.	kˈɛpsul bˈəɦut̪ ɦˈəd̪ t̪ˈək ˈɑsmɑn mˈẽ ˈek ˈulkɑ kˈi t̪ˈəɾəɦ d̪ˈikʰɑi d̪ˈeɡɑ .
2011 के बाद से, कभी-कभी चुनाव कराने में रहने की वजह से हिंसक विरोध शुरू हो गया था.	d̪ˈo ɦˈəzɑɾ ɡjˈɑɾəɦ kˈe bˈɑd̪ sˈe , kˈəbʱi kˈəbʱi t͡ʃˈunɑw kˈəɾɑne mˈẽ ɾˈəɦne kˈi wˈəd͡ʒəɦ sˈe ɦˈĩsək wˈiɾod̪ʱ sˈuɾu ɦˈo ɡˈəjɑ t̪ʰˈɑ .
2011 के बाद से, कभी-कभी चुनाव कराने में रहने की वजह से हिंसक विरोध शुरू हो गया था.	d̪ˈo ɦˈəzɑɾ ɡjˈɑɾəɦ kˈe bˈɑd̪ sˈe , kˈəbʱi kˈəbʱi t͡ʃˈunɑw kˈəɾɑne mˈẽ ɾˈəɦne kˈi wˈəd͡ʒəɦ sˈe ɦˈĩsək wˈiɾod̪ʱ sˈuɾu ɦˈo ɡˈəjɑ t̪ʰˈɑ .
मठों में जाते समय महिलाओं को अपने घुटनों को ढकने के लिए स्कर्ट्स पहनने की ज़रूरत होती है और उन्हें अपने कंधों को भी ढकना होता है.	mˈəʈʰõ mˈẽ d͡ʒˈɑt̪e sˈəməj mˈəɦilɑõ kˈo ˈʌpne ɡʱˈuʈnõ kˈo ɖʱˈəkne kˈe lˈie skˈəɾʈs pəɦˈənne kˈi zˈəɾuɾət̪ ɦˈot̪i ɦˈɛ ˈɔɾ ˈunɦẽ ˈʌpne kˈə̃n̪d̪ʱõ kˈo bʱˈi ɖʱˈəknɑ ɦˈot̪ɑ ɦˈɛ .
मठों में जाते समय महिलाओं को अपने घुटनों को ढकने के लिए स्कर्ट्स पहनने की ज़रूरत होती है और उन्हें अपने कंधों को भी ढकना होता है.	mˈəʈʰõ mˈẽ d͡ʒˈɑt̪e sˈəməj mˈəɦilɑõ kˈo ˈʌpne ɡʱˈuʈnõ kˈo ɖʱˈəkne kˈe lˈie skˈəɾʈs pəɦˈənne kˈi zˈəɾuɾət̪ ɦˈot̪i ɦˈɛ ˈɔɾ ˈunɦẽ ˈʌpne kˈə̃n̪d̪ʱõ kˈo bʱˈi ɖʱˈəknɑ ɦˈot̪ɑ ɦˈɛ .
इसकी सूक्ष्म जलवायु श्रेणी श्रृंखलाओं, भिन्न मिट्टियों और ऊंचाई के विभिन्न स्तरों के कारण इसमें व्यापक वनस्पति विविधता है	ˈiski sˈuksm d͡ʒˈəlwɑju sɾˈeni sɾɾˈĩŋkʰəlɑõ , bʱˈinː mˈiʈʈijõ ˈɔɾ ˈũɲt͡ʃɑi kˈe wˈibʱinː st̪ˈəɾõ kˈe kˈɑɾən ˈismẽ wjˈɑpək wənˈəspət̪i wiwˈid̪ʱt̪ɑ ɦˈɛ
प्रत्येक बिल्ली के पास एक ख़ास काम रहता है जो उसे दूसरों के साथ प्रतिस्पर्धा करने से रोकता है.	pɾˈət̪jek bˈilːi kˈe pˈɑs ˈek xˈɑs kˈɑm ɾˈəɦt̪ɑ ɦˈɛ d͡ʒˈo ˈuse d̪ˈusɾõ kˈe sˈɑt̪ʰ pɾət̪ispˈəɾd̪ʱɑ kˈəɾne sˈe ɾˈokt̪ɑ ɦˈɛ .
ज़्यादातर मौतें पानी की धारा के विरुद्ध तैरने से होने वाली थकान की वजह से होती हैं, हो सकता है कि यह नामुमकिन भी हो.	zjˈɑd̪ɑt̪əɾ mˈɔt̪ẽ pˈɑni kˈi d̪ʱˈɑɾɑ kˈe wˈiɾud̪ʱː t̪ˈɛɾne sˈe ɦˈone wˈɑli t̪ʰˈəkɑn kˈi wˈəd͡ʒəɦ sˈe ɦˈot̪i ɦˈɛ̃ , ɦˈo sˈəkt̪ɑ ɦˈɛ kˈi jˈəɦ nɑmˈumkin bʱˈi ɦˈo .
ज़्यादातर विशिष्ट बाल्किट क्रूज़ ने रूस के सेंट पीटर्सबर्ग में विस्तारित ठहराव पेश किया है.	zjˈɑd̪ɑt̪əɾ wisˈisʈ bˈɑlkiʈ kɾˈuz nˈe ɾˈus kˈe sˈẽɳʈ piʈəɾsəbˈəɾɡ mˈẽ wˈist̪ɑɾit̪ ʈʰˈəɦɾɑw pˈes kˈijɑ ɦˈɛ .
ट्रैवल एजेंट के पास अक्सर कुछ खास होटलों की डील होती हैं, हालांकि आप ट्रैवल एजेंट के ज़रिए ठहरने के अन्य विकल्प जैसे कि कैम्पिंग ग्राउंड भी बुक कर सकते हैं	ʈɾˈɛwəl ed͡ʒˈẽɳʈ kˈe pˈɑs ˈʌksəɾ kˈut͡ʃʰ kʰˈɑs ɦˈoʈlõ kˈi ɖˈil ɦˈot̪i ɦˈɛ̃ , ɦɑlˈɑ̃ŋki ˈɑp ʈɾˈɛwəl ed͡ʒˈẽɳʈ kˈe zˈəɾie ʈʰəɦˈəɾne kˈe ˈʌnj wikˈəlp d͡ʒˈɛse kˈi kɛmpˈĩŋɡ ɡɾɑˈũɳɖ bʱˈi bˈuk kˈəɾ sˈəkt̪e ɦˈɛ̃
बिल के अनुसार कैलिफोर्निया राज्य में बेचे जाने वाले हिंसक वीडियो गेम को “18” की डीकैल रीडिंग से लेबल किया जाए और यह उनकी बिक्री नाबालिग को किए जाने को 1000 डॉलर प्रति अपराध के हिसाब से दंड योग्य बनाता है	bˈil kˈe ˈʌnusɑɾ kɛlipʰˈoɾnijɑ ɾˈɑd͡ʒj mˈẽ bˈet͡ʃe d͡ʒˈɑne wˈɑle ɦˈĩsək wˈiɖijo ɡˈem kˈo ˈʌʈʰɑɾəɦ kˈi ɖˈikɛl ɾiɖˈĩŋɡ sˈe lˈebəl kˈijɑ d͡ʒˈɑe ˈɔɾ jˈəɦ ˈunki bˈikɾi nˈɑbɑliɡ kˈo kˈie d͡ʒˈɑne kˈo ˈek ɦˈəzɑɾ ɖˈɔləɾ pɾˈət̪i ˈʌpɾɑd̪ʱ kˈe ɦˈisɑb sˈe d̪ˈə̃ɳɖ jˈoɡj bˈənɑt̪ɑ ɦˈɛ
लॉन्च के लगभग 3 मिनट बाद, एक ऑन-बोर्ड कैमरा ने ईंधन टैंक से इन्सुलेशन फ़ोम के कई टुकड़े दिखाए.	lˈɔnt͡ʃ kˈe lˈəɡbʱəɡ t̪ˈin mˈinəʈ bˈɑd̪ , ˈek ˈɔn bˈoɾɖ kˈɛmɾɑ nˈe ˈĩn̪d̪ʱən ʈˈɛ̃ŋk sˈe ˈinsulesən fˈom kˈe kˈəi ʈˈukɽe d̪ˈikʰɑe .
लॉन्च के लगभग 3 मिनट बाद, एक ऑन-बोर्ड कैमरा ने ईंधन टैंक से इन्सुलेशन फ़ोम के कई टुकड़े दिखाए.	lˈɔnt͡ʃ kˈe lˈəɡbʱəɡ t̪ˈin mˈinəʈ bˈɑd̪ , ˈek ˈɔn bˈoɾɖ kˈɛmɾɑ nˈe ˈĩn̪d̪ʱən ʈˈɛ̃ŋk sˈe ˈinsulesən fˈom kˈe kˈəi ʈˈukɽe d̪ˈikʰɑe .
11:29 बजे के आस-पास, विरोध करने वाले लोग व्हाइटहॉल की ओर बढ़ गए. इसके बाद, वे किनारे-किनारे चलते हुए ट्राफ़ल्गर स्क्वायर, एल्डविच, किंग्सवे से गुजरते हुए होलबर्न की ओर बढ़ गए, जहां कंजरवेटिव पार्टी, ग्रैंड कनॉट रूम होटल में अपने स्प्रिंग फ़ोरम का आयोजन कर रही थी.	ɡjˈɑɾəɦ bˈəd͡ʒkəɾ ˈunt̪is mˈinəʈ kˈe ˈɑs pˈɑs , wˈiɾod̪ʱ kˈəɾne wˈɑle lˈoɡ wɦɑˈiʈɦɔl kˈi ˈoɾ bˈəɽʱ ɡˈəe . ˈiske bˈɑd̪ , wˈe kˈinɑɾe kˈinɑɾe t͡ʃˈəlt̪e ɦˈue ʈɾɑfˈəlɡəɾ skwˈɑjəɾ , ˈelɖəwit͡ʃ , kˈĩŋɡsəwe sˈe ɡud͡ʒˈəɾt̪e ɦˈue ɦolbˈəɾn kˈi ˈoɾ bˈəɽʱ ɡˈəe , d͡ʒˈəɦɑ̃ kˈə̃ɲd͡ʒəɾweʈiw pˈɑɾʈi , ɡɾˈɛ̃ɳɖ kˈənɔʈ ɾˈum ɦˈoʈəl mˈẽ ˈʌpne spɾˈĩŋɡ fˈoɾəm kˈɑ ˈɑjod͡ʒən kˈəɾ ɾˈəɦi t̪ʰˈi .
11:29 बजे के आस-पास, विरोध करने वाले लोग व्हाइटहॉल की ओर बढ़ गए. इसके बाद, वे किनारे-किनारे चलते हुए ट्राफ़ल्गर स्क्वायर, एल्डविच, किंग्सवे से गुजरते हुए होलबर्न की ओर बढ़ गए, जहां कंजरवेटिव पार्टी, ग्रैंड कनॉट रूम होटल में अपने स्प्रिंग फ़ोरम का आयोजन कर रही थी.	ɡjˈɑɾəɦ bˈəd͡ʒkəɾ ˈunt̪is mˈinəʈ kˈe ˈɑs pˈɑs , wˈiɾod̪ʱ kˈəɾne wˈɑle lˈoɡ wɦɑˈiʈɦɔl kˈi ˈoɾ bˈəɽʱ ɡˈəe . ˈiske bˈɑd̪ , wˈe kˈinɑɾe kˈinɑɾe t͡ʃˈəlt̪e ɦˈue ʈɾɑfˈəlɡəɾ skwˈɑjəɾ , ˈelɖəwit͡ʃ , kˈĩŋɡsəwe sˈe ɡud͡ʒˈəɾt̪e ɦˈue ɦolbˈəɾn kˈi ˈoɾ bˈəɽʱ ɡˈəe , d͡ʒˈəɦɑ̃ kˈə̃ɲd͡ʒəɾweʈiw pˈɑɾʈi , ɡɾˈɛ̃ɳɖ kˈənɔʈ ɾˈum ɦˈoʈəl mˈẽ ˈʌpne spɾˈĩŋɡ fˈoɾəm kˈɑ ˈɑjod͡ʒən kˈəɾ ɾˈəɦi t̪ʰˈi .
कैप्सूल एक मिनट में सैन फ़्रांसिस्को से लॉस एंजिलस तेज़ी से जाने के लिए लगभग 12.8 किमी या 8 मील प्रति सेकंड की यात्रा करेगा	kˈɛpsul ˈek mˈinəʈ mˈẽ sˈɛn fɾɑ̃sˈisko sˈe lˈɔs ˈẽɲd͡ʒiləs t̪ˈezi sˈe d͡ʒˈɑne kˈe lˈie lˈəɡbʱəɡ bˈɑɾəɦ d̪əsˈəmləw ˈɑʈʰ kˈilomiʈəɾ jˈɑ ˈɑʈʰ mˈil pɾˈət̪i sekˈə̃ɳɖ kˈi jˈɑt̪ɾɑ kˈəɾeɡɑ
कैप्सूल एक मिनट में सैन फ़्रांसिस्को से लॉस एंजिलस तेज़ी से जाने के लिए लगभग 12.8 किमी या 8 मील प्रति सेकंड की यात्रा करेगा	kˈɛpsul ˈek mˈinəʈ mˈẽ sˈɛn fɾɑ̃sˈisko sˈe lˈɔs ˈẽɲd͡ʒiləs t̪ˈezi sˈe d͡ʒˈɑne kˈe lˈie lˈəɡbʱəɡ bˈɑɾəɦ d̪əsˈəmləw ˈɑʈʰ kˈilomiʈəɾ jˈɑ ˈɑʈʰ mˈil pɾˈət̪i sekˈə̃ɳɖ kˈi jˈɑt̪ɾɑ kˈəɾeɡɑ
उका का हथियार तब विफल हो गया जब पांचवें व्यक्ति के सिर पर निशाना लगया. श्नाइडर को दर्द बना हुआ है, एक आंख में अंधापन, खोपड़ी का एक गायब भाग और टाइटेनियम से एक चेहरा फिर से बनाया गया है.	ˈukɑ kˈɑ ɦˈət̪ʰijɑɾ t̪ˈəb wˈipʰəl ɦˈo ɡˈəjɑ d͡ʒˈəb pˈɑ̃ɲt͡ʃəwẽ wjˈəkt̪i kˈe sˈiɾ pˈəɾ nˈisɑnɑ lˈəɡjɑ . snˈɑiɖəɾ kˈo d̪ˈəɾd̪ bˈənɑ ɦˈuɑ ɦˈɛ , ˈek ˈɑ̃ŋkʰ mˈẽ ˈʌ̃n̪d̪ʱɑpən , kʰˈopɽi kˈɑ ˈek ɡˈɑjəb bʱˈɑɡ ˈɔɾ ʈˈɑiʈenijəm sˈe ˈek t͡ʃˈeɦɾɑ pʰˈiɾ sˈe bˈənɑjɑ ɡˈəjɑ ɦˈɛ .
उका का हथियार तब विफल हो गया जब पांचवें व्यक्ति के सिर पर निशाना लगया. श्नाइडर को दर्द बना हुआ है, एक आंख में अंधापन, खोपड़ी का एक गायब भाग और टाइटेनियम से एक चेहरा फिर से बनाया गया है.	ˈukɑ kˈɑ ɦˈət̪ʰijɑɾ t̪ˈəb wˈipʰəl ɦˈo ɡˈəjɑ d͡ʒˈəb pˈɑ̃ɲt͡ʃəwẽ wjˈəkt̪i kˈe sˈiɾ pˈəɾ nˈisɑnɑ lˈəɡjɑ . snˈɑiɖəɾ kˈo d̪ˈəɾd̪ bˈənɑ ɦˈuɑ ɦˈɛ , ˈek ˈɑ̃ŋkʰ mˈẽ ˈʌ̃n̪d̪ʱɑpən , kʰˈopɽi kˈɑ ˈek ɡˈɑjəb bʱˈɑɡ ˈɔɾ ʈˈɑiʈenijəm sˈe ˈek t͡ʃˈeɦɾɑ pʰˈiɾ sˈe bˈənɑjɑ ɡˈəjɑ ɦˈɛ .
घरेलू बकरियों को आम तौर पर झुंडों में रखा जाता था जो पहाड़ियों या अन्य चरने वाले क्षेत्रों में घूमती थीं, अक्सर वे बकरियों के झुंड की तरफ जाती थीं जहां अक्सर बच्चे या किशोर होते थे, अधिक व्यापक रूप से ज्ञात चरवाहे के समान झुंडों के ये तरीके आज भी इस्तेमाल किए जाते हैं	ɡʱˈəɾelu bˈəkɾijõ kˈo ˈɑm t̪ˈɔɾ pˈəɾ d͡ʒʱˈũɳɖõ mˈẽ ɾˈəkʰɑ d͡ʒˈɑt̪ɑ t̪ʰˈɑ d͡ʒˈo pˈəɦɑɽijõ jˈɑ ˈʌnj t͡ʃˈəɾne wˈɑle ksˈet̪ɾõ mˈẽ ɡʱˈumt̪i t̪ʰˈĩ , ˈʌksəɾ wˈe bˈəkɾijõ kˈe d͡ʒʱˈũɳɖ kˈi t̪ˈəɾəpʰ d͡ʒˈɑt̪i t̪ʰˈĩ d͡ʒˈəɦɑ̃ ˈʌksəɾ bˈət͡ʃːe jˈɑ kˈisoɾ ɦˈot̪e t̪ʰˈe , ˈʌd̪ʱik wjˈɑpək ɾˈup sˈe d͡ʒnˈɑt̪ t͡ʃˈəɾwɑɦe kˈe sˈəmɑn d͡ʒʱˈũɳɖõ kˈe jˈe t̪ˈəɾike ˈɑd͡ʒ bʱˈi ˈist̪emɑl kˈie d͡ʒˈɑt̪e ɦˈɛ̃
महान पिरामिड फेरो खुफू के सम्मान में बनाया गया था, और कई छोटे पिरामिड, कब्र और मंदिरों का निर्माण खुफू की पत्नियों और परिवार के सदस्यों के सम्मान में किया गया था	mˈəɦɑn pˈiɾɑmiɖ pʰˈeɾo kʰˈupʰu kˈe sˈəmːɑn mˈẽ bˈənɑjɑ ɡˈəjɑ t̪ʰˈɑ , ˈɔɾ kˈəi t͡ʃʰˈoʈe pˈiɾɑmiɖ , kˈəbɾ ˈɔɾ mˈə̃n̪d̪iɾõ kˈɑ nˈiɾmɑn kʰˈupʰu kˈi pˈət̪nijõ ˈɔɾ pˈəɾiwɑɾ kˈe səd̪ˈəsjõ kˈe sˈəmːɑn mˈẽ kˈijɑ ɡˈəjɑ t̪ʰˈɑ
महान पिरामिड फेरो खुफू के सम्मान में बनाया गया था, और कई छोटे पिरामिड, कब्र और मंदिरों का निर्माण खुफू की पत्नियों और परिवार के सदस्यों के सम्मान में किया गया था	mˈəɦɑn pˈiɾɑmiɖ pʰˈeɾo kʰˈupʰu kˈe sˈəmːɑn mˈẽ bˈənɑjɑ ɡˈəjɑ t̪ʰˈɑ , ˈɔɾ kˈəi t͡ʃʰˈoʈe pˈiɾɑmiɖ , kˈəbɾ ˈɔɾ mˈə̃n̪d̪iɾõ kˈɑ nˈiɾmɑn kʰˈupʰu kˈi pˈət̪nijõ ˈɔɾ pˈəɾiwɑɾ kˈe səd̪ˈəsjõ kˈe sˈəmːɑn mˈẽ kˈijɑ ɡˈəjɑ t̪ʰˈɑ
इस बात से कोई फर्क नहीं पड़ता कि वे कितने विनम्र दिखते हैं, बायसन, एल्क, मूस, भालू, और करीब-करीब सारे ही जानवर हमला कर सकते हैं.	ˈis bˈɑt̪ sˈe kˈoi pʰˈəɾk nˈəɦĩ pˈəɽt̪ɑ kˈi wˈe kˈit̪ne winˈəmɾ d̪ˈikʰt̪e ɦˈɛ̃ , bˈɑjsən , ˈelk , mˈus , bʱˈɑlu , ˈɔɾ kˈəɾib kˈəɾib sˈɑɾe ɦˈi d͡ʒˈɑnwəɾ ɦˈəmlɑ kˈəɾ sˈəkt̪e ɦˈɛ̃ .
इस बात से कोई फर्क नहीं पड़ता कि वे कितने विनम्र दिखते हैं, बायसन, एल्क, मूस, भालू, और करीब-करीब सारे ही जानवर हमला कर सकते हैं.	ˈis bˈɑt̪ sˈe kˈoi pʰˈəɾk nˈəɦĩ pˈəɽt̪ɑ kˈi wˈe kˈit̪ne winˈəmɾ d̪ˈikʰt̪e ɦˈɛ̃ , bˈɑjsən , ˈelk , mˈus , bʱˈɑlu , ˈɔɾ kˈəɾib kˈəɾib sˈɑɾe ɦˈi d͡ʒˈɑnwəɾ ɦˈəmlɑ kˈəɾ sˈəkt̪e ɦˈɛ̃ .
संयुक्त सेना और अफगान सैनिक समूह साइट को सुरक्षित करने के लिए इलाके में चले गए और दूसरी संयुक्त सेना विमानों को सहायता के लिए भेजा गया.	sə̃jˈukt̪ sˈenɑ ˈɔɾ ˈʌpʰɡɑn sˈɛnik sˈəmuɦ sˈɑiʈ kˈo suɾˈəksit̪ kˈəɾne kˈe lˈie ˈilɑke mˈẽ t͡ʃˈəle ɡˈəe ˈɔɾ d̪ˈusɾi sə̃jˈukt̪ sˈenɑ wˈimɑnõ kˈo səɦˈɑjt̪ɑ kˈe lˈie bʱˈed͡ʒɑ ɡˈəjɑ .
उच्च मध्य युग आरंभिक मध्य युग से पहले हुआ था और उसके बाद आधुनिक मध्य युग आया जिसका समापन 1500 के आसपास माना जाता है	ˈut͡ʃː mˈəd̪ʱj jˈuɡ ɑɾˈə̃mbʱik mˈəd̪ʱj jˈuɡ sˈe pˈəɦle ɦˈuɑ t̪ʰˈɑ ˈɔɾ ˈuske bˈɑd̪ ˈɑd̪ʱunik mˈəd̪ʱj jˈuɡ ˈɑjɑ d͡ʒˈiskɑ sˈəmɑpən ˈek ɦˈəzɑɾ pˈɑ̃t͡ʃ sˈɔ kˈe ˈɑspɑs mˈɑnɑ d͡ʒˈɑt̪ɑ ɦˈɛ
उच्च मध्य युग आरंभिक मध्य युग से पहले हुआ था और उसके बाद आधुनिक मध्य युग आया जिसका समापन 1500 के आसपास माना जाता है	ˈut͡ʃː mˈəd̪ʱj jˈuɡ ɑɾˈə̃mbʱik mˈəd̪ʱj jˈuɡ sˈe pˈəɦle ɦˈuɑ t̪ʰˈɑ ˈɔɾ ˈuske bˈɑd̪ ˈɑd̪ʱunik mˈəd̪ʱj jˈuɡ ˈɑjɑ d͡ʒˈiskɑ sˈəmɑpən ˈek ɦˈəzɑɾ pˈɑ̃t͡ʃ sˈɔ kˈe ˈɑspɑs mˈɑnɑ d͡ʒˈɑt̪ɑ ɦˈɛ
स्टारडस्ट धरती की ओर इतनी तेज़ी से वापस लौटेगा कि अब तक के सारे रिकॉर्ड टूट जाएंगे. फ़िलहाल यह रिकॉर्ड अपोलो X के कमांड मॉड्यूल के नाम है जो मई, 1969 में सबसे तेज़ गति से धरती में वापस लौटा था.	sʈɑɾɖˈəsʈ d̪ʱˈəɾt̪i kˈi ˈoɾ ˈit̪ni t̪ˈezi sˈe wˈɑpəs lˈɔʈeɡɑ kˈi ˈʌb t̪ˈək kˈe sˈɑɾe ɾikˈɔɾɖ ʈˈuʈ d͡ʒɑˈẽŋɡe . fˈilɦɑl jˈəɦ ɾikˈɔɾɖ ˈʌpolo ˈɛks kˈe kəmˈɑ̃ɳɖ mˈɔɖjul kˈe nˈɑm ɦˈɛ d͡ʒˈo mˈəi , ˈek ɦˈəzɑɾ nˈɔ sˈɔ ˈunɦət̪ːəɾ mˈẽ sˈəbse t̪ˈez ɡˈət̪i sˈe d̪ʱˈəɾt̪i mˈẽ wˈɑpəs lˈɔʈɑ t̪ʰˈɑ .
हुन और प्राइस को 16 फरवरी को वेस्टमिंस्टर मजिस्ट्रेट कोर्ट में पेश होना है.	ɦˈun ˈɔɾ pɾˈɑis kˈo sˈoləɦ pʰəɾˈəwɾi kˈo wesʈəmˈĩsʈəɾ məd͡ʒˈisʈɾeʈ kˈoɾʈ mˈẽ pˈes ɦˈonɑ ɦˈɛ .
तब से एडेकोया अपने बेटे की हत्या के आरोप में एडिनबर्ग शेरिफ कोर्ट में है	t̪ˈəb sˈe ˈeɖekojɑ ˈʌpne bˈeʈe kˈi ɦˈət̪jɑ kˈe ˈɑɾop mˈẽ eɖinbˈəɾɡ sˈeɾipʰ kˈoɾʈ mˈẽ ɦˈɛ
तब से एडेकोया अपने बेटे की हत्या के आरोप में एडिनबर्ग शेरिफ कोर्ट में है	t̪ˈəb sˈe ˈeɖekojɑ ˈʌpne bˈeʈe kˈi ɦˈət̪jɑ kˈe ˈɑɾop mˈẽ eɖinbˈəɾɡ sˈeɾipʰ kˈoɾʈ mˈẽ ɦˈɛ
जब अधिकारी मतदाता की पहचान की पुष्टि कर लेते हैं, तब मतदाता लिफ़ाफ़े को बैलट बॉक्स में डालता है और वोटिंग रोल पर हस्ताक्षर कर देता है.	d͡ʒˈəb ˈʌd̪ʱikɑɾi mˈət̪d̪ɑt̪ɑ kˈi pˈəɦt͡ʃɑn kˈi pˈusʈi kˈəɾ lˈet̪e ɦˈɛ̃ , t̪ˈəb mˈət̪d̪ɑt̪ɑ lˈifɑfe kˈo bˈɛləʈ bˈɔks mˈẽ ɖˈɑlt̪ɑ ɦˈɛ ˈɔɾ woʈˈĩŋɡ ɾˈol pˈəɾ ɦəst̪ˈɑksəɾ kˈəɾ d̪ˈet̪ɑ ɦˈɛ .
जब अधिकारी मतदाता की पहचान की पुष्टि कर लेते हैं, तब मतदाता लिफ़ाफ़े को बैलट बॉक्स में डालता है और वोटिंग रोल पर हस्ताक्षर कर देता है.	d͡ʒˈəb ˈʌd̪ʱikɑɾi mˈət̪d̪ɑt̪ɑ kˈi pˈəɦt͡ʃɑn kˈi pˈusʈi kˈəɾ lˈet̪e ɦˈɛ̃ , t̪ˈəb mˈət̪d̪ɑt̪ɑ lˈifɑfe kˈo bˈɛləʈ bˈɔks mˈẽ ɖˈɑlt̪ɑ ɦˈɛ ˈɔɾ woʈˈĩŋɡ ɾˈol pˈəɾ ɦəst̪ˈɑksəɾ kˈəɾ d̪ˈet̪ɑ ɦˈɛ .
इस त्यौहार से जुड़ी कई बातें ईसाई देशों और पूरी दुनिया में ईसाई धर्म से अलग दूसरे धर्मों के लोगों ने अपना ली हैं.	ˈis t̪jˈɔɦɑɾ sˈe d͡ʒˈuɽi kˈəi bˈɑt̪ẽ ˈisɑi d̪ˈesõ ˈɔɾ pˈuɾi d̪ˈunijɑ mˈẽ ˈisɑi d̪ʱˈəɾm sˈe ˈʌləɡ d̪ˈusɾe d̪ʱˈəɾmõ kˈe lˈoɡõ nˈe ˈʌpnɑ lˈi ɦˈɛ̃ .
इस त्यौहार से जुड़ी कई बातें ईसाई देशों और पूरी दुनिया में ईसाई धर्म से अलग दूसरे धर्मों के लोगों ने अपना ली हैं.	ˈis t̪jˈɔɦɑɾ sˈe d͡ʒˈuɽi kˈəi bˈɑt̪ẽ ˈisɑi d̪ˈesõ ˈɔɾ pˈuɾi d̪ˈunijɑ mˈẽ ˈisɑi d̪ʱˈəɾm sˈe ˈʌləɡ d̪ˈusɾe d̪ʱˈəɾmõ kˈe lˈoɡõ nˈe ˈʌpnɑ lˈi ɦˈɛ̃ .
मेडिकल चैरिटी मैंगोला, मेडिसिन सेंस फ़्रंटियर और विश्व स्वास्थ्य संगठन का कहना है कि यह देश में दर्ज सबसे ख़राब प्रकोप है.	mˈeɖikəl t͡ʃˈɛɾiʈi mˈɛ̃ŋɡolɑ , mˈeɖisin sˈẽs fɾˈə̃ɳʈijəɾ ˈɔɾ wˈisw swˈɑst̪ʰj sˈə̃ŋɡəʈʰən kˈɑ kˈəɦnɑ ɦˈɛ kˈi jˈəɦ d̪ˈes mˈẽ d̪ˈəɾd͡ʒ sˈəbse xˈəɾɑb pɾˈəkop ɦˈɛ .
मेडिकल चैरिटी मैंगोला, मेडिसिन सेंस फ़्रंटियर और विश्व स्वास्थ्य संगठन का कहना है कि यह देश में दर्ज सबसे ख़राब प्रकोप है.	mˈeɖikəl t͡ʃˈɛɾiʈi mˈɛ̃ŋɡolɑ , mˈeɖisin sˈẽs fɾˈə̃ɳʈijəɾ ˈɔɾ wˈisw swˈɑst̪ʰj sˈə̃ŋɡəʈʰən kˈɑ kˈəɦnɑ ɦˈɛ kˈi jˈəɦ d̪ˈes mˈẽ d̪ˈəɾd͡ʒ sˈəbse xˈəɾɑb pɾˈəkop ɦˈɛ .
एक ब्रिटिश क्रूज़र को छोड़कर, सभी जहाज़ डूब गए. करीब 200 अमेरिकी और जर्मन लोगों की मौत हो गई.	ˈek bɾˈiʈis kɾˈuzəɾ kˈo t͡ʃʰˈoɽkəɾ , sˈəbʱi d͡ʒˈəɦɑz ɖˈub ɡˈəe . kˈəɾib d̪ˈo sˈɔ ˈʌmeɾiki ˈɔɾ d͡ʒˈəɾmən lˈoɡõ kˈi mˈɔt̪ ɦˈo ɡˈəi .
एक ब्रिटिश क्रूज़र को छोड़कर, सभी जहाज़ डूब गए. करीब 200 अमेरिकी और जर्मन लोगों की मौत हो गई.	ˈek bɾˈiʈis kɾˈuzəɾ kˈo t͡ʃʰˈoɽkəɾ , sˈəbʱi d͡ʒˈəɦɑz ɖˈub ɡˈəe . kˈəɾib d̪ˈo sˈɔ ˈʌmeɾiki ˈɔɾ d͡ʒˈəɾmən lˈoɡõ kˈi mˈɔt̪ ɦˈo ɡˈəi .
किसी ऐसे स्थान की ओर बढ़ें जहां आप फिर से जाकर न फंसें या फिर अपने कौशल और आप पर किसी का ध्यान गया है या नहीं इसके आधार पर, हो सकता है कि आप बचाव के लिए इंतज़ार करना चाहें.	kˈisi ˈɛse st̪ʰˈɑn kˈi ˈoɾ bˈəɽʱẽ d͡ʒˈəɦɑ̃ ˈɑp pʰˈiɾ sˈe d͡ʒˈɑkəɾ nˈə pʰˈə̃sẽ jˈɑ pʰˈiɾ ˈʌpne kˈɔsəl ˈɔɾ ˈɑp pˈəɾ kˈisi kˈɑ d̪ʱjˈɑn ɡˈəjɑ ɦˈɛ jˈɑ nˈəɦĩ ˈiske ˈɑd̪ʱɑɾ pˈəɾ , ɦˈo sˈəkt̪ɑ ɦˈɛ kˈi ˈɑp bˈət͡ʃɑw kˈe lˈie ˈĩn̪t̪əzɑɾ kˈəɾnɑ t͡ʃˈɑɦẽ .
वह अधिकारियों को अपनी काली ओल्ड्समोबाइल इंट्रीग की ओर ले गई जो 500 फीट की दूरी पर थी	wˈəɦ ˈʌd̪ʱikɑɾijõ kˈo ˈʌpni kˈɑli ˈolɖsəmobɑil ˈĩɳʈɾiɡ kˈi ˈoɾ lˈe ɡˈəi d͡ʒˈo pˈɑ̃t͡ʃ sˈɔ pʰˈiʈ kˈi d̪ˈuɾi pˈəɾ t̪ʰˈi
इनविजिबल टीम वह प्रबंधन टीम है, जिस पर प्रत्येक सदस्य रिपोर्ट करते हैं. इनविजिबल टीम प्रत्येक सदस्य के लिए मानक निर्धारित करती है.	ˈinwid͡ʒibəl ʈˈim wˈəɦ pɾəbˈə̃n̪d̪ʱən ʈˈim ɦˈɛ , d͡ʒˈis pˈəɾ pɾˈət̪jek səd̪ˈəsj ɾipˈoɾʈ kˈəɾt̪e ɦˈɛ̃ . ˈinwid͡ʒibəl ʈˈim pɾˈət̪jek səd̪ˈəsj kˈe lˈie mˈɑnək nˈiɾd̪ʱɑɾit̪ kˈəɾt̪i ɦˈɛ .
पहाड़ी ढलान वाले बर्फ के खेल, जिसमें स्कीइंग और स्नोबोर्डिंग शामिल हैं, लोकप्रिय खेल हैं जिनमें बर्फ से ढके इलाकों में स्की या आपके पैरों से जुड़े स्नोबोर्ड से फिसलना शामिल है	pˈəɦɑɽi ɖʱˈəlɑn wˈɑle bˈəɾpʰ kˈe kʰˈel , d͡ʒˈismẽ skiˈĩŋɡ ˈɔɾ snoboɾɖˈĩŋɡ sˈɑmil ɦˈɛ̃ , lokˈəpɾij kʰˈel ɦˈɛ̃ d͡ʒˈinmẽ bˈəɾpʰ sˈe ɖʱˈəke ˈilɑkõ mˈẽ skˈi jˈɑ ˈɑpke pˈɛɾõ sˈe d͡ʒˈuɽe snobˈoɾɖ sˈe pʰisˈəlnɑ sˈɑmil ɦˈɛ
पहाड़ी ढलान वाले बर्फ के खेल, जिसमें स्कीइंग और स्नोबोर्डिंग शामिल हैं, लोकप्रिय खेल हैं जिनमें बर्फ से ढके इलाकों में स्की या आपके पैरों से जुड़े स्नोबोर्ड से फिसलना शामिल है	pˈəɦɑɽi ɖʱˈəlɑn wˈɑle bˈəɾpʰ kˈe kʰˈel , d͡ʒˈismẽ skiˈĩŋɡ ˈɔɾ snoboɾɖˈĩŋɡ sˈɑmil ɦˈɛ̃ , lokˈəpɾij kʰˈel ɦˈɛ̃ d͡ʒˈinmẽ bˈəɾpʰ sˈe ɖʱˈəke ˈilɑkõ mˈẽ skˈi jˈɑ ˈɑpke pˈɛɾõ sˈe d͡ʒˈuɽe snobˈoɾɖ sˈe pʰisˈəlnɑ sˈɑmil ɦˈɛ
श्रमिकों को अक्सर किसी भी निर्णय के लिए अपने वरिष्ठ अधिकारियों की मंजूरी लेनी चाहिए, और उनसे बिना किसी सवाल के अपने वरिष्ठों के निर्देशों का पालन करने की अपेक्षा की जाती है.	sɾˈəmikõ kˈo ˈʌksəɾ kˈisi bʱˈi nˈiɾnəj kˈe lˈie ˈʌpne wəɾˈisʈʰ ˈʌd̪ʱikɑɾijõ kˈi mˈə̃ɲd͡ʒuɾi lˈeni t͡ʃˈɑɦie , ˈɔɾ ˈunse bˈinɑ kˈisi sˈəwɑl kˈe ˈʌpne wəɾˈisʈʰõ kˈe nˈiɾd̪esõ kˈɑ pˈɑlən kˈəɾne kˈi ʌpˈeksɑ kˈi d͡ʒˈɑt̪i ɦˈɛ .
श्रमिकों को अक्सर किसी भी निर्णय के लिए अपने वरिष्ठ अधिकारियों की मंजूरी लेनी चाहिए, और उनसे बिना किसी सवाल के अपने वरिष्ठों के निर्देशों का पालन करने की अपेक्षा की जाती है.	sɾˈəmikõ kˈo ˈʌksəɾ kˈisi bʱˈi nˈiɾnəj kˈe lˈie ˈʌpne wəɾˈisʈʰ ˈʌd̪ʱikɑɾijõ kˈi mˈə̃ɲd͡ʒuɾi lˈeni t͡ʃˈɑɦie , ˈɔɾ ˈunse bˈinɑ kˈisi sˈəwɑl kˈe ˈʌpne wəɾˈisʈʰõ kˈe nˈiɾd̪esõ kˈɑ pˈɑlən kˈəɾne kˈi ʌpˈeksɑ kˈi d͡ʒˈɑt̪i ɦˈɛ .
सुंदरबन 3,850 वर्ग किलोमीटर में फैला है, जिसमें से करीब एक तिहाई में पानी/दलदल वाला इलाका है.	sˈũn̪d̪əɾbən t̪ˈin ɦˈəzɑɾ ˈɑʈʰ sˈɔ pˈət͡ʃɑs wˈəɾɡ kˈilomiʈəɾ mˈẽ pʰˈɛlɑ ɦˈɛ , d͡ʒˈismẽ sˈe kˈəɾib ˈek t̪ˈiɦɑi mˈẽ pˈɑni d̪ˈəld̪əl wˈɑlɑ ˈilɑkɑ ɦˈɛ .
सुंदरबन 3,850 वर्ग किलोमीटर में फैला है, जिसमें से करीब एक तिहाई में पानी/दलदल वाला इलाका है.	sˈũn̪d̪əɾbən t̪ˈin ɦˈəzɑɾ ˈɑʈʰ sˈɔ pˈət͡ʃɑs wˈəɾɡ kˈilomiʈəɾ mˈẽ pʰˈɛlɑ ɦˈɛ , d͡ʒˈismẽ sˈe kˈəɾib ˈek t̪ˈiɦɑi mˈẽ pˈɑni d̪ˈəld̪əl wˈɑlɑ ˈilɑkɑ ɦˈɛ .
गुप्तघाती कीड़े और खटमल दोनों नीडवासी होते हैं, जो घोसले या होस्ट के घर में बिना किसी परेशानी के रह सकते हैं.	ɡˈupt̪əɡʱɑt̪i kˈiɽe ˈɔɾ kʰˈəʈməl d̪ˈonõ nˈiɖwɑsi ɦˈot̪e ɦˈɛ̃ , d͡ʒˈo ɡʱˈosle jˈɑ ɦˈosʈ kˈe ɡʱˈəɾ mˈẽ bˈinɑ kˈisi pˈəɾesɑni kˈe ɾˈəɦ sˈəkt̪e ɦˈɛ̃ .
इसे प्रवेश द्वार पर रखे स्टॉक से भी लिया जा सकता है लेकिन उन कपड़ों को हर इस्तेमाल के बाद धोया नहीं जाता है इसलिए शायद आपको ये स्कर्ट पहनना सुविधाजनक न लगे. पुरुषों के लिए एक ही साइज़ उपलब्ध है.	ˈise pɾˈəwes d̪wˈɑɾ pˈəɾ ɾˈəkʰe sʈˈɔk sˈe bʱˈi lˈijɑ d͡ʒˈɑ sˈəkt̪ɑ ɦˈɛ lˈekin ˈun kˈəpɽõ kˈo ɦˈəɾ ˈist̪emɑl kˈe bˈɑd̪ d̪ʱˈojɑ nˈəɦĩ d͡ʒˈɑt̪ɑ ɦˈɛ ˈislie sˈɑjəd̪ ˈɑpko jˈe skˈəɾʈ pəɦˈənnɑ suwid̪ʱˈɑd͡ʒnək nˈə lˈəɡe . pˈuɾusõ kˈe lˈie ˈek ɦˈi sˈɑiz uplˈəbd̪ʱ ɦˈɛ .
इसे प्रवेश द्वार पर रखे स्टॉक से भी लिया जा सकता है लेकिन उन कपड़ों को हर इस्तेमाल के बाद धोया नहीं जाता है इसलिए शायद आपको ये स्कर्ट पहनना सुविधाजनक न लगे. पुरुषों के लिए एक ही साइज़ उपलब्ध है.	ˈise pɾˈəwes d̪wˈɑɾ pˈəɾ ɾˈəkʰe sʈˈɔk sˈe bʱˈi lˈijɑ d͡ʒˈɑ sˈəkt̪ɑ ɦˈɛ lˈekin ˈun kˈəpɽõ kˈo ɦˈəɾ ˈist̪emɑl kˈe bˈɑd̪ d̪ʱˈojɑ nˈəɦĩ d͡ʒˈɑt̪ɑ ɦˈɛ ˈislie sˈɑjəd̪ ˈɑpko jˈe skˈəɾʈ pəɦˈənnɑ suwid̪ʱˈɑd͡ʒnək nˈə lˈəɡe . pˈuɾusõ kˈe lˈie ˈek ɦˈi sˈɑiz uplˈəbd̪ʱ ɦˈɛ .
अधिकारियों के अनुमान के अनुसार साइट पर यूरेनियम ईंधन रखने वाले कंटेनर टूट गए होंगे और लीक हो रहे होंगे.	ˈʌd̪ʱikɑɾijõ kˈe ˈʌnumɑn kˈe ˈʌnusɑɾ sˈɑiʈ pˈəɾ jˈuɾenijəm ˈĩn̪d̪ʱən ɾˈəkʰne wˈɑle kˈə̃ɳʈenəɾ ʈˈuʈ ɡˈəe ɦˈõŋɡe ˈɔɾ lˈik ɦˈo ɾˈəɦe ɦˈõŋɡe .
अधिकारियों के अनुमान के अनुसार साइट पर यूरेनियम ईंधन रखने वाले कंटेनर टूट गए होंगे और लीक हो रहे होंगे.	ˈʌd̪ʱikɑɾijõ kˈe ˈʌnumɑn kˈe ˈʌnusɑɾ sˈɑiʈ pˈəɾ jˈuɾenijəm ˈĩn̪d̪ʱən ɾˈəkʰne wˈɑle kˈə̃ɳʈenəɾ ʈˈuʈ ɡˈəe ɦˈõŋɡe ˈɔɾ lˈik ɦˈo ɾˈəɦe ɦˈõŋɡe .
अमेरिकी राष्ट्रपति जॉर्ज डब्ल्यू बुश एशिया के एक हफ़्ते के दौरे की शुरुआत करते हुए 16 नवंबर की सुबह सिंगापुर पहुंचे.	ˈʌmeɾiki ɾˈɑsʈɾəpt̪i d͡ʒˈɔɾd͡ʒ ɖˈəblju bˈus ˈesijɑ kˈe ˈek ɦˈəft̪e kˈe d̪ˈɔɾe kˈi sˈuɾuɑt̪ kˈəɾt̪e ɦˈue sˈoləɦ nəwˈə̃mbəɾ kˈi sˈubəɦ sˈĩŋɡɑpuɾ pəɦˈũɲt͡ʃe .
क्योटो जलवायु समझौते पर हस्ताक्षर करने के श्री रुड के निर्णय ने संयुक्त राज्य अमेरिका को अलग कर दिया है, जो अब एकमात्र विकसित राष्ट्र होगा जिसने समझौते की पुष्टि नहीं की है	kjˈoʈo d͡ʒˈəlwɑju sˈəmd͡ʒʱɔt̪e pˈəɾ ɦəst̪ˈɑksəɾ kˈəɾne kˈe sɾˈi ɾˈuɖ kˈe nˈiɾnəj nˈe sə̃jˈukt̪ ɾˈɑd͡ʒj ˈʌmeɾikɑ kˈo ˈʌləɡ kˈəɾ d̪ˈijɑ ɦˈɛ , d͡ʒˈo ˈʌb ekmˈɑt̪ɾ wˈiksit̪ ɾˈɑsʈɾ ɦˈoɡɑ d͡ʒˈisne sˈəmd͡ʒʱɔt̪e kˈi pˈusʈi nˈəɦĩ kˈi ɦˈɛ
क्योटो जलवायु समझौते पर हस्ताक्षर करने के श्री रुड के निर्णय ने संयुक्त राज्य अमेरिका को अलग कर दिया है, जो अब एकमात्र विकसित राष्ट्र होगा जिसने समझौते की पुष्टि नहीं की है	kjˈoʈo d͡ʒˈəlwɑju sˈəmd͡ʒʱɔt̪e pˈəɾ ɦəst̪ˈɑksəɾ kˈəɾne kˈe sɾˈi ɾˈuɖ kˈe nˈiɾnəj nˈe sə̃jˈukt̪ ɾˈɑd͡ʒj ˈʌmeɾikɑ kˈo ˈʌləɡ kˈəɾ d̪ˈijɑ ɦˈɛ , d͡ʒˈo ˈʌb ekmˈɑt̪ɾ wˈiksit̪ ɾˈɑsʈɾ ɦˈoɡɑ d͡ʒˈisne sˈəmd͡ʒʱɔt̪e kˈi pˈusʈi nˈəɦĩ kˈi ɦˈɛ
किसी व्यक्ति में जितनी आंतरिक शांति होती है वह उसके शरीर और आत्मा में मौजूद तनाव की मात्रा के विपरीत सहसंबंधित होती है.	kˈisi wjˈəkt̪i mˈẽ d͡ʒˈit̪ni ˈɑ̃n̪t̪əɾik sˈɑ̃n̪t̪i ɦˈot̪i ɦˈɛ wˈəɦ ˈuske sˈəɾiɾ ˈɔɾ ˈɑt̪mɑ mˈẽ mˈɔd͡ʒud̪ t̪ˈənɑw kˈi mˈɑt̪ɾɑ kˈe wˈipɾit̪ səɦsə̃mbˈə̃n̪d̪ʱit̪ ɦˈot̪i ɦˈɛ .
किसी व्यक्ति में जितनी आंतरिक शांति होती है वह उसके शरीर और आत्मा में मौजूद तनाव की मात्रा के विपरीत सहसंबंधित होती है.	kˈisi wjˈəkt̪i mˈẽ d͡ʒˈit̪ni ˈɑ̃n̪t̪əɾik sˈɑ̃n̪t̪i ɦˈot̪i ɦˈɛ wˈəɦ ˈuske sˈəɾiɾ ˈɔɾ ˈɑt̪mɑ mˈẽ mˈɔd͡ʒud̪ t̪ˈənɑw kˈi mˈɑt̪ɾɑ kˈe wˈipɾit̪ səɦsə̃mbˈə̃n̪d̪ʱit̪ ɦˈot̪i ɦˈɛ .
मारियाना में भूकंप का झटका स्थानीय समयानुसार सुबह 07:19 बजे (09:19 बजे जीएमटी शुक्रवार) आया।	mˈɑɾijɑnɑ mˈẽ bʱukˈə̃mp kˈɑ d͡ʒʱˈəʈkɑ st̪ʰˈɑnij sˈəmjɑnusɑɾ sˈubəɦ sˈɑt̪ bˈəd͡ʒkəɾ ˈunːis mˈinəʈ nˈɔ bˈəd͡ʒkəɾ ˈunːis mˈinəʈ d͡ʒiˈemʈi sˈukɾəwɑɾ ˈɑjɑ .
मारियाना में भूकंप का झटका स्थानीय समयानुसार सुबह 07:19 बजे (09:19 बजे जीएमटी शुक्रवार) आया।	mˈɑɾijɑnɑ mˈẽ bʱukˈə̃mp kˈɑ d͡ʒʱˈəʈkɑ st̪ʰˈɑnij sˈəmjɑnusɑɾ sˈubəɦ sˈɑt̪ bˈəd͡ʒkəɾ ˈunːis mˈinəʈ nˈɔ bˈəd͡ʒkəɾ ˈunːis mˈinəʈ d͡ʒiˈemʈi sˈukɾəwɑɾ ˈɑjɑ .
जापानी कार्य संस्कृति पश्चिमी लोगों की तुलना में अधिक श्रेणीबद्ध और औपचारिक है.	d͡ʒˈɑpɑni kˈɑɾj sˈə̃skɾit̪i pˈəst͡ʃimi lˈoɡõ kˈi t̪ˈulnɑ mˈẽ ˈʌd̪ʱik sɾˈenibəd̪ʱː ˈɔɾ ˈɔpt͡ʃɑɾik ɦˈɛ .
मेडिसिनेस सेंस फ्रोंटियर के प्रवक्ता रिचर्ड वीरमन ने कहा: “अंगोला में महामारी फैलने की रफ़्तार अब तक के सबसे बुरे दौर में पहुंच गई है और वहां के हालात बहुत खराब हैं.”	mˈeɖisines sˈẽs pʰɾˈõɳʈijəɾ kˈe pɾəwˈəkt̪ɑ ɾit͡ʃˈəɾɖ wˈiɾmən nˈe kˈəɦɑ , ˈʌ̃ŋɡolɑ mˈẽ mˈəɦɑmɑɾi pʰˈɛlne kˈi ɾˈəft̪ɑɾ ˈʌb t̪ˈək kˈe sˈəbse bˈuɾe d̪ˈɔɾ mˈẽ pəɦˈũɲt͡ʃ ɡˈəi ɦˈɛ ˈɔɾ wˈəɦɑ̃ kˈe ɦˈɑlɑt̪ bˈəɦut̪ kʰˈəɾɑb ɦˈɛ̃ .
मेडिसिनेस सेंस फ्रोंटियर के प्रवक्ता रिचर्ड वीरमन ने कहा: “अंगोला में महामारी फैलने की रफ़्तार अब तक के सबसे बुरे दौर में पहुंच गई है और वहां के हालात बहुत खराब हैं.”	mˈeɖisines sˈẽs pʰɾˈõɳʈijəɾ kˈe pɾəwˈəkt̪ɑ ɾit͡ʃˈəɾɖ wˈiɾmən nˈe kˈəɦɑ , ˈʌ̃ŋɡolɑ mˈẽ mˈəɦɑmɑɾi pʰˈɛlne kˈi ɾˈəft̪ɑɾ ˈʌb t̪ˈək kˈe sˈəbse bˈuɾe d̪ˈɔɾ mˈẽ pəɦˈũɲt͡ʃ ɡˈəi ɦˈɛ ˈɔɾ wˈəɦɑ̃ kˈe ɦˈɑlɑt̪ bˈəɦut̪ kʰˈəɾɑb ɦˈɛ̃ .
चाको क्षेत्र गुइयाकुरो और पेगुआ जैसे स्वदेशी जनजातियों के अन्य समूहों का घर था, जो शिकार करके, चीजों को बीन-बटोर कर और मछली पकड़ कर अपना जीवन जीते थे	t͡ʃˈɑko ksˈet̪ɾ ɡˈuijɑkuɾo ˈɔɾ pˈeɡuɑ d͡ʒˈɛse swˈəd̪esi d͡ʒˈənd͡ʒɑt̪ijõ kˈe ˈʌnj sˈəmuɦõ kˈɑ ɡʱˈəɾ t̪ʰˈɑ , d͡ʒˈo sˈikɑɾ kˈəɾke , t͡ʃˈid͡ʒõ kˈo bˈin bˈəʈoɾ kˈəɾ ˈɔɾ mˈət͡ʃʰli pˈəkəɽ kˈəɾ ˈʌpnɑ d͡ʒˈiwən d͡ʒˈit̪e t̪ʰˈe
जॉन निक्सन द्वारा डॉक्यूमेंट की पहली पब्लिक रीडिंग 8 जुलाई को इंडिपेंडेंस हॉल के यार्ड में की गई थी.	d͡ʒˈɔn nˈiksən d̪wˈɑɾɑ ɖɔkjumˈẽɳʈ kˈi pˈəɦli pˈəblik ɾiɖˈĩŋɡ ˈɑʈʰ d͡ʒˈulɑi kˈo ĩɳɖipẽɳɖˈẽs ɦˈɔl kˈe jˈɑɾɖ mˈẽ kˈi ɡˈəi t̪ʰˈi .
जॉन निक्सन द्वारा डॉक्यूमेंट की पहली पब्लिक रीडिंग 8 जुलाई को इंडिपेंडेंस हॉल के यार्ड में की गई थी.	d͡ʒˈɔn nˈiksən d̪wˈɑɾɑ ɖɔkjumˈẽɳʈ kˈi pˈəɦli pˈəblik ɾiɖˈĩŋɡ ˈɑʈʰ d͡ʒˈulɑi kˈo ĩɳɖipẽɳɖˈẽs ɦˈɔl kˈe jˈɑɾɖ mˈẽ kˈi ɡˈəi t̪ʰˈi .
