igre su počele u 10:00 sati ujutru uz sjajno vrijeme i osim slabe kiše koja je pala sredinom jutra i ubrzo prestala to je bio savršen dan za ragbi 7	ˈiɡre su pˈot͡ʃele u dˈe˥˩set sˈati ˈu˥˩jutru uz sjˈaː˥˩jno ʋrijˈeː˩˥me i ˈo˥˩sim slˈabe kˈiʃe kˈo˩˥ja je pˈala sredˈi˩˥nom jˈu˥˩tra i ˈu˥˩brzo prˈestala toː˥˩ je bˈi˥˩o sˈa˩˥ʋrʃen daː˥˩n za rˈa˥˩ɡbi sˈe˥˩dam
prema posljednjim informacijama očitanja nivoa mora ukazivala su na cunami. određena aktivnost cunamija zabilježena je blizu pago paga i niue	prˈe˥˩ma pˈo˩˥sʎedɲim informˈat͡sijama ˈot͡ʃitaɲa niʋˈo˩˥a mˈora ˈukaziʋala su na t͡sunˈaː˩˥mi . odrˈed͡ʑena aktˈiː˩˥ʋnost t͡sunˈamija zˈabiʎeʒena je blˈiː˩˥zu pˈaɡo pˈaɡa i nˈiue
hangeulsku abecedu je prvobitno nazvao hunmin jeongeum što znači ispravni zvukovi kao instrukcija narodu	xˈanɡeulsku ˈabet͡sedu je pˈrʋobitno nˈazʋao xˈunmin jˈeonɡeum ʃto˥˩ znˈat͡ʃi ˈi˥˩spraʋni zʋˈu˥˩koʋi kˈa˥˩o instrˈu˩˥kt͡sija nˈaː˩˥rodu
oni vam mogu zadržati rezervaciju ako želite razmisliti o ponudi ili izvaditi druge dokumente potrebne za putovanje na to odredište npr. vizu	ˈo˩˥ni ʋam mˈo˩˥ɡu zadˈr˩˥ʒati rˈezerʋat͡siju ˈa˥˩ko ʒˈelite rˈa˩˥zmisliti o pˈonudi ˈi˥˩li ˈi˩˥zʋaditi drˈuː˥˩ɡe dokˈumente pˈotrebne za pˈutoʋaɲe na toː˥˩ ˈo˩˥drediʃte nˈaprimjer ʋˈizu
ima istu molekularnu strukturu bez obzira da li je u plinovitom tečnom ili čvrstom stanju	ˈima ˈistu mˈolekularnu strˈukturu bez ˈobzira da li je u plinoʋˈitom tˈet͡ʃnom ˈi˥˩li t͡ʃʋˈrstom stˈaɲu
pohlepa i sebičnost će uvijek biti dio nas. priroda saradnje je da kada većina ima koristi uvijek će biti više prednosti u kratkom roku ako se djeluje na sebičan način	pˈo˥˩xlepa i sˈe˩˥bit͡ʃnost t͡ɕe ˈu˥˩ʋijek bˈiti dˈi˥˩o naː˥˩s . prˈiː˩˥roda sˈaradɲe je da kˈada ʋet͡ɕˈi˩˥na ˈima kˈoristi ˈu˥˩ʋijek t͡ɕe bˈiti ʋˈi˥˩ʃe prˈe˥˩dnosti u krˈatkom rˈoku ˈa˥˩ko se djˈeluje na sˈe˩˥bit͡ʃan nˈaː˩˥t͡ʃin
razvijenom srednjem vijeku prethodio je rani srednji vijek a nakon njega je uslijedio kasni srednji vijek za koji je po dogovoru odlučeno da je završen oko 1500. godine	rˈazʋijenom srˈedɲem ʋijˈeku prˈetxodio je rˈani srˈe˥˩dɲi ʋijˈeː˥˩k a nˈa˩˥kon ɲˈe˥˩ɡa je ˈuslijedio kˈa˥˩sni srˈe˥˩dɲi ʋijˈeː˥˩k za kˈo˩˥ji je po dˈoɡoʋoru ˈodlut͡ʃeno da je zˈa˩˥ʋrʃen ˈo˥˩ko xˈiʎadu pˈetstote ɡˈodine
boravio je u hotelu tima uoči utakmice planirane za nedjelju protiv bolonje	bˈoraʋio je u xˈotelu tˈiː˥˩ma ˈu˩˥ot͡ʃi ˈutakmit͡se plˈanirane za nˈedjeʎu prˈo˥˩tiʋ bˈoloɲe
prošli mjesec iran je doživio najgoru avionsku katastrofu kada se avion koji je letio za armeniju srušio pri čemu je poginulo 168 ljudi	prˈo˥˩ʃli mjˈe˥˩set͡s ˈi˩˥ran je dˈoʒiʋio nˈajɡoru aʋˈionsku kˈatastrofu kˈada se aʋˈi˩˥on kˈo˩˥ji je lˈetio za ˈarmeniju srˈuʃio pri˥˩ t͡ʃˈe˩˥mu je pˈoɡinulo stoː˥˩ ʃezdˈe˩˥set ˈo˥˩sam ʎˈudi
al gore i general tommy franks se bez ikakvih problema sjećaju omiljenih naslova goru je to bilo kad je the onion izjavio da su on i tipper imali najbolji seks u životu nakon poraza na kolegijumu izbornika 2000. godine	al ɡˈore i ɡenˈe˩˥ral tˈomi franks se bez ˈikakʋix problˈema sjˈet͡ɕaju ˈo˩˥miʎenix nˈasloʋa ɡˈo˥˩ru je toː˥˩ bˈilo kad je te ˈonion ˈizjaʋio da su oː˥˩n i tˈiper ˈimali nˈajboʎi se˥˩ks u ʒiʋˈo˩˥tu nˈa˩˥kon pˈoraza na kˈoleɡijumu izbˈornika dʋˈi˥˩je xˈiʎade . ɡˈodine
jedan primjerak je poslan georgeu vashingtonu 6. jula a on ga je svojim trupama pročitao u njujorku 9. jula. kopija je stigla u london 10. avgusta	jˈe˩˥dan prˈiː˩˥mjerak je pˈoslan ɡˈeorɡeu ʋˈasxinɡtonu ʃˈestoɡ jˈula a oː˥˩n ɡa je sʋˈo˩˥jim trˈupama prˈot͡ʃitao u ɲˈujorku dˈeʋetoɡ jˈula . kˈoː˥˩pija je stˈiɡla u lˈo˩˥ndon dˈesetoɡ aʋɡˈusta
ovi otpaci pronađeni su svuda na mjesecu i izgledaju kao da su vrlo malo istrošeni što ukazuje na to da su se geološki događaji koji su ih stvorili desili prilično nedavno	ˈoʋi ˈotpat͡si prˈonad͡ʑeni su sʋˈu˩˥da na mjˈeset͡su i ˈizɡledaju kˈa˥˩o da su ʋˈr˥˩lo mˈa˥˩lo ˈi˩˥stroʃeni ʃto˥˩ ˈukazuje na toː˥˩ da su se ɡˈeoloʃki dˈo˥˩ɡad͡ʑaji kˈo˩˥ji su ix stʋˈorili dˈesili prˈiː˩˥lit͡ʃno nˈe˥˩daʋno
stardust će postaviti novi rekord kao svemirska letjelica koja se najbrže vratila na zemlju i time će oboriti prethodni rekord iz maja 1969. godine koji je postavljen prilikom povratka komandnog modula apollo x	stˈardust t͡ɕe pˈo˩˥staʋiti nˈo˥˩ʋi rˈe˩˥kord kˈa˥˩o sʋˈemirska lˈe˩˥tjelit͡sa kˈo˩˥ja se nˈajbrʒe ʋrˈatila na zˈe˥˩mʎu i tˈime t͡ɕe obˈo˩˥riti prˈeː˩˥txodni rˈe˩˥kord iz mˈaja xˈiʎadu dˈe˥˩ʋetsto ʃezdˈe˩˥set dˈeʋete ɡˈodine kˈo˩˥ji je pˈostaʋʎen prˈiː˩˥likom pˈoʋratka kˈomandnoɡ mˈodula ˈapolo ks
imigracijski kontrolni punkt je obično prva tačka na koju dolazite nakon što izađete iz aviona broda ili drugog vozila	ˈimiɡrat͡sijski kˈontrolni pu˥˩nkt je ˈo˩˥bit͡ʃno pˈrʋa tˈa˥˩t͡ʃka na kˈo˩˥ju dˈolazite nˈa˩˥kon ʃto˥˩ ˈizad͡ʑete iz aʋiˈona brˈo˥˩da ˈi˥˩li drˈuɡoɡ ʋˈo˥˩zila
danas su se u zajednici red lejka tokom sahrane jeffa weisea i još tri od ukupno devet žrtava proširile vijesti da je još jedan student uhapšen u vezi sa školskim pucnjavama 21. marta	dˈa˩˥nas su se u zˈajednit͡si reː˥˩d lˈejka tˈoː˥˩kom sˈaxrane jˈefa ʋˈeisea i jo˥˩ʃ triː˥˩ od ˈu˩˥kupno dˈe˥˩ʋet ʒˈrtaʋa prˈoʃirile ʋijˈesti da je jo˥˩ʃ jˈe˩˥dan stˈu˩˥dent ˈuxapʃen u ʋˈezi sa ʃkˈo˩˥lskim pˈu˩˥t͡sɲaʋama dʋˈaː˩˥deset pˈr˩˥ʋoɡ mˈarta
pod uvjetom da niste diplomata rad u inostranstvu obično podrazumijeva da morate prijaviti porez na prihod u zemlji u kojoj se nalazite	po˥˩d ˈuː˩˥ʋjetom da nˈiː˩˥ste diplomˈata rad u ˈinostranstʋu ˈo˩˥bit͡ʃno pˈodrazumijeʋa da mˈorate prijˈaː˩˥ʋiti pˈo˩˥rez na prˈiː˩˥xod u zˈemʎi u kˈo˩˥joj se nˈalazite
sjesti u svoj automobil i krenuti na dug put ima svojstvenu privlačnost zahvaljujući svojoj jednostavnosti	sjˈe˥˩sti u sʋoː˥˩j automˈo˩˥bil i krˈeː˩˥nuti na duɡ put ˈima sʋˈojstʋenu prˈiʋlat͡ʃnost zaxʋˈa˩˥ʎujut͡ɕi sʋˈo˩˥joj jednostˈaː˩˥ʋnosti
njegovi veliki stakleni prozori i tanki zidovi ne bi mogli dugo odolijevati snažnom napadu	ɲˈe˩˥ɡoʋi ʋˈe˩˥liki stˈa˩˥kleni prˈoː˩˥zori i tˈa˩˥nki zˈi˥˩doʋi ne bi mˈoɡli dˈu˥˩ɡo odolijˈeː˩˥ʋati snˈaʒnom nˈaː˩˥padu
phnom krom nalazi se 12 km jugozapadno od siem reapa. ovaj hram na samom vrhu brda sagrađen je krajem 9. vijeka za vrijeme vladavine kralja yasovarmana	pxnom kro˥˩m nˈaː˩˥lazi se dʋˈaː˩˥naest kˈilometara juɡozˈaː˩˥padno od sˈiem rˈeapa . ˈo˩˥ʋaj xraː˥˩m na sˈamom ʋˈr˩˥xu bˈrda sˈaɡrad͡ʑen je krˈa˥˩jem dˈeʋetoɡ ʋijˈeka za ʋrijˈeː˩˥me ʋlˈadaʋine krˈaː˩˥ʎa ˈiasoʋarmana
očekuje se da će većina ulaznica koštati između 2.500 i 130.000 jena a cijena standardnih ulaznica će iznositi oko 7.000 jena	ˈot͡ʃekuje se da t͡ɕe ʋet͡ɕˈi˩˥na ˈu˩˥laznit͡sa kˈo˥˩ʃtati ˈi˥˩zmed͡ʑu dʋˈi˥˩je xˈiʎade pˈeː˥˩tsto i stoː˥˩ trˈiː˩˥deset xˈiʎada jˈena a t͡sijˈeː˩˥na stˈandardnix ˈu˩˥laznit͡sa t͡ɕe iznˈo˩˥siti ˈo˥˩ko sˈe˥˩dam xˈiʎada jˈena
u 11:20 sati policija je demonstrantima naredila da se vrate na trotoar tvrdeći da moraju ostvariti ravnotežu između prava na protest i stvaranja gužvi u saobraćaju	u jedˈa˩˥naest sˈati i dʋˈaː˩˥deset minˈuː˩˥ta polˈi˩˥t͡sija je dˈemonstrantima nˈaredila da se ʋrˈate na trotˈo˩˥ar tʋˈrː˩˥det͡ɕi da mˈoraju ostʋˈaː˩˥riti rˈaʋnoteʒu ˈi˥˩zmed͡ʑu prˈaʋa na prˈo˩˥test i stʋˈaraɲa ɡˈuː˥˩ʒʋi u sˈaobrat͡ɕaju
uspon na brdo se isplati zbog tmurne atmosfere u hramu i pogleda na jezero tonle sap	ˈuː˩˥spon na bˈr˥˩do se ˈisplati zbo˥˩ɡ tmˈurne ˈatmosfere u xrˈamu i pˈoɡleda na jˈe˥˩zero tˈonle sap
da bi spasili pacijente od gangrene stekli su iskustvo u amputaciji kao i sa podvezima i stezačima arterije za zaustavljanje protoka krvi	da bi spˈasili pat͡sˈijente od ɡˈanɡrene stˈekli su iskˈuː˩˥stʋo u ˈamputat͡siji kˈa˥˩o i sa pˈodʋezima i stˈezat͡ʃima ˈarterije za zaˈu˩˥staʋʎaɲe prˈotoka kˈrʋi
kupovanje hrane u supermarketima je obično najjeftiniji način da se prehranite. međutim bez mogućnosti za kuhanje izbori su ograničeni na unaprijed spremljenu hranu	kupˈo˩˥ʋaɲe xrˈane u sˈupermarketima je ˈo˩˥bit͡ʃno nˈajeftiniji nˈaː˩˥t͡ʃin da se prˈexranite . med͡ʑˈu˩˥tim bez moɡˈuː˩˥t͡ɕnosti za kˈu˥˩xaɲe ˈi˩˥zbori su oɡrˈa˩˥nit͡ʃeni na ˈu˩˥naprijed sprˈemʎenu xrˈanu
ove visoravni često se nazivaju vidde  što znači širok otvoren prostor bez drveća bezgranično prostranstvo	ˈoʋe ʋˈisoraʋni t͡ʃˈeː˥˩sto se nˈaziʋaju ʋˈide ʃto˥˩ znˈat͡ʃi ʃˈi˩˥rok ˈo˩˥tʋoren prˈoː˩˥stor bez dˈrʋet͡ɕa bˈe˥˩zɡranit͡ʃno prostrˈaː˩˥nstʋo
kolonizacija počinje u nomadskoj fazi kada je količina raspoložive hrane smanjena. tokom ove faze kolonija služi kao privremeno gnijezdo koja se svakodnevno mijenja	kolonizˈaː˩˥t͡sija pˈot͡ʃiɲe u nˈomadskoj fˈazi kˈada je kolit͡ʃˈina raspolˈoʒiʋe xrˈane smˈaɲena . tˈoː˥˩kom ˈoʋe fˈaze kˈo˩˥lonija slˈuʒi kˈa˥˩o prˈi˩˥ʋremeno ɡnijˈeː˩˥zdo kˈo˩˥ja se sʋˈakodneʋno mˈijeɲa
trupe koje su osnažile napadačke položaje uključivale su 1. i 3. pukovniju iz new hampshira koje su se sastojale od po 200 ljudi pod rukovodstvom pukovnika johna starka i jamesa reeda obojica su kasnije postali generali	trˈupe kˈo˩˥je su ˈosnaʒile napˈadat͡ʃke pˈo˥˩loʒaje ˈukʎut͡ʃiʋale su jˈe˩˥dan . i trˈet͡ɕu pˈukoʋniju iz neʋ xˈampsxira kˈo˩˥je su se sˈastojale od po dʋjˈesta ʎˈudi po˥˩d rukoʋˈo˩˥dstʋom pukˈoʋnika jˈoxna stˈarka i jˈamesa rˈeeda obˈo˩˥jit͡sa su kˈa˩˥snije pˈostali ɡenˈe˩˥rali
tokom svog putovanja iwasaki je naišao na probleme u mnogo navrata	tˈoː˥˩kom sʋoː˥˩ɡ pˈutoʋaɲa ˈiʋasaki je nˈaiʃao na prˈobleme u mnˈo˥˩ɡo nˈaʋrata
ovo mišljenje dijeli 34 posto anketiranih osoba koje priželjkuju da kraljica elizabeta ii bude posljednji monarh u australiji	ˈo˩˥ʋo mˈi˥˩ʃʎeɲe dˈijeli trˈiː˩˥deset t͡ʃˈe˩˥tiri pˈo˥˩sto ˈanketiranix ˈo˥˩soba kˈo˩˥je prˈiʒeʎkuju da krˈaʎit͡sa ˈelizabeta dʋaː˥˩ bˈu˥˩de pˈo˩˥sʎedɲi mˈo˩˥narx u ˈaustraliji
trajao bi sljedećih 40 godina i vodio bi se stvarno putem posredničkih vojski na ratištima od afrike do azije u afganistanu kubi i mnogim drugim mjestima	trˈajao bi sʎˈe˩˥det͡ɕix t͡ʃetrdˈe˩˥set ɡˈo˥˩dina i ʋˈodio bi se stʋˈaː˥˩rno pˈuː˩˥tem pˈosrednit͡ʃkix ʋˈoː˩˥jski na rˈatiʃtima od ˈafrike do ˈazije u afɡanˈistanu kˈubi i mnˈoɡim drˈuɡim mjˈe˥˩stima
sve životinje koje su prvobitno stigle na otoke učinile su to plivajući leteći ili plutajući	sʋe˥˩ ʒˈiʋotiɲe kˈo˩˥je su pˈrʋobitno stˈiɡle na ˈotoke ˈut͡ʃinile su toː˥˩ plˈi˥˩ʋajut͡ɕi lˈe˩˥tet͡ɕi ˈi˥˩li plˈu˩˥tajut͡ɕi
slušajući pojedince kako dijele lične porodične i organizacijske priče dobili smo vrijedan uvid u prošlost i neke od ličnosti koje su imale dobar ili loš utjecaj na kulturu organizacije	slˈu˥˩ʃajut͡ɕi pˈojedint͡se kˈako dˈijele lˈit͡ʃne pˈorodit͡ʃne i ˈorɡanizat͡sijske prˈit͡ʃe dˈobili smo ʋrijˈeː˩˥dan ˈu˩˥ʋid u prˈo˥˩ʃlost i nˈeke od lˈi˥˩t͡ʃnosti kˈo˩˥je su ˈimale dˈo˥˩bar ˈi˥˩li lo˥˩ʃ ˈu˥˩tjet͡saj na kˈulturu ˈorɡanizat͡sije
hangi se često koristi za pripremu tradicionalne večere koja uključuje pečenje	xˈanɡi se t͡ʃˈeː˥˩sto kˈoristi za prˈipremu trˈadit͡sionalne ʋˈe˩˥t͡ʃere kˈo˩˥ja ˈukʎut͡ʃuje pˈe˩˥t͡ʃeɲe
ali ako se to ikada i dogodi vjerojatno se neće dogoditi u skorije vrijeme. zvijezde su toliko raširene da milijarde milja dijeli zvijezde koje su komšije	ˈa˥˩li ˈa˥˩ko se toː˥˩ ˈi˥˩kada i dˈoɡodi ʋjˈe˥˩rojatno se nˈet͡ɕe doɡˈo˩˥diti u skˈorije ʋrijˈeː˩˥me . zʋˈijezde su tolˈi˩˥ko rˈaʃirene da mˈilijarde mˈiː˥˩ʎa dˈijeli zʋˈijezde kˈo˩˥je su kˈomʃije
stanovnici iz drugih područja obično navode prikladnost za porodice kao glavni razlog preseljenja a posjetioci obično smatraju da je u ovom gradu lako uživati sa djecom	stˈanoʋnit͡si iz drˈu˥˩ɡix pˈodrut͡ʃja ˈo˩˥bit͡ʃno nˈaː˩˥ʋode prˈi˩˥kladnost za porˈodit͡se kˈa˥˩o ɡlˈa˩˥ʋni rˈaː˩˥zloɡ prˈeseʎeɲa a pˈosjetiot͡si ˈo˩˥bit͡ʃno smˈatraju da je u ˈo˩˥ʋom ɡrˈadu lˈa˥˩ko uʒˈiː˩˥ʋati sa djˈet͡som
brazilac je pretrpio ozbiljnu povredu glave nakon sudara na grand prixu u mađarskoj 2009. godine	brazˈiː˩˥lat͡s je prˈetrpio ˈozbiʎnu pˈoʋredu ɡlˈaʋe nˈa˩˥kon sˈudara na ɡrand prˈiksu u mˈad͡ʑarskoj dʋˈi˥˩je xˈiʎade dˈeʋete ɡˈodine
turisti mogu posjetiti različite znamenitosti u određenoj zemlji ili mogu jednostavno odlučiti da se fokusiraju samo na jednu oblast	tˈu˩˥risti mˈo˩˥ɡu pˈo˩˥sjetiti rˈaː˩˥zlit͡ʃite znamˈe˩˥nitosti u ˈo˩˥dred͡ʑenoj zˈemʎi ˈi˥˩li mˈo˩˥ɡu jˈe˥˩dnostaʋno odlˈuː˩˥t͡ʃiti da se fˈokusiraju sˈa˥˩mo na jˈednu ˈo˥˩blast
zbog toga je u okviru grčke pravne zajednice izbio veliki skandal nakon otkrića nezakonitih radnji koje su tokom prethodnih godina činili suci pravnici i advokati 	zbo˥˩ɡ tˈoː˩˥ɡa je u ˈokʋiru ɡˈrt͡ʃke prˈaʋne zˈajednit͡se ˈi˩˥zbio ʋˈe˩˥liki skˈa˩˥ndal nˈa˩˥kon ˈotkrit͡ɕa nezˈakonitix rˈadɲi kˈo˩˥je su tˈoː˥˩kom prˈetxodnix ɡˈo˥˩dina t͡ʃˈinili sˈut͡si prˈaː˥˩ʋnit͡si i adʋˈo˩˥kati
novozelandska policija imala je problema sa svojim brzinskim radarskim pištoljima kako bi uočila koliko brzo g. reid ide zbog toga koliko je black beauty niska a jedini put kada je policija uspjela izmjeriti brzinu g. reida bilo je kad je usporio na 160 km/h	nˈoʋozelandska polˈi˩˥t͡sija ˈimala je problˈema sa sʋˈo˩˥jim bˈrzinskim rˈadarskim piʃtˈoʎima kˈako bi uot͡ʃˈila kolˈi˩˥ko bˈrː˥˩zo ɡ . rˈeid ˈide zbo˥˩ɡ tˈoː˩˥ɡa kolˈi˩˥ko je blat͡sk bˈeauti nˈi˥˩ska a jˈe˩˥dini put kˈada je polˈi˩˥t͡sija ˈuspjela ˈi˩˥zmjeriti bˈr˥˩zinu ɡ . rˈeida bˈilo je kad je ˈusporio na stoː˥˩ ʃezdˈe˩˥set kˈilometara na saː˥˩t
može biti bolje da koristite agenta koji često rezerviše putovanja slična vašim	mˈoʒe bˈiti bˈo˥˩ʎe da kˈoristite aɡˈenta kˈo˩˥ji t͡ʃˈeː˥˩sto rˈezerʋiʃe pˈutoʋaɲa slˈit͡ʃna ʋˈa˥˩ʃim
zvaničnici grada amsterdama i muzej ane frank tvrde da je drvo zaraženo gljivicom i da ugrožava javno zdravlje jer prema njihovim navodima postoji direktna opasnost od pada stabla	zʋˈanit͡ʃnit͡si ɡrˈada amstˈerdama i mˈu˩˥zej ˈaː˩˥ne frank tʋˈrde da je dˈr˥˩ʋo zˈaraʒeno ɡʎˈiʋit͡som i da ˈuɡroʒaʋa jˈaː˥˩ʋno zdrˈaː˥˩ʋʎe je˥˩r prˈe˥˩ma ɲˈixoʋim naʋˈodima pˈostoji dˈirektna opˈaː˩˥snost od pˈada stˈabla
nacionalni centar za uragane nhc tvrdi da oluja jerry trenutno nije prijetnja za kopno	nˈa˥˩t͡sionalni t͡sˈe˥˩ntar za ˈuraɡane nxt͡s tʋˈrː˥˩di da olˈuː˩˥ja jˈeri trˈe˥˩nutno nˈi˩˥je prijˈeː˩˥tɲa za kˈo˥˩pno
to se lako može postići koristeći relativno tihu budilicu koja će vas dovesti do svijesti bez da vas u potpunosti probudi	toː˥˩ se lˈa˥˩ko mˈoʒe pˈo˩˥stit͡ɕi kˈo˩˥ristet͡ɕi rˈe˥˩latiʋno tˈixu bˈudilit͡su kˈo˩˥ja t͡ɕe ʋaː˥˩s dˈoʋesti do sʋijˈesti bez da ʋaː˥˩s u pˈo˩˥tpunosti prˈobudi
policija iz regije madhya pradesh pronašla je i vratila ukradeni laptop i mobitel	polˈi˩˥t͡sija iz rˈeɡije mˈadxia prˈadesx prˈonaʃla je i ʋrˈatila ˈukradeni lˈaptop i mˈo˩˥bitel
populacija je grupa organizama koji pripadaju određenoj vrsti unutar jednog geografskog područja	populˈaː˩˥t͡sija je ɡrˈupa orɡanizˈama kˈo˩˥ji prˈipadaju ˈo˩˥dred͡ʑenoj ʋˈrː˩˥sti ˈu˩˥nutar jednˈoɡ ɡˈeoɡrafskoɡ pˈodrut͡ʃja
neke ceste su oštećene željeznički saobraćaj je prekinut u pogođenim dijelovima a noto aerodrom u prefekturi ishikawa ostaje zatvoren	nˈeke t͡sˈeste su ˈoʃtet͡ɕene ʒˈe˩˥ʎeznit͡ʃki sˈa˥˩obrat͡ɕaj je prˈekinut u pˈoɡod͡ʑenim dijˈeloʋima a nˈoto aerˈo˩˥drom u prˈefekturi ˈisxikaʋa ˈostaje zˈa˩˥tʋoren
vjeruje se da je ova toplokrvna ptica grabljivica potpuno prekrivena perjem hodala uspravno na dvije noge s kandžama poput velociraptora	ʋjˈeruje se da je ˈo˩˥ʋa tˈoplokrʋna ptˈit͡sa ɡrˈabʎiʋit͡sa pˈo˩˥tpuno prˈekriʋena pˈerjem xˈodala ˈuspraʋno na dʋˈi˥˩je nˈoɡe s kˈand͡ʒama pˈo˥˩put ʋˈelot͡siraptora
ove web lokacije su dobile mnogo pažnje naročito u oblasti obrazovanja	ˈoʋe ʋeb lˈokat͡sije su dˈobile mnˈo˥˩ɡo pˈaʒɲe nˈaː˩˥rot͡ʃito u ˈo˥˩blasti obrˈazoʋaɲa
nakon što je gospodin rudd odlučio da potpiše klimatski sporazum iz kyota sjedinjene države su postale izolirane kao jedina razvijena zemlja koja nije ratificirala sporazum	nˈa˩˥kon ʃto˥˩ je ɡospˈo˩˥din rud ˈodlut͡ʃio da pˈotpiʃe klˈimatski spˈo˥˩razum iz kˈiota sjˈediɲene dˈrʒaʋe su pˈostale izˈolirane kˈa˥˩o jˈedina rˈazʋijena zˈe˩˥mʎa kˈo˩˥ja nˈi˩˥je rˈatifit͡sirala spˈo˥˩razum
od otprilike 24.000 meteorita za koje se zna da su pali na zemlju samo za oko 34 je potvrđeno da potiču sa marsa	od otprˈiː˩˥like dʋˈaː˩˥deset t͡ʃˈe˩˥tiri xˈiʎade meteorˈiː˩˥ta za kˈo˩˥je se zna da su pˈaː˥˩li na zˈe˥˩mʎu sˈa˥˩mo za ˈo˥˩ko trˈiː˩˥deset t͡ʃˈe˩˥tiri je pˈotʋrd͡ʑeno da pˈotit͡ʃu sa mˈarsa
nadovezujući se na ture trčanja barcelona i turu trčanje kopenhagenom brzo su mu se pridružili ture trčanja prag sa sjedištem u pragu i drugi	nadoʋˈe˩˥zujut͡ɕi se na tˈure tˈrt͡ʃaɲa bˈart͡selona i tˈuru tˈr˩˥t͡ʃaɲe kopenxˈaː˩˥ɡenom bˈrː˥˩zo su mu se prˈidruʒili tˈure tˈrt͡ʃaɲa pra˥˩ɡ sa sjˈediʃtem u prˈaɡu i drˈu˥˩ɡi
vrijeme je svuda oko nas i utječe na sve što radimo ali uprkos tome teško ga je razumjeti	ʋrijˈeː˩˥me je sʋˈu˩˥da ˈo˥˩ko naː˥˩s i ˈutjet͡ʃe na sʋe˥˩ ʃto˥˩ rˈadimo ˈa˥˩li ˈu˥˩prkos tˈome tˈeː˥˩ʃko ɡa je razˈu˩˥mjeti
dva tornja izdižu se 83 metra u visinu dugi su 378 metara i imaju dvije trake koje su široke 3,50 m	dʋaː˥˩ tˈorɲa ˈizdiʒu se osamdˈe˩˥set triː˥˩ mˈetra u ʋˈi˥˩sinu dˈu˥˩ɡi su trˈi˥˩sta sedamdˈe˩˥set ˈo˥˩sam mˈetara i ˈimaju dʋˈi˥˩je trˈake kˈo˩˥je su ʃˈiroke triː˥˩ zˈarez pedˈe˩˥set mˈetra
to je veoma složena cjelina koja se po pojednostavljenom borovom modelu sastoji od centralnog jezgra oko kojeg kruže elektorni - nešto slično planetama koje kruže oko sunca - vidjeti sliku 1.1	toː˥˩ je ʋˈe˩˥oma slˈoʒena t͡sjelˈi˩˥na kˈo˩˥ja se po pˈojednostaʋʎenom bˈoroʋom mˈodelu sˈastoji od t͡sˈentralnoɡ jˈeː˩˥zɡra ˈo˥˩ko kˈo˩˥jeɡ krˈuː˥˩ʒe ˈelektorni nˈe˥˩ʃto slˈi˩˥t͡ʃno planˈetama kˈo˩˥je krˈuː˥˩ʒe ˈo˥˩ko sˈuː˥˩nt͡sa ʋˈi˥˩djeti slˈi˥˩ku jˈe˩˥dan . jˈe˩˥dan
posljednja utakmica u ovoj seriji održat će se sljedeće sedmice u ellis parku u johannesburgu kada će springboksi igrati protiv australije	pˈosʎedɲa ˈu˩˥takmit͡sa u ˈo˩˥ʋoj sˈeriji ˈodrʒat t͡ɕe se sʎˈedet͡ɕe sˈedmit͡se u ˈelis pˈarku u jˈoxanesburɡu kˈada t͡ɕe sprˈinɡboksi ˈi˩˥ɡrati prˈo˥˩tiʋ ˈaustralije
film u kojem su glumili ryan gosling i emna stone bio je nominovan u svim glavnim kategorijama	fi˥˩lm u kˈo˩˥jem su ɡlˈumili rˈian ɡˈoslinɡ i ˈemna stˈone bˈi˥˩o je nˈominoʋan u sʋiː˥˩m ɡlˈa˩˥ʋnim kateɡˈo˩˥rijama
oni vam mogu zadržati rezervaciju ako želite razmisliti o ponudi ili izvaditi druge dokumente potrebne za putovanje na to odredište npr. vizu	ˈo˩˥ni ʋam mˈo˩˥ɡu zadˈr˩˥ʒati rˈezerʋat͡siju ˈa˥˩ko ʒˈelite rˈa˩˥zmisliti o pˈonudi ˈi˥˩li ˈi˩˥zʋaditi drˈuː˥˩ɡe dokˈumente pˈotrebne za pˈutoʋaɲe na toː˥˩ ˈo˩˥drediʃte nˈaprimjer ʋˈizu
primjeri uključuju kontrolu planiranje i određivanje redoslijeda mogućnost pružanja odgovora na dijagnoze i pitanja klijenta kao i prepoznavanje rukopisa glasa i lica	prˈiː˩˥mjeri ˈukʎut͡ʃuju kˈontrolu planˈiː˩˥raɲe i odred͡ʑˈiː˩˥ʋaɲe rˈedoslijeda moɡˈuː˩˥t͡ɕnost prˈuʒaɲa ˈodɡoʋora na dˈijaɡnoze i pˈitaɲa klijˈenta kˈa˥˩o i prepoznˈaː˩˥ʋaɲe rˈukopisa ɡlˈasa i lˈit͡sa
dokumenti su dokazali da je četrnaest banaka pružilo pomoć bogatim klijentima da sakriju bogatstvo vrijedno milijarde američkih dolara u cilju izbjegavanja poreza i drugih uredbi	dokˈu˩˥menti su dˈokazali da je t͡ʃetˈr˩˥naest bˈa˥˩naka prˈuʒilo pˈo˥˩mot͡ɕ bˈo˩˥ɡatim klijˈentima da sˈakriju boɡˈa˩˥tstʋo ʋrijˈedno mˈilijarde amˈe˩˥rit͡ʃkix dˈolara u t͡sˈiʎu ˈizbjeɡaʋaɲa porˈeza i drˈu˥˩ɡix ˈuredbi
očekujem da ću se u ponedjeljak vratiti svojim obavezama  izjavio je arias	ˈot͡ʃekujem da t͡ɕu se u ponˈe˩˥djeʎak ʋrˈaː˩˥titi sʋˈo˩˥jim ˈobaʋezama ˈizjaʋio je ˈarias
putnici koji planiraju operaciju promjene pola u inostranstvu moraju da osiguraju da nose važeće dokumente za povratno putovanje	pˈuː˥˩tnit͡si kˈo˩˥ji plˈaniraju ˈoperat͡siju prˈomjene pˈola u ˈinostranstʋu mˈoraju da ˈosiɡuraju da nˈo˥˩se ʋˈaʒet͡ɕe dokˈumente za pˈoʋratno pˈutoʋaɲe
nakon stotina sati rada sijalično vlakno na kraju izgori i sijalica više ne radi	nˈa˩˥kon stotˈina sˈati rˈada sˈijalit͡ʃno ʋlˈaː˩˥kno na krˈaju ˈizɡori i sˈi˥˩jalit͡sa ʋˈi˥˩ʃe ne rˈadi
mana objektiva za povećanje prikaza je to što je fokusna kompleksnost i broj elemenata objektiva potreban za postizanje raspona fokusnih dužina mnogo veći nego kod glavnih objektiva	mˈana ˈobjektiʋa za poʋet͡ɕˈaː˩˥ɲe prˈi˥˩kaza je toː˥˩ ʃto˥˩ je fokˈusna kˈo˩˥mpleksnost i broː˥˩j elˈe˩˥menata ˈobjektiʋa pˈo˥˩treban za pˈo˩˥stizaɲe rˈaspona fˈokusnix duʒˈina mnˈo˥˩ɡo ʋˈe˥˩t͡ɕi nˈe˥˩ɡo kod ɡlˈa˩˥ʋnix ˈobjektiʋa
postigao je dva gola i upisao dvije asistencije u pobjedi washingtona od 5-3 nada atlanta thrashersima	pˈostiɡao je dʋaː˥˩ ɡˈoː˩˥la i ˈupisao dʋˈi˥˩je ˈasistent͡sije u pˈobjedi ʋˈasxinɡtona od peː˥˩t do triː˥˩ nˈaː˩˥da atlˈa˩˥nta trˈasxersima
francuski zakon je promijenjen. njegov aktivizam datira otkad je imao 15. godina kada se pridružio francuskom otporu tokom drugog svjetskog rata	frˈa˩˥nt͡suski zˈaː˩˥kon je prˈomijeɲen . ɲˈe˩˥ɡoʋ aktiʋˈi˩˥zam dˈatira ˈo˩˥tkad je ˈimao petnˈaesta ɡˈo˥˩dina kˈada se prˈidruʒio frˈant͡suskom ˈotporu tˈoː˥˩kom drˈuɡoɡ sʋjˈetskoɡ rˈata
rat za špansko naslijeđe bio je prvi rat čije je centralno pitanje bila ravnoteža moći	ra˥˩t za ʃpˈansko nˈaː˩˥slijed͡ʑe bˈi˥˩o je pˈrʋi ra˥˩t t͡ʃˈi˩˥je je t͡sˈentralno pˈitaɲe bˈila raʋnotˈeː˩˥ʒa mˈot͡ɕi
na saslušanju se također određuje datum ostvarenja prava osumnjičenog na brzo suđenje	na sˈasluʃaɲu se takˈoː˩˥d͡ʑer ˈodred͡ʑuje dˈaː˩˥tum ˈostʋareɲa prˈaʋa ˈosumɲit͡ʃenoɡ na bˈrː˥˩zo sˈuː˩˥d͡ʑeɲe
nekoliko godina kasnije 1639. godine engleski astronom po imenu jeremiah horrocks uočio je venerin prijelaz	nˈe˥˩koliko ɡˈo˥˩dina kˈa˩˥snije xˈiʎadu ʃˈeː˥˩ststo trˈiː˩˥deset dˈeʋete ɡˈodine ˈe˩˥nɡleski astrˈo˩˥nom po ˈimenu jˈeremiax xˈorot͡sks ˈu˩˥ot͡ʃio je ʋˈenerin prijˈeː˩˥laz
pronalazak točka sa žbicama učinio je asirska bojna kola lakšim bržim i spremnijim za prestizanje vojnika i drugih bojnih kola	pronˈa˩˥lazak tˈo˥˩t͡ʃka sa ʒbˈit͡sama ˈut͡ʃinio je ˈasirska bˈoː˥˩jna kˈola lˈakʃim bˈrʒim i spremnˈijim za prˈe˩˥stizaɲe ʋojnˈiː˩˥ka i drˈu˥˩ɡix bˈojnix kˈola
konjica je vojska koja se bori na konjima. sedlo još uvijek nije bilo izmišljeno pa se asirska konjica borila na golim leđima konja	kˈoɲit͡sa je ʋˈoː˩˥jska kˈo˩˥ja se bˈori na kˈo˩˥ɲima . sˈe˩˥dlo jo˥˩ʃ ˈu˥˩ʋijek nˈi˩˥je bˈilo ˈi˩˥zmiʃʎeno pa se ˈasirska kˈoɲit͡sa bˈorila na ɡˈolim lˈed͡ʑima kˈoɲa
ljudi su stolicama udarali u okvire prozora ali prozori su bili neslomljivi	ʎˈudi su stˈo˩˥lit͡sama ˈudarali u ˈokʋire prˈozora ˈa˥˩li prˈoː˩˥zori su bˈili nˈeslomʎiʋi
kada je prošlog mjeseca govorio za wikinews administrator commonsa adam cuerden izrazio je frustraciju zbog brisanja dokumenata	kˈada je prˈoʃloɡ mjˈe˥˩set͡sa ɡˈoʋorio za ʋˈikineʋs ˈadministrator t͡sˈomonsa ˈa˩˥dam t͡sˈuerden ˈizrazio je frˈustrat͡siju zbo˥˩ɡ brˈisaɲa dokˈu˩˥menata
glasanje mora potvrditi cijeli mok na sastanku u oktobru u kopenhagenu	ɡlˈa˩˥saɲe mˈora potʋˈrː˩˥diti t͡sijˈeː˥˩li mok na sˈastanku u ˈoktobru u kopenxˈaː˩˥ɡenu
hladni vremenski uvjeti su možda jedina stvarna opasnost s kojom će se suočiti svi koji dođu nespremni	xlˈaː˥˩dni ʋrˈe˥˩menski ˈuː˩˥ʋjeti su mˈo˩˥ʒda jˈedina stʋarnˈa opˈaː˩˥snost s kˈo˩˥jom t͡ɕe se suˈo˩˥t͡ʃiti sʋi˥˩ kˈo˩˥ji dˈod͡ʑu nˈe˩˥spremni
jedan primjerak je poslan georgeu vashingtonu 6. jula a on ga je svojim trupama pročitao u njujorku 9. jula. kopija je stigla u london 10. avgusta	jˈe˩˥dan prˈiː˩˥mjerak je pˈoslan ɡˈeorɡeu ʋˈasxinɡtonu ʃˈestoɡ jˈula a oː˥˩n ɡa je sʋˈo˩˥jim trˈupama prˈot͡ʃitao u ɲˈujorku dˈeʋetoɡ jˈula . kˈoː˥˩pija je stˈiɡla u lˈo˩˥ndon dˈesetoɡ aʋɡˈusta
napredak novih tehnologija omogućava nam da uočimo i istražujemo moždane strukture i procese koji nikada ranije nisu viđeni	nˈa˩˥predak nˈo˥˩ʋix texnolˈo˩˥ɡija ˈomoɡut͡ɕaʋa nam da ˈuot͡ʃimo i ˈistraʒujemo mˈoʒdane strˈukture i prˈot͡sese kˈo˩˥ji nˈi˥˩kada rˈa˩˥nije nˈiː˩˥su ʋˈid͡ʑeni
ako žive stvari pogledate pod mikroskopom uočićete da su načinjene od kvadratića ili kuglica	ˈa˥˩ko ʒˈiʋe stʋˈari pˈoɡledate po˥˩d mˈikroskopom ˈuot͡ʃit͡ɕete da su nˈat͡ʃiɲene od kʋˈadratit͡ɕa ˈi˥˩li kˈuɡlit͡sa
ona je tokom svog vremena u atlanti stekla priznanje kritičara i bila je prepoznata zbog inovativnog urbanog obrazovanja	ˈo˩˥na je tˈoː˥˩kom sʋoː˥˩ɡ ʋremˈena u ˈatlanti stˈekla priznˈaː˩˥ɲe kritˈit͡ʃara i bˈila je prˈepoznata zbo˥˩ɡ ˈinoʋatiʋnoɡ ˈurbanoɡ obrˈazoʋaɲa
u zgradi je živjelo nekoliko hodočasnika koji su došli u posjetu svetom gradu uoči hodočašća hadža	u zɡrˈadi je ʒˈiʋjelo nˈe˥˩koliko xˈodot͡ʃasnika kˈo˩˥ji su dˈoʃli u pˈosjetu sʋˈetom ɡrˈadu ˈu˩˥ot͡ʃi xˈodot͡ʃaʃt͡ɕa xˈad͡ʒa
glasnogovornik vlade je rekao da je sada iz perspektive javnog zdravlja i pravosuđa važno da se zakonski propisi usvoje što je moguće prije.	ɡlasnoɡoʋˈo˩˥rnik ʋlˈade je rˈekao da je sˈa˥˩da iz pˈerspektiʋe jˈaʋnoɡ zdrˈaʋʎa i prˈaʋosud͡ʑa ʋˈaː˥˩ʒno da se zˈaː˩˥konski prˈo˩˥pisi ˈusʋoje ʃto˥˩ je mˈo˥˩ɡut͡ɕe prˈi˥˩je .
vlasnici parka nalažu da se udaljite najmanje 100 jardi/metara od medvjeda i vukova i 25 jardi/metara od svih ostalih divljih životinja!	ʋlˈasnit͡si pˈarka nˈalaʒu da se ˈudaʎite nˈaː˥˩jmaɲe stoː˥˩ jˈardi mˈetara od mˈe˥˩dʋjeda i ʋˈukoʋa i dʋˈaː˩˥deset peː˥˩t jˈardi mˈetara od sʋiː˥˩x ˈo˩˥stalix dˈi˩˥ʋʎix ʒiʋˈo˩˥tiɲa !
tridesetogodišnji suprug koji je rođen u buffalu bio je jedan od četiri žrtve pucnjave ali njegova supruga nije povrijeđena	trˈidesetoɡodiʃɲi sˈu˥˩pruɡ kˈo˩˥ji je rˈo˥˩d͡ʑen u bˈufalu bˈi˥˩o je jˈe˩˥dan od t͡ʃˈe˩˥tiri ʒˈrtʋe pˈut͡sɲaʋe ˈa˥˩li ɲˈe˩˥ɡoʋa sˈu˥˩pruɡa nˈi˩˥je pˈoʋrijed͡ʑena
to je zato što struja koja dolazi do utičnice na koju se postavlja metalni dio sijalice može uzrokovati jak strujni udar ako dodirnete unutrašnjost utičnice ili metalnu bazu sijalice dok je sijalica jednim dijelom još uvijek u utičnici	toː˥˩ je zˈa˩˥to ʃto˥˩ strˈuː˩˥ja kˈo˩˥ja dˈolazi do ˈutit͡ʃnit͡se na kˈo˩˥ju se pˈostaʋʎa mˈe˩˥talni dˈi˥˩o sˈijalit͡se mˈoʒe ˈuː˩˥zrokoʋati jak strˈujni ˈu˥˩dar ˈa˥˩ko dˈodirnete ˈu˩˥nutraʃɲost ˈutit͡ʃnit͡se ˈi˥˩li mˈetalnu bˈazu sˈijalit͡se do˥˩k je sˈi˥˩jalit͡sa jˈednim dijˈeː˩˥lom jo˥˩ʃ ˈu˥˩ʋijek u ˈutit͡ʃnit͡si
međutim skoro sve prethodno navedene kockarnice poslužuju pića a nekoliko njih dovodi i poznata imena iz svijeta zabave prije svega one velike koji su u blizini albuquerquea i santa fea	med͡ʑˈu˩˥tim skˈo˩˥ro sʋe˥˩ prˈeː˩˥txodno nˈaʋedene kˈot͡skarnit͡se pˈosluʒuju pˈit͡ɕa a nˈe˥˩koliko ɲiː˥˩x dˈoʋodi i pˈoznata imˈena iz sʋijˈeta zˈabaʋe prˈi˥˩je sʋˈe˩˥ɡa ˈo˩˥ne ʋˈelike kˈo˩˥ji su u blˈizini ˈalbukʋerkʋea i sˈaː˥˩nta fˈea
binarni broj može imati samo jednu od dvije moguće vrijednosti tj. 0 ili 1 a ti se brojevi nazivaju binarnim ciframa ili bitovima u kompjuterskom žargonu	bˈi˩˥narni broː˥˩j mˈoʒe ˈi˩˥mati sˈa˥˩mo jˈednu od dʋˈi˥˩je mˈo˥˩ɡut͡ɕe ʋrijˈeː˩˥dnosti toː˥˩ jest nˈu˥˩la ˈi˥˩li jˈe˩˥dan a tiː˥˩ se brˈojeʋi nˈaziʋaju bˈi˩˥narnim t͡sˈiframa ˈi˥˩li bˈi˩˥toʋima u kˈompjuterskom ʒˈarɡonu
kapsula će veoma ličiti na zvijezdu koja leti preko neba	kˈa˩˥psula t͡ɕe ʋˈe˩˥oma lˈit͡ʃiti na zʋˈijezdu kˈo˩˥ja lˈe˥˩ti prˈeko nˈe˥˩ba
ovo je prvi put da je presuda donesena na osnovu zakona iz 2003. godine za ograničavanje slanja obimne e-pošte zvane neželjena pošta ili spam u poštanske sandučiće korisnika	ˈo˩˥ʋo je pˈrʋi put da je prˈe˥˩suda dˈonesena na ˈosnoʋu zˈakona iz dʋˈi˥˩je xˈiʎade trˈet͡ɕe ɡˈodine za oɡranit͡ʃˈaː˩˥ʋaɲe slˈaɲa ˈobimne e pˈoʃte zʋˈane neʒˈeʎena pˈoʃta ˈi˥˩li spam u pˈoʃtanske sˈandut͡ʃit͡ɕe korˈisnika
međutim premijer john howard je rekao da dodatnih 45 miliona aud$ služi da osigura da tasmanska vlada ne snizi kategoriju bolničkih objekata	med͡ʑˈu˩˥tim premˈi˩˥jer joxn xˈoʋard je rˈekao da dˈo˥˩datnix t͡ʃetrdˈe˩˥set peː˥˩t miliˈona ˈaud slˈuʒi da ˈosiɡura da tˈasmanska ʋlˈaː˩˥da ne snizˈi kˈateɡoriju bˈolnit͡ʃkix ˈo˩˥bjekata
arthur guinness je 24. septembra 1759. godine potpisao zakup na 9.000 godina za pivaru st james‘ gate u dublinu u irskoj	ˈartur ɡˈuines je dʋˈaː˩˥deset t͡ʃˈetʋrtoɡ sˈeptembra xˈiʎadu sˈe˥˩damsto pedˈe˩˥set dˈeʋete ɡˈodine pˈotpisao zˈaː˩˥kup na dˈe˥˩ʋet xˈiʎada ɡˈo˥˩dina za pˈiʋaru st jˈames ɡˈate u dˈublinu u ˈiː˥˩rskoj
vodopadi victoria nalaze se u gradu na zapadu zimbabvea preko puta granice s livingstonom u zambiji i u blizini bocvane	ʋˈo˥˩dopadi ʋˈit͡storia nˈaː˩˥laze se u ɡrˈadu na zˈapadu zimbˈa˩˥bʋea prˈeko pˈuta ɡrˈa˩˥nit͡se s lˈiʋinɡstonom u zˈambiji i u blˈizini bˈot͡sʋane
vaš pasoš mora biti važeći najmanje šest mjeseci od datuma putovanja. za potvrdu dužine boravka potrebna vam je povratna ili jednosmjerna karta	ʋaʃ pˈaː˥˩soʃ mˈora bˈiti ʋˈaː˩˥ʒet͡ɕi nˈaː˥˩jmaɲe ʃeː˥˩st mjˈe˥˩set͡si od dˈatuma pˈutoʋaɲa . za pˈotʋrdu dˈuʒine bˈo˩˥raʋka pˈotrebna ʋam je pˈoʋratna ˈi˥˩li jˈednosmjerna kˈaː˥˩rta
front za oslobođenja životinja i kraljevsko društvo za sprečavanje surovosti prema životinjama royal society for the prevention of cruelty to animals rspca ponovo pozivaju na obaveznu ugradnju video nadzora u sve klaonice u australiji	fro˥˩nt za ˈoslobod͡ʑeɲa ʒiʋˈo˩˥tiɲa i krˈaʎeʋsko drˈuː˩˥ʃtʋo za spret͡ʃˈaː˩˥ʋaɲe sˈu˩˥roʋosti prˈe˥˩ma ʒiʋˈo˩˥tiɲama rˈojal sˈot͡sieti for te prˈeʋention of t͡srˈuelti toː˥˩ ˈanimals ˈrspt͡sa pˈo˥˩noʋo pˈoziʋaju na ˈobaʋeznu ˈuɡradɲu ʋˈiː˥˩deo nˈadzora u sʋe˥˩ klˈaonit͡se u ˈaustraliji
felicia koja je bila kategorizirana kao oluja 4. kategorije po saffir-simpsonovoj skali uragana oslabila je do jačine tropske oluje prije nego što se u utorak potpuno rasplinula	fˈelit͡sia kˈo˩˥ja je bˈila kˈateɡorizirana kˈa˥˩o olˈuː˩˥ja t͡ʃˈetʋrte kˈateɡorije po sˈafir sˈimpsonoʋoj skˈali ˈuraɡana ˈoslabila je do jˈat͡ʃine trˈopske ˈoluje prˈi˥˩je nˈe˥˩ɡo ʃto˥˩ se u ˈuː˩˥torak pˈo˩˥tpuno rˈasplinula
od noći 9. avgusta oko morakota nalazilo se na oko sedamdeset kilometara udaljenosti od kineske provincije fujian	od nˈot͡ɕi dˈeʋetoɡ aʋɡˈusta ˈo˥˩ko mˈorakota nˈalazilo se na ˈo˥˩ko sedamdˈe˩˥set kˈilometara ˈu˩˥daʎenosti od kˈineske prˈoʋint͡sije fˈujian
prema micku o'flynnu vršiocu dužnosti direktora za očuvanje i nasljeđe parka u sklopu npws-a četiri strijelaca odabrana za prvu operaciju pucanja dobili su detaljne upute o sigurnosti i obuku	prˈe˥˩ma mˈit͡sku o flˈinu ʋˈrʃiot͡su dˈuː˩˥ʒnosti dirˈektora za ot͡ʃuʋˈaː˩˥ɲe i nˈaː˩˥sʎed͡ʑe pˈarka u sklˈopu npʋs a t͡ʃˈe˩˥tiri strˈijelat͡sa ˈodabrana za pˈrʋu ˈoperat͡siju pˈut͡saɲa dˈobili su dˈetaʎne ˈupute o siɡˈuː˩˥rnosti i ˈobuku
pružaju veću stabilnost jahaču ali mogu izazvati sigurnosne probleme jer se stopala jahača mogu u njima zaglaviti	prˈuʒaju ʋˈet͡ɕu stabˈiː˩˥lnost jˈaxat͡ʃu ˈa˥˩li mˈo˩˥ɡu izˈa˩˥zʋati sˈiɡurnosne prˈobleme je˥˩r se stˈo˥˩pala jaxˈaː˩˥t͡ʃa mˈo˩˥ɡu u ɲˈi˥˩ma zaɡlˈaː˩˥ʋiti
sve dok ste u ovoj zoni možete prelaziti granice bez ponovnog prolaska kroz pasošku kontrolu	sʋe˥˩ do˥˩k ste u ˈo˩˥ʋoj zˈoni mˈoʒete prˈe˩˥laziti ɡrˈa˩˥nit͡se bez pˈonoʋnoɡ prˈolaska kro˥˩z pˈasoʃku kˈontrolu
antarktik je najhladnije mjesto na zemlji a okružuje južni pol	antˈa˩˥rktik je nˈajxladnije mjˈe˥˩sto na zˈemʎi a ˈokruʒuje jˈu˥˩ʒni poː˥˩l
emisija pbs-a ima više od dvije desetine nagrada emmy a njeno prikazivanje je trajalo kraće samo od ulice sezam i susjedstva gospodina rodžersa	emˈi˩˥sija pbs a ˈima ʋˈi˥˩ʃe od dʋˈi˥˩je dˈesetine nˈaː˥˩ɡrada ˈemi a ɲˈeno prikazˈiː˩˥ʋaɲe je trˈajalo krˈat͡ɕe sˈa˥˩mo od ˈu˥˩lit͡se sˈezam i sˈuː˩˥sjedstʋa ɡospˈo˩˥dina rˈod͡ʒersa
pravilo trećine koje je često zloupotrebljavano i koje se često ismijava jednostavna je smjernica koja stvara dinamičnost uz istovremeno održavanje reda na slici	prˈa˥˩ʋilo trˈet͡ɕine kˈo˩˥je je t͡ʃˈeː˥˩sto zlˈoupotrebʎaʋano i kˈo˩˥je se t͡ʃˈeː˥˩sto ˈismijaʋa jˈednostaʋna je smjˈeː˩˥rnit͡sa kˈo˩˥ja stʋˈara dˈinamit͡ʃnost uz istˈo˩˥ʋremeno odrʒˈaː˩˥ʋaɲe rˈeː˥˩da na slˈi˥˩t͡si
svaki hram imao je otvoreno dvorište i unutrašnje svetište kojem su mogli pristupiti samo svećenici	sʋˈa˥˩ki xraː˥˩m ˈimao je ˈo˩˥tʋoreno dʋˈo˩˥riʃte i ˈunutraʃɲe sʋˈe˥˩tiʃte kˈo˩˥jem su mˈoɡli pristˈuː˩˥piti sˈa˥˩mo sʋˈet͡ɕenit͡si
iako njegovo fizičko stanje može da se promijeni njegovo hemijsko stanje ostaje isto	ˈi˥˩ako ɲˈe˩˥ɡoʋo fˈizit͡ʃko stˈaː˩˥ɲe mˈoʒe da se prˈomijeni ɲˈe˩˥ɡoʋo xˈemijsko stˈaː˩˥ɲe ˈostaje ˈi˥˩sto
na evropski dio turske istočna trakija ili rumelija na balkanskom poluostrvu otpada 3% zemlje	na ˈe˩˥ʋropski dˈi˥˩o tˈurske ˈistot͡ʃna trˈaː˥˩kija ˈi˥˩li rˈu˩˥melija na bˈalkanskom pˈoluostrʋu ˈotpada triː˥˩ pˈo˥˩sto zˈemʎe
zvijezde odašilju svjetlost i toplotu zbog energije koja se stvara kada se atomi vodika spajaju kako bi formirali teže elemente	zʋˈijezde ˈodaʃiʎu sʋjˈe˥˩tlost i tˈoplotu zbo˥˩ɡ ˈenerɡije kˈo˩˥ja se stʋˈara kˈada se ˈa˩˥tomi ʋodˈiː˩˥ka spˈajaju kˈako bi fˈormirali tˈe˥˩ʒe elˈemente
peter lenz 13-godišnji motociklista preminuo je nakon što je učestvovao u sudaru na trkačkoj stazi u indianapolisu	pˈeter lenz trˈiː˩˥naest ɡˈo˩˥diʃɲi mˈotot͡siklista prˈeminuo je nˈa˩˥kon ʃto˥˩ je ˈut͡ʃestʋoʋao u sˈudaru na tˈrkat͡ʃkoj stˈazi u ˈindianapolisu
obično ga veoma lako možete dopuniti ako ga potrošite a rezolucija je približno uporediva s trenutnim dslr-om	ˈo˩˥bit͡ʃno ɡa ʋˈe˩˥oma lˈa˥˩ko mˈoʒete dˈo˩˥puniti ˈa˥˩ko ɡa pˈotroʃite a rezolˈuː˩˥t͡sija je prˈiː˩˥bliʒno ˈuporediʋa s trˈenutnim dslr om
južnoafrička republika je dobro započela turnir i popela se na vrh tabele kada je ostvarila ugodnu pobjedu od 26:00 protiv petoplasirane zambije	jˈuʒnoafrit͡ʃka repˈu˩˥blika je dˈo˩˥bro zˈapot͡ʃela tˈu˩˥rnir i popelˈa se na ʋr˥˩x tˈabele kˈada je ˈostʋarila ˈuɡodnu pˈobjedu od dʋˈaː˩˥deset ʃeː˥˩st , nˈu˥˩la prˈo˥˩tiʋ pˈetoplasirane zˈambije
zanimljivo je da u antička vremena nije bio smatran za veoma važnu ličnost i nije zabilježen na većini spiskova antičkih kraljeva	zanˈi˩˥mʎiʋo je da u ˈantit͡ʃka ʋremˈena nˈi˩˥je bˈi˥˩o smˈatran za ʋˈe˩˥oma ʋˈaʒnu lˈi˥˩t͡ʃnost i nˈi˩˥je zˈabiʎeʒen na ʋˈet͡ɕini spˈiskoʋa ˈa˩˥ntit͡ʃkix krˈaː˩˥ʎeʋa
ovakve priče o uspjehu umanjile su strah od promjene i ujedno su uspostavile pozitivne sklonosti ka promjenama u budućnosti	ˈoʋakʋe prˈit͡ʃe o ˈuspjexu ˈumaɲile su straː˥˩x od prˈomjene i ˈu˥˩jedno su ˈuspostaʋile pˈozitiʋne sklˈo˥˩nosti ka prˈomjenama u budˈuː˩˥t͡ɕnosti
u zgradi je živjelo nekoliko hodočasnika koji su došli u posjetu svetom gradu uoči hodočašća hadža	u zɡrˈadi je ʒˈiʋjelo nˈe˥˩koliko xˈodot͡ʃasnika kˈo˩˥ji su dˈoʃli u pˈosjetu sʋˈetom ɡrˈadu ˈu˩˥ot͡ʃi xˈodot͡ʃaʃt͡ɕa xˈad͡ʒa
u bilješkama je koristio riječi koje su neki roditelji smatrali grubima a navodno je na časovima koristio i psovke	u bˈi˩˥ʎeʃkama je kˈoristio rijˈet͡ʃi kˈo˩˥je su nˈe˥˩ki rˈo˩˥diteʎi smˈatrali ɡrˈubima a nˈaː˩˥ʋodno je na t͡ʃˈa˥˩soʋima kˈoristio i psˈoʋke
mogli biste biti iskorišteni kao prenosnik droge bez da to znate što će vam zadati velike probleme	mˈoɡli biste bˈiti ˈiskoriʃteni kˈa˥˩o prˈeː˩˥nosnik drˈoɡe bez da toː˥˩ znˈate ʃto˥˩ t͡ɕe ʋam zˈa˩˥dati ʋˈelike prˈobleme
batten je svrstan na 190. mjesto na listi 400 najbogatijih amerikanaca 2008. godine sa bogatstvom procijenjenim na 2,3 milijarde dolara	bˈaten je sʋˈrstan na stoː˥˩ deʋedˈe˩˥seto mjˈe˥˩sto na lˈiː˥˩sti t͡ʃˈe˥˩tiristo nˈajboɡatijix amerˈikanat͡sa dʋˈi˥˩je xˈiʎade ˈosme ɡˈodine sa boɡˈa˩˥tstʋom prˈot͡sijeɲenim na dʋaː˥˩ zˈarez triː˥˩ mˈilijarde dˈolara
poznati grčki pravnici sakis kechagioglou i george nikolakopoulos nalaze se u zatvoru korydallus u atini jer su proglašeni krivima za mito i korupciju	pˈoznati ɡˈr˥˩t͡ʃki prˈaː˥˩ʋnit͡si sˈakis kˈet͡sxaɡioɡlou i ɡˈeorɡe nˈikolakopoulos nˈaː˩˥laze se u zˈaː˩˥tʋoru kˈoridalus u ˈatini je˥˩r su prˈoɡlaʃeni krˈiʋima za mˈiː˩˥to i kˈorupt͡siju
zatvor abu ghraib u iraku je zapaljen u toku pobune	zˈaː˩˥tʋor ˈabu ɡxrˈaib u ˈiraku je zˈapaʎen u tˈoku pˈobune
ako ste spremni žrtvovati udobnost vrijeme i mogućnost predviđanja kako bi troškove sveli na minimum informišite se o putovanju s minimalnim budžetom	ˈa˥˩ko ste sprˈe˥˩mni ʒˈr˥˩tʋoʋati ˈu˥˩dobnost ʋrijˈeː˩˥me i moɡˈuː˩˥t͡ɕnost prˈedʋid͡ʑaɲa kˈako bi trˈoʃkoʋe sʋˈeli na mˈi˩˥nimum ˈinformiʃite se o pˈutoʋaɲu s mˈinimalnim bud͡ʒˈe˩˥tom
28-godišnji vidal pridružio se barseloni prije tri sezone a došao je iz sevilje	dʋˈaː˩˥deset ˈo˥˩sam ɡˈo˩˥diʃɲi ʋˈidal prˈidruʒio se bˈarseloni prˈi˥˩je triː˥˩ sˈezone a dˈoʃao je iz sˈeʋiʎe
guverner je rekao i sljedeće: danas smo saznali da su neka djeca školske dobi imala kontakt s pacijentom.	ɡuʋˈe˩˥rner je rˈekao i sʎˈedet͡ɕe , dˈa˩˥nas smo sˈaznali da su nˈe˥˩ka djˈe˩˥t͡sa ʃkˈolske dˈobi ˈimala kˈo˩˥ntakt s pat͡sijˈentom .
život i volontiranje u stranoj zemlji je odličan način da upoznate drugu kulturu upoznate nove ljude naučite o sebi dobijete smisao perspektive i usvojite nove vještine	ʒˈi˩˥ʋot i ʋˈolontiraɲe u strˈanoj zˈemʎi je ˈo˥˩dlit͡ʃan nˈaː˩˥t͡ʃin da ˈupoznate drˈuː˥˩ɡu kˈulturu ˈupoznate nˈoʋe ʎˈuː˥˩de nˈaut͡ʃite o sˈe˥˩bi dˈobijete smˈiː˥˩sao pˈerspektiʋe i ˈusʋojite nˈoʋe ʋjˈeʃtine
studenti mogu postaviti pitanja predavačima u bilo koje doba dana i očekivati brze odgovore umjesto da čekaju do sljedećeg ličnog sastanka	stˈu˩˥denti mˈo˩˥ɡu pˈo˩˥staʋiti pˈitaɲa predaʋˈat͡ʃima u bˈilo kˈo˩˥je dˈoː˥˩ba dˈana i ot͡ʃekˈiː˩˥ʋati bˈrze ˈodɡoʋore ˈu˩˥mjesto da t͡ʃekajˈu do sʎˈedet͡ɕeɡ lˈit͡ʃnoɡ sˈastanka
na svu sreću ništa mi se nije dogodilo ali vidio sam jeziv prizor ljudi koji pokušavaju razbiti prozore da bi izašli.	na sʋu˥˩ srˈet͡ɕu nˈi˥˩ʃta miː˥˩ se nˈi˩˥je dˈoɡodilo ˈa˥˩li ʋˈidio sam jˈe˩˥ziʋ prˈiː˩˥zor ʎˈudi kˈo˩˥ji pˈokuʃaʋaju rˈa˩˥zbiti prˈoː˩˥zore da bi ˈizaʃli .
agencija xinhua je priopćila da su vladini istražitelji u srijedu pronašli dvije crne kutije  za snimanje podataka tokom leta	aɡˈe˩˥nt͡sija ksˈinxua je prˈiopt͡ɕila da su ʋlˈaː˩˥dini istrˈa˩˥ʒiteʎi u srˈijedu prˈonaʃli dʋˈi˥˩je t͡sˈrne kˈutije za snˈiː˩˥maɲe pˈo˩˥dataka tˈoː˥˩kom lˈeta
kineski bdp mogao bi premašiti američki u roku od dvije decenije	kˈi˩˥neski bdp mˈoɡao bi prˈe˩˥maʃiti amˈe˩˥rit͡ʃki u rˈoku od dʋˈi˥˩je dˈet͡senije
francuska je sedma država u evropskoj uniji koja je pogođena ovim virusom nakon austrije njemačke slovenije bugarske grčke i italije	frˈa˩˥nt͡suska je sˈedma dˈr˩˥ʒaʋa u ˈeʋropskoj ˈuniji kˈo˩˥ja je pˈoɡod͡ʑena ˈoʋim ʋˈiː˩˥rusom nˈa˩˥kon ˈaustrije ɲˈe˩˥mat͡ʃke sloʋˈenije bˈuɡarske ɡˈrt͡ʃke i ˈitalije
ispravne prehrambene prakse same po sebi ne mogu dovesti do elitnih postignuća ali mogu značajno utjecati na opće zdravstveno stanje mladih sportaša	ˈispraʋne prˈexrambene prˈakse sˈame po sˈe˥˩bi ne mˈo˩˥ɡu dˈoʋesti do ˈe˩˥litnix pˈostiɡnut͡ɕa ˈa˥˩li mˈo˩˥ɡu znˈa˥˩t͡ʃajno ˈu˩˥tjet͡sati na ˈopt͡ɕe zdrˈa˩˥ʋstʋeno stˈaː˩˥ɲe mlˈadix sportˈaː˩˥ʃa
prenošenje za druge - nikada ne ostavljajte svoje torbe izvan vidokruga posebno kada prelazite međunarodne granice	prˈe˩˥noʃeɲe za drˈuː˥˩ɡe nˈi˥˩kada ne ˈostaʋʎajte sʋˈo˩˥je tˈorbe ˈi˩˥zʋan ʋˈidokruɡa pˈoː˩˥sebno kˈada prˈelazite mˈed͡ʑunarodne ɡrˈa˩˥nit͡se
paragvaj čiji je raniji naziv divovska provincija indija  osnovan je u 16. vijeku nakon susreta španskih osvajača sa starosjedilačkim izvornim grupama	pˈa˥˩raɡʋaj t͡ʃˈi˩˥ji je rˈa˩˥niji nˈaː˩˥ziʋ dˈiʋoʋska prˈoʋint͡sija ˈi˩˥ndija ˈo˥˩snoʋan je u ʃesnˈaestom ʋijˈeku nˈa˩˥kon susrˈeta ʃpˈanskix osʋajˈaː˩˥t͡ʃa sa stˈarosjedilat͡ʃkim ˈi˩˥zʋornim ɡrˈupama
zayat nije bio povrijeđen u nesreći	zˈajat nˈi˩˥je bˈi˥˩o pˈoʋrijed͡ʑen u nˈesret͡ɕi
protuminski brod klase avenger bio je na putu prema puerto princesa u palawanu	prˈotuminski broː˥˩d klˈaː˥˩se ˈaʋenɡer bˈi˥˩o je na pˈutu prˈe˥˩ma pˈuerto print͡sesˈa u pˈalaʋanu
međutim skoro sve prethodno navedene kockarnice poslužuju pića a nekoliko njih dovodi i poznata imena iz svijeta zabave prije svega one velike koji su u blizini albuquerquea i santa fea	med͡ʑˈu˩˥tim skˈo˩˥ro sʋe˥˩ prˈeː˩˥txodno nˈaʋedene kˈot͡skarnit͡se pˈosluʒuju pˈit͡ɕa a nˈe˥˩koliko ɲiː˥˩x dˈoʋodi i pˈoznata imˈena iz sʋijˈeta zˈabaʋe prˈi˥˩je sʋˈe˩˥ɡa ˈo˩˥ne ʋˈelike kˈo˩˥ji su u blˈizini ˈalbukʋerkʋea i sˈaː˥˩nta fˈea
kineska novinska agencija xinhua ranije je izvijestila da je avion otet	kˈineska nˈoʋinska aɡˈe˩˥nt͡sija ksˈinxua rˈa˩˥nije je ˈizʋijestila da je aʋˈi˩˥on ˈotet
procena je se da se tajfun kreće prema kini brzinom od jedanest km/h	prˈo˥˩t͡sena je se da se tˈa˩˥jfun krˈet͡ɕe prˈe˥˩ma kˈini brzˈi˩˥nom od jˈedanest km x
lavine nisu abnormalnost; strme padine mogu zadržati samo određenu količinu snijega a višak će se obrušiti u vidu lavina	lˈaʋine nˈiː˩˥su abnormˈaː˩˥lnost , stˈrme pˈadine mˈo˩˥ɡu zadˈr˩˥ʒati sˈa˥˩mo ˈodred͡ʑenu kˈo˥˩lit͡ʃinu snijˈeɡa a ʋˈiː˩˥ʃak t͡ɕe se ˈobruʃiti u ʋˈidu lˈaʋina
to znači da možete posjećivati historijski grad nekoliko dana a noću se vraćati na brod da spavate	toː˥˩ znˈat͡ʃi da mˈoʒete posjet͡ɕˈiː˩˥ʋati xistˈo˩˥rijski ɡrad nˈe˥˩koliko dˈana a nˈo˥˩t͡ɕu se ʋrˈa˥˩t͡ɕati na broː˥˩d da spˈaʋate
neke čizme imaju čavle i postoji oprema koja se može dodati za klizave uvjete a koja odgovara većini cipela i čizama za petu ili petu i đon	nˈeke t͡ʃˈizme ˈimaju t͡ʃˈaː˥˩ʋle i pˈostoji ˈo˥˩prema kˈo˩˥ja se mˈoʒe dˈo˩˥dati za klˈizaʋe ˈuː˩˥ʋjete a kˈo˩˥ja ˈodɡoʋara ʋˈet͡ɕini t͡sˈi˩˥pela i t͡ʃˈi˥˩zama za pˈeː˥˩tu ˈi˥˩li pˈeː˥˩tu i d͡ʑo˥˩n
ostale teme navodno obuhvataju buduću državu jerusalim koja je sveta za obje nacije što je problem u dolini jordana	ˈostale tˈe˥˩me nˈaː˩˥ʋodno ˈobuxʋataju bˈudut͡ɕu dˈrʒaʋu jerusˈalim kˈo˩˥ja je sʋˈeta za ˈo˥˩bje nˈat͡sije ʃto˥˩ je prˈo˩˥blem u dˈolini jordˈana
nagla vanjština parižana će brzo nestati ako pokažete osnovnu ljubaznost	nˈaɡla ʋaɲʃtˈi˩˥na pˈariʒana t͡ɕe bˈrː˥˩zo nˈe˩˥stati ˈa˥˩ko pˈokaʒete ˈosnoʋnu ʎˈu˥˩baznost
vanda miss joaquim hibrid orhideje izabrana je 1981. za nacionalni cvijet te države	ʋandˈa mis jˈoakʋim xˈi˩˥brid ˈorxideje ˈizabrana je xˈiʎadu dˈe˥˩ʋetsto osamdˈe˩˥set pˈrʋe za nˈa˥˩t͡sionalni t͡sʋijˈeː˥˩t te dˈrʒaʋe
kanjoning kombinira komponente plivanja penjanja i skakanja ali zahtijeva prilično malo treninga ili fizičke spreme u poređenju s naprimjer alpinizmom ronjenjem ili alpskim skijanjem	kˈaɲoninɡ kˈombinira kˈomponente plˈiʋaɲa pˈeɲaɲa i skˈakaɲa ˈa˥˩li zˈaxtijeʋa prˈiː˩˥lit͡ʃno mˈa˥˩lo trˈeninɡa ˈi˥˩li fˈizit͡ʃke sprˈeme u pˈored͡ʑeɲu s nˈaprimjer ˈalpinizmom rˈo˩˥ɲeɲem ˈi˥˩li ˈalpskim skˈijaɲem
snage dinastije qing 1644-1912 preuzele su 1683. godine kontrolu nad zapadnim i sjevernim priobalnim područjima tajvana i 1885. godine proglasile tajvan provincijom carstva qing	snˈaɡe dˈinastije kinɡ xˈiʎadu ʃˈeː˥˩ststo t͡ʃetrdˈe˩˥set t͡ʃˈe˩˥tiri do xˈiʎadu dˈe˥˩ʋetsto dʋˈaː˩˥naest prˈeuzele su xˈiʎadu ʃˈeː˥˩ststo osamdˈe˩˥set trˈet͡ɕe ɡˈodine kˈontrolu na˥˩d zˈapadnim i sjˈeʋernim prˈiobalnim pˈodrut͡ʃjima tˈajʋana i xˈiʎadu ˈo˥˩samsto osamdˈe˩˥set pˈete ɡˈodine proɡlˈasile tˈa˥˩jʋan prˈoʋint͡sijom t͡sˈaː˥˩rstʋa kinɡ
u kontekstu romantizma geografija je oblikovala pojedince i vremenom su se pojavili običaji i kultura povezani s tim geografskim predjelima i oni su u harmoniji s mjestom društva bili bolji nego arbitrarno nametnuti zakoni	u kˈontekstu romantˈi˩˥zma ɡeoɡrˈa˩˥fija je ˈoblikoʋala pˈojedint͡se i ʋrˈemenom su se pˈojaʋili ˈo˥˩bit͡ʃaji i kultˈuː˩˥ra pˈo˩˥ʋezani s tim ɡeˈo˩˥ɡrafskim prˈedjelima i ˈo˩˥ni su u xˈarmoniji s mjˈe˥˩stom drˈuʃtʋa bˈili bˈo˥˩ʎi nˈe˥˩ɡo ˈarbitrarno nˈa˩˥metnuti zˈaː˩˥koni
kod ljudi je ukupno prijavljeno manje od hiljadu slučajeva ali neki od njih bili su smrtni	kod ʎˈudi je ˈu˩˥kupno prˈijaʋʎeno mˈaɲe od xˈiʎadu slˈut͡ʃajeʋa ˈa˥˩li nˈe˥˩ki od ɲiː˥˩x bˈili su smˈr˥˩tni
umjereni zemljotres potresao je zapadnu montanu u ponedjeljak u 22:08 sati	ˈu˩˥mjereni zˈe˥˩mʎotres pˈotresao je zˈapadnu mˈontanu u ponˈe˩˥djeʎak u dʋˈaː˩˥deset dʋaː˥˩ sˈaː˥˩ta i ˈo˥˩sam minˈuː˩˥ta
tokio će biti jedini azijski grad koji je bio domaćin dvije ljetne olimpijade jer je 1964. godine već bio domaćin	tˈo˥˩kio t͡ɕe bˈiti jˈe˩˥dini ˈaː˥˩zijski ɡrad kˈo˩˥ji je bˈi˥˩o domˈa˩˥t͡ɕin dʋˈi˥˩je ʎˈetne ˈolimpijade je˥˩r je xˈiʎadu dˈe˥˩ʋetsto ʃezdˈe˩˥set t͡ʃˈetʋrte ɡˈodine ʋe˥˩t͡ɕ bˈi˥˩o domˈa˩˥t͡ɕin
vjernik traga za direktnim iskustvom intuicijom ili uvidom u božansku stvarnost/božanstvo ili božanstva	ʋjˈeː˥˩rnik trˈaː˥˩ɡa za dˈi˩˥rektnim iskˈuː˩˥stʋom ˈintuit͡sijom ˈi˥˩li uʋˈidom u bˈoʒansku stʋˈaː˩˥rnost boʒˈa˩˥nstʋo ˈi˥˩li bˈoʒanstʋa
opljačkali su ga pirati napao ga je bijesan pas na tibetu pobjegao je od braka u nepalu a zatim je završio u zatvoru u indiji	ˈopʎat͡ʃkali su ɡa pˈi˩˥rati nˈapao ɡa je bijˈeː˩˥san pas na tˈibetu pˈobjeɡao je od brˈaka u nˈepalu a zˈa˩˥tim je zˈaʋrʃio u zˈaː˩˥tʋoru u ˈindiji
ovoj stranici se može lako pristupiti putem navođenja samo jedne web-adrese što olakšava pamćenje i tipkanje za učenike koji imaju poteškoće s korištenjem tastature ili sa spelovanjem	ˈo˩˥ʋoj strˈanit͡si se mˈoʒe lˈa˥˩ko pristˈuː˩˥piti pˈuː˩˥tem nˈaʋod͡ʑeɲa sˈa˥˩mo jˈedne ʋeb ˈadrese ʃto˥˩ ˈolakʃaʋa pˈaː˥˩mt͡ɕeɲe i tˈi˥˩pkaɲe za ˈut͡ʃenike kˈo˩˥ji ˈimaju pˈoteʃkot͡ɕe s kˈo˩˥riʃteɲem tˈastature ˈi˥˩li sa spˈeloʋaɲem
arhitektura obuhvata projektiranje i izgradnju zgrada. arhitektura određenog mjesta je često sama po sebi turistička atrakcija	arxitektˈuː˩˥ra ˈobuxʋata prˈojektiraɲe i ˈizɡradɲu zɡrˈada . arxitektˈuː˩˥ra ˈo˩˥dred͡ʑenoɡ mjˈesta je t͡ʃˈeː˥˩sto sˈama po sˈe˥˩bi tˈuristit͡ʃka atrˈa˩˥kt͡sija
u nekim saveznim zemljama kao što su sjedinjene države i kanada porez na dohodak se ubire i na saveznom i na lokalnom nivou tako da su stope i razredi različiti od regije do regije	u nˈe˥˩kim sˈaː˩˥ʋeznim zˈe˩˥mʎama kˈa˥˩o ʃto˥˩ su sjˈediɲene dˈrʒaʋe i kˈa˥˩nada pˈo˩˥rez na dˈo˩˥xodak se ˈubire i na sˈaʋeznom i na lokˈalnom nˈiʋou tˈa˩˥ko da su stˈope i rˈaː˩˥zredi rˈaː˩˥zlit͡ʃiti od rˈeɡije do rˈeɡije
većina predmeta zakopanih sa tutankamonom su dobro očuvani uključujući i hiljade predmeta napravljenih od plemenitih metala i rijetkog kamenja	ʋet͡ɕˈi˩˥na prˈedmeta zˈakopanix sa tˈutankamonom su dˈo˩˥bro ˈot͡ʃuʋani ukʎˈu˩˥t͡ʃujut͡ɕi i xˈiʎade prˈedmeta nˈapraʋʎenix od plemˈe˩˥nitix metˈaː˩˥la i rijˈetkoɡ kˈameɲa
naučnici su posumnjali da je enceladus geološki aktivan i mogući izvor saturnovog ledenog e-prstena	nˈa˩˥ut͡ʃnit͡si su pˈosumɲali da je ˈent͡seladus ɡˈeoloʃki ˈa˥˩ktiʋan i mˈo˥˩ɡut͡ɕi ˈi˩˥zʋor sˈaturnoʋoɡ lˈedenoɡ e pˈr˥˩stena
nemojte zaboraviti uračunati dodatne troškove dodatnih viza taksu na odlazak prijevoz kopnom itd. za sva mjesta izvan afrike	nˈemojte zabˈo˩˥raʋiti urat͡ʃˈu˩˥nati dˈodatne trˈoʃkoʋe dˈo˥˩datnix ʋˈiza tˈaksu na ˈo˩˥dlazak prijˈeː˩˥ʋoz kˈopnom i tˈa˩˥ko dˈa˥˩ʎe za sʋa˥˩ mjˈesta ˈi˩˥zʋan ˈafrike
tigar je u istoj grupi rod panthera sa lavovima leopardima i jaguarima. ovo su jedine četiri mačke koje mogu rikati	tˈiɡar je u ˈistoj ɡrˈupi rod pˈantera sa lˈa˥˩ʋoʋima leˈopardima i jaɡˈuarima . ˈo˩˥ʋo su jˈedine t͡ʃˈe˩˥tiri mˈat͡ʃke kˈo˩˥je mˈo˩˥ɡu rˈikati
ako se povrijedite dok pokušavate pomoći možda ćete samo pogoršati stvari	ˈa˥˩ko se pˈoʋrijedite do˥˩k pˈokuʃaʋate pˈo˥˩mot͡ɕi mˈo˩˥ʒda t͡ɕete sˈa˥˩mo pˈoɡorʃati stʋˈari
sjedinjene američke države tvrde da su dobile informacije od anonimnog izvora koji izričito spominje upotrebu bombaša samoubica za razaranje poznatih znamenitosti  u etiopiji i keniji	sjˈediɲene ˈamerit͡ʃke dˈrʒaʋe tʋˈrde da su dˈobile ˈinformat͡sije od ˈanonimnoɡ ˈizʋora kˈo˩˥ji ˈizrit͡ʃito spˈomiɲe ˈupotrebu bˈombaʃa samoubˈiː˩˥t͡sa za razˈaː˩˥raɲe pˈoznatix znamˈe˩˥nitosti u ˈetiopiji i kˈeniji
službenik plinske firme pojavio se na licu mjesta nakon što je jedan komšija prijavio curenje plina	slˈu˥˩ʒbenik plˈinske fˈirme pˈojaʋio se na lˈit͡su mjˈesta nˈa˩˥kon ʃto˥˩ je jˈe˩˥dan kˈo˩˥mʃija prˈijaʋio t͡sˈuː˩˥reɲe plˈina
izleti su jeftiniji za veće grupe pa ako ste sami ili sa samo jednim prijateljem pokušajte upoznati druge ljude i napraviti grupu od četiri do šest osoba za bolju cijenu po osobi	ˈi˩˥zleti su jˈeftiniji za ʋˈet͡ɕe ɡrˈupe pa ˈa˥˩ko ste sˈaː˥˩mi ˈi˥˩li sa sˈa˥˩mo jˈednim prˈi˥˩jateʎem pokˈuʃajte upˈo˩˥znati drˈuː˥˩ɡe ʎˈuː˥˩de i nˈa˩˥praʋiti ɡrˈupu od t͡ʃˈe˩˥tiri do ʃeː˥˩st ˈo˥˩soba za bˈoʎu t͡sˈijenu po ˈosobi
članovi virtuelnog tima često funkcioniraju kao kontakt tačka za svoju fizičke grupe	t͡ʃlˈanoʋi ʋˈirtuelnoɡ tˈiː˥˩ma t͡ʃˈeː˥˩sto fˈunkt͡sioniraju kˈa˥˩o kˈo˩˥ntakt tˈa˥˩t͡ʃka za sʋˈo˩˥ju fˈizit͡ʃke ɡrˈupe
ljudi su stolicama udarali u okvire prozora ali prozori su bili neslomljivi	ʎˈudi su stˈo˩˥lit͡sama ˈudarali u ˈokʋire prˈozora ˈa˥˩li prˈoː˩˥zori su bˈili nˈeslomʎiʋi
s obzirom na to da su u istoj vremenskoj zoni kao i havaji otoci se ponekad smatraju donjim havajima	s ˈobzirom na toː˥˩ da su u ˈistoj ʋrˈemenskoj zˈoni kˈa˥˩o i xaʋˈa˩˥ji ˈotot͡si se pˈo˩˥nekad smˈatraju dˈoɲim xˈaʋajima
vrhovni vođa zemlje ayatollah ali khamenei opisao je ovisnost o nafti kao zamku  koja porijeklo vodi od vremena prije islamske revolucije u iranu do koje je došlo 1979. godine a od koje bi se zemlja trebala osloboditi	ʋˈr˩˥xoʋni ʋˈod͡ʑa zˈemʎe ˈajatolax ˈa˥˩li kxˈamenei ˈopisao je ˈo˩˥ʋisnost o nˈafti kˈa˥˩o zˈamku kˈo˩˥ja porijˈeː˩˥klo ʋˈodi od ʋremˈena prˈi˥˩je ˈislamske rˈeʋolut͡sije u ˈiranu do kˈo˩˥je je dˈoʃlo xˈiʎadu dˈe˥˩ʋetsto sedamdˈe˩˥set dˈeʋete ɡˈodine a od kˈo˩˥je bi se zˈe˩˥mʎa trˈebala oslobˈo˩˥diti
maroochydore je potom porazio caboolture u preliminarnoj finalnoj utakmici	mˈaroot͡sxidore je pˈo˩˥tom pˈorazio t͡sˈaboolture u prˈeliminarnoj fˈinalnoj ˈutakmit͡si
za vijesti o turnirima i mjestima na kojima možete kupiti kartu za utakmice pola provjerite kod asociacion argentina de polo	za ʋijˈesti o turnˈirima i mjˈe˥˩stima na kˈo˩˥jima mˈoʒete kˈupiti kˈartu za ˈutakmit͡se pˈola prˈoʋjerite kod ˈasot͡siat͡sion arɡentˈiː˩˥na de pˈolo
ostrvo su prvo naselili tainosi i karibi. karibi su bili ljudi koji govore aravački jezik i koji su tamo stigli oko 10.000 godina prije nove ere	ˈo˥˩strʋo su pˈr˩˥ʋo nˈaselili tˈainosi i kˈaribi . kˈaribi su bˈili ʎˈudi kˈo˩˥ji ɡˈo˥˩ʋore ˈaraʋat͡ʃki jˈe˩˥zik i kˈo˩˥ji su tˈa˥˩mo stˈiɡli ˈo˥˩ko dˈe˥˩set xˈiʎada ɡˈo˥˩dina prˈi˥˩je nˈoʋe ˈere
kralj sejong je bio četvrti kralj dinastije joseon i jedan od kraljeva koji su uživali najveće poštovanje	kraː˥˩ʎ sˈejonɡ je bˈi˥˩o t͡ʃˈe˩˥tʋrti kraː˥˩ʎ dˈinastije jˈoseon i jˈe˩˥dan od krˈaː˩˥ʎeʋa kˈo˩˥ji su ˈuʒiʋali nˈajʋet͡ɕe pˈoʃtoʋaɲe
svi brodovi su bili potopljeni osim jedne britanske krstarice. skoro 200 američkih i njemačkih života je izgubljeno	sʋi˥˩ brˈo˩˥doʋi su bˈili pˈotopʎeni ˈo˥˩sim jˈedne brˈitanske kˈrstarit͡se . skˈo˩˥ro dʋjˈesta amˈe˩˥rit͡ʃkix i ɲˈe˩˥mat͡ʃkix ʒiʋˈota je ˈi˩˥zɡubʎeno
zubi triceratopsa su mogli smrviti ne samo lišće nego čak i vrlo čvrste grane i korijenje	zˈubi trˈit͡seratopsa su mˈoɡli smˈrʋiti ne sˈa˥˩mo lˈiː˥˩ʃt͡ɕe nˈe˥˩ɡo t͡ʃa˥˩k i ʋˈr˥˩lo t͡ʃʋˈrste ɡrˈane i kˈorijeɲe
taj napad je stvorio veliku napetost u odnosima između indije i pakistana	taː˥˩j nˈaː˩˥pad je stʋˈorio ʋˈeliku nˈapetost u odnˈosima ˈi˥˩zmed͡ʑu ˈindije i pakistˈana
binarni broj može imati samo jednu od dvije moguće vrijednosti tj. 0 ili 1 a ti se brojevi nazivaju binarnim ciframa ili bitovima u kompjuterskom žargonu	bˈi˩˥narni broː˥˩j mˈoʒe ˈi˩˥mati sˈa˥˩mo jˈednu od dʋˈi˥˩je mˈo˥˩ɡut͡ɕe ʋrijˈeː˩˥dnosti toː˥˩ jest nˈu˥˩la ˈi˥˩li jˈe˩˥dan a tiː˥˩ se brˈojeʋi nˈaziʋaju bˈi˩˥narnim t͡sˈiframa ˈi˥˩li bˈi˩˥toʋima u kˈompjuterskom ʒˈarɡonu
traverza južnog pola podrazumijeva cestu od 1600 km od mcmurdove stanice na rossovom moru do pola	trˈaʋerza jˈuʒnoɡ pˈola pˈodrazumijeʋa t͡sˈestu od xˈiʎadu ʃˈeː˥˩ststo kˈilometara od mt͡smˈurdoʋe stˈanit͡se na rˈosoʋom mˈoru do pˈola
mnoge stabilne sposobne putnike su nadvladale novine u putovanju svijetom u kojima je moguće brzo dodati mnoge kulturne prilagodbe	mnˈoɡe stˈabilne spˈosobne pˈutnike su nˈadʋladale nˈo˩˥ʋine u pˈutoʋaɲu sʋijˈetom u kˈo˩˥jima je mˈo˥˩ɡut͡ɕe bˈrː˥˩zo dˈo˩˥dati mnˈoɡe kˈulturne prˈilaɡodbe
desetak minuta prije nego što je trebao sletjeti iz drugog pokušaja nestao je	desˈeː˩˥tak minˈuː˩˥ta prˈi˥˩je nˈe˥˩ɡo ʃto˥˩ je trˈebao slˈe˩˥tjeti iz drˈuɡoɡ pˈokuʃaja nˈestao je
izmir je treći najveći grad u turskoj s blizu 3,7 miliona stanovnika druga najveća luka poslije istanbula i veoma dobra raskrsnica za prijevoz	ˈizmir je trˈe˥˩t͡ɕi nˈajʋet͡ɕi ɡrad u tˈurskoj s blˈiː˩˥zu triː˥˩ zˈarez sˈe˥˩dam miliˈona stanoʋnˈika drˈuɡa nˈajʋet͡ɕa lˈuka pˈo˥˩slije istˈanbula i ʋˈe˩˥oma dˈo˩˥bra rˈaː˩˥skrsnit͡sa za prijˈeː˩˥ʋoz
ako koristite dron unaprijed provjerite šta smijete snimati a za šta je potrebna dozvola ili dodatna licenca	ˈa˥˩ko kˈoristite dron ˈu˩˥naprijed prˈoʋjerite ʃta˥˩ smˈijete snˈiː˩˥mati a za ʃta˥˩ je pˈotrebna dˈo˥˩zʋola ˈi˥˩li dˈodatna lˈi˩˥t͡sent͡sa
zbog njihovog uspeha s podmornicama posle rata nijemcima se ne vjeruje dovoljno da bi im se dozvolilo da ih imaju mnogo	zbo˥˩ɡ ɲˈi˥˩xoʋoɡ uspˈexa s pˈo˩˥dmornit͡sama pˈo˥˩sle rˈata nijˈemt͡sima se ne ʋjˈeruje dˈo˥˩ʋoʎno da bi im se dˈozʋolilo da ix ˈimaju mnˈo˥˩ɡo
bacanje bumeranga je popularna vještina koju mnogi turisti žele savladati	bˈa˩˥t͡saɲe bˈumeranɡa je pˈopularna ʋjeʃtˈi˩˥na kˈo˩˥ju mnˈo˥˩ɡi tˈu˩˥risti ʒˈe˩˥le saʋlˈaː˩˥dati
smatra se da su ostale odgojile životinje. za neke se smatra da su samostalno živjeli u divljini	smˈatra se da su ˈostale ˈodɡojile ʒˈiʋotiɲe . za nˈeke se smˈatra da su sˈa˥˩mostalno ʒˈiː˩˥ʋjeli u dˈiʋʎini
u procesu usvajanja biološki roditelji se odriču svog roditeljskog prava tako da drugi par može odgajati dijete	u prˈot͡sesu ˈusʋajaɲa biˈo˩˥loʃki rˈo˩˥diteʎi se ˈodrit͡ʃu sʋoː˥˩ɡ rˈoditeʎskoɡ prˈaʋa tˈa˩˥ko da drˈu˥˩ɡi paː˥˩r mˈoʒe ˈodɡajati dijˈete
vlasti su dale vrlo malo zvaničnih izjava nakon potvrde današnjeg hapšenja	ʋlˈaː˩˥sti su dˈale ʋˈr˥˩lo mˈa˥˩lo zʋˈa˩˥nit͡ʃnix ˈi˥˩zjaʋa nˈa˩˥kon pˈotʋrde dˈanaʃɲeɡ xˈapʃeɲa
treba paziti na slova c i g jer njihov izgovor zavisi od samoglasnika koji slijedi	trˈeː˩˥ba pˈa˥˩ziti na slˈoː˥˩ʋa t͡s i ɡ je˥˩r ɲˈi˥˩xoʋ ˈi˥˩zɡoʋor zˈaʋisi od sˈamoɡlasnika kˈo˩˥ji slˈijedi
količina i debljina nagomilanog leda prema pittmanu najgora je za mornare u posljednjih 15 godina	kolit͡ʃˈina i debʎˈina nˈaɡomilanoɡ lˈe˥˩da prˈe˥˩ma pˈitmanu nˈajɡora je za mˈornare u pˈo˩˥sʎedɲix pˈe˩˥tnaest ɡˈo˥˩dina
iako njegovo fizičko stanje može da se promijeni njegovo hemijsko stanje ostaje isto	ˈi˥˩ako ɲˈe˩˥ɡoʋo fˈizit͡ʃko stˈaː˩˥ɲe mˈoʒe da se prˈomijeni ɲˈe˩˥ɡoʋo xˈemijsko stˈaː˩˥ɲe ˈostaje ˈi˥˩sto
nijedno partnerstvo između aviokompanija ne pokriva sva tri okeanska prijelaza na južnoj hemisferi a skyteam ne pokriva ni jedan od prijelaza	nˈijedno pˈa˥˩rtnerstʋo ˈi˥˩zmed͡ʑu aʋiokompˈa˩˥nija ne pˈokriʋa sʋa˥˩ triː˥˩ okˈeanska prˈijelaza na jˈuʒnoj xˈemisferi a skˈiteam ne pˈokriʋa ni jˈe˩˥dan od prˈijelaza
krv izlazi iz srca kroz cjevčice koje se nazivaju arterije i vraća se u srce kroz cjevčice koje se nazivaju vene. najmanje cjevčice nazivaju se kapilari	krː˥˩ʋ ˈi˥˩zlazi iz sˈr˥˩t͡sa kro˥˩z t͡sjˈeʋt͡ʃit͡se kˈo˩˥je se nˈaziʋaju ˈarterije i ʋrˈat͡ɕa se u sˈr˥˩t͡se kro˥˩z t͡sjˈeʋt͡ʃit͡se kˈo˩˥je se nˈaziʋaju ʋˈene . nˈaː˥˩jmaɲe t͡sjˈeʋt͡ʃit͡se nˈaziʋaju se kˈapilari
međunarodna karta zemljotresa američkog geološkog instituta nije pokazala zemljotrese na islandu sedmicu ranije	mˈed͡ʑunarodna kˈaː˥˩rta zˈemʎotresa ˈamerit͡ʃkoɡ ɡˈeoloʃkoɡ institˈuː˩˥ta nˈi˩˥je pˈokazala zˈemʎotrese na ˈislandu sˈedmit͡su rˈa˩˥nije
to je jednako umarajuće kao kada biste se svakih dvadeset ili trideset minuta budili i gledali tv	toː˥˩ je jˈe˥˩dnako ˈumarajut͡ɕe kˈa˥˩o kˈada biste se sʋˈa˥˩kix dʋˈaː˩˥deset ˈi˥˩li trˈiː˩˥deset minˈuː˩˥ta bˈudili i ɡlˈedali tʋ
prije nekoliko sedmica nakon informacije koju je novinar makis triantafylopoulos objavio na alpha tv-u u svojoj popularnoj tv emisiji zoungla   parlamentarni zastupnik i advokat petros mantouvalos odrekao se funkcije jer su članovi njegovog ureda bili umiješani u ucjenjivanje i korupciju	prˈi˥˩je nˈe˥˩koliko sˈe˩˥dmit͡sa nˈa˩˥kon ˈinformat͡sije kˈo˩˥ju je nˈo˥˩ʋinar mˈakis trˈiantafilopoulos ˈobjaʋio na ˈalpxa tʋ u u sʋˈo˩˥joj pˈopularnoj tʋ ˈemisiji zˈounɡla pˈa˥˩rlamentarni zˈaː˩˥stupnik i adʋˈo˩˥kat pˈetros mˈantouʋalos ˈodrekao se fˈunkt͡sije je˥˩r su t͡ʃlˈanoʋi ɲˈe˩˥ɡoʋoɡ ˈureda bˈili ˈumijeʃani u ut͡sjeɲˈiː˩˥ʋaɲe i kˈorupt͡siju
iako se teoretski mogu održavati jednom godišnje sve dok su u različitim zemljama u praksi se to ne dešava	ˈi˥˩ako se teˈo˩˥retski mˈo˩˥ɡu odrʒˈaː˩˥ʋati jˈe˩˥dnom ɡˈo˩˥diʃɲe sʋe˥˩ do˥˩k su u rˈaː˩˥zlit͡ʃitim zˈe˩˥mʎama u prˈaksi se toː˥˩ ne dˈeʃaʋa
tokom planiranja imajte na umu da iako je južna afrika stabilna nisu stabilne i sve susjedne zemlje	tˈoː˥˩kom plˈaniraɲa ˈimajte na ˈumu da ˈi˥˩ako je jˈuʒna ˈa˩˥frika stˈabilna nˈiː˩˥su stˈabilne i sʋe˥˩ susjˈedne zˈemʎe
većina televizijskog sadržaja je osmišljena tako da ugodi široj javnosti	ʋet͡ɕˈi˩˥na tˈeleʋizijskoɡ sˈadrʒaja je ˈosmiʃʎena tˈa˩˥ko da ˈuɡodi ʃˈiroj jˈaː˩˥ʋnosti
planine poluostrva spajaju se u visoravni a zatim se ponovo izdižu u 360 km dug lanac planina ellsworth rascijepljen glečerom minnesota	plˈanine pˈoluostrʋa spˈajaju se u ʋˈisoraʋni a zˈa˩˥tim se pˈo˥˩noʋo ˈizdiʒu u trˈi˥˩sta ʃezdˈe˩˥set kˈilometara duɡ lˈaː˩˥nat͡s plˈanina ˈelsʋort rˈast͡sijepʎen ɡlˈet͡ʃerom mˈinesota
južna afrika porazila je all blackse novi zeland u utakmici ragbi saveza tri naroda na stadionu royal bafokeng u rustenburgu u južnoj africi	jˈuʒna ˈa˩˥frika pˈorazila je al blˈat͡skse nˈo˥˩ʋi zˈeland u ˈutakmit͡si rˈa˥˩ɡbi sˈaʋeza triː˥˩ nˈaː˩˥roda na stˈadionu rˈojal bˈafokenɡ u rˈustenburɡu u jˈuʒnoj ˈafrit͡si
njegovi ostaci uzrokovali su pljuskove na većini otoka mada do sada nisu zabilježena oštećenja niti poplave	ɲˈe˩˥ɡoʋi ostˈaː˩˥t͡si ˈuzrokoʋali su pʎˈuskoʋe na ʋˈet͡ɕini ˈotoka mˈa˥˩da do sˈa˥˩da nˈiː˩˥su zˈabiʎeʒena ˈoʃtet͡ɕeɲa nˈiti pˈoplaʋe
sve veći broj supermarketa uvodi raznovrsniji odjeljak gotove hrane. neki od njih čak pružaju i uslugu korištenja mikrovalne pećnice ili drugih uređaja za zagrijavanje hrane	sʋe˥˩ ʋˈe˥˩t͡ɕi broː˥˩j sˈupermarketa ˈuː˩˥ʋodi raznoʋˈr˩˥sniji ˈo˩˥djeʎak ɡˈotoʋe xrˈane . nˈe˥˩ki od ɲiː˥˩x t͡ʃa˥˩k prˈuʒaju i ˈu˥˩sluɡu korˈiʃteɲa mˈikroʋalne pˈet͡ɕnit͡se ˈi˥˩li drˈu˥˩ɡix ˈured͡ʑaja za zaɡrijˈaː˩˥ʋaɲe xrˈane
rođen u glavnom gradu hrvatske zagrebu bobek je postao slavan dok je igrao za beogradski partizan	rˈo˥˩d͡ʑen u ɡlˈaʋnom ɡrˈadu xˈr˩˥ʋatske zˈaː˩˥ɡrebu bˈobek je pˈostao slˈaː˥˩ʋan do˥˩k je ˈi˩˥ɡrao za beˈo˩˥ɡradski partˈi˩˥zan
muškarac je navodno vozio vozilo na tri točka naoružano eksplozivima	muʃkˈaː˩˥rat͡s je nˈaː˩˥ʋodno ʋˈozio ʋˈo˩˥zilo na triː˥˩ tˈo˥˩t͡ʃka nˈaoruʒano eksplozˈiʋima
sretna sam da ima ljudi koji su voljni podržati me	srˈetna sam da ˈima ʎˈudi kˈo˩˥ji su ʋˈoː˥˩ʎni podˈr˩˥ʒati me
iako nema prijetnje od cunamija stanovnici su počeli paničariti i napuštati svoja preduzeća i domove	ˈi˥˩ako nˈema prˈijetɲe od t͡sunˈamija stˈanoʋnit͡si su pˈot͡ʃeli pˈanit͡ʃariti i napˈuː˩˥ʃtati sʋˈo˩˥ja prˈeduzet͡ɕa i dˈo˩˥moʋe
moderni grad kazablanka osnovao je ribar iz plemena berbera u 10. stoljeću prije nove ere a koristili su ga fenićani rimljani i merenidi kao stratešku luku pod nazivom anfa	mˈo˥˩derni ɡrad kˈazablanka ˈosnoʋao je rˈi˥˩bar iz plemˈena berbˈera u dˈesetom stˈoʎet͡ɕu prˈi˥˩je nˈoʋe ˈere a kˈoristili su ɡa fˈenit͡ɕani rˈimʎani i mˈerenidi kˈa˥˩o strˈateʃku lˈuku po˥˩d nˈaː˩˥ziʋom ˈanfa
ovo nude aviokompanije air canada delta air lines lufthansa za letove iz sad-a ili kanade i westjet	ˈo˩˥ʋo nˈude ˈaʋiokompanije ˈair t͡sˈanada dˈelta ˈair lˈines lˈuftansa za lˈeː˩˥toʋe iz sad a ˈi˥˩li kˈa˥˩nade i ʋˈestjet
