Категори:Алфавите кура администрациллӗ виҫесем	kadeɡoˈri , alfaʋiˈde kuˈra administraˈt͡silːɘ ʋiʑeˈzem
Консулсем: Флавий Оптат тата Амний Маний Цезоний Никомах Аниций Паулин.	konzulˈzem , flaˈʋij opˈtat taˈda amˈnij maˈnij t͡sezoˈnij niɡoˈmaχ aniˈt͡sij pauˈlin .
Дж. Олдридж «Каир. Биография города» М., 1970.	dʒ . oldˈridʒ kaˈir . bioɡrafiˈja ɡoroˈda m , ˈpin ˈtəɣər ˈɕɘr ˈɕitmɘl .
(Герой МНР, 18 орденов, 10 медалей и звание Почетного итальянского партизана)	ɡeˈroj ˈem ˈen ˈer , ˈʋun ˈsaɡər ordeˈnoʋ , ˈʋun medaˈlej ˈi zʋaniˈje pod͡ʑetnoˈɡo idalʲjanskoˈɡo pardizaˈna
Фармакология: Учеб. для студентов высш. с.-х. учеб. заведений по спец. "Ветеринария". — 8-е изд., доп. и перераб. — М.: Агропромиздат, 1985. — 416 с.	farmaɡoloɡiˈja , uˈd͡ʑeb . dlˈja studenˈdoʋ ˈʋɯsʂ . s . χ . uˈd͡ʑeb . zaʋedeˈnij ˈpo sˈpet͡s . ʋederinariˈja . ˈsakːər ˈje ˈizd , ˈdop . ˈi pereˈrab . m , aɡropromizˈdat , ˈpin ˈtəɣər ˈɕɘr saɡərˈʋunːə ˈpilːɘk . təˈʋat ˈɕɘr ˈʋun ˈult s .
Хузангай, А. П. Андреев (Урхи) Наум Андреевич / А. П. Хузангай // Чувашская энциклопедия. – Чебоксары, 2006. – Т. 1 : А-Е. – С. 105.	χuzanˈɡaj , ˈa ˈpe andreˈjeʋ urˈɣi naˈum andrejeˈʋit͡ɕ ˈa ˈpe χuzanˈɡaj t͡ɕuʋaʂskaˈja ent͡siklobediˈja . t͡ɕeboksaˈrɯ , ˈik ˈpin ˈultːə . t . pɘˈrːe , ˈa ˈje . s . ˈɕɘr ˈpilːɘk .
1980 — Эскадрон гусар летучих — Денис Давыдов	ˈpin ˈtəɣər ˈɕɘr saɡərˈʋunːə eskadˈron ɡuˈzar leduˈd͡ʑiχ deˈnis daʋɯˈdoʋ
«Сухарики» (…А на воле хорошо-ветерок колючий! Ты насуши сухариков, а так, на всякий случай!…) (муз. С. Коржукова) — исп. группа «Лесоповал»	suɣariˈɡi , ˈa ˈna ʋoˈle χoroˈʐo ʋedeˈrok koljuˈd͡ʑij ! ˈtɯ nazuˈʐi suɣariˈɡoʋ , ˈa ˈtak , ˈna ʋsjaˈɡij sluˈd͡ʑaj , ˈmuz . s . korʒuɡoˈʋa ˈisp . ɡruˈpːa lezoboˈʋal
Шовкошитный Владимир Фёдорович (, Переслав-Хмельницкий районӗ, Свитанок) — сӑвӑҫ, прозӑҫӑ, публицист.	ʂoʋkoʐitˈnɯj ʋladiˈmir fjodoroˈʋit͡ɕ , peresˈlaʋ χmelʲnit͡sˈkij raˈjonɘ , sʋidaˈnok ˈsəʋəɕ , pˈrozəʑə , publiˈt͡sist .
Деятели культуры и искусства : Художники и архитекторы : Дуняк Ольга Александровна	dejadeˈli kulʲduˈrɯ ˈi iskusːtˈʋa , χudoʒniˈɡi ˈi arɣidektoˈrɯ , dunˈjak olʲˈɡa aleksandroʋˈna
Прорыв блокады Ленинграда в январе 1943 г.	proˈrɯʋ bloɡaˈdɯ leninɡraˈda ʋ janʋaˈre ˈpin ˈtəɣər ˈɕɘr ˈχɘrɘχ ˈʋiɕ ɡ .
Биография, подборка работ и книг о Бенуа	bioɡrafiˈja , podborˈɡa raˈbot ˈi kˈniɡ ˈo benuˈa
Галилей, Галилео // Энциклопедический словарь Брокгауза и Ефрона: В 86 томах (82 т. и 4 доп.). — СПб., 1890—1907.	ɡaliˈlej , ɡalileˈo ent͡siklobedid͡ʑesˈkij sloˈʋarʲ brokɡauˈza ˈi jefroˈna , ʋ saɡərˈʋunːə ˈult toˈmaχ saɡərˈʋunːə ˈik t . ˈi təˈʋat ˈdop . spb , ˈpin ˈsaɡər ˈɕɘr təɣərˈʋunːə , ˈpin ˈtəɣər ˈɕɘr ˈɕit͡ɕːɘ .
Смирнов, А. Вся жизнь – служение науке / А. Смирнов // Чувашия сегодня. – 2004. – 30 янв. – С. 4.	smirˈnoʋ , ˈa . ʋsˈja ˈʒiznʲ sluʒeniˈje nauˈɡe ˈa . smirˈnoʋ t͡ɕuʋaʐiˈja seɡodnˈja . ˈik ˈpin təˈʋatːə . ˈʋədər ˈjanʋ . s . təˈʋatːə .
Сергей Есенин — Есенин Сергей Александрович.	serˈɡej jezeˈnin jezeˈnin serˈɡej aleksandroˈʋit͡ɕ .
2003 — Лучшая певица года, приз «МЕГА», Грузи	ˈik ˈpin ˈʋiɕːɘ lut͡ɕʂaˈja peʋiˈt͡sa ɡoˈda , pˈriz meˈɡa , ɡruˈzi
2005 — Осторожно, Задов! — Пациент в хирургии	ˈik ˈpin ˈpilːɘk ostoroʒˈno , zaˈdoʋ ! pat͡siˈjent ʋ χirurɡiˈi
«Приходы старокрещенных и новокрещенных татар» (1865)	priɣoˈdɯ starokreʑeˈnːɯχ ˈi noʋokreʑeˈnːɯχ taˈdar ˈpin ˈsaɡər ˈɕɘr ˈutməl ˈpilːɘk
Стамнос () — амфора евӗрлӗ авалхи ҫавра савӑт. Вӑл лутра мӑйлӑ тата икӗ авӑрлӑ. Стамноссемпе Лаконипе Этруринче архаика тапхӑрӗнче эрех, ҫу тата ытти шевек тытма усӑ курнӑ. Хупӑллӑ стамноссем те тӗл пулаҫҫӗ. Грексем стамноссене пелик тенӗ. Афинана стамноссем 530 п. эраччен. ҫ. патнелле ҫитнӗ, вӗсене Этрурине сутма ҫех ӑсталанӑ.	stamˈnos amfoˈra ˈjeʋɘrlɘ aʋalˈɣi ɕaʋˈra ˈsaʋət . ˈʋəl lutˈra ˈməjlə taˈda ˈiɡɘ ˈaʋərlə . stamnosːemˈbe laɡoniˈbe etrurinˈd͡ʑe arɣaiˈɡa tapχərɘnˈd͡ʑe eˈreχ , ˈɕu taˈda ɯˈtːi ʂeˈʋek tɯtˈma ˈuzə ˈkurnə . ˈχubəlːə stamnoˈsːem ˈte ˈtɘl puˈlaɕːɘ . ɡrekˈsem stamnosːeˈne peˈlik ˈtenɘ . afinaˈna stamnoˈsːem ˈpilɘk ˈɕɘr ˈʋədər p . eraˈt͡ɕːen . ɕ . patneˈlːe ˈɕitnɘ , ʋɘzeˈne etruriˈne sutˈma ˈɕeχ əstaˈlanə .
Матвеев А. Н. Механика и теория относительности: Учебник для студентов вузов. — 3-е издание. — М.: ООО "Издательский дом «ОНИКС 21 век»: ООО "Издательство «Мир и образование», 2003. — с. 405—406	matʋeˈjeʋ ˈa ˈen meɣaniˈɡa ˈi teoriˈja otnozidelʲnosˈti , ud͡ʑebˈnik dlˈja studenˈdoʋ ʋuˈzoʋ . ˈʋiɕːɘ ˈje izdaniˈje . m , ooˈo izdadelʲsˈkij ˈdom ˈo ˈen ˈi ˈka ˈes ˈɕirɘm ˈpɘr ˈʋek , ooˈo izdadelʲstˈʋo ˈmir ˈi obrazoʋaniˈje , ˈik ˈpin ˈʋiɕːɘ . s . təˈʋat ˈɕɘr ˈpilːɘk , təˈʋat ˈɕɘr ˈultːə
Мазарович А. Н., Основы региональной геологии материков, ч. 2 — Южные материки, океаны и общие закономерности развития структуры земной коры, [М.], 1952.	mazaroˈʋit͡ɕ ˈa ˈen , osnoˈʋɯ reɡionalʲˈnoj ɡeoloɡiˈi maderiˈɡoʋ , t͡ɕ . ˈikːɘ juʒnɯˈje maderiˈɡi , oɡeaˈnɯ ˈi obɕiˈje zaɡonomernosˈti razʋidiˈja struktuˈrɯ zemˈnoj koˈrɯ , m , ˈpin ˈtəɣər ˈɕɘr ˈalːə ˈikːɘ .
Аржантёй илемлӗ вырӑнӗсене импрессионистсем кӑмӑлланӑ, чылай сӑрӑ-ӳнер ӗҫӗсем хӑварнӑ.	arʒantˈjoj iˈlemlɘ ʋɯrənɘzeˈne impresːionistˈsem kəməˈlːanə , t͡ɕɯˈlaj ˈsərə yˈner ɘʑɘˈzem χəˈʋarnə .
Туловище // Большая российская энциклопедия. Электронная версия (2017); Дата обращения: 11.11.2017	tuloʋiˈʑe bolʲʐaˈja rosːijskaˈja ent͡siklobediˈja . elektronːaˈja ʋerziˈja ˈik ˈpin ˈʋun ˈɕit͡ɕːɘ , daˈda obraʑeniˈja , ˈʋun pɘˈrːe . ˈʋun pɘˈrːe . ˈik ˈpin ˈʋun ˈɕit͡ɕːɘ
Ридинг // Энциклопедический словарь Брокгауза и Ефрона : в 86 т. (82 т. и 4 доп.). — СПб., 1890—1907.	riˈdinɡ ent͡siklobedid͡ʑesˈkij sloˈʋarʲ brokɡauˈza ˈi jefroˈna , ʋ saɡərˈʋunːə ˈult t . saɡərˈʋunːə ˈik t . ˈi təˈʋat ˈdop . spb , ˈpin ˈsaɡər ˈɕɘr təɣərˈʋunːə , ˈpin ˈtəɣər ˈɕɘr ˈɕit͡ɕːɘ .
Выгодский М. Я. Справочник по элементарной математике. — Наука, 1965. — С. 340—343. — 424 с.	ʋɯɡodsˈkij ˈem ˈja spraʋot͡ɕˈnik ˈpo elemendarˈnoj mademadiˈɡe . nauˈɡa , ˈpin ˈtəɣər ˈɕɘr ˈutməl ˈpilːɘk . s . ˈʋiɕ ˈɕɘr ˈχɘrɘχ , ˈʋiɕ ˈɕɘr ˈχɘrɘχ ˈʋiɕːɘ . təˈʋat ˈɕɘr ˈɕirɘm təˈʋat s .
Долгов К. М. О встрече с Жан-Поль Сартром и Симоной де Бовуар // Вопросы философии.2007. № 2. С. 151—160.	dolˈɡoʋ ˈka ˈem ˈo ʋstreˈd͡ʑe s ˈʒan ˈpolʲ sartˈrom ˈi simoˈnoj ˈde boʋuˈar ʋoproˈzɯ filozofiˈi . ˈik ˈpin ˈɕit͡ɕːɘ . noˈmer ˈikːɘ . s . ˈɕɘr ˈalːə pɘˈrːe , ˈɕɘr ˈutməl .
Еврейская антология. Сборник молодой еврейской поэзии. Под редакцией В. Ф. Ходасевича и Л. Б. Яффе. М., 1918.	jeʋrejskaˈja andoloɡiˈja . sborˈnik moloˈdoj jeʋrejsˈkoj poeziˈi . ˈpod redakt͡siˈjej ˈʋe ˈef χodazeʋiˈd͡ʑa ˈi ˈelʲ ˈbe jaˈfːe . m , ˈpin ˈtəɣər ˈɕɘr ˈʋun ˈsakːər .
Архипкин В. Г., Патрин Г. С. Лекции по оптике. — Красноярск: Институт физики им. Л. В. Керенского СО РАН, 2006. — 164 с.	arɣipˈkin ˈʋe ˈɡe , patˈrin ˈɡe ˈes lekt͡siˈi ˈpo optiˈɡe . krasnoˈjarsk , instiˈdut fiziˈɡi ˈim . ˈelʲ ˈʋe kerenskoˈɡo ˈso ˈran , ˈik ˈpin ˈultːə . ˈɕɘr ˈutməl təˈʋat s .
1967 — Дубравка — Антон Юрьевич, почтальон	ˈpin ˈtəɣər ˈɕɘr ˈutməl ˈɕit͡ɕːɘ dubraʋˈka anˈdon jurʲjeˈʋit͡ɕ , pot͡ɕtaˈlʲon
Софья Левитина — зрительница в зале суда (нет в титрах)	sofʲˈja leʋidiˈna zridelʲniˈt͡sa ʋ zaˈle suˈda ˈnet ʋ titˈraχ
1966 — Авдотья Павловна — директор школы	ˈpin ˈtəɣər ˈɕɘr ˈutməl ˈultːə aʋdotʲˈja paʋloʋˈna direkˈtor ʂkoˈlɯ
2014 — Боцман Чайка — Иван Христофорович Чайка, боцман	ˈik ˈpin ˈʋun təˈʋatːə bot͡sˈman t͡ɕajˈɡa iˈʋan χristoforoˈʋit͡ɕ t͡ɕajˈɡa , bot͡sˈman
— 12 — присяжный заседатель № 3, таксист Аркадий	ˈʋun ˈikːɘ prisjaʒˈnɯj zazedaˈdelʲ noˈmer ˈʋiɕːɘ , takˈsist arɡaˈdij
2017 — Личность не установлена — Михаил Юрьевич Одинцов, майор, следователь Главного следственного управления МВД	ˈik ˈpin ˈʋun ˈɕit͡ɕːɘ lit͡ɕˈnostʲ ˈne ustanoʋleˈna miɣaˈil jurʲjeˈʋit͡ɕ odinˈt͡soʋ , maˈjor , sledoʋaˈdelʲ ɡlaʋnoˈɡo sledstʋenːoˈɡo upraʋleniˈja ˈem ˈʋe ˈde
1972 — Земля, до востребования — Сигизмунд Скарбек	ˈpin ˈtəɣər ˈɕɘr ˈɕitmɘl ˈikːɘ zemlˈja , ˈdo ʋostreboʋaniˈja siɡizˈmund skarˈbek
— Полёт с космонавтом — Зина, продавщица	polˈjot s kosmonaʋˈtom ziˈna , prodaʋɕiˈt͡sa
Гаранина А. И., Монич И. В. Система творческих заданий при изучении повести Н. В. Гоголя «Ночь перед Рождеством»: 6-й кл. // Рус. яз. и лит. — 1997. — Вып. 9. -	ɡaraniˈna ˈa ˈi , moˈnit͡ɕ ˈi ˈʋe sisteˈma tʋord͡ʑesˈkiχ zadaˈnij pˈri izud͡ʑeniˈi poʋesˈti ˈen ˈʋe ɡoɡolˈja ˈnot͡ɕʲ peˈred roʒdestˈʋom , ˈultːə j kl . ˈrus . ˈjaz . ˈi ˈlit . ˈpin ˈtəɣər ˈɕɘr təɣərˈʋunːə ˈɕit͡ɕːɘ . ˈʋɯp . ˈtəχːər .
1978 — Всё решает мгновение — Матвеев, Начальник Спорткомитета	ˈpin ˈtəɣər ˈɕɘr ˈɕitmɘl ˈsakːər ʋsˈjo reʐaˈjet mɡnoʋeniˈje matʋeˈjeʋ , nad͡ʑalʲˈnik sportkomideˈda
— Союз спасения. Время Гнева — генерал Михаил Милорадович	soˈjuz spazeniˈja . ʋremˈja ɡneˈʋa ɡeneˈral miɣaˈil miloradoˈʋit͡ɕ
2001 — Под Полярной звездой — Николай Иванович Шишов	ˈik ˈpin pɘˈrːe ˈpod poljarˈnoj zʋezˈdoj niɡoˈlaj iʋanoˈʋit͡ɕ ʂiˈʐoʋ
Правила перехода дороги вне пешеходного перехода	praʋiˈla pereɣoˈda doroˈɡi ʋˈne peʐeɣodnoˈɡo pereɣoˈda
Таубе Ростислав Сергеевич (музыкӑпа композици теорийӗн кафедри)	tauˈbe rostisˈlaʋ serɡejeˈʋit͡ɕ muzɯɡəˈba komboziˈt͡si teoˈrijɘn kafedˈri
Сайт Российской ассоциации коренных народов Севера: телеуты	ˈsajt rosːijsˈkoj asːot͡siat͡siˈi koreˈnːɯχ naroˈdoʋ seʋeˈra , teleuˈdɯ
Бантыш-Каменский Д. Н. История Малой России. — М.: Тип. Семёна Селивановского, 1830. ИсточникиТекст	banˈdɯʂ kamensˈkij ˈde ˈen istoriˈja maˈloj rosːiˈi . m , ˈtip . semjoˈna seliʋanoʋskoˈɡo , ˈpin ˈsaɡər ˈɕɘr ˈʋədər . istot͡ɕniɡiˈdekst
Сергеев Тихон Сергеевич. Вопросы историографии истории образования, науки и культуры Чувашии: [Сборник], предисл.: Димитриев Василий Димитриевич. Издательство: Чебоксары: Б/и, 2000. С.227, (3) с.	serɡeˈjeʋ tiˈɣon serɡejeˈʋit͡ɕ . ʋoproˈzɯ istorioɡrafiˈi istoriˈi obrazoʋaniˈja , nauˈɡi ˈi kulʲduˈrɯ t͡ɕuʋaʐiˈi , sborˈnik , preˈdisl , dimitriˈjeʋ ʋaziˈlij dimitrijeˈʋit͡ɕ . izdadelʲstˈʋo , t͡ɕeboksaˈrɯ , b ˈi , ˈik ˈpin . s . ˈik ˈɕɘr ˈɕirɘm ˈɕit͡ɕːɘ , ˈʋiɕːɘ s .
Ученые из университета Йоханнесбурга в Германии: Найдено природное средство от похмелья // 1 мая 2020	ud͡ʑenɯˈje ˈiz uniʋerzideˈda joɣanːesburˈɡa ʋ ɡermaniˈi , najdeˈno prirodnoˈje sredstˈʋo ˈot poχmelʲˈja ˈpɘr maˈja ˈik ˈpin ˈɕirɘm
Маакия амурская на сайте Красной книги Амурской области	maaɡiˈja amurskaˈja ˈna sajˈde krasˈnoj kniˈɡi amursˈkoj oblasˈti
«Мата Хари» Недялко Йорданова — Мата Хари	maˈda χaˈri nedjalˈɡo jordanoˈʋa maˈda χaˈri
Александр Абашели «Женщина в зеркале» (1933)	alekˈsandr abaʐeˈli ʒenʑiˈna ʋ zerɡaˈle ˈpin ˈtəɣər ˈɕɘr ˈʋədər ˈʋiɕːɘ
Чӑваш ен виҫеллӗ континентлӑ климатпа зонӑра тӑрать тата вӑрманпа вӑрманти ҫутҫанталӑк зонисене кӗрет. Январьти вӑтам ҫул ӳсекен сывлӑш температури-113°С; утӑ уйӑхӗнче +20°с. осадков тапӑннӑ вӑтам калӑпӑшӗ-530-570 мм.	t͡ɕəˈʋaʂ ˈjen ʋiˈʑelːɘ kondiˈnentlə klimatˈpa zonəˈra təˈratʲ taˈda ʋərmanˈba ʋərmanˈdi ɕutɕanˈdalək zonizeˈne kɘˈret . janʋarʲˈdi ʋəˈdam ˈɕul yzeˈɡen ˈsɯʋləʂ temberaduˈri ˈɕɘr ˈʋun ˈʋiɕːɘ t͡selʲˈzi ɡraˈduzɘ , ˈudə ujəɣɘnˈd͡ʑe plˈjus ˈɕirɘm t͡selʲˈzi ɡraˈduzɘ . ozadˈkoʋ ˈtabənːə ʋəˈdam ˈkaləbəʐɘ ˈpilɘk ˈɕɘr ˈʋədər , ˈpilɘk ˈɕɘr ˈɕitmɘl milːiˈmetr .
Эктор Алос-и-Фонт, «Преподавание чувашского языка и проблема языкового поведения родителей», Чувашский государственный институт гуманитарных наук, 2015, Шупашкар.	ekˈtor aˈlos ˈi ˈfont , prebodaʋaniˈje t͡ɕuʋaʂskoˈɡo jazɯˈɡa ˈi probleˈma jazɯɡoʋoˈɡo poʋedeniˈja rodideˈlej , t͡ɕuʋaʂsˈkij ɡozudarstʋeˈnːɯj instiˈdut ɡumanidarˈnɯχ naˈuk , ˈik ˈpin ˈʋun ˈpilːɘk , ʂubaʂˈkar .
Краснов, Г. П. К изучению истории Чувашского ТЮЗа / Г. П. Краснов // Изв. Нац. акад. наук и искусств Чуваш. Респ. – 2003. – № 5 / 2002, 1 / 2003. – С. 83-91. – Библиогр.: 19 назв.	krasˈnoʋ , ˈɡe ˈpe k izud͡ʑeniˈju istoriˈi t͡ɕuʋaʂskoˈɡo tjuˈza ˈɡe ˈpe krasˈnoʋ ˈizʋ . ˈnat͡s . aˈɡad . naˈuk ˈi isˈkusːtʋ t͡ɕuˈʋaʂ . ˈresp . ˈik ˈpin ˈʋiɕːɘ . noˈmer ˈpilːɘk ˈik ˈpin ˈikːɘ , pɘˈrːe ˈik ˈpin ˈʋiɕːɘ . s . saɡərˈʋunːə ˈʋiɕːɘ , təɣərˈʋunːə pɘˈrːe . bibliˈoɡr , ˈʋun ˈtəɣər ˈnazʋ .
Романов Дмитрий, ҫил арманӗн 1/2 пайӗн хуҫи пулнӑшӑн, сасӑлав правине туртса илмен.	romaˈnoʋ dmitˈrij , ˈɕil arˈmanɘn pɘˈrːe ˈikːɘmɘʂ ˈpajɘn χuˈʑi ˈpulnəʐən , sazəˈlaʋ praʋiˈne turtˈsa ilˈmen .
Тарасов Василий, ҫил арманӗн 1/2 пайӗн хуҫи пулнӑшӑн, ҫынсене тара тытса ӗҫлеттернӗшӗн (темиҫе чӑпта станокӗ пулнӑ), тырӑ сутнӑшӑн, сасӑлав правине туртса илнӗ. Хӗрлӗ Ҫарта пулнӑ.	taraˈzoʋ ʋaziˈlij , ˈɕil arˈmanɘn pɘˈrːe ˈikːɘmɘʂ ˈpajɘn χuˈʑi ˈpulnəʐən , ɕɯnzeˈne taˈra tɯtˈsa ɘɕleˈtːernɘʐɘn temiˈʑe t͡ɕəpˈta staˈnoɡɘ ˈpulnə , ˈtɯrə ˈsutnəʐən , sazəˈlaʋ praʋiˈne turtˈsa ˈilnɘ . ˈχɘrlɘ ɕarˈda ˈpulnə .
Перечень объектов культурного наследия (памятников истории и культуры) Нижегородской области (по состоянию на 01.01.2006)	pereˈd͡ʑenʲ objekˈtoʋ kulʲdurnoˈɡo naslediˈja pamjatniˈɡoʋ istoriˈi ˈi kulʲduˈrɯ niʒeɡorodsˈkoj oblasˈti ˈpo sostojaniˈju ˈna pɘˈrːe . pɘˈrːe . ˈik ˈpin ˈultːə
Данные Федеральной службы геодезии и картографии России по состоянию на 01.01.1986 г.	danːɯˈje federalʲˈnoj sluʒˈbɯ ɡeodeziˈi ˈi kardoɡrafiˈi rosːiˈi ˈpo sostojaniˈju ˈna pɘˈrːe . pɘˈrːe . ˈpin ˈtəɣər ˈɕɘr saɡərˈʋunːə ˈultːə ɡ .
Чӑваш Ен Вӗренӳ Министерстви пӗлтернӗ тӑрӑх,2009 ҫулта республикӑра чӑвашла шкулсен 65 проценчӗ, 31 проценчӗ-вырӑсла, 3 % - тутар чӗлхисемпе. Чӑваш чӗлхи тӑван чӗлхене 344 чӑваш шкулӗнче тата патшалӑх чӗлхи пек — ытти 198 шкулта вӗрентнӗ. Чӑваш, тутар наци шкулӗсен 1-5-мӗш класӗсенче тӑван чӗлхепе вӗрентӳ пуҫланнӑ.	t͡ɕəˈʋaʂ ˈjen ʋɘreˈny ministerstˈʋi pɘlˈdernɘ ˈtərəχ , ˈik ˈpin ˈtəχːər ɕulˈda respubliɡəˈra t͡ɕəʋaʂˈla ʂkulˈzen ˈutməl ˈpilɘk proˈt͡send͡ʑɘ , ˈʋədər ˈpɘr proˈt͡send͡ʑɘ ʋɯrəsˈla , ˈʋiɕ proˈt͡sent tuˈdar t͡ɕɘlɣizemˈbe . t͡ɕəˈʋaʂ t͡ɕɘlˈɣi təˈʋan t͡ɕɘlɣeˈne ˈʋiɕ ˈɕɘr ˈχɘrɘχ təˈʋat t͡ɕəˈʋaʂ ʂkulɘnˈd͡ʑe taˈda patˈʂaləχ t͡ɕɘlˈɣi ˈpek ɯˈtːi ˈɕɘr təɣərˈʋunːə ˈsaɡər ʂkulˈda ʋɘˈrentnɘ . t͡ɕəˈʋaʂ , tuˈdar naˈt͡si ʂkulɘˈzen pɘˈrːemɘʂ , ˈpilːɘkmɘʂ klazɘzenˈd͡ʑe təˈʋan t͡ɕɘlɣeˈbe ʋɘrenˈdy puɕˈlanːə .
Заявление «Ирӗклӗх» в связи с высказыванием В.В. Путина о добровольности изучения национальных языков	zajaʋleniˈje ˈirɘklɘχ ʋ sʋjaˈzi s ʋɯskazɯʋaniˈjem ˈʋe ˈʋe pudiˈna ˈo dobroʋolʲnosˈti izud͡ʑeniˈja nat͡sionalʲˈnɯχ jazɯˈɡoʋ
Егоров В. Г. Первая печатная грамматика чувашского языка 1769 г. // Тюркологический сборник. В. 1. — М.-Л., 1959. — С. 85-92.	jeɡoˈroʋ ˈʋe ˈɡe perʋaˈja ped͡ʑatnaˈja ɡramːadiˈɡa t͡ɕuʋaʂskoˈɡo jazɯˈɡa ˈpin ˈɕit͡ɕ ˈɕɘr ˈutməl ˈtəɣər ɡ . tjurɡoloɡid͡ʑesˈkij sborˈnik . ʋ . pɘˈrːe . m . l , ˈpin ˈtəɣər ˈɕɘr ˈalːə ˈtəχːər . s . saɡərˈʋunːə ˈpilːɘk , təɣərˈʋunːə ˈikːɘ .
Геннадий Федорович Трофимов (Юмарт): [некролог], Хыпар, 2020, 14 кӑрлач/январь. С. 4.	ɡenːaˈdij fedoroˈʋit͡ɕ trofiˈmoʋ juˈmart , nekroˈloɡ , χɯˈbar , ˈik ˈpin ˈɕirɘm , ˈʋun təˈʋat kərˈlat͡ɕ janˈʋarʲ . s . təˈʋatːə .
Геннадий Юмарт, Чӑваш литературин антологийӗ, Шупашкар, 2013, Т. 2: Поэзи. С. 399.	ɡenːaˈdij juˈmart , t͡ɕəˈʋaʂ lideraduˈrin andoloˈɡijɘ , ʂubaʂˈkar , ˈik ˈpin ˈʋun ˈʋiɕːɘ , t . ˈikːɘ , poeˈzi . s . ˈʋiɕ ˈɕɘr təɣərˈʋunːə ˈtəχːər .
Данилов, В. Редакци хӑни — Геннадий Юмарт: Красноармейски районӗнче ҫуралса ӳснӗ поэт ҫинчен, Ял пурнӑҫӗ (Красноармейски районӗ), 2017, 22 авӑн. С. 8 : сӑн ӳкерчӗк.	daniˈloʋ , ʋ . redakˈt͡si χəˈni ɡenːaˈdij juˈmart , krasnoarmejsˈki rajonɘnˈd͡ʑe ɕuralˈza ˈysnɘ poˈet ɕinˈd͡ʑen , ˈjal ˈpurnəʑɘ krasnoarmejsˈki raˈjonɘ , ˈik ˈpin ˈʋun ˈɕit͡ɕːɘ , ˈɕirɘm ˈik ˈaʋən . s . ˈsakːər , ˈsən yˈɡert͡ɕɘk .
Данилов, В. Самана ҫыравҫи, Ял пурнӑҫӗ (Красноармейски районӗ), 2013, 4 ҫӗртме. С. 6 : сӑн ӳкерчӗк.	daniˈloʋ , ʋ . samaˈna ɕɯraʋˈɕi , ˈjal ˈpurnəʑɘ krasnoarmejsˈki raˈjonɘ , ˈik ˈpin ˈʋun ˈʋiɕːɘ , təˈʋat ɕɘrtˈme . s . ˈultːə , ˈsən yˈɡert͡ɕɘk .
Данилов, В. Унпа тивӗҫлипе мухтанаҫҫӗ: Г. Ф. Трофимов-Юмарт ҫыравҫӑ ҫинчен, Ял пурнӑҫӗ (Красноармейски районӗ), 2018, 4 ҫу. С. 8 : сӑн ӳкерчӗк.	daniˈloʋ , ʋ . unˈba tiʋɘɕliˈbe muχtaˈnaɕːɘ , ˈɡe ˈef trofiˈmoʋ juˈmart ɕɯˈraʋɕə ɕinˈd͡ʑen , ˈjal ˈpurnəʑɘ krasnoarmejsˈki raˈjonɘ , ˈik ˈpin ˈʋun ˈsakːər , təˈʋat ˈɕu . s . ˈsakːər , ˈsən yˈɡert͡ɕɘk .
Родионов, В. Поэт-куҫаруҫӑ, Ял пурнӑҫӗ (Коамноармейски районӗ). 2012, 24 ҫурла. С. 2.	rodioˈnoʋ , ʋ . poˈet kuʑaˈruʑə , ˈjal ˈpurnəʑɘ koamnoarmejsˈki raˈjonɘ . ˈik ˈpin ˈʋun ˈikːɘ , ˈɕirɘm təˈʋat ɕurˈla . s . ˈikːɘ .
Тавкил, В. Геннадий Юмарт пултарулӑхӗпе паллаштарчӗ, Ял пурнӑҫӗ (Красноармейски районӗ). 2015, 13 чӳк. С. 8.	taʋˈkil , ʋ . ɡenːaˈdij juˈmart puldaruləɣɘˈbe palːaʂˈtart͡ɕɘ , ˈjal ˈpurnəʑɘ krasnoarmejsˈki raˈjonɘ . ˈik ˈpin ˈʋun ˈpilːɘk , ˈʋun ˈʋiɕ ˈt͡ɕyk . s . ˈsakːər .
Алексеев А. А. Заметки о первых грамматических трудах по чувашскому языку // Уч. зап. ЧНИИ, вып. 49. Филология. — Шупашкар, 1970. — С. 203—220.	alekseˈjeʋ ˈa ˈa zametˈki ˈo perˈʋɯχ ɡramːadid͡ʑesˈkiχ truˈdaχ ˈpo t͡ɕuʋaʂskoˈmu jazɯˈɡu ˈut͡ɕ . ˈzap . ˈt͡ɕe ˈen ˈi ˈi , ˈʋɯp . ˈχɘrɘχ ˈtəχːər . filoloɡiˈja . ʂubaʂˈkar , ˈpin ˈtəɣər ˈɕɘr ˈɕitmɘl . s . ˈik ˈɕɘr ˈʋiɕːɘ , ˈik ˈɕɘr ˈɕirɘm .
Димитриева В. Д. Документы об издании книги «Сочинения, принадлежащие к грамматике чувашского языка» // Уч. зап. ЧНИИ, вып. 34. Филология. — Чебоксары, 1967. — С. 153—162.	dimitrijeˈʋa ˈʋe ˈde doɡumenˈdɯ ˈob izdaniˈi kniˈɡi sod͡ʑineniˈja , prinadleʒaʑiˈje k ɡramːadiˈɡe t͡ɕuʋaʂskoˈɡo jazɯˈɡa ˈut͡ɕ . ˈzap . ˈt͡ɕe ˈen ˈi ˈi , ˈʋɯp . ˈʋədər təˈʋatːə . filoloɡiˈja . t͡ɕeboksaˈrɯ , ˈpin ˈtəɣər ˈɕɘr ˈutməl ˈɕit͡ɕːɘ . s . ˈɕɘr ˈalːə ˈʋiɕːɘ , ˈɕɘr ˈutməl ˈikːɘ .
И. П. Прокопьев — КПСС Чӑваш обкомӗн пӗрремӗш секретарӗ (1974-1988), чӑваш АССР Улттӑмӗш созыври Аслӑ Канашӗн председателӗ (1963-1967);	ˈi ˈpe proɡopʲˈjeʋ ˈka ˈpe ˈes ˈes t͡ɕəˈʋaʂ obˈkomɘn pɘˈrːemɘʂ sekreˈdarɘ ˈpin ˈtəɣər ˈɕɘr ˈɕitmɘl təˈʋatːə , ˈpin ˈtəɣər ˈɕɘr saɡərˈʋunːə ˈsakːər , t͡ɕəˈʋaʂ ˈa ˈes ˈes ˈer ˈultːəmɘʂ sozɯʋˈri ˈaslə kaˈnaʐɘn predsedaˈdelɘ ˈpin ˈtəɣər ˈɕɘr ˈutməl ˈʋiɕːɘ , ˈpin ˈtəɣər ˈɕɘr ˈutməl ˈɕit͡ɕːɘ ,
Л.П. Прокопьев — Чӑваш АССР Министрсен Совечӗн председателӗ (1975-1989).	ˈelʲ ˈpe proɡopʲˈjeʋ t͡ɕəˈʋaʂ ˈa ˈes ˈes ˈer ministrˈzen soˈʋed͡ʑɘn predsedaˈdelɘ ˈpin ˈtəɣər ˈɕɘr ˈɕitmɘl ˈpilːɘk , ˈpin ˈtəɣər ˈɕɘr saɡərˈʋunːə ˈtəχːər .
Н. А. Зайцев — чӑваш Республикин Министрсен Совечӗн председателӗ (1989-1993));	ˈen ˈa zajˈt͡seʋ t͡ɕəˈʋaʂ respubliˈɡin ministrˈzen soˈʋed͡ʑɘn predsedaˈdelɘ ˈpin ˈtəɣər ˈɕɘr saɡərˈʋunːə ˈtəχːər , ˈpin ˈtəɣər ˈɕɘr təɣərˈʋunːə ˈʋiɕːɘ ,
Н. В. Федоров — Чӑваш Республикин пӗрремӗш Президенчӗ (1993-2010));	ˈen ˈʋe fedoˈroʋ t͡ɕəˈʋaʂ respubliˈɡin pɘˈrːemɘʂ preziˈdend͡ʑɘ ˈpin ˈtəɣər ˈɕɘr təɣərˈʋunːə ˈʋiɕːɘ , ˈik ˈpin ˈʋunːə ,
Эктор Алос-и-Фонт. Оценка языковой политики в Чувашии	ekˈtor aˈlos ˈi ˈfont . ot͡senˈɡa jazɯɡoˈʋoj polidiˈɡi ʋ t͡ɕuʋaʐiˈi
Стихотворение Андрияну Николаеву летчику-космонавту посвящается (автор Елена Светлая, г. Чебоксары)	stiɣotʋoreniˈje andrijaˈnu niɡolajeˈʋu lett͡ɕiˈɡu kosmonaʋˈtu posʋjaʑajetsˈja aʋˈtor jeleˈna sʋetlaˈja , ɡ . t͡ɕeboksaˈrɯ
Стихотворение про А. Г. Николаева «Чувашский космонавт»	stiɣotʋoreniˈje pˈro ˈa ˈɡe niɡolajeˈʋa t͡ɕuʋaʂsˈkij kosmoˈnaʋt
Соловьев, И. Пурӑннӑ пулсан, 70 тултаратчӗ / И. Соловьев // Ял ӗҫченӗ (Тӑвай р-нӗ). – 2010. – 16 утӑ. – С. 4 : сӑн ӳкерчӗк.	soloʋʲˈjeʋ , ˈi . ˈpurənːə pulˈzan , ˈɕitmɘl tuldaˈratt͡ɕɘ ˈi . soloʋʲˈjeʋ ˈjal ɘɕˈt͡ɕenɘ təˈʋaj r ˈnɘ . ˈik ˈpin ˈʋunːə . ˈʋun ˈult ˈudə . s . təˈʋatːə , ˈsən yˈɡert͡ɕɘk .
Владимир Болгарский. Об угрозе развала страны в будущем, о съезде ЧНК, и об обращении к президенту	ʋladiˈmir bolɡarsˈkij . ˈob uɡroˈze razʋaˈla straˈnɯ ʋ buduˈʑem , ˈo sjezˈde ˈt͡ɕe ˈen ˈka , ˈi ˈob obraʑeniˈi k prezidenˈdu
Д.П. Петрова (Юман), М. П. Петрова, А. П. Прокопьева-Милли тата пӑлхарти ытти таврапӗлӳҫӗсен тапхӑрӗнче чӑваш халӑх историйӗнче "ылтӑн ӗмӗр" тесе сӑнласа панӑ, социаллӑ-класс хирӗҫӗвӗсем тата ҫак патшалӑхра эксплуататорсен пусмӑрӗ пурри пирки шута илмен. Ҫав ҫулсенчех буржуази националисчӗсем чӑвашсене пӑлхара ят парас кампание уҫнӑ, Чӑваш АССР вара "Пӑлхар"теме сӗннӗ.	ˈde ˈpe petroˈʋa juˈman , ˈem ˈpe petroˈʋa , ˈa ˈpe proɡopʲjeˈʋa miˈlːi taˈda pəlɣarˈdi ɯˈtːi taʋrabɘlyʑɘˈzen tapχərɘnˈd͡ʑe t͡ɕəˈʋaʂ ˈχaləχ istorijɘnˈd͡ʑe ˈɯltən ˈɘmɘr teˈze sənlaˈza ˈpanə , sot͡siˈalːə kˈlasː χirɘʑɘʋɘˈzem taˈda ˈɕak patʂaləχˈra ekspluadadorˈzen ˈpusmərɘ puˈrːi pirˈɡi ʂuˈda ilˈmen . ˈɕaʋ ɕulzenˈd͡ʑeχ burʒuaˈzi nat͡sionalist͡ɕɘˈzem t͡ɕəʋaʂseˈne pəlɣaˈra ˈjat paˈras kambaniˈje ˈuɕnə , t͡ɕəˈʋaʂ ˈa ˈes ˈes ˈer ʋaˈra pəlˈɣar teˈme ˈsɘnːɘ .
Чӑваш Енре сывлӑх сыхлавӗн 4 учрежденийӗпе сывлӑх сыхлавӗн Министерствине пӑхӑнса тӑракан 68 учреждение регистрациленӗ, вӗсенче 30 000 ытла ҫын ӗҫлет, ҫав шутра 5 пин ытла врач, 13 пин ытла медицина сестрипе арҫын тӑвансем тата кӗҫӗн медицина ӗҫченӗсем 12 пин ытла ҫын.	t͡ɕəˈʋaʂ jenˈre ˈsɯʋləχ sɯχˈlaʋɘn təˈʋat ut͡ɕreʒdenijɘˈbe ˈsɯʋləχ sɯχˈlaʋɘn ministerstʋiˈne pəɣənˈza təraˈɡan ˈutməl ˈsaɡər ut͡ɕreʒdeniˈje reɡistrat͡siˈlenɘ , ʋɘzenˈd͡ʑe ˈʋədər ˈpin ɯtˈla ˈɕɯn ɘɕˈlet , ˈɕaʋ ʂutˈra ˈpilɘk ˈpin ɯtˈla ʋˈrat͡ɕ , ˈʋun ˈʋiɕ ˈpin ɯtˈla medit͡siˈna sestriˈbe arˈʑɯn təʋanˈzem taˈda ˈkɘʑɘn medit͡siˈna ɘɕt͡ɕenɘˈzem ˈʋun ˈik ˈpin ɯtˈla ˈɕɯn .
Каховский В. Ф. О рунической письменности древних чувашей//100 лет новой чувашской письменности.- Чебоксары, 1972. — С. 23 −24.	kaɣoʋsˈkij ˈʋe ˈef ˈo runid͡ʑesˈkoj pisʲmenːosˈti dreʋˈniχ t͡ɕuʋaˈʐej ˈɕɘr ˈlet noˈʋoj t͡ɕuʋaʂsˈkoj pisʲmenːosˈti . t͡ɕeboksaˈrɯ , ˈpin ˈtəɣər ˈɕɘr ˈɕitmɘl ˈikːɘ . s . ˈɕirɘm ˈʋiɕːɘ ˈɕirɘm təˈʋatːə .
Карлинова Л. Поделились воспоминаниями // Чаваш ен. - 1998. - 31 окт.-7 нояб.	karlinoˈʋa ˈelʲ podeliˈlisʲ ʋospominanijaˈmi t͡ɕaˈʋaʂ ˈjen . ˈpin ˈtəɣər ˈɕɘr təɣərˈʋunːə ˈsakːər . ˈʋədər ˈpɘr ˈokt . ˈɕit͡ɕːɘ noˈjab .
Ялгир П. Писала и для детей, и для взрослых // Чаваш ен. -1998. - 5-12 сент.	jalˈɡir ˈpe pizaˈla ˈi dlˈja deˈdej , ˈi dlˈja ʋzrosˈlɯχ t͡ɕaˈʋaʂ ˈjen . miˈnus ˈpin ˈtəɣər ˈɕɘr təɣərˈʋunːə ˈsakːər . ˈpilːɘk , ˈʋun ˈik ˈsent .
Мастерство писателя. Антология журнала «Литературная учёба». 1930—-2005. 2005.	masterstˈʋo pizadelˈja . andoloɡiˈja ʒurnaˈla lideradurnaˈja ut͡ɕjoˈba . ˈpin ˈtəɣər ˈɕɘr ˈʋədər ˈik ˈpin ˈpilːɘk . ˈik ˈpin ˈpilːɘk .
Будущее нации – в школе / В.А. Абрамов [и др.]. – Чебоксары: Изд-во Новое время, 2006. – 5.50 п.л.	buduʑeˈje nat͡siˈi ʋ ʂkoˈle ˈʋe ˈa abraˈmoʋ ˈi dr . t͡ɕeboksaˈrɯ , ˈizd ˈʋo noʋoˈje ʋremˈja , ˈik ˈpin ˈultːə . ˈpilːɘk . ˈalːə p . l .
«Мужчина в черном» и другие // Хыпар. – 2008. – 32-33. – 0.1 п.л.	muʒt͡ɕiˈna ʋ t͡ɕerˈnom ˈi druɡiˈje χɯˈbar . ˈik ˈpin ˈsakːər . ˈʋədər ˈikːɘ , ˈʋədər ˈʋiɕːɘ . ˈnolʲ . pɘˈrːe p . l .
Ялгир, П. Николаева Мария Николаевна // Ялгир, П. Литературный мир Чувашии / П. Ялгир. – Чебоксары, 2005. – 78.	jalˈɡir , p . niɡolajeˈʋa mariˈja niɡolajeʋˈna jalˈɡir , p . lideradurˈnɯj ˈmir t͡ɕuʋaʐiˈi p . jalˈɡir . t͡ɕeboksaˈrɯ , ˈik ˈpin ˈpilːɘk . ˈɕitmɘl ˈsakːər .
Б. Сопельняк. Последний узник Шпандау . Портал Хранитель, 03.-04.2007.	ˈbe sobelʲnˈjak . posledˈnij uzˈnik ʂpandaˈu . porˈdal χraniˈdelʲ , ˈʋiɕːɘ . təˈʋatːə . ˈik ˈpin ˈɕit͡ɕːɘ .
Энциклопедия Комсомольского района = Комсомольски районӗн энциклопедийӗ / [редкол.: Г. Ф. Волков и др. ; авт.-сост. В. Я. Григорьев, Г. Н. Ксенофонтов, А. В. Григорьев]. - Чебоксары : [Новое Время], 2011 - . - 24 см. Кн. 2. - 2011. - 255 с. : ил., портр. - Библиогр.: с. 254. - 1000 экз.. - 150.00 р.	ent͡siklobediˈja komzomolʲskoˈɡo rajoˈna komzomolʲsˈki raˈjonɘn ent͡siklobeˈdijɘ redˈkol , ˈɡe ˈef ʋolˈɡoʋ ˈi dr , ˈaʋt . ˈsost . ˈʋe ˈja ɡriɡorʲˈjeʋ , ˈɡe ˈen ksenofonˈdoʋ , ˈa ˈʋe ɡriɡorʲˈjeʋ . t͡ɕeboksaˈrɯ , noʋoˈje ʋremˈja , ˈik ˈpin ˈʋun pɘˈrːe . ˈɕirɘm təˈʋat sandiˈmetr . kn . ˈikːɘ . ˈik ˈpin ˈʋun pɘˈrːe . ˈik ˈɕɘr ˈalːə ˈpilɘk s , ˈil , ˈportr . bibliˈoɡr , s . ˈik ˈɕɘr ˈalːə təˈʋatːə . ˈpin ˈekz . ˈɕɘr ˈalːə . ˈnolʲ r .
Прокопьев–Милли Алексей Прокопьевич (1894-1942) // В трагические годы : репрессированные чувашские писатели, журналисты и ученые = Синкерлӗ ҫулсенче : репрессие лекнӗ чӑваш писателӗсем, журналисчӗсем тата ӑсчахӗсем. – Чебоксары, 2013. – С. 211-213.	proɡopʲˈjeʋ miˈlːi alekˈsej proɡopʲjeˈʋit͡ɕ ˈpin ˈsaɡər ˈɕɘr təɣərˈʋunːə təˈʋatːə , ˈpin ˈtəɣər ˈɕɘr ˈχɘrɘχ ˈikːɘ ʋ traɡid͡ʑeskiˈje ɡoˈdɯ , represːiroʋanːɯˈje t͡ɕuʋaʂskiˈje pizadeˈli , ʒurnalisˈtɯ ˈi ud͡ʑenɯˈje sinˈɡerlɘ ɕulzenˈd͡ʑe , represːiˈje ˈleknɘ t͡ɕəˈʋaʂ pizadelɘˈzem , ʒurnalist͡ɕɘˈzem taˈda əst͡ɕaɣɘˈzem . t͡ɕeboksaˈrɯ , ˈik ˈpin ˈʋun ˈʋiɕːɘ . s . ˈik ˈɕɘr ˈʋun pɘˈrːe , ˈik ˈɕɘr ˈʋun ˈʋiɕːɘ .
Трофимов, Г. Ф. Чӑвашсен авалхи сӑмахлӑхне тӗпчемелле, вӗренмелле: филологи наукисен кандидачӗпе Геннадий Федорович Трофимовпа калаҫни, Н. Осипов ҫырса илнӗ. Халӑх шкулӗ = Народная школа. 2018, № 3, С. 44-45. — (Ҫавра ҫул).	trofiˈmoʋ , ˈɡe ˈef t͡ɕəʋaʂˈsen aʋalˈɣi səmaχləχˈne tɘpt͡ɕemeˈlːe , ʋɘrenmeˈlːe , filoloˈɡi nauɡiˈzen kandidad͡ʑɘˈbe ɡenːaˈdij fedoroˈʋit͡ɕ trofimoʋˈpa kalaɕˈni , n . oziˈboʋ ɕɯrˈza ˈilnɘ . ˈχaləχ ʂˈkulɘ narodnaˈja ʂkoˈla . ˈik ˈpin ˈʋun ˈsakːər , noˈmer ˈʋiɕːɘ , s . ˈχɘrɘχ təˈʋatːə , ˈχɘrɘχ ˈpilːɘk . ɕaʋˈra ˈɕul .
Юмарт, Г. Ф. Сӑвӑҫ, куҫаруҫӑ, тӗпчевҫӗ / Г. Ф. Юмарт ; О. Георгиев калаҫнӑ // Халӑх шкулӗ = Народная школа. 2013, № 2. С. 15-16 : сӑн ӳкерчӗк.	juˈmart , ˈɡe ˈef ˈsəʋəɕ , kuʑaˈruʑə , tɘpˈt͡ɕeʋɕɘ ˈɡe ˈef juˈmart , ˈo . ɡeorɡiˈjeʋ kaˈlaɕnə ˈχaləχ ʂˈkulɘ narodnaˈja ʂkoˈla . ˈik ˈpin ˈʋun ˈʋiɕːɘ , noˈmer ˈikːɘ . s . ˈʋun ˈpilːɘk , ˈʋun ˈultːə , ˈsən yˈɡert͡ɕɘk .
Лисина, Е. Н. "Эп ял учителӗсене юратакан ҫын" / Е. Н. Лисина ; Р. Кудряшова калаҫнӑ // Халӑх шкулӗ = Нар. шк. – 2009. – № 4. – С. 61-63.	liziˈna , ˈje ˈen ˈep ˈjal ud͡ʑidelɘzeˈne juradaˈɡan ˈɕɯn ˈje ˈen liziˈna , r . kudrjaʐoˈʋa kaˈlaɕnə ˈχaləχ ʂˈkulɘ ˈnar . ʂk . ˈik ˈpin ˈtəχːər . noˈmer təˈʋatːə . s . ˈutməl pɘˈrːe , ˈutməl ˈʋiɕːɘ .
Топ-десятка самых известных поджогов в истории человечества // Игорь Гончаренко, Портал гражданской журналистики. Интернет-издание ХайВей, 26, июнь, 2015 10:37:07	ˈtop desjatˈka saˈmɯχ izʋestˈnɯχ podʒoˈɡoʋ ʋ istoriˈi t͡ɕeloʋed͡ʑestˈʋa iˈɡorʲ ɡond͡ʑarenˈɡo , porˈdal ɡraʒdansˈkoj ʒurnalistiˈɡi . inderˈnet izdaniˈje χajˈʋej , ˈɕirɘm ˈultːə , iˈjunʲ , ˈik ˈpin ˈʋun ˈpilɘk ˈʋunːə ˈʋədər ˈɕit͡ɕːɘ ˈɕit͡ɕːɘ
Гудв Владимир Сергеевич - февралӗн 6-Мӗшӗнче Мускав облаҫӗнчи Большевик поселокӗнче Ҫуралнӑ.	ˈɡudʋ ʋladiˈmir serɡejeˈʋit͡ɕ feʋˈralɘn ˈultːə mɘʐɘnˈd͡ʑe musˈkaʋ oblaʑɘnˈd͡ʑi bolʲʐeˈʋik pozeloɡɘnˈd͡ʑe ɕuˈralnə .
Çу, 17 — Максимов Николай Петрович, театр ӳнерçи.	ˈɕu , ˈʋun ˈɕit͡ɕːɘ maksiˈmoʋ niɡoˈlaj petroˈʋit͡ɕ , teˈatr ynerˈʑi .
1991 — Перс кӳлмекĕнче тăракан нумай нацин вăйĕсем «Пушхирти çил-тăвăл» операцине пуçараççĕ	ˈpin ˈtəɣər ˈɕɘr təɣərˈʋunːə pɘˈrːe ˈpers kylmeɡɘnˈd͡ʑe təraˈɡan nuˈmaj naˈt͡sin ʋəjɘˈzem puʂχirˈdi ˈɕil ˈtəʋəl oberat͡siˈne puʑaˈraɕːɘ
2010-мĕш çулхи çыравпа ялта 475 çын, çав шутра 243 арçын, 232 хĕрарăм пурăннă . 2004 çулта кунта 213 кил пулнă, пурĕ 645 çын пурăннă. Тăван Çĕршывăн Аслă вăрçине 212 çын хутшăннă, вĕсенчен 115 çапăçусенче пуçĕсене хунă.	ˈik ˈpin ˈʋunːəmɘʂ ɕulˈɣi ɕɯraʋˈpa jalˈda təˈʋat ˈɕɘr ˈɕitmɘl ˈpilɘk ˈɕɯn , ˈɕaʋ ʂutˈra ˈik ˈɕɘr ˈχɘrɘχ ˈʋiɕ arˈʑɯn , ˈik ˈɕɘr ˈʋədər ˈik χɘˈrarəm ˈpurənːə . ˈik ˈpin təˈʋat ɕulˈda kunˈda ˈik ˈɕɘr ˈʋun ˈʋiɕ ˈkil ˈpulnə , ˈpurɘ ˈult ˈɕɘr ˈχɘrɘχ ˈpilɘk ˈɕɯn ˈpurənːə . təˈʋan ɕɘrˈʐɯʋən ˈaslə ʋərʑiˈne ˈik ˈɕɘr ˈʋun ˈik ˈɕɯn ˈχutʂənːə , ʋɘzenˈd͡ʑen ˈɕɘr ˈʋun ˈpilɘk ɕabəʑuzenˈd͡ʑe puʑɘzeˈne ˈχunə .
Каланăлăх тени вырăсла сказуемое тенине тÿреммĕн калькăласа чăвашла куçарнинчен пулнă. Апла тунине ниепле те тиркеме май çук.	kaˈlanələχ teˈni ʋɯrəsˈla skazujemoˈje teniˈne t wˈaᶦ ˈremːɘn kalʲkəlaˈza t͡ɕəʋaʂˈla kuʑarninˈd͡ʑen ˈpulnə . apˈla tuniˈne nijepˈle ˈte tirɡeˈme ˈmaj ˈɕuk .
1791 — Сан-Домингори чурасен пăлхавĕпе Гаитири революци пуçланса каять	ˈpin ˈɕit͡ɕ ˈɕɘr təɣərˈʋunːə pɘˈrːe ˈsan dominɡoˈri t͡ɕuraˈzen pəlɣaʋɘˈbe ɡaidiˈri reʋoljuˈt͡si puɕlanˈza kaˈjatʲ
Васильев, Г. Шӳтлет те, йĕплет те / Г. Васильев // Пионер сасси. – 1970. – 11 апр.	ʋazilʲˈjeʋ , ɡ . ʂytˈlet ˈte , jɘpˈlet ˈte ɡ . ʋazilʲˈjeʋ pioˈner saˈsːi . ˈpin ˈtəɣər ˈɕɘr ˈɕitmɘl . ˈʋun ˈpɘr ˈapr .
Юхма Мишши. Дмитрий Архипов, природный чуваш. — Çăлкуç: Источник: Советская Чувашия 12.02.2014 11:10	juχˈma miˈʂːi . dmitˈrij arɣiˈboʋ , prirodˈnɯj t͡ɕuˈʋaʂ . ɕəlˈɡuɕ , istot͡ɕˈnik , soʋetskaˈja t͡ɕuʋaʐiˈja ˈʋun ˈikːɘ . ˈikːɘ . ˈik ˈpin ˈʋun təˈʋatːə ˈʋun pɘˈrːe ˈʋunːə
1990 — нумай çул тĕрмере ларса ирĕке апартеидпа кĕрешекен Нельсон Мандела тухать	ˈpin ˈtəɣər ˈɕɘr təɣərˈʋunːə nuˈmaj ˈɕul tɘrmeˈre larˈza irɘˈɡe abardeidˈpa kɘreʐeˈɡen nelʲˈzon mandeˈla tuˈɣatʲ
1703 — Даниэль Дефона сатира памфлетне хайланăшăн намăс юпи патне лартнă, анчах ырă сунакан лондонсем ăна чечексемпе чысланă.	ˈpin ˈɕit͡ɕ ˈɕɘr ˈʋiɕːɘ daniˈelʲ defoˈna sadiˈra pamfletˈne χajˈlanəʐən ˈnaməs juˈbi patˈne ˈlartnə , anˈd͡ʑaχ ˈɯrə sunaˈɡan londonˈzem əˈna t͡ɕed͡ʑeksemˈbe t͡ɕɯsˈlanə .
Викторов Юрий Васильевич, график, ӳнер пĕлӳçи.	ʋiktoˈroʋ juˈrij ʋazilʲjeˈʋit͡ɕ , ɡraˈfik , yˈner pɘlyˈʑi .
Çĕньял (Çĕрпӳ районĕ, Апакасси) — Чăваш Енĕн Çĕрпӳ районĕнчи Апакасси ял тăрăхне кĕрекен ял.	ɕɘnʲˈjal ɕɘrˈby raˈjonɘ , abaɡaˈsːi t͡ɕəˈʋaʂ ˈjenɘn ɕɘrˈby rajonɘnˈd͡ʑi abaɡaˈsːi ˈjal tərəχˈne kɘreˈɡen ˈjal .
Очерксем, калавсем çырать. Пичетленсе тухнă кĕнекисем:	od͡ʑerkˈsem , kalaʋˈsem ɕɯˈratʲ . pid͡ʑetlenˈze ˈtuχnə kɘneɡiˈzem ,
Монако Европăн кăнтăр енче, Вăтаçĕр тинĕсĕ хĕрринче, Францин Лазурь çыранĕнче, Ниццăран çурçĕр-тухăç енче, 20 çухрăмра вырнаçнă. Типçĕрпе кнеçлĕх Франципе Тинĕсçум Альпă (Alpes-Maritimes) департамент патĕнче чикĕленет,	monaˈɡo jeʋˈrobən ˈkəndər jenˈd͡ʑe , ʋəˈdaʑɘr ˈtinɘzɘ χɘrːinˈd͡ʑe , franˈt͡sin laˈzurʲ ɕɯranɘnˈd͡ʑe , nit͡sːəˈran ˈɕurɕɘr ˈtuɣəɕ jenˈd͡ʑe , ˈɕirɘm ɕuχrəmˈra ʋɯrˈnaɕnə . tipɕɘrˈbe kˈneɕlɘχ frant͡siˈbe tinɘsˈɕum ˈalʲpə ˈæɫpɛs mˈɛɹət̬ˌaᶦmz debardaˈment padɘnˈd͡ʑe t͡ɕiɡɘleˈnet ,
Никита Ларионович калавсене, повеçсене, романсене хаçатсемпе журналсенче пичетленĕ.	niɡiˈda larionoˈʋit͡ɕ kalaʋseˈne , poʋeɕseˈne , romanzeˈne χaʑatsemˈbe ʒurnalzenˈd͡ʑe pid͡ʑetˈlenɘ .
Элĕкри литературăпа тăван ен тĕпчев халăх музейĕ — Чăваш Енĕн Элĕк районĕнчи Элĕк чӳркӳ ялĕнчи музей.	elɘkˈri lideradurəˈba təˈʋan ˈjen tɘpˈt͡ɕeʋ ˈχaləχ muˈzejɘ t͡ɕəˈʋaʂ ˈjenɘn ˈelɘk rajonɘnˈd͡ʑi ˈelɘk t͡ɕyrˈɡy jalɘnˈd͡ʑi muˈzej .
Benim iman dolu göğsüm gibi serhaddim var.	bˈɛnɪm ˈaᶦmən dəlˈuː ɡɔːɡzˈuːm ɡˈɪbə sˈɝhəd̬ˌɪm vˈɑːɹ .
Османова Елена Кирилловна, Хĕрлĕ Чутай районĕ	osmanoˈʋa jeleˈna kirilːoʋˈna , ˈχɘrlɘ t͡ɕuˈdaj raˈjonɘ
«Аликовская энциклопедия», редколлегия: Ефимов Л. А., Ефимов Е. Л., Ананьев А. А., Терентьев Г. К., Шупашкар, 2009, ISBN 978-5-7670-1630-3.	aliɡoʋskaˈja ent͡siklobediˈja , redkolːeɡiˈja , jefiˈmoʋ ˈelʲ ˈa , jefiˈmoʋ ˈje ˈelʲ , ananʲˈjeʋ ˈa ˈa , terentʲˈjeʋ ˈɡe ˈka , ʂubaʂˈkar , ˈik ˈpin ˈtəχːər , ˌaᶦˌɛsbiːʲˈɛn ˈtəɣər ˈɕɘr ˈɕitmɘl ˈsakːər , ˈpilːɘk , ˈɕit͡ɕ ˈpin ˈult ˈɕɘr ˈɕitmɘl , ˈpin ˈult ˈɕɘr ˈʋədər , ˈʋiɕːɘ .
1236 çулта тутар-монголсем Керменчука тытса илсе çунтарса янă. 1239 çулта вырăссем Керменчука çунтарнă. Çапах та хула пĕтмен-ха. Вăл каллех чĕрĕлсе тăнă. Анчах та нумайлăха мар. XIV ĕмĕр вĕçĕнче вырăс ушкуйникĕсем çунтарса янă. Ун хыççăн вара çĕнĕрен аталанса кайман.	ˈpin ˈik ˈɕɘr ˈʋədər ˈult ɕulˈda tuˈdar monɡolˈzem kermend͡ʑuˈɡa tɯtˈsa ilˈze ɕundarˈza ˈjanə . ˈpin ˈik ˈɕɘr ˈʋədər ˈtəɣər ɕulˈda ʋɯrəˈsːem kermend͡ʑuˈɡa ɕunˈdarnə . ɕaˈbaχ ˈta χuˈla pɘtˈmen ˈχa . ˈʋəl kaˈlːeχ t͡ɕɘrɘlˈze ˈtənə . anˈd͡ʑaχ ˈta numajləˈɣa ˈmar . ˈʋun təˈʋatːəmɘʂ ˈɘmɘr ʋɘʑɘnˈd͡ʑe ˈʋɯrəs uʂkujniɡɘˈzem ɕundarˈza ˈjanə . ˈun ˈχɯɕːən ʋaˈra ɕɘnɘˈren adalanˈza kajˈman .
Юлашкинчен çав юрра-сăвва çырса илекенĕ çапла кăтартать: "Ман шухăшпа, çав Якку пичче сăмахĕ - тĕрĕс сăмах: юмăç вăл айван тĕттĕм çынна тилмĕртет анчах".	julaʂkinˈd͡ʑen ˈɕaʋ juˈrːa səˈʋːa ɕɯrˈza ileˈɡenɘ ɕapˈla kədarˈdatʲ , ˈman ʂuɣəʂˈpa , ˈɕaʋ jaˈkːu piˈt͡ɕːe səˈmaɣɘ ˈtɘrɘs səˈmaχ , ˈjuməɕ ˈʋəl ajˈʋan ˈtɘtːɘm ɕɯˈnːa tilmɘrˈdet anˈd͡ʑaχ .
1991 çулхи çĕртме, 25 Хорвати Республикин Саборĕ Хорвати никамапăхăнманлăхне Загреба шĕкĕр хули вырăнне йышăннă.	ˈpin ˈtəɣər ˈɕɘr təɣərˈʋunːə ˈpɘr ɕulˈɣi ɕɘrtˈme , ˈɕirɘm ˈpilɘk χorʋaˈdi respubliˈɡin saˈborɘ χorʋaˈdi niɡamabəɣənmanləχˈne zaɡreˈba ˈʂɘɡɘr χuˈli ʋɯrəˈnːe ˈjɯʐənːə .
Литература тĕпчевĕн тата халăх пултарулăхĕн уйрăмĕ	lideraduˈra tɘpˈt͡ɕeʋɘn taˈda ˈχaləχ puldaˈruləɣɘn ˈujrəmɘ
муна ушкăнĕ: бусоа, лиабуку, муна, лавеле, киоко, каимбулава	muˈna ˈuʂkənɘ , buzoˈa , liabuˈɡu , muˈna , laʋeˈle , kioˈɡo , kaimbulaˈʋa
Канаш педагогика техникумĕнче вĕреннĕ. Чăваш педагогика институтĕнче пĕлĕвне ӳстернĕ. Ачасене шкулта вĕрентнĕ, Чăваш АССРĕн çутĕç министерствинче ĕçленĕ. Çавăн пекех ССКП облкомĕн шкул пайĕнче, Чăвашпатизĕн вĕренӳ кĕнекисен пайĕнче ĕçленĕ.	kaˈnaʂ pedaɡoɡiˈɡa teχniɡumɘnˈd͡ʑe ʋɘˈrenːɘ . t͡ɕəˈʋaʂ pedaɡoɡiˈɡa instidudɘnˈd͡ʑe pɘlɘʋˈne ysˈternɘ . ad͡ʑazeˈne ʂkulˈda ʋɘˈrentnɘ , t͡ɕəˈʋaʂ ˈasːrɘn ˈɕudɘɕ ministerstʋinˈd͡ʑe ɘɕˈlenɘ . ˈɕaʋən peˈɡeχ ˈes ˈes ˈka ˈpe oblˈɡomɘn ʂˈkul pajɘnˈd͡ʑe , t͡ɕəʋaʂpaˈdizɘn ʋɘreˈny kɘneɡiˈzen pajɘnˈd͡ʑe ɘɕˈlenɘ .
аслă мичман Ерасов Игорь Владимирович, шифровальщик	ˈaslə mit͡ɕˈman jeraˈzoʋ iˈɡorʲ ʋladimiroˈʋit͡ɕ , ʂifroʋalʲˈʑik
Франксемпе турккăсем хушшинчи вăрçă (1920-1921)	franksemˈbe turkːəˈzem χuʂːinˈd͡ʑi ˈʋərɕə ˈpin ˈtəɣər ˈɕɘr ˈɕirɘm , ˈpin ˈtəɣər ˈɕɘr ˈɕirɘm pɘˈrːe
375 çул. Тухăç енчен Европăна хунсемпе алансем вĕçтерсе килсе кĕнĕ, Балтипе Хура тинĕс хушшинче вырнаçнă остготсен патшалăхне çĕмĕрсе тухнă.	ˈʋiɕ ˈɕɘr ˈɕitmɘl ˈpilɘk ˈɕul . ˈtuɣəɕ jenˈd͡ʑen jeʋrobəˈna χunzemˈbe alanˈzem ʋɘɕterˈze kilˈze ˈkɘnɘ , baldiˈbe χuˈra ˈtinɘs χuʂːinˈd͡ʑe ʋɯrˈnaɕnə ostɡotˈsen patʂaləχˈne ɕɘmɘrˈze ˈtuχnə .
Кĕçĕн Толкай ял тăрăхĕ (Кĕçĕн Толкай ч. ялĕсем, Камышевка, Передовка, Шиповка паççулкăсем, Тунгуз ч/ç разъезчĕ)	ˈkɘʑɘn tolˈɡaj ˈjal ˈtərəɣɘ ˈkɘʑɘn tolˈɡaj t͡ɕ . jalɘˈzem , kamɯʐeʋˈka , peredoʋˈka , ʂiboʋˈka paɕːulkəˈzem , tunˈɡuz t͡ɕ sˈiː razˈjezt͡ɕɘ
Илейка Муромец (? — 1608) — И. И. Болотников пăлхавĕн (1606—07) терĕк касакĕсен атаманĕ.	ilejˈɡa muroˈmet͡s ? ˈpin ˈult ˈɕɘr ˈsakːər ˈi ˈi bolotniˈɡoʋ pəlˈɣaʋɘn ˈpin ˈult ˈɕɘr ˈultːə , ˈɕit͡ɕːɘ ˈterɘk kazaɡɘˈzen adaˈmanɘ .
Категори:Вольф преми (математика) лауреачĕсем	kadeɡoˈri , ˈʋolʲf preˈmi mademadiˈɡa lauread͡ʑɘˈzem
\sum c_I x_1^{i_1}x_2^{i_2}...x_n^{i_n} ,	sˈiː ˈaᶦ ˈɛks pɘˈrːe ˈaᶦ pɘˈrːe ˈɛks ˈikːɘ ˈaᶦ ˈikːɘ . ˈɛks ˈɛn ˈaᶦ ˈɛn ,
Демидов Акинфий Никитич (1678 — 5 августа 1745) — Демидовсен ăрăвĕнчи вырăс усламçи, Никита Демидовăн ывăлĕ, Алтайра ту-ĕçлĕх промăçлăхне никĕслекенĕ.	demiˈdoʋ aɡinˈfij niɡiˈdit͡ɕ ˈpin ˈult ˈɕɘr ˈɕitmɘl ˈsakːər , ˈpilɘk aʋɡusˈta ˈpin ˈɕit͡ɕ ˈɕɘr ˈχɘrɘχ ˈpilːɘk demidoʋˈsen ərəʋɘnˈd͡ʑi ˈʋɯrəs uslamˈʑi , niɡiˈda demiˈdoʋən ˈɯʋəlɘ , aldajˈra ˈtu ˈɘɕlɘχ proməɕləχˈne niɡɘsleˈɡenɘ .
Ăсчахсем çирĕплетнĕ тăрăх, халăх тимĕр шăратма, унпа усă курма виçĕ пин çул каяллах пуçланă. Çак вăхăтран тимĕр ĕмĕрĕ, тимĕр тапхăрĕ пуçланнă тесе шутлаççĕ. Тĕрĕк халăхĕ «тимĕр» сăмаха китай чĕлхинчи «тиетмур - тимĕр япали» сăмахран йышăннă тесе ĕнентереççĕ.	əst͡ɕaχˈsem ɕirɘpˈletnɘ ˈtərəχ , ˈχaləχ ˈtimɘr ʂəratˈma , unˈba ˈuzə kurˈma ˈʋiʑɘ ˈpin ˈɕul kajaˈlːaχ puɕˈlanə . ˈɕak ʋəɣətˈran ˈtimɘr ˈɘmɘrɘ , ˈtimɘr ˈtapχərɘ puɕˈlanːə teˈze ʂutˈlaɕːɘ . ˈtɘrɘk ˈχaləɣɘ ˈtimɘr səmaˈɣa kiˈdaj t͡ɕɘlɣinˈd͡ʑi tijetˈmur ˈtimɘr jabaˈli səmaχˈran ˈjɯʐənːə teˈze ɘnendeˈreɕːɘ .
Республика Калмыкин Ертӳлĕхĕн официаллă сайчĕ	respubliˈɡa kalmɯˈɡin jerˈdylɘɣɘn ofit͡siˈalːə ˈsajd͡ʑɘ
Шăл (пĕрчĕ) – шутсăр е шутлă япалан чи пĕчĕк пайĕ	ˈʂəl ˈpɘrt͡ɕɘ ˈʂutsər ˈje ˈʂutlə jabaˈlan ˈt͡ɕi ˈpɘd͡ʑɘk ˈpajɘ
Тарле Е. В. Çурçĕр вăрçи тата шведсем Раççее тапăнни	tarˈle ˈje ˈʋe ˈɕurɕɘr ʋərˈʑi taˈda ʂʋedˈsem raɕːeˈje tabəˈnːi
Герб çинче кăвак тĕс çинче вĕрçĕлен çийĕнче çӳлте тăракан таса Маргарита. Аллисенче ылтăн оливкă турачĕпе ылтăн хĕç.	ˈɡerb ɕinˈd͡ʑe kəˈʋak ˈtɘs ɕinˈd͡ʑe ʋɘrɕɘˈlen ɕijɘnˈd͡ʑe ɕylˈde təraˈɡan taˈza marɡariˈda . alːizenˈd͡ʑe ˈɯltən oˈliʋkə turad͡ʑɘˈbe ˈɯltən ˈχɘɕ .
iPhone/iPod Touch çинчи итал-вырас сăмахсарĕ тата кашнин хăйĕн вĕренмелли кĕнеке	ˈaᶦfoᶷn ˈaᶦpʰɑːd tʰˈʌt͡ʃ ɕinˈd͡ʑi iˈdal ʋɯˈras səmaχˈsarɘ taˈda kaʂˈnin ˈχəjɘn ʋɘrenmeˈlːi kɘneˈɡe
Плутони питĕ наркăмăшлă: шывпа ĕçлекен пӳлĕмсенчи ПДК ²³⁹Pu валли 81,4 тата 3,3*10 −5 Бк/л.	pludoˈni ˈpidɘ ˈnarkəməʂlə , ʂɯʋˈpa ɘɕleˈɡen pylɘmzenˈd͡ʑi ˈpe ˈde ˈka pʰˈuː ʋaˈlːi saɡərˈʋunːə pɘˈrːe χyreʂˈke təˈʋatːə taˈda ˈʋiɕːɘ χyreʂˈke ˈʋiɕːɘ ˈʋunːə ˈpilɘk bk l .
1976 çулта Çĕпĕрти ялхуçалăха механизацилес тата электрофикацилес енĕпе ĕслекен тĕпчев институчĕн аспирантурине пĕлӳ пухма кĕнĕ. Ялхуçалăх машинисене юсаса çĕнетес енĕпе çĕнĕлĕхсем кĕртсе диссертаци хайласа 1979 çулта ăнăçлă хӳтелет, техника ăслăхĕсен кандидачĕ пулса тăрать.	ˈpin ˈtəɣər ˈɕɘr ˈɕitmɘl ˈult ɕulˈda ɕɘbɘrˈdi jalɣuʑaləˈɣa meɣanizat͡siˈles taˈda elektrofiɡat͡siˈles jenɘˈbe ɘsleˈɡen tɘpˈt͡ɕeʋ instiˈdud͡ʑɘn aspiranduriˈne pɘˈly puχˈma ˈkɘnɘ . jalɣuˈʑaləχ maʐinizeˈne juzaˈza ɕɘneˈdes jenɘˈbe ɕɘnɘlɘχˈsem kɘrtˈse disːerdaˈt͡si χajlaˈza ˈpin ˈtəɣər ˈɕɘr ˈɕitmɘl ˈtəɣər ɕulˈda ˈənəɕlə χydeˈlet , teχniˈɡa əsləɣɘˈzen kandiˈdad͡ʑɘ pulˈza təˈratʲ .
Раççей Федерацин ютçĕр ĕçĕсен министерстви, Раççей ЮÇӖМ — Раççей Федерацин ĕçтăвакан влаçăн федераци органĕ .	raˈɕːej federaˈt͡sin ˈjutɕɘr ɘʑɘˈzen ministerstˈʋi , raˈɕːej ˈjuʑɘm raˈɕːej federaˈt͡sin ɘɕtəʋaˈɡan ʋˈlaʑən federaˈt͡si orˈɡanɘ .
Коротаева Л.В. ПУШКĂРТСТАН РЕСПУБЛИКИНЧЕ ПУРĂНАКАН ЧĂВАШСЕН ВЫРĂНТИ КАЛАÇУ УЙРĂМЛĂХĔСЕНЕ ТĔПЧЕНИН КĔСКЕ КУН-ÇУЛĔ // ЭКСПЕДИЦИОННЫЙ ВЕСТНИК СФ БашГУ : сб. научных трудов / отв. ред. В.Н. Кризский; зам. отв. ред. Л.А. Афанасьева. – Стерлитамак : Стерлитамакский филиал БашГУ, 2018. – 155 с. – ISBN 978-5-86111-639-8	korodajeˈʋa ˈelʲ ˈʋe puʂkərtsˈtan respubliɡinˈd͡ʑe purənaˈɡan t͡ɕəʋaʂˈsen ʋɯrənˈdi kalaˈʑu ujrəmləɣɘzeˈne tɘpt͡ɕeˈnin kɘsˈke ˈkun ˈɕulɘ ˈe ˈka ˈes ˈpe ˈje ˈde ˈi ˈt͡se ˈi ˈo ˈen ˈen ˈɯ kɘsˈke ˈi ˈʋe ˈje ˈes ˈte ˈen ˈi ˈka ˈes ˈef baʂˈɡu , sb . naut͡ɕˈnɯχ truˈdoʋ ˈotʋ . ˈred . ˈʋe ˈen krizsˈkij , ˈzam . ˈotʋ . ˈred . ˈelʲ ˈa afanasʲjeˈʋa . sterlidaˈmak , sterlidamaksˈkij filiˈal baʂˈɡu , ˈik ˈpin ˈʋun ˈsakːər . ˈɕɘr ˈalːə ˈpilɘk s . ˌaᶦˌɛsbiːʲˈɛn ˈtəɣər ˈɕɘr ˈɕitmɘl ˈsakːər , ˈpilːɘk , saɡərˈʋunːə ˈult ˈpin ˈɕɘr ˈʋun pɘˈrːe , ˈult ˈɕɘr ˈʋədər ˈtəχːər , ˈsakːər
ГУЛаг (Главное управление исправительно-трудовых лагерей, трудовых поселений и мест заключения) — СССР ШĔХК, шалти ĕçсен министерствин, юстици министерствин 1934—1960 çулсенче ĕçпе тӳрлетес лагерĕсен системине (ĔТЛ) ертсе пынă уйрăм пайĕ, СССР политика репресси системин паллă органĕ. Çавăн пекех ГУЛАГ аббревиатурăпа та усă кураççĕ.	ɡuˈlaɡ ɡlaʋnoˈje upraʋleniˈje ispraʋidelʲˈno trudoˈʋɯχ laɡeˈrej , trudoˈʋɯχ pozeleˈnij ˈi ˈmest zakljud͡ʑeniˈja ˈes ˈes ˈes ˈer ˈʂa ˈɘ ˈχa ˈka , ʂalˈdi ɘɕˈsen ministerstˈʋin , justiˈt͡si ministerstˈʋin ˈpin ˈtəɣər ˈɕɘr ˈʋədər təˈʋatːə , ˈpin ˈtəɣər ˈɕɘr ˈutməl ɕulzenˈd͡ʑe ɘɕˈpe tyrleˈdes laɡerɘˈzen sistemiˈne ˈɘ ˈte ˈelʲ jertˈse ˈpɯnə ˈujrəm ˈpajɘ , ˈes ˈes ˈes ˈer polidiˈɡa repreˈsːi sisteˈmin ˈpalːə orˈɡanɘ . ˈɕaʋən peˈɡeχ ɡuˈlaɡ abːreʋiadurəˈba ˈta ˈuzə kuˈraɕːɘ .
Игнатьев Михаил Васильевич — Чăваш Енĕн иккĕмĕш президенчĕ. Чăн та, каярахпа «Чăваш республикин Президенчĕ» текен титула пăрахăçланă. Унăн вырăнне «Чăваш республикин Пуçлăхĕ» теме пуçланă. Анчах та Михаил Васильевич «Президент» ята йăтса çÿресе курнă çын.	iɡnatʲˈjeʋ miɣaˈil ʋazilʲjeˈʋit͡ɕ t͡ɕəˈʋaʂ ˈjenɘn ˈikːɘmɘʂ preziˈdend͡ʑɘ . ˈt͡ɕən ˈta , kajaraχˈpa t͡ɕəˈʋaʂ respubliˈɡin preziˈdend͡ʑɘ teˈɡen tiduˈla pəraɣəɕˈlanə . ˈunən ʋɯrəˈnːe t͡ɕəˈʋaʂ respubliˈɡin ˈpuɕləɣɘ teˈme puɕˈlanə . anˈd͡ʑaχ ˈta miɣaˈil ʋazilʲjeˈʋit͡ɕ preziˈdent jaˈda jətˈsa ɕ wˈaᶦ reˈze ˈkurnə ˈɕɯn .
Michael Harner: Der Weg des Schamanen, München, Ullstein, 2004, 247 Seiten, ISBN 3-548-74042-1	mˈaᶦkəɫ hˈɑːɹnɚ , dˈɝ wˈɛɡ dˈɛs ʃˈeᶦmənən , mˈʌnt͡ʃɛn , ˈʌɫstaᶦn , ˈik ˈpin təˈʋatːə , ˈik ˈɕɘr ˈχɘrɘχ ˈɕit͡ɕːɘ sˈaᶦtn , ˌaᶦˌɛsbiːʲˈɛn ˈʋiɕːɘ , ˈpilɘk ˈɕɘr ˈχɘrɘχ ˈsakːər , ˈɕitmɘl təˈʋat ˈpin ˈχɘrɘχ ˈikːɘ , pɘˈrːe
Тăвай ял тăрăхĕ — Чăваш Енĕн Тăвай районĕнчи ял тăрăхĕ.	təˈʋaj ˈjal ˈtərəɣɘ t͡ɕəˈʋaʂ ˈjenɘn təˈʋaj rajonɘnˈd͡ʑi ˈjal ˈtərəɣɘ .
Партизансем пытаннă ту хушăкне йĕри-тавра «шуррисем» ярса илнĕ, вĕсене выçлăхпа туртса кăларасшăн. Кафтанов Йăвана тыткăна лекнĕ Панкрат Назарова персе пăрахма хушать, анчах та лешĕ пĕр ял çыннине ирĕке ярать.	pardizanˈzem pɯˈdanːə ˈtu χuʐəkˈne jɘˈri taʋˈra ʂurːiˈzem jarˈza ˈilnɘ , ʋɘzeˈne ʋɯɕləχˈpa turtˈsa kəlaˈrasʂən . kaftaˈnoʋ jəʋaˈna tɯtkəˈna ˈleknɘ pankˈrat nazaroˈʋa perˈze pəraχˈma χuˈʐatʲ , anˈd͡ʑaχ ˈta ˈleʐɘ ˈpɘr ˈjal ɕɯnːiˈne irɘˈɡe jaˈratʲ .
«Русская Аляска. Продано! Тайна сделки», документлă фильм, ВГТРК, 2010 ç.	rusːkaˈja aljasˈka . prodaˈno ! tajˈna sdelˈɡi , doɡuˈmentlə ˈfilʲm , ˈʋe ˈɡe ˈte ˈer ˈka , ˈik ˈpin ˈʋunːə sˈiː .
Green College (1979) (2008 çулта Templeton College пĕрлешнĕ те Green Templeton College пулса тăнă)	ɡɹˈiːn kʰˈɑːlɪd͡ʒ ˈpin ˈtəɣər ˈɕɘr ˈɕitmɘl ˈtəχːər ˈik ˈpin ˈsaɡər ɕulˈda tʰˈɛmpəɫtən kʰˈɑːlɪd͡ʒ pɘrˈleʂnɘ ˈte ɡɹˈiːn tʰˈɛmpəɫtən kʰˈɑːlɪd͡ʒ pulˈza ˈtənə
Michael Franke: Wolof für den Senegal, Wort für Wort. Kauderwelsch. Band 89, ISBN 3-89416-280-5	mˈaᶦkəɫ fɹˈæŋk , wˈoᶷloᶷf fˈɝ dˈɛn sˌɛnəɡˈɔːɫ , wˈɝ fˈɝ wˈɝ . kʰˈɔːd̬ɚwɫʃ . bˈænd saɡərˈʋunːə ˈtəχːər , ˌaᶦˌɛsbiːʲˈɛn ˈʋiɕːɘ , saɡərˈʋunːə ˈtəɣər ˈpin təˈʋat ˈɕɘr ˈʋun ˈultːə , ˈik ˈɕɘr saɡərˈʋunːə , ˈpilːɘk
Уильям Уайлер Анна рольне сăнарлама Джин Симмонса чĕннĕ пулнă, актрисăн фильмра выляма вăхăт çуккипе кăштах ĕнтĕ проекта чарса лартман.	uilʲˈjam uajˈler aˈnːa rolʲˈne sənarlaˈma dˈʒin simːonˈza ˈt͡ɕɘnːɘ ˈpulnə , aktˈrizən filʲmˈra ʋɯljaˈma ˈʋəɣət ɕukːiˈbe kəʂˈtaχ ˈɘndɘ projekˈta t͡ɕarˈza lartˈman .
Rayment, L. (2003). «Knights of the Thistle.»	ɹˈeᶦmənt , ˈɛɫ . ˈik ˈpin ˈʋiɕːɘ . nˈaᶦts ˈʌv ðˈə θˈɪsəɫ .
генерал-лейтенант Боголюбов А. Н. (чӳк, 1943 ç. — ака, 1944 ç.);	ɡeneˈral lejdeˈnant boɡoljuˈboʋ ˈa ˈen ˈt͡ɕyk , ˈpin ˈtəɣər ˈɕɘr ˈχɘrɘχ ˈʋiɕːɘ sˈiː . aˈɡa , ˈpin ˈtəɣər ˈɕɘr ˈχɘrɘχ təˈʋatːə sˈiː ,
Почтă индексĕ — 452097, ОКАТО кочĕ — 80244870001.	ˈpot͡ɕtə inˈdeksɘ təˈʋat ˈɕɘr ˈalːə ˈik ˈpin təɣərˈʋunːə ˈɕit͡ɕːɘ , oɡaˈdo ˈkod͡ʑɘ saɡərˈʋunːə milːiˈard ˈik ˈɕɘr ˈχɘrɘχ təˈʋat milːiˈon ˈsaɡər ˈɕɘr ˈɕitmɘl ˈpin pɘˈrːe .
Кубагушево — Пушкăрт Республикин Учала районĕнче вырнаçнă пурăнан вырăн. 2009 çулхи кăрлачăн 1-мĕшĕ тĕлне кунта 410 çын пурăннă.	kubaɡuʐeˈʋo ˈpuʂkərt respubliˈɡin ud͡ʑaˈla rajonɘnˈd͡ʑe ʋɯrˈnaɕnə purəˈnan ˈʋɯrən . ˈik ˈpin ˈtəɣər ɕulˈɣi kərˈlad͡ʑən pɘˈrːemɘʐɘ tɘlˈne kunˈda təˈʋat ˈɕɘr ˈʋun ˈɕɯn ˈpurənːə .
Çĕнĕ Мушта — Пушкăрт Республикин Хĕрлĕ Чулман Атăл районĕнче вырнаçнă пурăнан вырăн. 2009 çулхи кăрлачăн 1-мĕшĕ тĕлне кунта 292 çын пурăннă.	ˈɕɘnɘ muʂˈta ˈpuʂkərt respubliˈɡin ˈχɘrlɘ t͡ɕulˈman ˈadəl rajonɘnˈd͡ʑe ʋɯrˈnaɕnə purəˈnan ˈʋɯrən . ˈik ˈpin ˈtəɣər ɕulˈɣi kərˈlad͡ʑən pɘˈrːemɘʐɘ tɘlˈne kunˈda ˈik ˈɕɘr təɣərˈʋunːə ˈik ˈɕɯn ˈpurənːə .
Гидрологи тĕпчевленӳ кочĕ (ГТ) — 115203853	ɡidroloˈɡi tɘpt͡ɕeʋleˈny ˈkod͡ʑɘ ˈɡe ˈte ˈɕɘr ˈʋun ˈpilɘk milːiˈon ˈik ˈɕɘr ˈʋiɕ ˈpin ˈsaɡər ˈɕɘr ˈalːə ˈʋiɕːɘ
Кындара — Раççей территоринчи юханшыв. Томск облаçĕ, Омск облаçĕ, Çĕн Çĕпĕр облаçĕ территорипе юхать . Тамырсат юханшыва юхса кĕрет. Юханшыв тăршшĕ 10 км.	kɯndaˈra raˈɕːej terːidorinˈd͡ʑi juɣanˈʐɯʋ . ˈtomsk obˈlaʑɘ , ˈomsk obˈlaʑɘ , ˈɕɘn ˈɕɘbɘr obˈlaʑɘ terːidoriˈbe juˈɣatʲ . tamɯrˈzat juɣanʐɯˈʋa juχˈsa kɘˈret . juɣanˈʐɯʋ ˈtərʂːɘ ˈʋun kiloˈmetr .
Калуайры — Раççей территоринчи юханшыв. Пушкăрт Республики территорипе юхать . Мăн Шишеняк юханшыва юхса кĕрет. Юханшыв тăршшĕ 14 км.	kaluajˈrɯ raˈɕːej terːidorinˈd͡ʑi juɣanˈʐɯʋ . ˈpuʂkərt respubliˈɡi terːidoriˈbe juˈɣatʲ . ˈmən ʂiʐenˈjak juɣanʐɯˈʋa juχˈsa kɘˈret . juɣanˈʐɯʋ ˈtərʂːɘ ˈʋun təˈʋat kiloˈmetr .
Патшалăх шыв реестрĕнчи шыв объекчĕн кочĕ — 10010300312111100036048	patˈʂaləχ ˈʂɯʋ rejestrɘnˈd͡ʑi ˈʂɯʋ obˈjekt͡ɕɘn ˈkod͡ʑɘ pɘˈrːe ˈnolʲ ˈnolʲ pɘˈrːe ˈnolʲ ˈʋiɕːɘ ˈnolʲ ˈnolʲ ˈʋiɕːɘ pɘˈrːe ˈikːɘ pɘˈrːe pɘˈrːe pɘˈrːe pɘˈrːe ˈnolʲ ˈnolʲ ˈnolʲ ˈʋiɕːɘ ˈultːə ˈnolʲ təˈʋatːə ˈsakːər
Патшалăх шыв реестрĕнчи шыв объекчĕн кочĕ — 10010300412111100037532	patˈʂaləχ ˈʂɯʋ rejestrɘnˈd͡ʑi ˈʂɯʋ obˈjekt͡ɕɘn ˈkod͡ʑɘ pɘˈrːe ˈnolʲ ˈnolʲ pɘˈrːe ˈnolʲ ˈʋiɕːɘ ˈnolʲ ˈnolʲ təˈʋatːə pɘˈrːe ˈikːɘ pɘˈrːe pɘˈrːe pɘˈrːe pɘˈrːe ˈnolʲ ˈnolʲ ˈnolʲ ˈʋiɕːɘ ˈɕit͡ɕːɘ ˈpilːɘk ˈʋiɕːɘ ˈikːɘ
Мишъёль — Раççей территоринчи юханшыв. Коми Республики территорипе юхать . Лемью юханшыва юхса кĕрет. Юханшыв тăршшĕ 10 км.	miʂˈjolʲ raˈɕːej terːidorinˈd͡ʑi juɣanˈʐɯʋ . koˈmi respubliˈɡi terːidoriˈbe juˈɣatʲ . lemʲˈju juɣanʐɯˈʋa juχˈsa kɘˈret . juɣanˈʐɯʋ ˈtərʂːɘ ˈʋun kiloˈmetr .
Гидрологи тĕпчевленӳ кочĕ (ГТ) — 103000851	ɡidroloˈɡi tɘpt͡ɕeʋleˈny ˈkod͡ʑɘ ˈɡe ˈte ˈɕɘr ˈʋiɕ milːiˈon ˈsaɡər ˈɕɘr ˈalːə pɘˈrːe
Кубанка (Гизал-Дон юппи) — Раççей территоринчи юханшыв. Çурçĕр Осети территорипе юхать . Гизал-Дон юханшыва юхса кĕрет. Юханшыв тăршшĕ 11 км.	kubanˈɡa ɡiˈzal ˈdon juˈpːi raˈɕːej terːidorinˈd͡ʑi juɣanˈʐɯʋ . ˈɕurɕɘr ozeˈdi terːidoriˈbe juˈɣatʲ . ɡiˈzal ˈdon juɣanʐɯˈʋa juχˈsa kɘˈret . juɣanˈʐɯʋ ˈtərʂːɘ ˈʋun ˈpɘr kiloˈmetr .
Нахой (Юханшыв) — Раççей территоринчи юханшыв. Сарăту облаçĕ территорипе юхать . Мăн Караман юханшыва юхса кĕрет. Юханшыв тăршшĕ 48 км.	naˈɣoj juɣanˈʐɯʋ raˈɕːej terːidorinˈd͡ʑi juɣanˈʐɯʋ . sarəˈdu obˈlaʑɘ terːidoriˈbe juˈɣatʲ . ˈmən karaˈman juɣanʐɯˈʋa juχˈsa kɘˈret . juɣanˈʐɯʋ ˈtərʂːɘ ˈχɘrɘχ ˈsaɡər kiloˈmetr .
Алексеевка — Самар облаçĕнчи Кушкă районĕн ялĕ. Шкулта 2 вулавăш, культура çурчĕ, шкул пур.	aleksejeʋˈka saˈmar oblaʑɘnˈd͡ʑi ˈkuʂkə raˈjonɘn ˈjalɘ . ʂkulˈda ˈik ʋuˈlaʋəʂ , kulʲduˈra ˈɕurt͡ɕɘ , ʂˈkul ˈpur .
Ошшор — Раççей территоринчи юханшыв. Коми Республики, Ненец АО территорипе юхать . Колва юханшывăн сулахай çыранĕпе, 303 км вăрринчен юханшыва юхса кĕрет. Юханшыв тăршшĕ 29 км.	oˈʂːor raˈɕːej terːidorinˈd͡ʑi juɣanˈʐɯʋ . koˈmi respubliˈɡi , neˈnet͡s aˈo terːidoriˈbe juˈɣatʲ . kolˈʋa juɣanˈʐɯʋən sulaˈɣaj ɕɯranɘˈbe , ˈʋiɕ ˈɕɘr ˈʋiɕ kiloˈmetr ʋərːinˈd͡ʑen juɣanʐɯˈʋa juχˈsa kɘˈret . juɣanˈʐɯʋ ˈtərʂːɘ ˈɕirɘm ˈtəɣər kiloˈmetr .
Пертюг (Грязный Пертюг) — Раççей территоринчи юханшыв. Вологда облаçĕ,Киров облаçĕ,Коми Республики территорипе юхать . Кипшенга юханшывăн сулахай çыранĕпе, 51 км вăрринчен юханшыва юхса кĕрет. Юханшыв тăршшĕ 18 км.	pertˈjuɡ ɡrjazˈnɯj pertˈjuɡ raˈɕːej terːidorinˈd͡ʑi juɣanˈʐɯʋ . ʋoloɡˈda obˈlaʑɘ , kiˈroʋ obˈlaʑɘ , koˈmi respubliˈɡi terːidoriˈbe juˈɣatʲ . kipʂenˈɡa juɣanˈʐɯʋən sulaˈɣaj ɕɯranɘˈbe , ˈalːə ˈpɘr kiloˈmetr ʋərːinˈd͡ʑen juɣanʐɯˈʋa juχˈsa kɘˈret . juɣanˈʐɯʋ ˈtərʂːɘ ˈʋun ˈsaɡər kiloˈmetr .
Гидрологи тĕпчевленӳ кочĕ (ГТ) — 103005614	ɡidroloˈɡi tɘpt͡ɕeʋleˈny ˈkod͡ʑɘ ˈɡe ˈte ˈɕɘr ˈʋiɕ milːiˈon ˈpilɘk ˈpin ˈult ˈɕɘr ˈʋun təˈʋatːə
Сулахай Мюмдя-Хэвы-Яха — Раççей территоринчи юханшыв. Ямал-Ненец автономлă тăрăхĕ/Ненец АО/Коми Республики территорипе юхать. Юханшыв Мюмдя-Хэвы-Яха юханшывăн сулахай çыранĕпе юппинчен 27 км юхса кĕрет. Юханшыв тăршшĕ 23 км.	sulaˈɣaj mjumdˈja χeˈʋɯ jaˈɣa raˈɕːej terːidorinˈd͡ʑi juɣanˈʐɯʋ . jaˈmal neˈnet͡s aʋtoˈnomlə ˈtərəɣɘ neˈnet͡s aˈo koˈmi respubliˈɡi terːidoriˈbe juˈɣatʲ . juɣanˈʐɯʋ mjumdˈja χeˈʋɯ jaˈɣa juɣanˈʐɯʋən sulaˈɣaj ɕɯranɘˈbe jupːinˈd͡ʑen ˈɕirɘm ˈɕit͡ɕ kiloˈmetr juχˈsa kɘˈret . juɣanˈʐɯʋ ˈtərʂːɘ ˈɕirɘm ˈʋiɕ kiloˈmetr .
Патшалăх шыв реестрĕнчи шыв объекчĕн кочĕ — 15050000212115300079693	patˈʂaləχ ˈʂɯʋ rejestrɘnˈd͡ʑi ˈʂɯʋ obˈjekt͡ɕɘn ˈkod͡ʑɘ pɘˈrːe ˈpilːɘk ˈnolʲ ˈpilːɘk ˈnolʲ ˈnolʲ ˈnolʲ ˈnolʲ ˈikːɘ pɘˈrːe ˈikːɘ pɘˈrːe pɘˈrːe ˈpilːɘk ˈʋiɕːɘ ˈnolʲ ˈnolʲ ˈnolʲ ˈɕit͡ɕːɘ ˈtəχːər ˈultːə ˈtəχːər ˈʋiɕːɘ
Патшалăх шыв реестрĕнчи шыв объекчĕн кочĕ — 03030000312103000042200	patˈʂaləχ ˈʂɯʋ rejestrɘnˈd͡ʑi ˈʂɯʋ obˈjekt͡ɕɘn ˈkod͡ʑɘ ˈnolʲ ˈʋiɕːɘ ˈnolʲ ˈʋiɕːɘ ˈnolʲ ˈnolʲ ˈnolʲ ˈnolʲ ˈʋiɕːɘ pɘˈrːe ˈikːɘ pɘˈrːe ˈnolʲ ˈʋiɕːɘ ˈnolʲ ˈnolʲ ˈnolʲ ˈnolʲ təˈʋatːə ˈikːɘ ˈikːɘ ˈnolʲ ˈnolʲ
Вăта Берёзовка — Раççей территоринчи юханшыв. Томск облаçĕ, Красноярск Ен территорипе юхать. Юханшыв Тури Берёзовка юханшывăн сулахай çыранпе вăрринчен 32 км юхса кĕрет. Юханшыв тăршшĕ 39 км.	ʋəˈda berjozoʋˈka raˈɕːej terːidorinˈd͡ʑi juɣanˈʐɯʋ . ˈtomsk obˈlaʑɘ , krasnoˈjarsk ˈjen terːidoriˈbe juˈɣatʲ . juɣanˈʐɯʋ tuˈri berjozoʋˈka juɣanˈʐɯʋən sulaˈɣaj ɕɯranˈbe ʋərːinˈd͡ʑen ˈʋədər ˈik kiloˈmetr juχˈsa kɘˈret . juɣanˈʐɯʋ ˈtərʂːɘ ˈʋədər ˈtəɣər kiloˈmetr .
Кĕçĕн Чибий — Раççей территоринчи юханшыв. Краснодар Ен, Адыгей территорипе юхать. Юханшыв Чибий юханшывăн сылтăм çыранпе вăрринчен 33 км юхса кĕрет. Юханшыв тăршшĕ 16 км.	ˈkɘʑɘn t͡ɕiˈbij raˈɕːej terːidorinˈd͡ʑi juɣanˈʐɯʋ . krasnoˈdar ˈjen , adɯˈɡej terːidoriˈbe juˈɣatʲ . juɣanˈʐɯʋ t͡ɕiˈbij juɣanˈʐɯʋən ˈsɯltəm ɕɯranˈbe ʋərːinˈd͡ʑen ˈʋədər ˈʋiɕ kiloˈmetr juχˈsa kɘˈret . juɣanˈʐɯʋ ˈtərʂːɘ ˈʋun ˈult kiloˈmetr .
Патшалăх шыв реестрĕнчи шыв объекчĕн кочĕ — 03030000112103000047306	patˈʂaləχ ˈʂɯʋ rejestrɘnˈd͡ʑi ˈʂɯʋ obˈjekt͡ɕɘn ˈkod͡ʑɘ ˈnolʲ ˈʋiɕːɘ ˈnolʲ ˈʋiɕːɘ ˈnolʲ ˈnolʲ ˈnolʲ ˈnolʲ pɘˈrːe pɘˈrːe ˈikːɘ pɘˈrːe ˈnolʲ ˈʋiɕːɘ ˈnolʲ ˈnolʲ ˈnolʲ ˈnolʲ təˈʋatːə ˈɕit͡ɕːɘ ˈʋiɕːɘ ˈnolʲ ˈultːə
Мариэтта —Раççей территоринчи юханшыв. Ямал-Ненец автономлă тăрăхĕ, Хантă-Манси автономи тăрăхĕ — Югра территорипе юхать. Юханшыв Мăн Мариэтта юханшывăн сылтăм çыранĕпе вăрринчен 25 км юхса кĕрет. Юханшыв тăршшĕ 12 км.	marieˈtːa raˈɕːej terːidorinˈd͡ʑi juɣanˈʐɯʋ . jaˈmal neˈnet͡s aʋtoˈnomlə ˈtərəɣɘ , ˈχandə manˈzi aʋtonoˈmi ˈtərəɣɘ juɡˈra terːidoriˈbe juˈɣatʲ . juɣanˈʐɯʋ ˈmən marieˈtːa juɣanˈʐɯʋən ˈsɯltəm ɕɯranɘˈbe ʋərːinˈd͡ʑen ˈɕirɘm ˈpilɘk kiloˈmetr juχˈsa kɘˈret . juɣanˈʐɯʋ ˈtərʂːɘ ˈʋun ˈik kiloˈmetr .
Патшалăх шыв реестрĕнчи шыв объекчĕн кочĕ — 15020100112115300020043	patˈʂaləχ ˈʂɯʋ rejestrɘnˈd͡ʑi ˈʂɯʋ obˈjekt͡ɕɘn ˈkod͡ʑɘ pɘˈrːe ˈpilːɘk ˈnolʲ ˈikːɘ ˈnolʲ pɘˈrːe ˈnolʲ ˈnolʲ pɘˈrːe pɘˈrːe ˈikːɘ pɘˈrːe pɘˈrːe ˈpilːɘk ˈʋiɕːɘ ˈnolʲ ˈnolʲ ˈnolʲ ˈikːɘ ˈnolʲ ˈnolʲ təˈʋatːə ˈʋiɕːɘ
Соболиная — Раççей территоринчи юханшыв. Хантă-Манси автономи тăрăхĕ — Югра территорипе юхать. Юханшыв Куль-Еган юханшывăн сылтăм çыранĕпе вăрринчен 313 км юхса кĕрет. Юханшыв тăршшĕ 11 км.	sobolinaˈja raˈɕːej terːidorinˈd͡ʑi juɣanˈʐɯʋ . ˈχandə manˈzi aʋtonoˈmi ˈtərəɣɘ juɡˈra terːidoriˈbe juˈɣatʲ . juɣanˈʐɯʋ ˈkulʲ jeˈɡan juɣanˈʐɯʋən ˈsɯltəm ɕɯranɘˈbe ʋərːinˈd͡ʑen ˈʋiɕ ˈɕɘr ˈʋun ˈʋiɕ kiloˈmetr juχˈsa kɘˈret . juɣanˈʐɯʋ ˈtərʂːɘ ˈʋun ˈpɘr kiloˈmetr .
Патшалăх шыв реестрĕнчи шыв объекчĕн кочĕ — 13010200512115200004190	patˈʂaləχ ˈʂɯʋ rejestrɘnˈd͡ʑi ˈʂɯʋ obˈjekt͡ɕɘn ˈkod͡ʑɘ pɘˈrːe ˈʋiɕːɘ ˈnolʲ pɘˈrːe ˈnolʲ ˈikːɘ ˈnolʲ ˈnolʲ ˈpilːɘk pɘˈrːe ˈikːɘ pɘˈrːe pɘˈrːe ˈpilːɘk ˈikːɘ ˈnolʲ ˈnolʲ ˈnolʲ ˈnolʲ təˈʋatːə pɘˈrːe ˈtəχːər ˈnolʲ
Патшалăх шыв реестрĕнчи шыв объекчĕн кочĕ — 15020300212115300034913	patˈʂaləχ ˈʂɯʋ rejestrɘnˈd͡ʑi ˈʂɯʋ obˈjekt͡ɕɘn ˈkod͡ʑɘ pɘˈrːe ˈpilːɘk ˈnolʲ ˈikːɘ ˈnolʲ ˈʋiɕːɘ ˈnolʲ ˈnolʲ ˈikːɘ pɘˈrːe ˈikːɘ pɘˈrːe pɘˈrːe ˈpilːɘk ˈʋiɕːɘ ˈnolʲ ˈnolʲ ˈnolʲ ˈʋiɕːɘ təˈʋatːə ˈtəχːər pɘˈrːe ˈʋiɕːɘ
Beiträge zur Fauna der Bären-Insel. 2. Der Saibling der Bären-Insel. Bihang till K. Svenska Vet.-Akad. Handlingar 26 (4), (4): 1–8 (1900)	bˈeᶦtɹeᶦd͡ʒ zˈɝ fˈɔːnə dˈɝ bˈɛɹən ˈɪnsəɫ . ˈikːɘ . dˈɝ sˈeᶦblɪnd͡ʒ dˈɝ bˈɛɹən ˈɪnsəɫ . bˈɪeᶦnd͡ʒ tʰˈɪɫ kʰˈeᶦ . svˈɛnskə vˈɛt . əkʰˈɑːd . hˈændlɪŋɡˌɑːɹ ˈɕirɘm ˈultːə təˈʋatːə , təˈʋatːə , pɘˈrːe , ˈsakːər ˈpin ˈtəɣər ˈɕɘr
Сиди-Али — Марокко территоринчи кӳлĕ. юханшыв юхса кĕрет, юхăмсăр облаç юхса тухать. Кӳлĕ лаптăкĕ 5 км².	siˈdi aˈli maroˈkːo terːidorinˈd͡ʑi ˈkylɘ . juɣanˈʐɯʋ juχˈsa kɘˈret , ˈjuɣəmzər obˈlaɕ juχˈsa tuˈɣatʲ . ˈkylɘ ˈlaptəɡɘ ˈpilɘk təʋatˈkal kiloˈmetr .
John Obadiah Westwood: Memoir of the Late Rev. Frederick William Hope. In: The Gentleman's Magazine. F. Jefferies, 1862, S. 785-788; online	d͡ʒˈɑːn ˌoᶷbədˈaᶦə wˈɛstwʊd , mˈɛmwɑːɹ ˈʌv ðˈə lˈeᶦt ɹˈɛv . fɹˈɛdɹɪk wˈɪɫjəm hˈoᶷp . ˈɪn , ðˈə d͡ʒˈɛntəɫmənz mˈæɡəzˌiːn . ˈɛf . d͡ʒˈɛfɹiz , ˈpin ˈsaɡər ˈɕɘr ˈutməl ˈikːɘ , ˈɛs . ˈɕit͡ɕ ˈɕɘr saɡərˈʋunːə ˈpilːɘk , ˈɕit͡ɕ ˈɕɘr saɡərˈʋunːə ˈsakːər , ˈɔːnlaᶦn
Категори:1969 çулта уçнă астрономи объекчĕсем	kadeɡoˈri , ˈpin ˈtəɣər ˈɕɘr ˈutməl ˈtəχːər ɕulˈda ˈuɕnə astronoˈmi objekt͡ɕɘˈzem
Гидрологи тĕпчевленӳ кочĕ (ГТ) — 103007787	ɡidroloˈɡi tɘpt͡ɕeʋleˈny ˈkod͡ʑɘ ˈɡe ˈte ˈɕɘr ˈʋiɕ milːiˈon ˈɕit͡ɕ ˈpin ˈɕit͡ɕ ˈɕɘr saɡərˈʋunːə ˈɕit͡ɕːɘ
Смирнова, Н. «Артист чунĕ ирĕкре çеç уçăлать» / Н. Смирнова // Хыпар. – 1995. – 11 пуш.	smirnoˈʋa , n . arˈdist ˈt͡ɕunɘ irɘkˈre ˈɕeɕ uʑəˈlatʲ n . smirnoˈʋa χɯˈbar . ˈpin ˈtəɣər ˈɕɘr təɣərˈʋunːə ˈpilːɘk . ˈʋun ˈpɘr ˈpuʂ .
Гайслер — Германи территоринчи юханшыв. Бавари территорипе юхать. Юханшыв Лауэр юханшыва юхса кĕрет. Юханшыв тăршшĕ 4,91 км, бассейн лаптăкĕ км².	ɡajsˈler ɡermaˈni terːidorinˈd͡ʑi juɣanˈʐɯʋ . baʋaˈri terːidoriˈbe juˈɣatʲ . juɣanˈʐɯʋ lauˈer juɣanʐɯˈʋa juχˈsa kɘˈret . juɣanˈʐɯʋ ˈtərʂːɘ təˈʋatːə χyreʂˈke ˈtəχːər pɘˈrːe kiloˈmetr , baˈsːejn ˈlaptəɡɘ km .
«Интер» итал клубĕсенчен пĕрремĕш сезонри абонементсене хута кĕртнĕ. 1985 çулхи утăн 30-мĕшĕнче «Интер» итал клубĕсенчен пĕрремĕш хăйĕн тетелри сайтне уçать. 2000 çулхи авăнăн 20-мĕшĕнче клубăн Inter Channel телеканалĕ ĕçлеме тытăннă.	inˈder iˈdal klubɘzenˈd͡ʑen pɘˈrːemɘʂ sezonˈri abonementseˈne χuˈda ˈkɘrtnɘ . ˈpin ˈtəɣər ˈɕɘr saɡərˈʋunːə ˈpilɘk ɕulˈɣi ˈudən ʋədərmɘʐɘnˈd͡ʑe inˈder iˈdal klubɘzenˈd͡ʑen pɘˈrːemɘʂ ˈχəjɘn tedelˈri sajtˈne uˈʑatʲ . ˈik ˈpin ɕulˈɣi ˈaʋənən ɕirɘmːɘʐɘnˈd͡ʑe kˈlubən ɪntˈɝ t͡ʃˈænəɫ teleɡaˈnalɘ ɘɕleˈme ˈtɯdənːə .
Рок Боб (1964 çур.) — канад мусăкçи, юрăсен авторĕ, сасă режиссёрĕ тата продюсер.	ˈrok ˈbob ˈpin ˈtəɣər ˈɕɘr ˈutməl təˈʋat ˈɕur . kaˈnad muzəkˈɕi , jurəˈzen aʋˈtorɘ , ˈsazə reʒisːˈjorɘ taˈda prodjuˈzer .
Тĕп приз «Сăв. Марк арăсланĕ» (Василий Шукшин) в конкурсе фильмов для детей на МКФ в Венеции, 1964;	ˈtɘp pˈriz ˈsəʋ . ˈmark arəsˈlanɘ ʋaziˈlij ʂukˈʂin ʋ konɡurˈze filʲˈmoʋ dlˈja deˈdej ˈna ˈem ˈka ˈef ʋ ʋenet͡siˈi , ˈpin ˈtəɣər ˈɕɘr ˈutməl təˈʋatːə ,
36 — Клеопатра, Антоние Евфрата çити ăсатсан, Иудейĕне кĕрсе Ирод патĕнче чарăннă.	ˈʋədər ˈultːə kleobatˈra , andoniˈje jeʋfraˈda ɕiˈdi əzatˈsan , iudejɘˈne kɘrˈze iˈrod padɘnˈd͡ʑe ˈt͡ɕarənːə .
Зорге — Мускав чукун çулĕн Кĕçĕн пассажир ункинчи чукун çул чарăнăвĕ (МЧÇУ).	zorˈɡe musˈkaʋ t͡ɕuˈɡun ˈɕulɘn ˈkɘʑɘn pasːaˈʒir unɡinˈd͡ʑi t͡ɕuˈɡun ˈɕul ˈt͡ɕarənəʋɘ ˈem ˈt͡ɕe ˈɕe ˈu .
Аянян Эдуард Меликович (Совет Союзĕн Паттăрĕ) — ( -), 2-мĕш Украина фрончĕн 53-мĕш çарĕн 228-мĕш стрелоксен дивизин 795-мĕш стрелоксен полкĕн взвод командирĕ, аслă лейтенант, Совет Союзĕн Паттăрĕ , , , . Указ дати - .	ajanˈjan eduˈard meliɡoˈʋit͡ɕ soˈʋet soˈjuzɘn ˈpatːərɘ , ˈikːɘmɘʂ ukraiˈna fˈrond͡ʑɘn ˈalːə ˈʋiɕːɘmɘʂ ˈɕarɘn ˈik ˈɕɘr ˈɕirɘm ˈsakːərmɘʂ strelokˈsen diʋiˈzin ˈɕit͡ɕ ˈɕɘr təɣərˈʋunːə ˈpilːɘkmɘʂ strelokˈsen ˈpolkɘn ʋzˈʋod komanˈdirɘ , ˈaslə lejdeˈnant , soˈʋet soˈjuzɘn ˈpatːərɘ . uˈɡaz daˈdi .
Пронин Алексей Михайлович дивизи комиссарĕ, генерал-майор (раштав, 1941 -нарăс, 1944)	proˈnin alekˈsej miɣajloˈʋit͡ɕ diʋiˈzi komiˈsːarɘ , ɡeneˈral maˈjor raʂˈtaʋ , ˈpin ˈtəɣər ˈɕɘr ˈχɘrɘχ pɘˈrːe ˈnarəs , ˈpin ˈtəɣər ˈɕɘr ˈχɘrɘχ təˈʋatːə
Манштейн, Эрих, фон. Утерянные победы. Воспоминания фельдмаршала. — М.: Астрель, 2012. — 832 c. — ISBN 978-5-271-40123-7	manʂˈtejn , eˈriχ , ˈfon . uderjanːɯˈje pobeˈdɯ . ʋospominaniˈja felʲdmarʐaˈla . m , astˈrelʲ , ˈik ˈpin ˈʋun ˈikːɘ . ˈsaɡər ˈɕɘr ˈʋədər ˈikːɘ sˈiː . ˌaᶦˌɛsbiːʲˈɛn ˈtəɣər ˈɕɘr ˈɕitmɘl ˈsakːər , ˈpilːɘk , ˈik ˈɕɘr ˈɕitmɘl pɘˈrːe , ˈχɘrɘχ ˈpin ˈɕɘr ˈɕirɘm ˈʋiɕːɘ , ˈɕit͡ɕːɘ
Быков Юрий Михайлович — (1923-11.05.1945), уйрăм Тинĕсçум çарĕн 383-мĕш перевçĕсен дивизин 691-мĕш перевçĕсен полкĕн пулемёт расчёчĕн командирĕ , сержант, Совет Союзĕн Паттăрĕ , , . Указ дати - .	bɯˈɡoʋ juˈrij miɣajloˈʋit͡ɕ ˈpin ˈtəɣər ˈɕɘr ˈɕirɘm ˈʋiɕːɘ , ˈʋun pɘˈrːe . ˈpilːɘk . ˈpin ˈtəɣər ˈɕɘr ˈχɘrɘχ ˈpilːɘk , ˈujrəm tinɘsˈɕum ˈɕarɘn ˈʋiɕ ˈɕɘr saɡərˈʋunːə ˈʋiɕːɘmɘʂ pereʋɕɘˈzen diʋiˈzin ˈult ˈɕɘr təɣərˈʋunːə pɘˈrːemɘʂ pereʋɕɘˈzen ˈpolkɘn pulemˈjot rast͡ɕˈjod͡ʑɘn komanˈdirɘ , serˈʒant , soˈʋet soˈjuzɘn ˈpatːərɘ . uˈɡaz daˈdi .
Винокуров Василий Иосифович — (1.01.1915(19.12.1914)-03.07.1979), Совет Союзĕн Паттăрĕ , , . Указ дати - . Совет Союзĕн Паттăрĕн чысне илнĕ вăхăтра 1-мĕш Украина фрончĕн 3-мĕш гварди танк çарĕн 9-мĕш механизăмланă корпусăн 91-мĕш танк бригадин моторланă батальонăн автоматчиксен ротин старшини, старшина.	ʋinoɡuˈroʋ ʋaziˈlij iozifoˈʋit͡ɕ pɘˈrːe . pɘˈrːe . ˈpin ˈtəɣər ˈɕɘr ˈʋun ˈpilːɘk ˈʋun ˈtəχːər . ˈʋun ˈikːɘ . ˈpin ˈtəɣər ˈɕɘr ˈʋun təˈʋatːə ˈʋiɕːɘ . ˈɕit͡ɕːɘ . ˈpin ˈtəɣər ˈɕɘr ˈɕitmɘl ˈtəχːər , soˈʋet soˈjuzɘn ˈpatːərɘ . uˈɡaz daˈdi . soˈʋet soˈjuzɘn ˈpatːərɘn t͡ɕɯsˈne ˈilnɘ ʋəɣətˈra pɘˈrːemɘʂ ukraiˈna fˈrond͡ʑɘn ˈʋiɕːɘmɘʂ ɡʋarˈdi ˈtank ˈɕarɘn ˈtəχːərmɘʂ meɣanizəmˈlanə korˈbuzən təɣərˈʋunːə pɘˈrːemɘʂ ˈtank briɡaˈdin modorˈlanə badaˈlʲonən aʋtomatt͡ɕikˈsen roˈdin starʐiˈni , starʐiˈna .
1994-мĕш çул хыççăн «Комбинация» ушкăна та Татьяна Геннадьевна Иванова хăй ертсе пынă. Ахăртнех, паянхи кунчченех çапла.	ˈpin ˈtəɣər ˈɕɘr təɣərˈʋunːə təˈʋatːəmɘʂ ˈɕul ˈχɯɕːən kombinat͡siˈja uʂkəˈna ˈta tatʲjaˈna ɡenːadʲjeʋˈna iʋanoˈʋa ˈχəj jertˈse ˈpɯnə . aɣərtˈneχ , pajanˈɣi kunt͡ɕːeˈneχ ɕapˈla .
Гусев Сергей Иванович — (28.08.1918-18.01.1945), Совет Союзĕн Паттăрĕ , , . Указ дати - . Совет Союзĕн Паттăрĕн чысне илнĕ вăхăтра 3-мĕш Беларуç фрончĕн 28-мĕш çарĕн 130-мĕш перевçĕсен дивизин564-мĕш перевçĕсен полкĕн 2-мĕш перевçĕсен батальонĕн политика пайĕпе командирĕн çумĕ, капитан.	ɡuˈzeʋ serˈɡej iʋanoˈʋit͡ɕ ˈɕirɘm ˈsakːər . ˈsakːər . ˈpin ˈtəɣər ˈɕɘr ˈʋun ˈsakːər ˈʋun ˈsakːər . pɘˈrːe . ˈpin ˈtəɣər ˈɕɘr ˈχɘrɘχ ˈpilːɘk , soˈʋet soˈjuzɘn ˈpatːərɘ . uˈɡaz daˈdi . soˈʋet soˈjuzɘn ˈpatːərɘn t͡ɕɯsˈne ˈilnɘ ʋəɣətˈra ˈʋiɕːɘmɘʂ belaˈruɕ fˈrond͡ʑɘn ˈɕirɘm ˈsakːərmɘʂ ˈɕarɘn ˈɕɘr ˈʋədərmɘʂ pereʋɕɘˈzen diʋizinˈbilɘk ˈɕɘr ˈutməl təˈʋatːəmɘʂ pereʋɕɘˈzen ˈpolkɘn ˈikːɘmɘʂ pereʋɕɘˈzen badaˈlʲonɘn polidiˈɡa pajɘˈbe komanˈdirɘn ˈɕumɘ , kabiˈdan .
Дьяченко Фёдор Сергеевич — (30.09.1919-12.12.1983), Совет Союзĕн Паттăрĕ , , . Указ дати - . Совет Союзĕн Паттăрĕн чысне илнĕ вăхăтра Хура тинĕс флочĕн сыхлакан катерсен 8-мĕш дивизионĕн СКА-018 сыхлакан катерăн командирĕ, капитан-лейтенант.	dʲjad͡ʑenˈɡo fjoˈdor serɡejeˈʋit͡ɕ ˈʋədər . ˈtəχːər . ˈpin ˈtəɣər ˈɕɘr ˈʋun ˈtəχːər ˈʋun ˈikːɘ . ˈʋun ˈikːɘ . ˈpin ˈtəɣər ˈɕɘr saɡərˈʋunːə ˈʋiɕːɘ , soˈʋet soˈjuzɘn ˈpatːərɘ . uˈɡaz daˈdi . soˈʋet soˈjuzɘn ˈpatːərɘn t͡ɕɯsˈne ˈilnɘ ʋəɣətˈra χuˈra ˈtinɘs fˈlod͡ʑɘn sɯχlaˈɡan kaderˈzen ˈsakːərmɘʂ diʋiziˈonɘn sˈka ˈʋun ˈsakːər sɯχlaˈɡan kaˈderən komanˈdirɘ , kabiˈdan lejdeˈnant .
«…А я пролетарий, подался в планетарий…», Игорь Эренбург сăвви çине.	ˈa ˈja proledaˈrij , podalsˈja ʋ planedaˈrij , iˈɡorʲ erenˈburɡ səˈʋːi ɕiˈne .
Герштейн C. С. Великий универсал XX века (к 100-летию Льва Давидовича Ландау)	ɡerʂˈtejn sˈiː ˈes ʋeliˈɡij uniʋerˈzal ˈɕirɘm ʋeˈɡa k ˈɕɘr lediˈju lʲˈʋa daʋidoʋiˈd͡ʑa landaˈu
Кивĕ Йĕлмел (, ) — Тутарстанăн Çĕпрел районĕнчи чăваш ялĕ. Кивĕ Çĕпрел ял тăрăхĕнче шутланать.	ˈkiʋɘ jɘlˈmel , tudarsˈtanən ɕɘpˈrel rajonɘnˈd͡ʑi t͡ɕəˈʋaʂ ˈjalɘ . ˈkiʋɘ ɕɘpˈrel ˈjal tərəɣɘnˈd͡ʑe ʂutlaˈnatʲ .
Библиотека Царское Село, книги по истории Тверской губернии (Памятные книжки), PDF	bibliodeˈɡa t͡sarskoˈje seˈlo , kniˈɡi ˈpo istoriˈi tʋersˈkoj ɡuberniˈi pamjatnɯˈje kniʒˈki , pʰˌiːd̬iːʲˈɛf
1978 тата 1986 çулсенче А. Суслина Тĕнчери математиксен конгресне доклад тума чĕннĕ, 1986 çулта ăна пленумра доклад вулама ирĕк панă .	ˈpin ˈtəɣər ˈɕɘr ˈɕitmɘl ˈsaɡər taˈda ˈpin ˈtəɣər ˈɕɘr saɡərˈʋunːə ˈult ɕulzenˈd͡ʑe ˈa . susliˈna tɘnd͡ʑeˈri mademadikˈsen konɡresˈne dokˈlad tuˈma ˈt͡ɕɘnːɘ , ˈpin ˈtəɣər ˈɕɘr saɡərˈʋunːə ˈult ɕulˈda əˈna plenumˈra dokˈlad ʋulaˈma ˈirɘk ˈpanə .
Тов Э. Текстология Ветхого Завета = Textual Criticism of the Hebrew Bible / Пер. К. Бурмистров, Г. Ястребов. — М. : Библейско-богословский ин-т св. апостола Андрея, 2001. — 424 с. — ISBN 5-89647-031-2.	ˈtoʋ ˈe tekstoloɡiˈja ʋetχoˈɡo zaʋeˈda tʰˈɛkst͡ʃuːəɫ kɹˈɪt̬ɪsˌɪzəm ˈʌv ðˈə hˈiːbɹuː bˈaᶦbəɫ ˈper . k . burmistˈroʋ , ɡ . jastreˈboʋ . m , biblejsˈko boɡosloʋsˈkij ˈin t sʋ . abostoˈla andreˈja , ˈik ˈpin pɘˈrːe . təˈʋat ˈɕɘr ˈɕirɘm təˈʋat s . ˌaᶦˌɛsbiːʲˈɛn ˈpilːɘk , saɡərˈʋunːə ˈtəɣər ˈpin ˈult ˈɕɘr ˈχɘrɘχ ˈɕit͡ɕːɘ , ˈʋədər pɘˈrːe , ˈikːɘ .
