stellen sie sicher dass sie wissen was sie einführen können und was nicht und geben sie alles an was über die gesetzlichen grenzen hinausgeht	ʃtˈɛlən ziː zˈɪçɐ das ziː vˈɪsən vas ziː ˈaɪ̯nfyːʁən kˈœnən ʊnt vas nɪçt ʊnt ɡˈeːbən ziː ˈaləs an vas ˈyːbɐ diː ɡəzˈɛt͡slɪçən ɡʁˈɛnt͡sən hˈɪnaʊ̯sɡeːt
wissenschaftler haben vermutet dass enceladus geologisch aktiv und möglicherweise eine quelle für den eishaltigen e-ring saturns sein könnte	vˈɪsənʃaftlɐ hˈaːbən fɛɐ̯mˈuːtət das ˈɛnkeːlaːduːs ɡəˈoːloːɡɪʃ aktˈiːf ʊnt mˈøːɡlɪçɐvaɪ̯zə ˈaɪ̯nə kvˈɛlə fyːɐ̯ den ˈaɪ̯shaltiːɡən eː ʁɪŋ zaːtˈʊɐ̯ns zaɪ̯n kˈœntə
das ist der fall wenn menschen zum entspannen und vergnügen an einen ort gehen der sich stark von ihrem normalen alltagsleben unterscheidet	das ɪst deːɐ̯ fal vɛn mˈɛnʃən t͡suːm ɛntʃpˈanən ʊnt fɛɐ̯ɡnˈyːɡən an ˈaɪ̯nən ɔɐ̯t ɡˈeːən deːɐ̯ zɪç ʃtaɐ̯k fɔn ˈiːʁəm nɔɐ̯mˈaːlən ˈaltaksleːbən ˈʊntɐʃaɪ̯dət
der europäische einfluss und der kolonialismus begannen im 15. jahrhundert als der portugiesische seefahrer vasco da gama die kaproute von europa nach indien entdeckte	deːɐ̯ ɔʏ̯ʁoːpˈɛːɪʃə ˈaɪ̯nflʊs ʊnt deːɐ̯ kˈoːloːni̯aːlɪsmuːs bəɡˈanən ɪm fˈʏnft͡seːntən jaːɐ̯hˈʊndɐt als deːɐ̯ pɔɐ̯tuːɡˈiːzɪʃə zˈeːfaːʁɐ fˈaskoː daː ɡˈaːmaː diː kˈapʁoːuːtə fɔn ɔʏ̯ʁˈoːpa naːx ˈɪndi̯ən ɛntdˈɛktə
die angreifer von mumbai kamen am 26. november 2008 mit hilfe von booten und brachten granaten und automatische waffen mit sie trafen mehrere ziele einschließlich den vielbesuchten chhatrapai shivaji terminus-bahnhof und das berühmte taj mahal-hotel	diː ˈanɡʁaɪ̯fɐ fɔn mˈʊmbaɪ̯ kˈaːmən am zˈɛçzʊntt͡svant͡sɪkstən nofˈɛmbɐ t͡svˈaɪ̯taʊ̯zənt axt mɪt hˈɪlfə fɔn bˈoːtən ʊnt bʁˈaxtən ɡʁaːnˈaːtən ʊnt ˈaʊ̯toːmaːtɪʃə vˈafən mɪt ziː tʁˈaːfən mˈeːʁəʁə t͡sˈiːlə ˈaɪ̯nʃliːslɪç den fˈiːlbeːzʊxtən khˈatʁaːpaɪ̯ shˈiːfaːjiː tˈɛɐ̯miːnʊs bˈaːnhoːf ʊnt das bəʁˈyːmtə taːj mˈaːaːl hotˈɛl
mit der einführung dieser regelung könnte diese freiheit enden	mɪt deːɐ̯ ˈaɪ̯nfyːʁʊŋ dˈiːzɐ ʁˈeːɡeːlʊŋ kˈœntə dˈiːzə fʁˈaɪ̯haɪ̯t ˈɛndən
um genau 8:46 uhr fiel eine stille über die stadt und markierte den exakten moment in dem das erste flugzeug sein ziel traf	ʊm ɡənˈaʊ̯ axt uːɐ̯ zˈɛçsʊntfɪɐ̯t͡sɪç fiːl ˈaɪ̯nə ʃtˈɪlə ˈyːbɐ diː ʃtat ʊnt maɐ̯kˈiːɐ̯tə den eːksˈaktən momˈɛnt ɪn deːm das ˈeːɐ̯stə flˈuːkt͡sɔʏ̯k zaɪ̯n t͡siːl tʁaːf
peter costello australischer schatzmeister und der mann der am ehesten die nachfolge von premierminister john howard als parteivorsitzender der liberalen antreten wird hat seine unterstützung für eine kernkraftindustrie in australien zum ausdruck gebracht	pˈeːtɐ kˈɔstɛloː ˈaʊ̯stʁaːlɪʃɐ ʃˈat͡smaɪ̯stɐ ʊnt deːɐ̯ man deːɐ̯ am ˈeːəstən diː nˈaːxfɔlɡə fɔn pʁemˈiːɐ̯minɪstɐ joːn hˈoːvaɐ̯t als paɐ̯tˈaɪ̯foːɐ̯zɪt͡səndɐ deːɐ̯ liːbeːʁˈaːlən ˈantʁeːtən vɪɐ̯t hat zˈaɪ̯nə ʊntɐʃtˈʏt͡sʊŋ fyːɐ̯ ˈaɪ̯nə kˈɛɐ̯nkʁaftɪndʊstʁiː ɪn aʊ̯stʁaːlˈiːn t͡suːm ˈaʊ̯sdʁʊk ɡəbʁˈaxt
internationale sanktionen haben bewirkt dass keine neuen flugzeuge gekauft werden können	ˈɪntɐnaːt͡si̯oːnaːlə zaŋkt͡si̯ˈoːnən hˈaːbən bəvˈɪɐ̯kt das kˈaɪ̯nə nˈɔʏ̯ən flˈuːkt͡sɔʏ̯ɡə ɡəkˈaʊ̯ft vˈeːɐ̯dən kˈœnən
viele paläontologen glauben heutzutage dass es eine gruppe von dinosauriern gibt die überlebt haben und heute noch leben wir nennen sie vögel	fˈiːlə pˈaːlɛːɔntoːloːɡən ɡlˈaʊ̯bən hˈɔʏ̯t͡sutaːɡə das ɛs ˈaɪ̯nə ɡʁˈʊpə fɔn diːnoːzˈaʊ̯ʁiːɐ̯n ɡiːpt diː ˈyːbɐleːpt hˈaːbən ʊnt hˈɔʏ̯tə nɔx lˈeːbən viːɐ̯ nˈɛnən ziː fˈøːɡəl
die website des senders beschreibt die show als radiotheater alter schule mit einer neuen und unheimlichen schrägen interpretation	diː vˈɛpsiːtə dəs zˈɛndɐs bəʃʁˈaɪ̯pt diː shɔf als ʁˈaːdiːoːteaːtɐ ˈaltɐ ʃˈuːlə mɪt ˈaɪ̯nɐ nˈɔʏ̯ən ʊnt ˈʊnhaɪ̯mlɪçən ʃʁˈɛːɡən ɪntɐpʁɛtat͡si̯ˈɔn
erfolgsgeschichten wie diese verringerten die angst vor veränderung und erzeugten zugleich eine positive einstellung gegenüber kommender änderungen	ɛɐ̯fˈɔlksɡɛʃɪçtən viː dˈiːzə fɛɐ̯ʁˈɪŋɐtən diː aŋst foːɐ̯ fɛɐ̯ˈɛndəʁʊŋ ʊnt ɛɐ̯t͡sˈɔʏ̯ktən t͡suɡlˈaɪ̯ç ˈaɪ̯nə pˈoːziːtiːfə ˈaɪ̯nʃtɛlʊŋ ɡeːɡˈɛnyːbɐ kɔmˈɛndɐ ˈɛndəʁʊŋən
unwetter können überall auf der welt auftreten und es gibt verschiedene arten davon die von der geographie topographie und den atmosphärischen bedingungen abhängen	ˈʊnvɛtɐ kˈœnən yːbɛʁˈal aʊ̯f deːɐ̯ vɛlt ˈaʊ̯ftʁeːtən ʊnt ɛs ɡiːpt fɛɐ̯ʃˈiːdeːnə ˈaːɐ̯tən dafˈɔn diː fɔn deːɐ̯ ɡəˈɔɡʁafi̯ə tˈoːpɔɡʁafi̯ə ʊnt den atmɔsfˈɛːʁɪʃən bədˈɪŋʊŋən ˈaphɛŋən
wenn die kapsel um etwa 5 uhr morgens eastern time die erde erreicht und in die atmosphäre eintritt wird sie für die leute in nordkalifornien oregon nevada und utah wahrscheinlich eine beeindruckende lightshow abgeben	vɛn diː kˈapsəl ʊm ˈɛtva fʏnf uːɐ̯ mˈɔɐ̯ɡəns ˈeːastɐn tˈiːmə diː ˈeːɐ̯də ɛʁˈaɪ̯çt ʊnt ɪn diː atmosfˈɛːʁə ˈaɪ̯ntʁɪt vɪɐ̯t ziː fyːɐ̯ diː lˈɔʏ̯tə ɪn nˈɔɐ̯tkaːliːfɔɐ̯ni̯ən ˈoːʁeɡɔn nevˈaːda ʊnt ˈuːta vaːɐ̯ʃˈaɪ̯nlɪç ˈaɪ̯nə bəˈaɪ̯ndʁʊkɛndə lˈɪɡhtshoːf ˈapɡeːbən
die entscheidung von rudd das klimaabkommen von kyoto zu unterzeichnen isoliert die vereinigten staaten die nun die einzige entwickelte nation sind die dem abkommen nicht zustimmen	diː ɛntʃˈaɪ̯dʊŋ fɔn ʁʊt das klˈiːmaapkɔmən fɔn kˈyːoːtoː t͡suː ʊntɐt͡sˈaɪ̯çnən iːzoːlˈiːɐ̯t diː fɛɐ̯ˈaɪ̯nɪktən ʃtˈaːtən diː nuːn diː ˈaɪ̯nt͡siːɡə ɛntvˈɪkɛltə naːt͡si̯ˈoːn zɪnt diː deːm ˈapkɔmən nɪçt t͡sˈuːʃtɪmən
die vielgeschmähte und oft verspottete drittel-regel ist eine einfache richtlinie die dynamik schafft und gleichzeitig ein maß an ordnung in einem bild bewahrt	diː fˈiːlɡɛʃmɛːtə ʊnt ɔft fɛɐ̯ʃpˈɔteːtə dʁˈɪtəl ʁˈeːɡəl ɪst ˈaɪ̯nə ˈaɪ̯nfaxə ʁˈɪçtliːni̯ə diː dynˈaːmɪk ʃaft ʊnt ɡlˈaɪ̯çt͡saɪ̯tɪç aɪ̯n maːs an ˈɔɐ̯dnʊŋ ɪn ˈaɪ̯nəm bɪlt bəvˈaːɐ̯t
die pflegestelle soll alle bedürfnisse abdecken die sie in dem zu hause aus dem sie zuvor herausgenommen wurden nicht bekommen hatten	diː pflˈeːɡəʃtɛlə zɔl ˈalə bədˈʏɐ̯fnɪsə ˈapdɛkən diː ziː ɪn deːm t͡suː hˈaʊ̯zə aʊ̯s deːm ziː t͡sufˈoːɐ̯ hˈeːɐ̯aʊ̯sɡənɔmən vˈʊɐ̯dən nɪçt bəkˈɔmən hˈatən
nach stand vom mittwochnachmittag waren die tankventile immer noch undicht wahrscheinlich aufgrund einer thermischen expansion aus dem inneren des tanks	naːx ʃtant fɔm mˈɪtvɔxnaːxmɪtaːk vˈaːʁən diː tˈaŋkfɛntiːlə ˈɪmɐ nɔx ˈʊndɪçt vaːɐ̯ʃˈaɪ̯nlɪç aʊ̯fɡʁʊnt ˈaɪ̯nɐ tˈɛɐ̯mɪʃən ɛkspanzi̯ˈoːn aʊ̯s deːm ˈɪnəʁeːn dəs taŋks
"""wir haben eine einjährige finanzkrise die ihren intensivsten zeitpunkt in den vergangenen zwei monaten hatte und ich denke jetzt beginnen sich die finanzmärkte zu erholen.""	viːɐ̯ hˈaːbən ˈaɪ̯nə ˈaɪ̯njɛːʁiːɡə fɪnˈant͡skʁiːzə diː ˈiːʁən ɪntɛnzˈiːfstən t͡sˈaɪ̯tpʊŋkt ɪn den fɛɐ̯ɡˈaŋeːnən t͡svaɪ̯ mˈoːnaːtən hˈatə ʊnt ɪç dˈɛŋkə jɛt͡st bəɡˈɪnən zɪç diː finˈant͡smɛɐ̯ktə t͡suː ɛɐ̯hˈoːlən .
china exportierte im vergangenen jahr erstmals mehr autos als deutschland und löste die vereinigten staaten als größten markt für diese industrie ab	çˈiːna ˈɛkspɔɐ̯tiːɐ̯tə ɪm fɛɐ̯ɡˈaŋeːnən jaːɐ̯ ˈɛɐ̯stmals meːɐ̯ ˈaʊ̯toːs als dˈɔʏ̯t͡ʃlant ʊnt lˈœstə diː fɛɐ̯ˈaɪ̯nɪktən ʃtˈaːtən als ɡʁˈøːstən maɐ̯kt fyːɐ̯ dˈiːzə ɪndʊstʁˈiː ap
die idee des skifahrens ist sehr alt höhlenmalereien mit darstellungen von skifahrern gehen bis 5000 v. chr. zurück	diː idˈeː dəs skˈiːfaːʁəns ɪst zeːɐ̯ alt hˈøːlənmaːleːʁaɪ̯ən mɪt dˈaːɐ̯ʃtɛlʊŋən fɔn skˈiːfaːʁɐn ɡˈeːən bɪs fʏnftˈaʊ̯zənt foːɐ̯ kʁˈɪstʊs t͡suʁˈʏk
chiao und scharipow berichteten dass sie sich in sicherer entfernung zu den lagekontrolldüsen befanden	çˈiːaːoː ʊnt ʃˈaːʁiːpoːf bəʁˈɪçteːtən das ziː zɪç ɪn zˈɪçeːʁɐ ɛntfˈɛɐ̯nʊŋ t͡suː den lˈaːɡeːkɔntʁɔldyːzən bəfˈandən
richard veerman sprecher von ärzte ohne grenzen sagte angola steuert auf den schlimmsten ausbruch aller zeiten zu und die lage in angola ist nach wie vor sehr schlecht	ʁˈɪçaɐ̯t fˈeːɐ̯maːn ʃpʁˈɛçɐ fɔn ˈɛːɐ̯t͡stə ˈoːnə ɡʁˈɛnt͡sən zˈaːktə anɡˈoːlaː ʃtˈɔʏ̯ɐt aʊ̯f den ʃlˈɪmstən ˈaʊ̯sbʁʊx ˈalɐ t͡sˈaɪ̯tən t͡suː ʊnt diː lˈaːɡə ɪn anɡˈoːlaː ɪst naːx viː foːɐ̯ zeːɐ̯ ʃlɛçt
ein weiterer nachteil von teleobjektiven besteht darin dass die maximale blendenöffnung die geschwindigkeit der linse für gewöhnlich niedriger ist	aɪ̯n vˈaɪ̯teːʁɐ nˈaːxtaɪ̯l fɔn tˈeːleːɔbjɛktiːfən bəʃtˈeːt daʁˈɪn das diː maːksiːmˈaːlə blˈɛndeːnœfnʊŋ diː ɡəʃvˈɪndɪçkaɪ̯t deːɐ̯ lˈɪnzə fyːɐ̯ ɡəvˈøːnlɪç nˈiːdʁiːɡɐ ɪst
es ist beinahe unmöglich die währung der falklandinseln außerhalb der inseln selbst umzutauschen daher sollten sie das geld vor der abreise von der insel umtauschen.x	ɛs ɪst baɪ̯nˈaːə ʊnmˈøːɡlɪç diː vˈɛːʁʊŋ deːɐ̯ fˈalklandɪnzəln ˈaʊ̯sɐhalp deːɐ̯ ˈɪnzəln zɛlpst ˈʊmt͡suːtaʊ̯ʃən dˈaːɐ zˈɔltən ziː das ɡɛlt foːɐ̯ deːɐ̯ ˈapʁaɪ̯zə fɔn deːɐ̯ ˈɪnzəl ˈʊmtaʊ̯ʃən . ks
auf dem gelände werden derzeit fünf neue wolkenkratzer gebaut mit einem transportzentrum und einem gedenkpark in der mitte	aʊ̯f deːm ɡəlˈɛndə vˈeːɐ̯dən dˈeːɐ̯t͡saɪ̯t fʏnf nˈɔʏ̯ə vˈɔlkənkʁat͡sɐ ɡəbˈaʊ̯t mɪt ˈaɪ̯nəm tʁˈanspɔɐ̯tt͡sɛntʁʊm ʊnt ˈaɪ̯nəm ɡədˈɛŋkpaɐ̯k ɪn deːɐ̯ mˈɪtə
arias wurde positiv auf einen milden fall des virus getestet sagte der präsidentschaftsminister	ˈaːʁi̯aːs vˈʊɐ̯də pˈoːzitiːf aʊ̯f ˈaɪ̯nən mˈɪldən fal dəs vˈiːʁʊs ɡətˈɛstət zˈaːktə deːɐ̯ pʁɛːziːdˈɛnt͡ʃaftsminɪstɐ
berichten zufolge ist eine wohnung in der macbeth street aufgrund eines gaslecks explodiert	bəʁˈɪçtən t͡sufˈɔlɡə ɪst ˈaɪ̯nə vˈoːnʊŋ ɪn deːɐ̯ mˈakbət ʃtʁeːt aʊ̯fɡʁʊnt ˈaɪ̯nəs ɡˈasləks ɛksploːdˈiːɐ̯t
gestern gab die postniederlassung eine entschuldigung an die bürger und medien heraus nachdem bekannt geworden war dass der junge mehr als 600 postsachen einschließlich 429 neujahrs-postkarten versteckt und nicht an die vorgesehenen empfänger ausgeliefert hatte	ɡˈɛstɐn ɡaːp diː pˈɔstniːdɐlasʊŋ ˈaɪ̯nə ɛntʃˈʊldiɡʊŋ an diː bˈʏɐ̯ɡɐ ʊnt mˈeːdi̯ən heːʁˈaʊ̯s naːxdˈeːm bəkˈant ɡəvˈɔɐ̯dən vaːɐ̯ das deːɐ̯ jˈʊŋə meːɐ̯ als zˈɛçshʊndɐt pˈɔstzaxən ˈaɪ̯nʃliːslɪç fˈiːɐ̯hʊndɐtnɔʏ̯nʊntt͡svant͡sɪç nˈɔʏ̯jaːɐ̯s pˈɔstkaɐ̯tən fɛɐ̯ʃtˈɛkt ʊnt nɪçt an diː fˈoːɐ̯ɡəzeːeːnən ɛmpfˈɛŋɐ ˈaʊ̯sɡəliːfɐt hˈatə
"john grant von wned buffalo reading rainbows heimatstation sagte: "reading rainbow hat kindern beigebracht warum sie lesen sollten ... die liebe zum lesen - [die show] hat kinder dazu ermutigt ein buch in die hand zu nehmen und zu lesen.""	joːn ɡʁant fɔn vneːt bˈʊfaːloː ʁˈeːaːdɪŋ ʁˈaɪ̯nbɔfs hˈaɪ̯matʃtaːt͡si̯oːn zˈaːktə , ʁˈeːaːdɪŋ ʁˈaɪ̯nboːf hat kˈɪndɐn bˈaɪ̯ɡəbʁaxt vaʁˈʊm ziː lˈeːzən zˈɔltən . diː lˈiːbə t͡suːm lˈeːzən diː shɔf hat kˈɪndɐ dat͡sˈuː ɛɐ̯mˈuːtɪkt aɪ̯n buːx ɪn diː hant t͡suː nˈeːmən ʊnt t͡suː lˈeːzən .
sie verfügen oft über mehr autonomie als herkömmliche teammitglieder da ihre teams in verschiedenen zeitzonen zusammentreffen können die von der örtlichen leitung möglicherweise nicht berücksichtigt werden	ziː fɛɐ̯fˈyːɡən ɔft ˈyːbɐ meːɐ̯ aʊ̯tonomˈiː als hˈeːɐ̯kœmlɪçə tˈeːaːmmɪtɡliːdɐ daː ˈiːʁə tˈeːams ɪn fɛɐ̯ʃˈiːdeːnən t͡sˈaɪ̯t͡soːnən t͡sˈuːzamɛntʁɛfən kˈœnən diː fɔn deːɐ̯ ˈœɐ̯tlɪçən lˈaɪ̯tʊŋ mˈøːɡlɪçɐvaɪ̯zə nɪçt bəʁˈʏkzɪçtɪkt vˈeːɐ̯dən
es macht wohl auch das lesen einfacher aber das schreiben ist einigermaßen schwierig weil man feststellen muss ob ein tunwort oder eigenschaftswort als hauptwort verwendet wird	ɛs maxt voːl aʊ̯x das lˈeːzən ˈaɪ̯nfaxɐ ˈaːbɐ das ʃʁˈaɪ̯bən ɪst ˈaɪ̯niːɡɐmaːsən ʃvˈiːʁɪç vaɪ̯l man fˈɛstʃtɛlən mʊs ɔp aɪ̯n tˈuːnvɔɐ̯t ˈoːdɐ ˈaɪ̯ɡənʃaftsvɔɐ̯t als hˈaʊ̯ptvɔɐ̯t fɛɐ̯vˈɛndət vɪɐ̯t
reid schaffte es neuseelands a1gp-auto black beauty sieben mal mit geschwindigkeiten von über 160 km/h über die brücke zu fahren	ʁaɪ̯t ʃˈaftə ɛs nɔʏ̯zˈeːlants aː aɪ̯ns kp ˈaʊ̯to blak bəˈaʊ̯tyː zˈiːbən maːl mɪt ɡəʃvˈɪndɪçkaɪ̯tən fɔn ˈyːbɐ ˈaɪ̯nhʊndɐtzɛçt͡sɪç kilomˈeːtɐ pʁoː ʃtˈʊndə ˈyːbɐ diː bʁˈʏkə t͡suː fˈaːʁən
in einigen föderal organisierten ländern wie den vereinigten staaten und kanada wird die einkommenssteuer sowohl auf föderaler wie auch lokaler ebene erhoben daher können sich die steuerraten und gruppen von region zu region unterscheiden	ɪn ˈaɪ̯nɪɡən fˈøːdeːʁaːl ɔɐ̯ɡaːniːzˈiːɐ̯tən lˈɛndɐn viː den fɛɐ̯ˈaɪ̯nɪktən ʃtˈaːtən ʊnt kˈanada vɪɐ̯t diː ˈaɪ̯nkɔmənsʃtɔʏ̯ɐ zovˈoːl aʊ̯f fˈøːdeːʁaːlɐ viː aʊ̯x loːkˈaːlɐ ˈeːbənə ɛɐ̯hˈoːbən dˈaːɐ kˈœnən zɪç diː ʃtˈɔʏ̯ɐʁaːtən ʊnt ɡʁˈʊpən fɔn ʁeːɡi̯ˈoːn t͡suː ʁeːɡi̯ˈoːn ʊntɐʃˈaɪ̯dən
einem solchen netzwerk beizutreten erfordert für gewöhnlich bloß das ausfüllen eines online-formulars obwohl einige netzwerke zusätzliche überprüfungen anbieten oder erfordern	ˈaɪ̯nəm zˈɔlxən nˈɛt͡svɛɐ̯k bˈaɪ̯t͡suːtʁeːtən ɛɐ̯fˈɔɐ̯dɐt fyːɐ̯ ɡəvˈøːnlɪç bloːs das ˈaʊ̯sfʏlən ˈaɪ̯nəs ˈɔnliːnə fˈɔɐ̯muːlaɐ̯s ɔpvˈoːl ˈaɪ̯nɪɡə nˈɛt͡svɛɐ̯kə t͡sˈuːzɛt͡slɪçə ˈyːbɐpʁyːfʊŋən ˈanbiːtən ˈoːdɐ ɛɐ̯fˈɔɐ̯dɐn
während der wahlen im jahre 1976 beriet er carter in der außenpolitik und diente dann von 1977 bis 1981 in nachfolge von henry kissinger als als nationaler sicherheitsberater nsa	vˈɛːʁənt deːɐ̯ vˈaːlən ɪm jˈaːʁə nˈɔʏ̯nt͡seːnhʊndɐtzɛçzʊntziːpt͡sɪç bəʁˈiːt eːɐ̯ kˈaɐ̯tɐ ɪn deːɐ̯ ˈaʊ̯sənpoːliːtiːk ʊnt dˈiːntə dan fɔn nˈɔʏ̯nt͡seːnhʊndɐtziːbeːnʊntziːpt͡sɪç bɪs nˈɔʏ̯nt͡seːnhʊndɐtaɪ̯nʊndaxt͡sɪç ɪn nˈaːxfɔlɡə fɔn hˈɛnʁyː kˈɪsɪŋɐ als als naːt͡si̯oːnˈaːlɐ zˈɪçɐhaɪ̯tsbəʁaːtɐ nzaː
jedes land hat außerdem spezifische gesetze die vorschreiben welche gegenstände sich für notfälle im auto befinden müssen	jˈeːdəs lant hat ˈaʊ̯sɐdem ʃpeːt͡sˈiːfɪʃə ɡəzˈɛt͡sə diː fˈoːɐ̯ʃʁaɪ̯bən vˈɛlçə ɡˈeːɡənʃtɛndə zɪç fyːɐ̯ nˈɔtfɛlə ɪm ˈaʊ̯to bəfˈɪndən mˈʏsən
die abstimmung muss noch vom gesamten iok auf seiner oktobertagung in kopenhagen ratifiziert werden	diː ˈapʃtɪmʊŋ mʊs nɔx fɔm ɡəzˈamtən ˈiːoːk aʊ̯f zˈaɪ̯nɐ ˈɔktoːbɐtaːɡʊŋ ɪn kopənhˈaːɡən ʁˈaːtiːfiːt͡siːɐ̯t vˈeːɐ̯dən
das britische pfund wird grundsätzlich überall auf den inseln und bei stanley-kreditkarten akzeptiert auch us-dollar werden häufig akzeptiert	das bʁˈiːtɪʃə pfʊnt vɪɐ̯t ɡʁʊntzˈɛt͡slɪç yːbɛʁˈal aʊ̯f den ˈɪnzəln ʊnt baɪ̯ ʃtˈanleːyː kʁˈeːdɪtkaɐ̯tən akt͡sɛptˈiːɐ̯t aʊ̯x uːs dˈɔlaɐ̯ vˈeːɐ̯dən hˈɔʏ̯fɪç akt͡sɛptˈiːɐ̯t
der spanische erbfolgekrieg stellt den ersten krieg dar dessen hauptproblem das machtgleichgewicht war	deːɐ̯ ʃpˈaːnɪʃə ɛɐ̯pfˈɔlɡɛkʁiːk ʃtɛlt den ˈɛɐ̯stən kʁiːk daːɐ̯ dˈɛsən hˈaʊ̯ptpʁoblem das mˈaxtɡlaɪ̯çɡəvɪçt vaːɐ̯
ihre leistung könnte eingeschränkt oder nicht verfügbar sein wenn sie keine datenverbindung mit ihrem telefon haben oder wenn es sich außerhalb der reichweite befindet	ˈiːʁə lˈaɪ̯stʊŋ kˈœntə ˈaɪ̯nɡəʃʁɛŋkt ˈoːdɐ nɪçt fɛɐ̯fˈyːkbaːɐ̯ zaɪ̯n vɛn ziː kˈaɪ̯nə dˈaːtənfɛɐ̯bɪndʊŋ mɪt ˈiːʁəm teːləfˈoːn hˈaːbən ˈoːdɐ vɛn ɛs zɪç ˈaʊ̯sɐhalp deːɐ̯ ʁˈaɪ̯çvaɪ̯tə bəfˈɪndət
beratungen sind lediglich eine kurze zusammenfassung der politischen situation in einem land	bəʁˈaːtʊŋən zɪnt lˈeːdɪçlɪç ˈaɪ̯nə kˈʊɐ̯t͡sə t͡suzˈamənfasʊŋ deːɐ̯ poːlˈiːtɪʃən ziːtuːˈaːt͡si̯oːn ɪn ˈaɪ̯nəm lant
jede show gab auch empfehlungen für bücher nach denen kinder ausschau halten sollten wenn sie in ihre bibliothek gehen	jˈeːdə shɔf ɡaːp aʊ̯x ɛmpfˈeːlʊŋən fyːɐ̯ bˈyːçɐ naːx dˈeːnən kˈɪndɐ ˈaʊ̯sʃaʊ̯ hˈaltən zˈɔltən vɛn ziː ɪn ˈiːʁə bibli̯othˈɛk ɡˈeːən
der japanische judoka hitoshi saito zweifacher olympischer goldmedaillengewinner ist im alter von 54 jahren gestorben	deːɐ̯ japˈaːnɪʃə jˈuːdoːkaː hˈiːtɔshiː zˈaɪ̯toː t͡svˈaɪ̯faxɐ ˈoːlʏmpɪʃɐ ɡˈɔltmeːdaɪ̯lənɡəvɪnɐ ɪst ɪm ˈaltɐ fɔn fˈiːʁʊntfʏnft͡sɪç jˈaːʁən ɡəʃtˈɔɐ̯bən
die straße auf der sich der unfall ereignet hatte wurde vorübergehend gesperrt während die rettungsdienste den fahrer aus dem roten audi tt befreiten	diː ʃtʁˈaːsə aʊ̯f deːɐ̯ zɪç deːɐ̯ ˈʊnfal ɛʁˈaɪ̯ɡnət hˈatə vˈʊɐ̯də foɐ̯ˈyːbɐɡeːənt ɡəʃpˈɛʁɐ̯t vˈɛːʁənt diː ʁˈɛtʊŋsdiːnstə den fˈaːʁɐ aʊ̯s deːm ʁˈoːtən ˈaʊ̯di t bəfʁˈaɪ̯tən
die vietnamesen sind in den letzten jahren des 18. jahrhunderts auch in kambodscha eingedrungen	diː fiːtnaːmˈeːzən zɪnt ɪn den lˈɛt͡stən jˈaːʁən dəs ˈaxt͡seːntən jaːɐ̯hˈʊndɐts aʊ̯x ɪn kambˈɔtʃa ˈaɪ̯nɡədʁʊŋən
seinen namen kennen die behörden noch immer nicht aber sie wissen dass er zur volksgruppe der uiguren gehört	zˈaɪ̯nən nˈaːmən kˈɛnən diː bəhˈœɐ̯dən nɔx ˈɪmɐ nɪçt ˈaːbɐ ziː vˈɪsən das eːɐ̯ t͡sʊɐ̯ fˈɔlksɡʁʊpə deːɐ̯ uːˈiːɡuːʁən ɡəhˈøːɐ̯t
in ähnlicher weise kann ein britischer reisender in spanien ein winken zum abschied bei dem die handfläche dem winkenden zugewandt ist und nicht der person der gewunken wird als geste zum zurückkommen missverstehen	ɪn ˈɛːnlɪçɐ vˈaɪ̯zə kan aɪ̯n bʁˈiːtɪʃɐ ʁˈaɪ̯zəndɐ ɪn ʃpˈaːni̯ən aɪ̯n vˈɪŋkən t͡suːm ˈapʃiːt baɪ̯ deːm diː hˈantflɛçə deːm vˈɪŋkɛndən t͡sˈuːɡəvant ɪst ʊnt nɪçt deːɐ̯ pɛɐ̯zˈoːn deːɐ̯ ɡəvˈʊŋkən vɪɐ̯t als ɡˈeːstə t͡suːm t͡suʁˈʏkɔmən mˈɪsfɛɐ̯ʃteːən
wenn sie sich an das formatieren und editieren online erst einmal gewöhnt haben können sie später vielleicht auch ihre eigene webseite kreieren	vɛn ziː zɪç an das fɔɐ̯matˈiːʁən ʊnt ˈeːdiːtiːʁən ˈɔnliːnə eːɐ̯st ˈaɪ̯nmaːl ɡəvˈøːnt hˈaːbən kˈœnən ziː ʃpˈɛːtɐ filˈaɪ̯çt aʊ̯x ˈiːʁə ˈaɪ̯ɡənə vˈɛpzaɪ̯tə kʁaɪ̯ˈeːʁən
das verständnis der eigenen geschichte setzt zwar kein verständnis der kultur voraus aber es hilft den menschen zumindest ein gefühl dafür zu bekommen wo sie in der geschichte der organisation stehen	das fɛɐ̯ʃtˈɛntnɪs deːɐ̯ ˈaɪ̯ɡɛnən ɡəʃˈɪçtə zɛt͡st t͡svaːɐ̯ kaɪ̯n fɛɐ̯ʃtˈɛntnɪs deːɐ̯ kʊltˈuːɐ̯ foʁˈaʊ̯s ˈaːbɐ ɛs hɪlft den mˈɛnʃən t͡sumˈɪndəst aɪ̯n ɡəfˈyːl dafˈyːɐ̯ t͡suː bəkˈɔmən voː ziː ɪn deːɐ̯ ɡəʃˈɪçtə deːɐ̯ ɔɐ̯ɡaːniːzaːt͡si̯ˈoːn ʃtˈeːən
der gouverneur gab auch bekannt heute haben wir erfahren dass bei einigen schulkindern festgestellt wurde dass sie mit dem patienten in kontakt waren	deːɐ̯ ɡˈoːuːfɐnøːɐ̯ ɡaːp aʊ̯x bəkˈant hˈɔʏ̯tə hˈaːbən viːɐ̯ ɛɐ̯fˈaːʁən das baɪ̯ ˈaɪ̯nɪɡən ʃˈʊlkɪndɐn fˈɛstɡɛstəlt vˈʊɐ̯də das ziː mɪt deːm patˈɪntən ɪn kɔntˈakt vˈaːʁən
das gas wird dünner je weiter man sich vom zentrum der sonne entfernt	das ɡaːs vɪɐ̯t dˈʏnɐ jeː vˈaɪ̯tɐ man zɪç fɔm t͡sˈɛntʁʊm deːɐ̯ zˈɔnə ɛntfˈɛɐ̯nt
die russische bodenkontrolle aktivierte die triebwerke und die normale lage der station wurde wiederhergestellt	diː ʁˈʊsɪʃə bˈoːdənkɔntʁɔlə ˈaktiːfiːɐ̯tə diː tʁˈiːpvɛɐ̯kə ʊnt diː nɔɐ̯mˈaːlə lˈaːɡə deːɐ̯ ʃtaːt͡si̯ˈoːn vˈʊɐ̯də vˈiːdɐhɐɡɛstəlt
in einem fremden land zu leben und einen freiwilligendienst zu absolvieren ist eine tolle möglichkeit eine andere kultur kennenzulernen neue menschen zu treffen etwas über sich selbst zu lernen die dinge aus einer anderen perspektive zu sehen und sogar neue fähigkeiten zu erlernen	ɪn ˈaɪ̯nəm fʁˈɛmdən lant t͡suː lˈeːbən ʊnt ˈaɪ̯nən fʁˈaɪ̯vɪlɪɡəndiːnst t͡suː apzɔlvˈiːʁən ɪst ˈaɪ̯nə tˈɔlə mˈøːɡlɪçkaɪ̯t ˈaɪ̯nə ˈandəʁə kʊltˈuːɐ̯ kˈɛnɛnt͡suːlɐnən nˈɔʏ̯ə mˈɛnʃən t͡suː tʁˈɛfən ˈɛtvas ˈyːbɐ zɪç zɛlpst t͡suː lˈɛɐ̯nən diː dˈɪŋə aʊ̯s ˈaɪ̯nɐ ˈandəʁən pɛɐ̯spɛktˈiːvə t͡suː zˈeːən ʊnt zoɡˈaːɐ̯ nˈɔʏ̯ə fˈɛːɪçkaɪ̯tən t͡suː ɛɐ̯lˈɛɐ̯nən
am 28. juni wurde marshall italo balbo der generalgouverneur libyens und mutmaßliche nachfolger mussolinis versehentlich durch beschuss der eigenen truppen getötet während er in tobruk landete	am ˈaxtʊntt͡svant͡sɪkstən jˈuːni vˈʊɐ̯də mˈaɐ̯shal ˈiːtaːloː bˈalboː deːɐ̯ ɡəneːʁˈalɡoːuːfɐnøːɐ̯ lˈiːbyːəns ʊnt mˈʊtmaːslɪçə nˈaːxfɔlɡɐ mˈʊsoːliːniːs fɛɐ̯zˈeːɛntlɪç dʊɐ̯ç bəʃˈʊs deːɐ̯ ˈaɪ̯ɡɛnən tʁˈʊpən ɡətˈøːtət vˈɛːʁənt eːɐ̯ ɪn tˈɔbʁuːk lˈandeːtə
zeit ist auch die art und weise wie wir die dauer länge von veranstaltungen vergleichen	t͡saɪ̯t ɪst aʊ̯x diː aːɐ̯t ʊnt vˈaɪ̯zə viː viːɐ̯ diː dˈaʊ̯ɐ lˈɛŋə fɔn fɛɐ̯ˈanʃtaltʊŋən fɛɐ̯ɡlˈaɪ̯çən
die vatikanstadt benutzt für ihre gesetzgebung und offizielle kommunikation italienisch	diː fˈaːtiːkanstat bənˈʊt͡st fyːɐ̯ ˈiːʁə ɡəzˈɛt͡sɡeːbʊŋ ʊnt ɔfiːt͡sˈiːlə komuːniːkaːt͡si̯ˈoːn ɪtalˈiːnɪʃ
er hat sich in einem buch von 1998 selbst dokumentiert	eːɐ̯ hat zɪç ɪn ˈaɪ̯nəm buːx fɔn nˈɔʏ̯nt͡seːnhʊndɐtaxtʊndnɔʏ̯nt͡sɪç zɛlpst doːkuːmɛntˈiːɐ̯t
der vorgeschlagene zusatz wurde bereits im jahr 2011 von beiden kammern genehmigt	deːɐ̯ fˈoːɐ̯ɡəʃlaːɡənə t͡sˈuːzat͡s vˈʊɐ̯də bəʁˈaɪ̯ts ɪm jaːɐ̯ t͡svˈaɪ̯taʊ̯zənt ɛlf fɔn bˈaɪ̯dən kˈamɐn ɡənˈeːmɪçt
die antarktis die den südpol umgibt ist der kälteste ort der erde	diː ˈantaɐ̯ktiːs diː den zˈyːtpoːl ˈʊmɡiːpt ɪst deːɐ̯ kˈɛltəstə ɔɐ̯t deːɐ̯ ˈeːɐ̯də
als die autos vor alonso hinter dem safety-car zum tanken einfuhren rückte er im feld auf und holte sich den sieg	als diː ˈaʊ̯toːs foːɐ̯ ˈaːlɔnzoː hˈɪntɐ deːm zˈaːfeːtyː kaːɐ̯ t͡suːm tˈaŋkən ˈaɪ̯nfuːʁən ʁˈʏktə eːɐ̯ ɪm fɛlt aʊ̯f ʊnt hˈɔltə zɪç den ziːk
in ihrem neuesten monatsbericht sagte die opec dass die rohölexporte auf ihren niedrigsten stand seit zwei jahrzehnten gefallen sind auf 2,8 millionen barrel pro tag	ɪn ˈiːʁəm nˈɔʏ̯əstən mˈoːnatsbəʁɪçt zˈaːktə diː ˈoːpək das diː ʁˈoːøːlɛkspɔɐ̯tə aʊ̯f ˈiːʁən nˈiːdʁɪçstən ʃtant zaɪ̯t t͡svaɪ̯ jaːɐ̯t͡sˈeːntən ɡəfˈalən zɪnt aʊ̯f t͡svaɪ̯ kˈɔma axt mɪli̯ˈoːnən bˈaʁəl pʁoː taːk
zum beispiel neigen kinder die sich mit einer ethnischen minderheit identifizieren von der man sagt dass sie in der schule nicht gut abschneidet dazu in der schule schlecht zu sein sobald sie kenntnis von dem mit ihrer ethnie verbundenen stereotyp erhalten	t͡suːm bˈaɪ̯ʃpiːl nˈaɪ̯ɡən kˈɪndɐ diː zɪç mɪt ˈaɪ̯nɐ ˈɛthnɪʃən mˈɪndɐhaɪ̯t iːdɛntiːfiːt͡sˈiːʁən fɔn deːɐ̯ man zaːkt das ziː ɪn deːɐ̯ ʃˈuːlə nɪçt ɡuːt ˈapʃnaɪ̯dət dat͡sˈuː ɪn deːɐ̯ ʃˈuːlə ʃlɛçt t͡suː zaɪ̯n zobˈalt ziː kˈɛntnɪs fɔn deːm mɪt ˈiːʁɐ ɛthnˈiː fɛɐ̯bˈʊndeːnən ʃteʁeotˈyːp ɛɐ̯hˈaltən
über mehrere jahrhunderte ermöglichte das römische reich großartige fortschritte in der medizin und formte einen großteil unseres heutigen wissens	ˈyːbɐ mˈeːʁəʁə jaːɐ̯hˈʊndɐtə ɛɐ̯mˈœɡlɪçtə das ʁˈøːmɪʃə ʁaɪ̯ç ɡʁˈoːsaɐ̯tiːɡə fˈɔɐ̯tʃʁɪtə ɪn deːɐ̯ mɛdit͡sˈiːn ʊnt fˈɔɐ̯mtə ˈaɪ̯nən ɡʁˈoːstaɪ̯l ˈʊnzeːʁəs hˈɔʏ̯tiːɡən vˈɪsəns
seine zweite klaue war größer was ihm den namen hesperonychus einbrachte was westliche klaue bedeutet	zˈaɪ̯nə t͡svˈaɪ̯tə klˈaʊ̯ə vaːɐ̯ ɡʁˈøːsɐ vas iːm den nˈaːmən hˈɛspeːʁoːnʏçuːs ˈaɪ̯nbʁaxtə vas vˈɛstlɪçə klˈaʊ̯ə bədˈɔʏ̯tət
die absturzstelle wurde heute gefunden sie ist so unzugänglich dass zwei polizisten im dschungel abgesetzt wurden um zum unfallort zu gelangen und nach überlebenden zu suchen	diː ˈapʃtʊɐ̯t͡sʃtɛlə vˈʊɐ̯də hˈɔʏ̯tə ɡəfˈʊndən ziː ɪst zoː ˈʊnt͡suɡɛŋlɪç das t͡svaɪ̯ polit͡sˈɪstən ɪm tʃˈʊŋəl ˈapɡəzɛt͡st vˈʊɐ̯dən ʊm t͡suːm ˈʊnfalɔɐ̯t t͡suː ɡəlˈaŋən ʊnt naːx ˈyːbɐleːbɛndən t͡suː zˈuːxən
eine fußsafari auch buschgang  wandersafari  oder footing  genannt besteht aus einer wanderung die entweder ein paar stunden oder mehrere tage dauert	ˈaɪ̯nə fˈuːszaːfaːʁiː aʊ̯x bˈʊʃɡaŋ vˈandɐzaːfaːʁiː ˈoːdɐ fˈoːtɪŋ ɡənˈant bəʃtˈeːt aʊ̯s ˈaɪ̯nɐ vˈandəʁʊŋ diː ˈɛntveːdɐ aɪ̯n paːɐ̯ ʃtˈʊndən ˈoːdɐ mˈeːʁəʁə tˈaːɡə dˈaʊ̯ɐt
die polizei sagte dass lo piccolo die oberhand habe weil er in palermo provenzanos rechte hand war und seine größere erfahrung ihm den respekt der älteren generationen einbrachte diese verfolgten provenzanos politik keine aufmerksamkeit auf sich zu ziehen während sie ihr machtnetzwerk stärkten	diː pɔlit͡sˈaɪ̯ zˈaːktə das loː pˈɪkolo diː ˈoːbɐhant hˈaːbə vaɪ̯l eːɐ̯ ɪn pˈaːlɐmoː pʁˈoːfɛnt͡saːnoːs ʁˈɛçtə hant vaːɐ̯ ʊnt zˈaɪ̯nə ɡʁˈøːseːʁə ɛɐ̯fˈaːʁʊŋ iːm den ʁəspˈɛkt deːɐ̯ ˈɛlteːʁən ɡˈeːnəʁaːt͡si̯oːnən ˈaɪ̯nbʁaxtə dˈiːzə fɛɐ̯fˈɔlktən pʁˈoːfɛnt͡saːnoːs politˈiːk kˈaɪ̯nə ˈaʊ̯fmɛɐ̯kzaːmkaɪ̯t aʊ̯f zɪç t͡suː t͡sˈiːən vˈɛːʁənt ziː iːɐ̯ mˈaxtnɛt͡svɛɐ̯k ʃtˈɛɐ̯ktən
diplomaten sagten sie hätten genug unklarheit in der afghanischen verfassung gefunden um die stichwahl für unnötig zu befinden	dˈɪploːmaːtən zˈaktən ziː hˈɛtən ɡənˈuːk ˈʊnklaːɐ̯haɪ̯t ɪn deːɐ̯ ˈafɡhaːnɪʃən fɛɐ̯fˈasʊŋ ɡəfˈʊndən ʊm diː ʃtˈɪçvaːl fyːɐ̯ ˈʊnøːtɪç t͡suː bəfˈɪndən
beim besuch der klöster müssen frauen röcke tragen die bis über die knie reichen und außerdem ihre schultern bedecken	baɪ̯m bəzˈuːx deːɐ̯ klˈøːstɐ mˈʏsən fʁˈaʊ̯ən ʁˈœkə tʁˈaːɡən diː bɪs ˈyːbɐ diː kniː ʁˈaɪ̯çən ʊnt ˈaʊ̯sɐdem ˈiːʁə ʃˈʊltɐn bədˈɛkən
virgin hat nur die gute bank von northern rock aufgekauft nicht die vermögensverwaltungsgesellschaft	fˈɪɐ̯ɡiːn hat nuːɐ̯ diː ɡˈuːtə baŋk fɔn nˈɔɐ̯thɐn ʁɔk ˈaʊ̯fɡəkaʊ̯ft nɪçt diː fɛɐ̯mˈøːɡɛnsfɐvaltʊŋsɡeːzɛlʃaft
auf grundlage dieses fossils lässt sich sagen dass die trennung viel früher stattgefunden hat als durch molekulare belege erwartet wurde	aʊ̯f ɡʁˈʊntlaːɡə dˈiːzəs fɔsˈɪls lɛst zɪç zˈaːɡən das diː tʁˈɛnʊŋ fiːl fʁˈyːɐ ʃtˈatɡeːfʊndən hat als dʊɐ̯ç mˈoːleːkuːlaːʁə bəlˈeːɡə ɛɐ̯vˈaɐ̯tət vˈʊɐ̯də
in den 1960er jahren ging er ins gerade unabhängig gewordene algerien zurück um regie zu unterrichten	ɪn den nˈɔʏ̯nt͡seːnhʊndɐtzɛçt͡siːɡɐ jˈaːʁən ɡɪŋ eːɐ̯ ɪns ɡəʁˈaːdə ˈʊnabhɛŋɪç ɡəvˈɔɐ̯deːnə alɡˈeːʁi̯ən t͡suʁˈʏk ʊm ʁˈeːɡi̯ə t͡suː ʊntɐʁˈɪçtən
nahezu alle heutzutage genutzten computer basieren auf der verarbeitungen von informationen die in form von binärzahlen codiert sind	naːət͡sˈʊ ˈalə hˈɔʏ̯t͡sutaːɡə ɡənˈʊt͡stən kɔmpˈuːtɐ bazˈiːʁən aʊ̯f deːɐ̯ fɛɐ̯ˈaɐ̯baɪ̯tʊŋən fɔn ɪnfɔɐ̯maːt͡si̯ˈoːnən diː ɪn fɔɐ̯m fɔn bˈiːnɛɐ̯t͡saːlən kˈoːdiːɐ̯t zɪnt
die menschen schlugen mit stühlen gegen die glasscheiben aber die fenster waren unzerbrechlich	diː mˈɛnʃən ʃlˈuːɡən mɪt ʃtˈyːlən ɡˈɛɡən diː ɡlˈaːsʃaɪ̯bən ˈaːbɐ diː fˈɛnstɐ vˈaːʁən ʊnt͡sɛɐ̯bʁˈɛçlɪç
die twin otter versuchte gestern als png-flug cg4684 in kokoda zu landen was aber nicht gelang	diː tviːn ˈɔtɐ fɛɐ̯zˈuːxtə ɡˈɛstɐn als pŋ fluːk kk fiːɐ̯tˈaʊ̯zənt zˈɛçshʊndɐtfiːʁʊndaxt͡sɪç ɪn kˈoːkoːdaː t͡suː lˈandən vas ˈaːbɐ nɪçt ɡəlˈaŋ
metrorail besitzt zwei klassen von pendlerzügen in und um kapstadt: metroplus auch als erste klasse bezeichnet und metro als dritte klasse bezeichnet	mˈɛtʁoːʁaɪ̯l bəzˈɪt͡st t͡svaɪ̯ klˈasən fɔn pˈɛndlɐt͡syːɡən ɪn ʊnt ʊm kˈaːpstat , mˈɛtʁɔpluːs aʊ̯x als ˈeːɐ̯stə klˈasə bət͡sˈaɪ̯çnət ʊnt mˈɛtʁoː als dʁˈɪtə klˈasə bət͡sˈaɪ̯çnət
er wurde von piraten ausgeraubt in tibet von einem tollwütigen hund angegriffen konnte einer heirat in nepal entfliehen und wurde in indien verhaftet	eːɐ̯ vˈʊɐ̯də fɔn piːʁˈaːtən ˈaʊ̯sɡəʁaʊ̯pt ɪn tˈiːbɛt fɔn ˈaɪ̯nəm tˈɔlvyːtiːɡən hʊnt ˈanɡəɡʁɪfən kˈɔntə ˈaɪ̯nɐ hˈaɪ̯ʁaːt ɪn nˈeːpal ɛntflˈiːən ʊnt vˈʊɐ̯də ɪn ˈɪndi̯ən fɛɐ̯hˈaftət
nach dem feuer wurde die festung bewahrt und geschützt und bleibt so weiterhin eine von bhutans sensationellsten attraktionen	naːx deːm fˈɔʏ̯ɐ vˈʊɐ̯də diː fˈɛstʊŋ bəvˈaːɐ̯t ʊnt ɡəʃˈʏt͡st ʊnt blaɪ̯pt zoː vˈaɪ̯tɐhɪn ˈaɪ̯nə fɔn bhˈuːtans zɛnzaːt͡si̯oːnˈɛlstən atʁakt͡si̯ˈoːnən
man kann das verstreichen der zeit selbst markieren indem man die wiederholung eines zyklischen ereignisses beobachtet ein zyklisches ereignis ist etwas das immer wieder regelmäßig stattfindet	man kan das fɛɐ̯ʃtʁˈaɪ̯çən deːɐ̯ t͡saɪ̯t zɛlpst maɐ̯kˈiːʁən ɪndˈeːm man diː viːdɐhˈoːlʊŋ ˈaɪ̯nəs t͡sˈʏklɪʃən ɛʁˈaɪ̯ɡnɪsəs bəˈoːbaxtət aɪ̯n t͡sˈʏklɪʃəs eːʁˈaɪ̯knɪs ɪst ˈɛtvas das ˈɪmɐ vˈiːdɐ ʁˈeːɡəlmɛːsɪç ʃtˈatfɪndət
einige straßen wurden beschädigt und der eisenbahnverkehr in den betroffenen gebieten unterbrochen der flughafen noto in der präfektur ishikawa bleibt geschlossen	ˈaɪ̯nɪɡə ʃtʁˈaːsən vˈʊɐ̯dən bəʃˈɛːdɪkt ʊnt deːɐ̯ ˈaɪ̯zənbaːnfɛɐ̯keːɐ̯ ɪn den bətʁˈɔfeːnən ɡəbˈiːtən ˈʊntɐbʁɔçən deːɐ̯ flˈʊɡhaːfən nˈoːtoː ɪn deːɐ̯ pʁɛfɛktˈuːɐ̯ ˈɪshiːkaːvaː blaɪ̯pt ɡəʃlˈɔsən
der nachteil von zoomobjektiven ist dass die fokussierung und die anzahl an linsenelementen die für einen brennweitenbereich erforderlich sind viel größer sind als bei objektiven mit fester brennweite	deːɐ̯ nˈaːxtaɪ̯l fɔn t͡sˈoːmɔbjɛktiːfən ɪst das diː fˈoːkʊsiːʁʊŋ ʊnt diː ˈant͡saːl an lˈɪnzeːneːleːmɛntən diː fyːɐ̯ ˈaɪ̯nən bʁˈɛnvaɪ̯tɛnbeːʁaɪ̯ç ɛɐ̯fˈɔɐ̯dɐlɪç zɪnt fiːl ɡʁˈøːsɐ zɪnt als baɪ̯ ɔbjɛktˈiːfən mɪt fˈɛstɐ bʁˈɛnvaɪ̯tə
viele der traditionen um das fest wurden überall auf der welt auch von nichtgläubigen in christlichen und nichtchristlichen ländern übernommen	fˈiːlə deːɐ̯ tʁaːdiːt͡si̯ˈoːnən ʊm das fɛst vˈʊɐ̯dən yːbɛʁˈal aʊ̯f deːɐ̯ vɛlt aʊ̯x fɔn nˈɪçtɡlɔʏ̯biːɡən ɪn kʁˈɪstlɪçən ʊnt nˈɪçtçʁɪstlɪçən lˈɛndɐn ˈyːbɐnɔmən
al gore und general tommy franks rasseln lässig ihre lieblingsschlagzeilen herunter gores war als the onion berichtete dass er und tipper nach seiner wahlniederlage von 2000 den besten sex ihres lebens hatten	aːl ɡˈoːʁə ʊnt ɡənəʁˈaːl tˈɔmʏ fʁaŋks ʁˈasəln lˈɛsɪç ˈiːʁə lˈiːblɪŋsʃlaːkt͡saɪ̯lən hˈeːɐ̯ʊntɐ ɡˈoːʁəs vaːɐ̯ als teː ˈoːni̯oːn bəʁˈɪçtətə das eːɐ̯ ʊnt tˈɪpɐ naːx zˈaɪ̯nɐ vˈaːlniːdɐlaːɡə fɔn t͡svˈaɪ̯taʊ̯zənt den bˈɛʃtən sɛks ˈiːʁəs lˈeːbəns hˈatən
zu vautiers errungenschaften abseits des filmschaffens gehört ein hungerstreik 1973 gegen vorgänge die er als politische zensur betrachtete	t͡suː fˈaʊ̯tiːɐ̯s ɛʁˈʊŋənʃaftən ˈapzaɪ̯ts dəs fˈɪlmʃafəns ɡəhˈøːɐ̯t aɪ̯n hˈʊŋɐʃtʁaɪ̯k nˈɔʏ̯nt͡seːnhʊndɐtdʁaɪ̯ʊntziːpt͡sɪç ɡˈɛɡən fˈoːɐ̯ɡɛŋə diː eːɐ̯ als poːlˈiːtɪʃə t͡sɛnzˈuːɐ̯ bətʁˈaxteːtə
die anhänger verfolgen bestimmte lebensweisen oder praktiken die solche erfahrungen fördern sollen	diː ˈanhɛŋɐ fɛɐ̯fˈɔlɡən bəʃtˈɪmtə lˈeːbənsvaɪ̯zən ˈoːdɐ pʁˈaktikən diː zˈɔlçə ɛɐ̯fˈaːʁʊŋən fˈœɐ̯dɐn zˈɔlən
die russische bodenkontrolle aktivierte die triebwerke und die normale lage der station wurde wiederhergestellt	diː ʁˈʊsɪʃə bˈoːdənkɔntʁɔlə ˈaktiːfiːɐ̯tə diː tʁˈiːpvɛɐ̯kə ʊnt diː nɔɐ̯mˈaːlə lˈaːɡə deːɐ̯ ʃtaːt͡si̯ˈoːn vˈʊɐ̯də vˈiːdɐhɐɡɛstəlt
bei der indus-tal-zivilisation handelt es sich um eine bronzezeitliche zivilisation im nordwestlichen indischen subkontinent die den größten teil des heutigen pakistan und einige regionen im nordwesten indiens sowie im nordosten afghanistans umfasste	baɪ̯ deːɐ̯ ˈɪnduːs taːl t͡siːviːliːzaːt͡si̯ˈoːn hˈandəlt ɛs zɪç ʊm ˈaɪ̯nə bʁˈɔnt͡sət͡saɪ̯tlɪçə t͡siːviːliːzaːt͡si̯ˈoːn ɪm nˈɔɐ̯tvɛstlɪçən ˈɪndɪʃən zˈʊpkɔntiːnənt diː den ɡʁˈøːstən taɪ̯l dəs hˈɔʏ̯tiːɡən pˈaːkɪstaːn ʊnt ˈaɪ̯nɪɡə ʁeːɡi̯ˈoːnən ɪm nˈɔɐ̯tvɛstən ˈɪndiːns zovˈiː ɪm nˈɔɐ̯tɔstən afɡhˈaːnɪstans ˈʊmfastə
es gibt bedenken dass patienten trotz milder verlaufender grippesymptome andere menschen anstecken könnten wenn sie ihrem normalen tagesablauf nachgehen	ɛs ɡiːpt bədˈɛŋkən das patˈɪntən tʁɔt͡s mˈɪldɐ fɛɐ̯lˈaʊ̯fɛndɐ ɡʁˈɪpeːzʏmptoːmə ˈandəʁə mˈɛnʃən ˈanʃtɛkən kˈœntən vɛn ziː ˈiːʁəm nɔɐ̯mˈaːlən tˈaːɡəsaplaʊ̯f nˈaːxɡeːən
tiere sind überall auf der erde zu finden sie wühlen sich durch den erdboden schwimmen in den ozeanen und fliegen in der luft	tˈiːʁə zɪnt yːbɛʁˈal aʊ̯f deːɐ̯ ˈeːɐ̯də t͡suː fˈɪndən ziː vˈyːlən zɪç dʊɐ̯ç den ɛɐ̯tbˈoːdən ʃvˈɪmən ɪn den ˈoːt͡seːaːnən ʊnt flˈiːɡən ɪn deːɐ̯ lʊft
es wird auch heute noch hergestellt aber noch wichtiger ist dass sein bildformat von den bildsensorformaten digitaler kameras übernommen wurde	ɛs vɪɐ̯t aʊ̯x hˈɔʏ̯tə nɔx hˈeːɐ̯ɡəʃtɛlt ˈaːbɐ nɔx vˈɪçtiːɡɐ ɪst das zaɪ̯n bˈɪltfɔɐ̯maːt fɔn den bˈɪltzɛnzɔɐ̯fɔɐ̯maːtən diːɡiːtˈaːlɐ kˈaməʁas ˈyːbɐnɔmən vˈʊɐ̯də
die studenten können auch zu jeder tageszeit fragen an die dozenten stellen und relativ schnelle antworten erwarten anstatt bis zum nächsten persönlichen treffen zu warten	diː ʃtudˈɛntən kˈœnən aʊ̯x t͡suː jˈeːdɐ tˈaːɡəst͡saɪ̯t fʁˈaːɡən an diː doːt͡sˈɛntən ʃtˈɛlən ʊnt ʁelatˈiːf ʃnˈɛlə ˈantvɔɐ̯tən ɛɐ̯vˈaɐ̯tən ˈanʃtat bɪs t͡suːm nˈɛːçstən pɛɐ̯zˈœnlɪçən tʁˈɛfən t͡suː vˈaɐ̯tən
eine studie die am donnerstag in der zeitschrift science veröffentlicht wurde berichtete von der entstehung einer neuen vogelspezies auf den ecuadorianischen galápagos-inseln	ˈaɪ̯nə ʃtˈuːdi̯ə diː am dˈɔnɐstaːk ɪn deːɐ̯ t͡sˈaɪ̯tʃʁɪft skˈiːnkə fɛɐ̯ˈœfəntlɪçt vˈʊɐ̯də bəʁˈɪçtətə fɔn deːɐ̯ ɛntʃtˈeːʊŋ ˈaɪ̯nɐ nˈɔʏ̯ən fˈoːɡəlʃpeːt͡sɪs aʊ̯f den ˈeːkuːaːdoːʁi̯aːnɪʃən ɡˈaːlaːpaːɡoːs ˈɪnzəln
der zustand des präsidenten ist stabil wenngleich er mehrere tage zu hause in isolation verbringen wird	deːɐ̯ t͡sˈuːʃtant dəs pʁɛːziːdˈɛntən ɪst ʃtabˈiːl vɛnŋlˈaɪ̯ç eːɐ̯ mˈeːʁəʁə tˈaːɡə t͡suː hˈaʊ̯zə ɪn ˈiːzoːlaːt͡si̯oːn fɛɐ̯bʁˈɪŋən vɪɐ̯t
jonny reid beifahrer für das a1gp-team neuseeland hat heute geschichte geschrieben als er legal in neuer rekordzeit über die 48 jahre alte auckland harbour bridge in neuseeland gefahren ist	jˈɔnyː ʁaɪ̯t bˈaɪ̯faːʁɐ fyːɐ̯ das aː aɪ̯ns kp tˈeːaːm nɔʏ̯zˈeːlant hat hˈɔʏ̯tə ɡəʃˈɪçtə ɡəʃʁˈiːbən als eːɐ̯ leːɡˈaːl ɪn nˈɔʏ̯ɐ ʁekˈɔɐ̯tt͡saɪ̯t ˈyːbɐ diː ˈaxtʊntfɪɐ̯t͡sɪç jˈaːʁə ˈaltə ˈaʊ̯klant hˈaɐ̯boːuːɐ̯ bʁˈɪtɡə ɪn nɔʏ̯zˈeːlant ɡəfˈaːʁən ɪst
die hauptangriffstruppe von 2.400 mann sollte den fluss neun meilen nördlich von trenton überqueren und sich dann in zwei gruppen aufteilen eine unter greene und eine unter sullivan um vor der morgendämmerung einen angriff zu starten	diː hˈaʊ̯ptanɡʁɪfstʁʊpə fɔn t͡svˈaɪ̯taʊ̯zənt fˈiːɐ̯hʊndɐt man zˈɔltə den flʊs nɔʏ̯n mˈaɪ̯lən nˈœɐ̯dlɪç fɔn tʁˈɛntoːn yːbɐkvˈeːʁən ʊnt zɪç dan ɪn t͡svaɪ̯ ɡʁˈʊpən ˈaʊ̯ftaɪ̯lən ˈaɪ̯nə ˈʊntɐ ɡʁˈeːnə ʊnt ˈaɪ̯nə ˈʊntɐ zˈʊliːfaːn ʊm foːɐ̯ deːɐ̯ mˈɔɐ̯ɡəndɛməʁʊŋ ˈaɪ̯nən ˈanɡʁɪf t͡suː ʃtˈaɐ̯tən
etwa 200 menschen protestierten in london vor den büros mehrerer großer urheberrechtsinhaber	ˈɛtva t͡svˈaɪ̯hʊndɐt mˈɛnʃən pʁoːtɛstˈiːɐ̯tən ɪn lˈɔndɔn foːɐ̯ den byʁˈoːs mˈeːʁeːʁɐ ɡʁˈoːsɐ ˈʊɐ̯heːbɐʁɛçtzɪnhaːbɐ
um die templer zu verstehen muss man den kontext verstehen der zur gründung des ordens führte	ʊm diː tˈɛmplɐ t͡suː fəɐ̯ʃtˈeːən mʊs man den kˈɔntəkst fəɐ̯ʃtˈeːən deːɐ̯ t͡sʊɐ̯ ɡʁˈyːndʊŋ dəs ˈɔɐ̯dəns fˈyːɐ̯tə
bei manchen festivals entscheidet sich die große mehrheit der festivalbesucher vor ort zu kampieren und die meisten besucher halten dies für einen wichtigen bestandteil der erfahrung	baɪ̯ mˈanxən fˈɛstiːfals ɛntʃˈaɪ̯dət zɪç diː ɡʁˈoːsə mˈeːɐ̯haɪ̯t deːɐ̯ fˈɛstiːfalbeːzʊxɐ foːɐ̯ ɔɐ̯t t͡suː kampˈiːʁən ʊnt diː mˈaɪ̯stən bəzˈuːxɐ hˈaltən diːs fyːɐ̯ ˈaɪ̯nən vˈɪçtiːɡən bəʃtˈanttaɪ̯l deːɐ̯ ɛɐ̯fˈaːʁʊŋ
hershey und chase benutzten phagen oder viren um ihre eigene dna in ein bakterium einzubauen	hˈɛɐ̯sheːyː ʊnt kˈaːzə bənˈʊt͡stən fˈaːɡən ˈoːdɐ vˈiːʁən ʊm ˈiːʁə ˈaɪ̯ɡənə dnaː ɪn aɪ̯n baktˈeːʁi̯ʊm ˈaɪ̯nt͡suːbaʊ̯ən
natürlich muss ein erstklassiger 800-m-läufer der unter zwei minuten läuft schnell sein auf alle fälle aber muss ausdauer trainiert werden	natˈyːɐ̯lɪç mʊs aɪ̯n ˈɛɐ̯ʃtklasiːɡɐ ˈaxthʊndɐt m lˈɔʏ̯fɐ deːɐ̯ ˈʊntɐ t͡svaɪ̯ miːnˈuːtən lɔʏ̯ft ʃnɛl zaɪ̯n aʊ̯f ˈalə fˈɛlə ˈaːbɐ mʊs ˈaʊ̯sdaʊ̯ɐ tʁaɪ̯nˈiːɐ̯t vˈeːɐ̯dən
ein antikörper-cocktail zmapp erwies sich zunächst als vielversprechend formelle studien zeigten jedoch dass er was die verhinderung von todesfällen anbelangt weniger vorteile brachte als erhofft	aɪ̯n ˈantiːkœɐ̯pɐ kˈɔktaɪ̯l t͡smap ɛɐ̯vˈiːs zɪç t͡sunˈɛːçst als fˈiːlfɐspʁɛçənt fˈɔɐ̯mɛlə ʃtˈuːdi̯ən t͡sˈaɪ̯ktən jeːdˈɔx das eːɐ̯ vas diː fɛɐ̯hˈɪndəʁʊŋ fɔn tˈoːdəsfɛlən ˈanbəlaŋt vˈeːniɡɐ fˈoːɐ̯taɪ̯lə bʁˈaxtə als ˈɛɐ̯hɔft
nach stand vom mittwochnachmittag waren die tankventile immer noch undicht wahrscheinlich aufgrund einer thermischen expansion aus dem inneren des tanks	naːx ʃtant fɔm mˈɪtvɔxnaːxmɪtaːk vˈaːʁən diː tˈaŋkfɛntiːlə ˈɪmɐ nɔx ˈʊndɪçt vaːɐ̯ʃˈaɪ̯nlɪç aʊ̯fɡʁʊnt ˈaɪ̯nɐ tˈɛɐ̯mɪʃən ɛkspanzi̯ˈoːn aʊ̯s deːm ˈɪnəʁeːn dəs taŋks
"""sie sind am tag kälter als die umliegende oberfläche und in der nacht wärmer.	ziː zɪnt am taːk kˈɛltɐ als diː ˈʊmliːɡɛndə ˈoːbɐflɛçə ʊnt ɪn deːɐ̯ naxt vˈɛɐ̯mɐ .
einige jahre später dann im jahr 1639 beobachtete ein englischer astronom namens jeremiah horrocks einen venustransit	ˈaɪ̯nɪɡə jˈaːʁə ʃpˈɛːtɐ dan ɪm jaːɐ̯ zˈɛçt͡seːnhʊndɐtnɔʏ̯nʊndʁaɪ̯sɪç bəˈoːbaxteːtə aɪ̯n ˈɛŋlɪʃɐ astʁonˈoːm nˈaːməns jˈeːʁeːmi̯aː hˈɔʁɔks ˈaɪ̯nən fˈeːnʊstʁanziːt
wie atemprobleme in kaltem klima sind darmprobleme in heißem klima recht weit verbreitet in den meisten fällen sind sie sehr lästig aber eher ungefährlich	viː ˈaːtəmpʁobleːmə ɪn kˈaltəm klˈiːma zɪnt dˈaɐ̯mpʁobleːmə ɪn hˈaɪ̯səm klˈiːma ʁɛçt vaɪ̯t fɛɐ̯bʁˈaɪ̯tət ɪn den mˈaɪ̯stən fˈɛlən zɪnt ziː zeːɐ̯ lˈɛstɪç ˈaːbɐ ˈeːɐ ˈʊnɡəfɛːɐ̯lɪç
die un-friedenstruppen die in haiti nach dem erdbeben des jahres 2010 eintrafen werden für die ausbreitung der krankheit verantwortlich gemacht die in der nähe des lagers der truppe ausbrach	diː uːn fʁˈiːdənstʁʊpən diː ɪn haɪ̯tˈiː naːx deːm ˈɛɐ̯tbeːbən dəs jˈaːʁəs t͡svˈaɪ̯taʊ̯zənt t͡seːn ˈaɪ̯ntʁaːfən vˈeːɐ̯dən fyːɐ̯ diː ˈaʊ̯sbʁaɪ̯tʊŋ deːɐ̯ kʁˈaŋkhaɪ̯t fɛɐ̯ˈantvɔɐ̯tlɪç ɡəmˈaxt diː ɪn deːɐ̯ nˈɛːə dəs lˈaːɡɐs deːɐ̯ tʁˈʊpə ˈaʊ̯sbʁaːx
computer werden heutzutage verwendet um bilder und videos zu manipulieren	kɔmpˈuːtɐ vˈeːɐ̯dən hˈɔʏ̯t͡sutaːɡə fɛɐ̯vˈɛndət ʊm bˈɪldɐ ʊnt fˈiːdeːoːs t͡suː manipulˈiːʁən
dieses verhalten führt oft zu zerwürfnissen zwischen den führern und dem rest des teams	dˈiːzəs fɛɐ̯hˈaltən fyːɐ̯t ɔft t͡suː t͡sɛɐ̯vˈʏɐ̯fnɪsən t͡svˈɪʃən den fˈyːʁɐn ʊnt deːm ʁɛst dəs tˈeːams
sie sollten ihre vielflieger-airline in einem bündnis gründlich aussuchen	ziː zˈɔltən ˈiːʁə fˈiːlfliːɡɐ ˈaɪ̯ɐ̯liːnə ɪn ˈaɪ̯nəm bˈʏntnɪs ɡʁˈʏndlɪç ˈaʊ̯szuːxən
ich gehe davon aus am montag zu allen meinen verpflichtungen zurückzukehren sagte arias in einer stellungnahme	ɪç ɡˈeːə dafˈɔn aʊ̯s am mˈoːntaːk t͡suː ˈalən mˈaɪ̯nən fɛɐ̯pflˈɪçtʊŋən t͡sˈuːʁʏkt͡suːkeːʁən zˈaːktə ˈaːʁi̯aːs ɪn ˈaɪ̯nɐ ʃtˈɛlʊŋnaːmə
sie lassen sich im wesentlichen in zwei kategorien einteilen entweder arbeiten sie während sie reisen oder sie versuchen ihre ausgaben zu senken dieser artikel konzentriert sich auf letzteres	ziː lˈasən zɪç ɪm vˈeːzɛntlɪçən ɪn t͡svaɪ̯ kˈaːteːɡoːʁi̯ən ˈaɪ̯ntaɪ̯lən ˈɛntveːdɐ ˈaɐ̯baɪ̯tən ziː vˈɛːʁənt ziː ʁˈaɪ̯zən ˈoːdɐ ziː fɛɐ̯zˈuːxən ˈiːʁə ˈaʊ̯sɡaːbən t͡suː zˈɛŋkən dˈiːzɐ aɐ̯tˈɪkəl kɔnt͡sɛntʁˈiːɐ̯t zɪç aʊ̯f lˈɛt͡steːʁəs
mindestens 100 personen hatten an der feier teilgenommen um den ersten hochzeitstag eines paares zu feiern dessen hochzeit im vergangenen jahr stattfand	mˈɪndəstəns ˈaɪ̯nhʊndɐt pɛɐ̯zˈoːnən hˈatən an deːɐ̯ fˈaɪ̯ɐ tˈaɪ̯lɡeːnɔmən ʊm den ˈɛɐ̯stən hˈɔxt͡saɪ̯tstaːk ˈaɪ̯nəs pˈaːʁəs t͡suː fˈaɪ̯ɐn dˈɛsən hˈɔxt͡saɪ̯t ɪm fɛɐ̯ɡˈaŋeːnən jaːɐ̯ ʃtˈatfant
menschen die etwas spanisch sprechen könnten jedoch vorschnell zu dem schluss kommen dass portugiesisch so ähnlich ist dass man es nicht extra lernen muss	mˈɛnʃən diː ˈɛtvas ʃpˈaːnɪʃ ʃpʁˈɛçən kˈœntən jeːdˈɔx fˈoːɐ̯ʃnɛl t͡suː deːm ʃlʊs kˈɔmən das pɔɐ̯tuɡˈiːzɪʃ zoː ˈɛːnlɪç ɪst das man ɛs nɪçt ˈɛkstʁa lˈɛɐ̯nən mʊs
der pilot wurde als staffelführer dilokrit pattavee identifiziert	deːɐ̯ pilˈoːt vˈʊɐ̯də als ʃtˈafəlfyːʁɐ dˈiːlɔkʁiːt pˈataːfeː iːdɛntiːfiːt͡sˈiːɐ̯t
neben drei wichtigen wissenschaftlichen instrumenten enthielt die mondsonde auch die auf allen seiten aufgemalte indische nationalflagge	nˈeːbən dʁaɪ̯ vˈɪçtiːɡən vˈɪsənʃaftlɪçən ɪnstʁuːmˈɛntən ɛnthˈiːlt diː mˈɔntzɔndə aʊ̯x diː aʊ̯f ˈalən zˈaɪ̯tən ˈaʊ̯fɡəmaltə ˈɪndɪʃə naːt͡si̯oːnˈaːlflaɡə
bei der keynote-präsentation der tokyo game show am donnerstag enthüllte nintendo-präsident satoru iwata das controller-design für die neue nintendo revolution-konsole des unternehmens	baɪ̯ deːɐ̯ kˈeːyːnoːtə pʁɛːzɛntaːt͡si̯ˈoːn deːɐ̯ tˈoːkyːoː ɡˈaːmə shɔf am dˈɔnɐstaːk ɛnthˈʏltə nˈɪntɛndoː pʁɛzidˈɛnt zˈaːtoːʁuː ˈiːvaːtaː das kˈɔntʁɔlɐ deːzˈɪɡn fyːɐ̯ diː nˈɔʏ̯ə nˈɪntɛndoː ʁeːfoːluːt͡si̯ˈoːn kɔnzˈoːlə dəs ˈʊntɐneːməns
diese theorie steht im widerspruch zu der behauptung der mond sei völlig frei von geologischer aktivität	dˈiːzə teoʁˈiː ʃteːt ɪm vˈiːdɐʃpʁʊx t͡suː deːɐ̯ bəhˈaʊ̯ptʊŋ deːɐ̯ moːnt zaɪ̯ fˈœlɪç fʁaɪ̯ fɔn ɡəoːlˈoːɡɪʃɐ aktivitˈɛːt
"der äußere bereich den wir sehen wenn wir in die sonne schauen wird photosphäre genannt was "ball aus licht" bedeutet.	deːɐ̯ ˈɔʏ̯səʁə bəʁˈaɪ̯ç den viːɐ̯ zˈeːən vɛn viːɐ̯ ɪn diː zˈɔnə ʃˈaʊ̯ən vɪɐ̯t fˈoːtɔsfɛːʁə ɡənˈant vas bal aʊ̯s lɪçt bədˈɔʏ̯tət .
die mapuche waren auch eine der letzten unabhängigen ureinwohnergruppen amerikas die bis nach der unabhängigkeit chiles nicht vollständig in die spanischsprachige herrschaft absorbiert wurden	diː mˈaːpʊxə vˈaːʁən aʊ̯x ˈaɪ̯nə deːɐ̯ lˈɛt͡stən ˈuːnabhɛŋiːɡən ˈuːʁaɪ̯nvoːnɐɡʁʊpən aːmˈeːʁiːkaːs diː bɪs naːx deːɐ̯ ˈʊnabhɛŋɪçkaɪ̯t çˈiːləs nɪçt fˈɔlʃtɛndɪç ɪn diː ʃpˈaːnɪʃspʁaxiːɡə hˈɛɐ̯ʃaft ˈapzɔɐ̯biːɐ̯t vˈʊɐ̯dən
in der vergangenheit betrieben die meisten bauern subsistenzwirtschaft und in vielen entwicklungsländern ist das nach wie vor der fall	ɪn deːɐ̯ fɛɐ̯ɡˈaŋənhaɪ̯t bətʁˈiːbən diː mˈaɪ̯stən bˈaʊ̯ɐn zʊpzistˈɛnt͡svɪɐ̯t͡ʃaft ʊnt ɪn fˈiːlən ɛntvˈɪklʊŋslɛndɐn ɪst das naːx viː foːɐ̯ deːɐ̯ fal
laut dem aktuellen bulletin deuteten die messungen des meeresspiegels darauf hin dass ein tsunami ausgelöst wurde in der nähe von pago pago und niue wurde eine eindeutige tsunami-aktivität aufgezeichnet	laʊ̯t deːm aktˈuːɛlən bˈʊleːtiːn dˈɔʏ̯teːtən diː mˈɛsʊŋən dəs mˈeːʁɛspiːɡəls daʁˈaʊ̯f hɪn das aɪ̯n tsunˈaːmi ˈaʊ̯sɡəløːst vˈʊɐ̯də ɪn deːɐ̯ nˈɛːə fɔn pˈaːɡoː pˈaːɡoː ʊnt nˈiːuːə vˈʊɐ̯də ˈaɪ̯nə ˈaɪ̯ndɔʏ̯tiːɡə tsunˈaːmi aktivitˈɛːt ˈaʊ̯fɡət͡saɪ̯çnət
das aufstrich -symbol sieht wie ein v aus und das abstrich -symbol wie eine klammer bzw. ein quadrat bei dem der untere strich fehlt	das ˈaʊ̯fʃtʁɪç zʏmbˈoːl ziːt viː aɪ̯n f aʊ̯s ʊnt das ˈapʃtʁɪç zʏmbˈoːl viː ˈaɪ̯nə klˈamɐ bət͡sˈiːʊŋsvaɪ̯zə aɪ̯n kvadʁˈaːt baɪ̯ deːm deːɐ̯ ˈʊnteːʁə ʃtʁɪç feːlt
eine person die in einer werkstatt in der nähe des unfallortes arbeitete sagte es gab kinder die darauf warteten die straße zu überqueren und alle schrien und weinten	ˈaɪ̯nə pɛɐ̯zˈoːn diː ɪn ˈaɪ̯nɐ vˈɛɐ̯kʃtat ɪn deːɐ̯ nˈɛːə dəs ˈʊnfalɔɐ̯təs ˈaɐ̯baɪ̯teːtə zˈaːktə ɛs ɡaːp kˈɪndɐ diː daʁˈaʊ̯f vˈaɐ̯teːtən diː ʃtʁˈaːsə t͡suː yːbɐkvˈeːʁən ʊnt ˈalə ʃʁiːn ʊnt vˈaɪ̯ntən
dadurch konnten mit zoomobjektiven bilder in einer qualität erzeugt werden die mit der von objektiven mit fester brennweite vergleichbar ist	dˈaːdʊɐ̯x kˈɔntən mɪt t͡sˈoːmɔbjɛktiːfən bˈɪldɐ ɪn ˈaɪ̯nɐ kvalitˈɛːt ɛɐ̯t͡sˈɔʏ̯kt vˈeːɐ̯dən diː mɪt deːɐ̯ fɔn ɔbjɛktˈiːfən mɪt fˈɛstɐ bʁˈɛnvaɪ̯tə fɛɐ̯ɡlˈaɪ̯çbaːɐ̯ ɪst
sollte dies aber jemals geschehen dann wird es bis dahin noch sehr lange dauern die sterne sind so weit verstreut dass selbst zwischen nachbarsternen billionen von kilometern liegen	zˈɔltə diːs ˈaːbɐ jˈeːmals ɡəʃˈeːən dan vɪɐ̯t ɛs bɪs daˈɪn nɔx zeːɐ̯ lˈaŋə dˈaʊ̯ɐn diː ʃtˈɛɐ̯nə zɪnt zoː vaɪ̯t fɛɐ̯ʃtʁˈɔʏ̯t das zɛlpst t͡svˈɪʃən nˈaːxbaɐ̯stɐnən bɪli̯ˈoːnən fɔn kiːloːmˈeːtɐn lˈiːɡən
beim frühstück kann es saisonale köstlichkeiten der region oder das spezialgericht des gastgebers geben	baɪ̯m fʁˈyːʃtʏk kan ɛs zaɪ̯zˈoːnaːlə kˈœstlɪçkaɪ̯tən deːɐ̯ ʁeːɡi̯ˈoːn ˈoːdɐ das ʃpeːt͡si̯ˈaːlɡəʁɪçt dəs ɡˈastɡeːbɐs ɡˈeːbən
wenn man einen formell angelegten garten besucht und proben sammelt wird man ebenfalls ohne diskussion hinausgeworfen	vɛn man ˈaɪ̯nən foɐ̯mˈɛl ˈanɡəlɛktən ɡˈaɐ̯tən bəzˈʊxt ʊnt pʁˈoːbən zˈaməlt vɪɐ̯t man ˈeːbənfals ˈoːnə dɪskʊsˈiːoːn hˈɪnaʊ̯sɡəvɔɐ̯fən
die kapsel wird ähnlich wie eine sternschuppe aussehen die am himmel fliegt	diː kˈapsəl vɪɐ̯t ˈɛːnlɪç viː ˈaɪ̯nə ʃtˈɛɐ̯nʃʊpə ˈaʊ̯szeːən diː am hˈɪməl fliːkt
san francisco ist auch einer der landesweit besten orte für andere asiatische küche koreanisch thailändisch indisch und japanisch	zaːn fʁˈankɪskoː ɪst aʊ̯x ˈaɪ̯nɐ deːɐ̯ lˈandəsvaɪ̯t bˈɛʃtən ˈɔɐ̯tə fyːɐ̯ ˈandəʁə aːzi̯ˈaːtɪʃə kˈʏçə koʁeˈaːnɪʃ tˈaɪ̯lɛndɪʃ ˈɪndɪʃ ʊnt japˈaːnɪʃ
xinhua berichtete dass ermittler der regierung am mittwoch zwei black box -flugschreiber  geborgen haben	ksˈɪnhuːaː bəʁˈɪçtətə das ɛɐ̯mˈɪtlɐ deːɐ̯ ʁeɡˈiːʁʊŋ am mˈɪtvɔx t͡svaɪ̯ blak bɔks flˈuːkʃʁaɪ̯bɐ ɡəbˈɔɐ̯ɡən hˈaːbən
man brachte den göttern opfer dar und die priester versuchten durch zeremonien und feste dem willen der götter zu entsprechen	man bʁˈaxtə den ɡˈœtɐn ˈɔpfɐ daːɐ̯ ʊnt diː pʁˈiːstɐ fɛɐ̯zˈʊxtən dʊɐ̯ç t͡sɛɐ̯ˈeːmoːni̯ən ʊnt fˈɛstə deːm vˈɪlən deːɐ̯ ɡˈœtɐ t͡suː ɛntʃpʁˈɛçən
wie es für die damalige zeit typisch war ist das kirby muxloe castle eher ein befestigtes haus als eine echte burg	viː ɛs fyːɐ̯ diː dˈaːmaːlɪɡə t͡saɪ̯t tˈyːpɪʃ vaːɐ̯ ɪst das kˈɪɐ̯byː mˈʊksloːə kˈastlə ˈeːɐ aɪ̯n bəfˈɛstɪktəs haʊ̯s als ˈaɪ̯nə ˈɛçtə bʊɐ̯k
die bereitschaft von regierungen pässe mit nicht angegebenem geschlecht x oder dokumente die auf den gewünschten namen und das gewünschte geschlecht aktualisiert wurden auszustellen ist unterschiedlich	diː bəʁˈaɪ̯tʃaft fɔn ʁeɡˈiːʁʊŋən pˈɛsə mɪt nɪçt ˈanɡəɡeːbeːnəm ɡəʃlˈɛçt ks ˈoːdɐ doːkuːmˈɛntə diː aʊ̯f den ɡəvˈʏnʃtən nˈaːmən ʊnt das ɡəvˈʏnʃtə ɡəʃlˈɛçt aktuːaːliːzˈiːɐ̯t vˈʊɐ̯dən ˈaʊ̯st͡suːʃtɛlən ɪst ˈʊntɐʃiːdlɪç
während ihrer zeit in atlanta wurde sie von kritikern gelobt und für das innovative städtische bildungswesen ausgezeichnet.x	vˈɛːʁənt ˈiːʁɐ t͡saɪ̯t ɪn ˈatlantaː vˈʊɐ̯də ziː fɔn kʁˈiːtiːkɐn ɡəlˈɔpt ʊnt fyːɐ̯ das ˈɪnoːfaːtiːfə ʃtˈɛtɪʃə bˈɪldʊŋsveːzən ˈaʊ̯sɡət͡saɪ̯çnət . ks
informieren sie sich bei der institution wie auch bei der einwanderungsbehörde des landes in dem sie studieren wollen über die einzelnen voraussetzungen	ɪnfoɐ̯mˈiːʁən ziː zɪç baɪ̯ deːɐ̯ ɪnstiːtuːtˈiːoːn viː aʊ̯x baɪ̯ deːɐ̯ ˈaɪ̯nvandeːʁʊŋsbəhøːɐ̯də dəs lˈandəs ɪn deːm ziː ʃtudˈiːʁən vˈɔlən ˈyːbɐ diː ˈaɪ̯nt͡sɛlnən fˈoːɐ̯aʊ̯szɛt͡sʊŋən
sikhismus ist eine religion des indischen subkontinents er entstand im 15. jahrhundert im pandschab aus einer abspaltung des hinduismus	zˈɪkhɪsmuːs ɪst ˈaɪ̯nə ʁeːliːɡi̯ˈoːn dəs ˈɪndɪʃən zˈʊpkɔntiːnənts eːɐ̯ ɛntʃtˈant ɪm fˈʏnft͡seːntən jaːɐ̯hˈʊndɐt ɪm pˈantʃaːp aʊ̯s ˈaɪ̯nɐ ˈapʃpaltʊŋ dəs hˈɪnduːɪsmuːs
der brasilianische nationalkongress debattiert seit 10 jahren über die legalisierung und solche bürgerlichen ehen sind derzeit nur in rio grande do sul gesetzlich erlaubt	deːɐ̯ bʁaːziːli̯ˈaːnɪʃə nˈaːt͡si̯oːnalkɔŋʁəs deːbatˈiːɐ̯t zaɪ̯t t͡seːn jˈaːʁən ˈyːbɐ diː leɡalizˈiːʁʊŋ ʊnt zˈɔlçə bˈʏɐ̯ɡɐlɪçən ˈeːən zɪnt dˈeːɐ̯t͡saɪ̯t nuːɐ̯ ɪn ʁˈiːoː ɡʁˈandə doː zuːl ɡəzˈɛt͡slɪç ɛɐ̯lˈaʊ̯pt
der ausbruch der krankheit veranlasste die indische regierung dazu in stark betroffenen gebieten schweinefänger zu beauftragen tausende moskitonetze zu verteilen sowie pflanzenschutzmittel zu versprühen	deːɐ̯ ˈaʊ̯sbʁʊx deːɐ̯ kʁˈaŋkhaɪ̯t fɛɐ̯ˈanlaːsstə diː ˈɪndɪʃə ʁeɡˈiːʁʊŋ dat͡sˈuː ɪn ʃtaɐ̯k bətʁˈɔfeːnən ɡəbˈiːtən ʃvˈaɪ̯nəfɛŋɐ t͡suː bəˈaʊ̯ftʁaːɡən tˈaʊ̯zəndə mɔskˈiːtoːnɛt͡sə t͡suː fɛɐ̯tˈaɪ̯lən zovˈiː pflˈant͡sənʃʊt͡smɪtəl t͡suː fɛɐ̯ʃpʁˈyːən
wenn sie ein wenig mehr abenteuer wollen ergreifen sie die chance smoothies saftiger zu machen oder zu mixen	vɛn ziː aɪ̯n vˈeːnɪç meːɐ̯ ˈaːpəntɔʏ̯ɐ vˈɔlən ɛɐ̯ɡʁˈaɪ̯fən ziː diː kˈankə smˈoːthis zˈaftiːɡɐ t͡suː mˈaxən ˈoːdɐ t͡suː mˈɪksən
obwohl die mannschaft im spiel gegen ihre südlichen schwestern definitiv eingerostet wirkte verbesserte sich südafrika im verlauf des turniers stetig	ɔpvˈoːl diː mˈanʃaft ɪm ʃpiːl ɡˈɛɡən ˈiːʁə zˈyːtlɪçən ʃvˈɛstɐn definitˈiːf ˈaɪ̯nɡəʁɔstət vˈɪɐ̯ktə fɛɐ̯bəsˈɛʁtə zɪç zyːdˈaːfʁika ɪm fɛɐ̯lˈaʊ̯f dəs tʊɐ̯nˈiːɐ̯s ʃtˈeːtɪç
es wird sich über die westküste nordkaliforniens bewegen und den himmel von kalifornien bis zentraloregon und weiter über nevada und idaho bis nach utah erhellen sagte tom duxbury projektmanager von stardust	ɛs vɪɐ̯t zɪç ˈyːbɐ diː vˈɛstkʏstə nˈɔɐ̯tkaːliːfɔɐ̯niːns bəvˈeːɡən ʊnt den hˈɪməl fɔn kalifˈɔɐ̯ni̯ən bɪs t͡sˈɛntʁaːloːʁeːɡoːn ʊnt vˈaɪ̯tɐ ˈyːbɐ nevˈaːda ʊnt ˈiːdaːoː bɪs naːx ˈuːta ɛɐ̯hˈɛlən zˈaːktə tɔm dˈʊksbuːʁyː pʁˈoːjɛktmaːnaːɡɐ fɔn ʃtˈaɐ̯dʊst
ma wurde in hongkong geboren studierte an der new york university und der harvard law school und war im besitz einer amerikanischen green card für dauerhaft ansässige	ma vˈʊɐ̯də ɪn hˈɔŋkɔŋ ɡəbˈoːʁən ʃtˈuːdiːɐ̯tə an deːɐ̯ neːf ˈyːɔɐ̯k ˈuːniːfɐziːtyː ʊnt deːɐ̯ hˈaɐ̯faɐ̯t laːf ʃoːl ʊnt vaːɐ̯ ɪm bəzˈɪt͡s ˈaɪ̯nɐ aːmeːʁiːkˈaːnɪʃən ɡʁeːn kaɐ̯t fyːɐ̯ dˈaʊ̯ɐhaft ˈanzɛsiːɡə
am 7. oktober löste sich beim start ein triebwerk es wurde allerdings niemand verletzt nach diesem unfall setzte russland die il-76 kurzzeitig außer dienst	am zˈiːptən ɔktˈoːbɐ lˈœstə zɪç baɪ̯m ʃtaɐ̯t aɪ̯n tʁˈiːpvɛɐ̯k ɛs vˈʊɐ̯də ˈalɐdɪŋs nˈiːmant fɛɐ̯lˈɛt͡st naːx dˈiːzəm ˈʊnfal zˈɛt͡stə ʁˈʊslant diː iːl zˈɛçsʊntziːpt͡sɪç kˈʊɐ̯t͡st͡saɪ̯tɪç ˈaʊ̯sɐ diːnst
der effekt hängt davon ab wie oft ihr gehirn pro nacht versucht luzide zu träumen	deːɐ̯ ɛfˈɛkt hɛŋt dafˈɔn ap viː ɔft iːɐ̯ ɡəhˈɪɐ̯n pʁoː naxt fɛɐ̯zˈʊxt luːt͡sˈiːdə t͡suː tʁˈɔʏ̯mən
der tropensturm danielle der vierte benannte sturm der atlantischen hurrikansaison 2010 hat sich im östlichen atlantik gebildet	deːɐ̯ tʁˈoːpənʃtʊɐ̯m dˈaːniːlə deːɐ̯ fˈiːɐ̯tə bənˈantə ʃtʊɐ̯m deːɐ̯ atlˈantɪʃən hˈʊʁiːkanzaɪ̯zoːn t͡svˈaɪ̯taʊ̯zənt t͡seːn hat zɪç ɪm ˈœstlɪçən atlˈantɪk ɡəbˈɪldət
ein interaktives design erfordert dass sich die komponenten eines projektes miteinander verbinden dass sie aber auch als eigenständige einheiten sinn ergeben	aɪ̯n ˈɪnteːʁaktiːfəs deːzˈɪɡn ɛɐ̯fˈɔɐ̯dɐt das zɪç diː kˈɔmpoːnɛntən ˈaɪ̯nəs pʁoːjˈɛktəs mɪtaɪ̯nˈandɐ fɛɐ̯bˈɪndən das ziː ˈaːbɐ aʊ̯x als ˈaɪ̯ɡɛnstɛndiːɡə ˈaɪ̯nhaɪ̯tən zɪn ɛɐ̯ɡˈeːbən
obwohl der bau von pyramiden aus stein bis zum ende des alten reiches fortgesetzt wurde wurden die pyramiden von gizeh in ihrer größe und der technischen perfektion ihrer konstruktion nie übertroffen	ɔpvˈoːl deːɐ̯ baʊ̯ fɔn pʏʁamˈiːdən aʊ̯s ʃtaɪ̯n bɪs t͡suːm ˈɛndə dəs ˈaltən ʁˈaɪ̯çəs fˈɔɐ̯tɡeːzət͡st vˈʊɐ̯də vˈʊɐ̯dən diː pʏʁamˈiːdən fɔn ɡˈiːt͡se ɪn ˈiːʁɐ ɡʁˈøːsə ʊnt deːɐ̯ tˈɛçnɪʃən pˈɛɐ̯fɛkt͡si̯oːn ˈiːʁɐ kˈɔnstʁʊkt͡si̯oːn niː ˈyːbɐtʁɔfən
während man mit den meisten karten überall anrufen kann dienen manche nur dazu vorteilhafte tarife für bestimmte ländergruppen zur verfügung zu stellen	vˈɛːʁənt man mɪt den mˈaɪ̯stən kˈaɐ̯tən yːbɛʁˈal ˈanʁuːfən kan dˈiːnən mˈanxə nuːɐ̯ dat͡sˈuː fˈoːɐ̯taɪ̯lhaftə taːʁˈiːfə fyːɐ̯ bəʃtˈɪmtə lˈɛndɐɡʁʊpən t͡sʊɐ̯ fɛɐ̯fˈyːɡʊŋ t͡suː ʃtˈɛlən
die meisten todesfälle geschehen durch übermüdung bei dem versuch gegen die strömung zurückzuschwimmen was sich als unmöglich erweisen kann	diː mˈaɪ̯stən tˈoːdəsfɛlə ɡəʃˈeːən dʊɐ̯ç ˈyːbɐmyːdʊŋ baɪ̯ deːm fɛɐ̯zˈuːx ɡˈɛɡən diː ʃtʁˈøːmʊŋ t͡sˈuːʁʏkt͡sʊʃvɪmən vas zɪç als ʊnmˈøːɡlɪç ɛɐ̯vˈaɪ̯zən kan
die vorübergehend amtierende premierministerin julia gillard erklärte während des wahlkampfes für die bundeswahl 2010 dass ihrer meinung nach australien am ende der herrschaft von königin elizabeth ii eine republik werden sollte	diː foɐ̯ˈyːbɐɡeːənt amtˈiːʁɛndə pʁemˈiːɐ̯minɪstɛʁɪn jˈuːliːaː ɡˈɪlaɐ̯t ɛɐ̯klˈɛɐ̯tə vˈɛːʁənt dəs vˈaːlkampfəs fyːɐ̯ diː bˈʊndəsvaːl t͡svˈaɪ̯taʊ̯zənt t͡seːn das ˈiːʁɐ mˈaɪ̯nʊŋ naːx aʊ̯stʁaːlˈiːn am ˈɛndə deːɐ̯ hˈɛɐ̯ʃaft fɔn kˈøːnɪɡɪn ˈeːliːt͡saːbət t͡svaɪ̯ ˈaɪ̯nə ʁepublˈiːk vˈeːɐ̯dən zˈɔltə
die wände und decken von eishöhlen können einstürzen und risse sich schließen	diː vˈɛndə ʊnt dˈɛkən fɔn ˈaɪ̯shøːlən kˈœnən ˈaɪ̯nʃtʏɐ̯t͡sən ʊnt ʁˈɪsə zɪç ʃlˈiːsən
das hershey-chase-experiment war eines der maßgeblichen indizien dass dna ein genetisches material ist	das hˈɛɐ̯sheːyː kˈaːzə ɛkspeʁimˈɛnt vaːɐ̯ ˈaɪ̯nəs deːɐ̯ mˈaːsɡɛblɪçən ˈɪndiːt͡si̯ən das dnaː aɪ̯n ɡˈɛneːtɪʃəs maːteːʁi̯ˈaːl ɪst
das aufstellen eines zeltes auf einem privatgrundstück oder in einer beliebig großen stadt kann schnell zu unerwünschten reaktionen führen	das ˈaʊ̯fʃtɛlən ˈaɪ̯nəs t͡sˈɛltəs aʊ̯f ˈaɪ̯nəm pʁivˈaːtɡʁʊntʃtʏk ˈoːdɐ ɪn ˈaɪ̯nɐ bəlˈiːbɪç ɡʁˈoːsən ʃtat kan ʃnɛl t͡suː ˈuːnɐvʏnʃtən ʁeːakt͡si̯ˈoːnən fˈyːʁən
der gouverneur gab auch bekannt heute haben wir erfahren dass bei einigen schulkindern festgestellt wurde dass sie mit dem patienten in kontakt waren	deːɐ̯ ɡˈoːuːfɐnøːɐ̯ ɡaːp aʊ̯x bəkˈant hˈɔʏ̯tə hˈaːbən viːɐ̯ ɛɐ̯fˈaːʁən das baɪ̯ ˈaɪ̯nɪɡən ʃˈʊlkɪndɐn fˈɛstɡɛstəlt vˈʊɐ̯də das ziː mɪt deːm patˈɪntən ɪn kɔntˈakt vˈaːʁən
nach dem feuer wurde die festung bewahrt und geschützt und bleibt so weiterhin eine von bhutans sensationellsten attraktionen	naːx deːm fˈɔʏ̯ɐ vˈʊɐ̯də diː fˈɛstʊŋ bəvˈaːɐ̯t ʊnt ɡəʃˈʏt͡st ʊnt blaɪ̯pt zoː vˈaɪ̯tɐhɪn ˈaɪ̯nə fɔn bhˈuːtans zɛnzaːt͡si̯oːnˈɛlstən atʁakt͡si̯ˈoːnən
nach fray bartolomé de las casas tratado de las indias töteten die spanischen eroberer zwischen 1492 und 1498 rund 100.000 taínos	naːx fʁˈaːyː bˈaɐ̯toːloːmə deː laːs kˈaːzaːs tʁˈaːtaːdoː deː laːs ˈɪndi̯aːs tˈøːteːtən diː ʃpˈaːnɪʃən ɛʁˈoːbeːʁɐ t͡svˈɪʃən fˈiːɐ̯t͡seːnhʊndɐt͡svaɪ̯ʊndnɔʏ̯nt͡sɪç ʊnt fˈiːɐ̯t͡seːnhʊndɐtaxtʊndnɔʏ̯nt͡sɪç ʁʊnt ˈaɪ̯nhʊndɐttaʊ̯zənt tˈaɪ̯noːs
egal wie friedlich bisons wapitis elche bären und praktisch alle großen tiere wirken können so kann es doch passieren dass sie zum angriff übergehen	eɡˈaːl viː fʁˈiːdlɪç bˈiːzɔns vaːpˈiːtiːs ˈɛlçə bˈɛːʁən ʊnt pʁˈaktɪʃ ˈalə ɡʁˈoːsən tˈiːʁə vˈɪɐ̯kən kˈœnən zoː kan ɛs dɔx pasˈiːʁən das ziː t͡suːm ˈanɡʁɪf yːbɐɡˈeːən
der gewinner einer silbermedaille bei den olympischen spielen von 2004 amir khan sagte in meinem innersten glaube ich dass frauen nicht kämpfen sollten das ist meine meinung	deːɐ̯ ɡəvˈɪnɐ ˈaɪ̯nɐ zˈɪlbɐmedaɪ̯lə baɪ̯ den ˈoːlʏmpɪʃən ʃpˈiːlən fɔn t͡svˈaɪ̯taʊ̯zənt fiːɐ̯ ˈaːmiːɐ̯ khaːn zˈaːktə ɪn mˈaɪ̯nəm ˈɪnɐstən ɡlˈaʊ̯bə ɪç das fʁˈaʊ̯ən nɪçt kˈɛmpfən zˈɔltən das ɪst mˈaɪ̯nə mˈaɪ̯nʊŋ
"perry sagte ausdrücklich: "es gibt nur wenige orte auf der welt die besser gerüstet sind um die herausforderung zu meistern die sich in diesem fall stellt.""	pˈɛʁyː zˈaːktə ˈaʊ̯sdʁʏklɪç , ɛs ɡiːpt nuːɐ̯ vˈeːnɪɡə ˈɔɐ̯tə aʊ̯f deːɐ̯ vɛlt diː bˈɛsɐ ɡəʁˈʏstət zɪnt ʊm diː hɛɐ̯ˈaʊ̯sfɔɐ̯dəʁʊŋ t͡suː mˈaɪ̯stɐn diː zɪç ɪn dˈiːzəm fal ʃtɛlt .
es wurde eine untersuchung zur aufklärung des unfalls eingeleitet	ɛs vˈʊɐ̯də ˈaɪ̯nə ʊntɐzˈuːxʊŋ t͡sʊɐ̯ ˈaʊ̯fklɛːʁuŋ dəs ˈʊnfals ˈaɪ̯nɡəlaɪ̯tət
früh in der unabhängigkeit der nation half die expertise des botanischen gartens von singapur dabei die insel in eine tropische gartenstadt zu verwandeln	fʁyː ɪn deːɐ̯ ˈʊnabhɛŋɪçkaɪ̯t deːɐ̯ naːt͡si̯ˈoːn half diː ɛkspɛʁtˈiːzə dəs bˈoːtaːnɪʃən ɡˈaɐ̯təns fɔn zˈɪŋapuːɐ̯ dabˈaɪ̯ diː ˈɪnzəl ɪn ˈaɪ̯nə tʁˈoːpɪʃə ɡˈaɐ̯tənʃtat t͡suː fəɐ̯vˈandəln
sie ist sehr süß und singt auch ziemlich gut sagte er laut einem transkript der pressekonferenz	ziː ɪst zeːɐ̯ zyːs ʊnt zɪŋt aʊ̯x t͡sˈiːmlɪç ɡuːt zˈaːktə eːɐ̯ laʊ̯t ˈaɪ̯nəm tʁˈanskʁɪpt deːɐ̯ pʁˈɛsəkɔnfeʁənt͡s
einige der gesteine die auf der erde sehr selten sind werden zwischen 11.000 und 22.500 us-dollar pro unze verkauft was etwa zehnmal so hoch ist wie die preis von gold	ˈaɪ̯nɪɡə deːɐ̯ ɡəʃtˈaɪ̯nə diː aʊ̯f deːɐ̯ ˈeːɐ̯də zeːɐ̯ zˈɛltən zɪnt vˈeːɐ̯dən t͡svˈɪʃən ˈɛlftaʊ̯zənt ʊnt t͡svaɪ̯ʊntt͡svˈant͡sɪçtaʊ̯zənt fˈʏnfhʊndɐt uːs dˈɔlaɐ̯ pʁoː ˈʊnt͡sə fɛɐ̯kˈaʊ̯ft vas ˈɛtva t͡sˈeːnmaːl zoː hoːx ɪst viː diː pʁaɪ̯s fɔn ɡɔlt
beispiele dafür sind steuerung das aufstellen von strategien und zeitplänen die fähigkeit kundendiagnosen und fragen zu beantworten sowie handschrifts stimm und gesichtserkennung	bˈaɪ̯ʃpiːlə dafˈyːɐ̯ zɪnt ʃtˈɔʏ̯əʁʊŋ das ˈaʊ̯fʃtɛlən fɔn ʃtʁaːteːɡˈiːn ʊnt t͡sˈaɪ̯tplɛːnən diː fˈɛːɪçkaɪ̯t kˈʊndɛndi̯aɡnoːzən ʊnt fʁˈaːɡən t͡suː bəˈantvɔɐ̯tən zovˈiː hˈantʃʁɪfts ʃtɪm ʊnt ɡəzˈɪçtzɐkɛnʊŋ
das ist der fall wenn menschen zum entspannen und vergnügen an einen ort gehen der sich stark von ihrem normalen alltagsleben unterscheidet	das ɪst deːɐ̯ fal vɛn mˈɛnʃən t͡suːm ɛntʃpˈanən ʊnt fɛɐ̯ɡnˈyːɡən an ˈaɪ̯nən ɔɐ̯t ɡˈeːən deːɐ̯ zɪç ʃtaɐ̯k fɔn ˈiːʁəm nɔɐ̯mˈaːlən ˈaltaksleːbən ˈʊntɐʃaɪ̯dət
wissenschaftler am national hurricane center sagen voraus dass danielle sich bis mittwoch zu einem hurrikan steigern wird	vˈɪsənʃaftlɐ am naːt͡si̯oːnˈaːl hˈʊʁiːkaːnə kˈɛntɐ zˈaːɡən foʁˈaʊ̯s das dˈaːniːlə zɪç bɪs mˈɪtvɔx t͡suː ˈaɪ̯nəm hˈʊʁikan ʃtˈaɪ̯ɡɐn vɪɐ̯t
er kann zumeist recht einfach nachgelegt werden wenn er ihnen ausgeht und er verfügt über eine auflösung die ungefähr der von aktuellen digitalen spiegelreflexkameras entspricht	eːɐ̯ kan t͡sˈuːmaɪ̯st ʁɛçt ˈaɪ̯nfax nˈaːxɡəleːkt vˈeːɐ̯dən vɛn eːɐ̯ ˈiːnən ˈaʊ̯sɡeːt ʊnt eːɐ̯ fɛɐ̯fˈʏkt ˈyːbɐ ˈaɪ̯nə ˈaʊ̯fløːzʊŋ diː ˈʊnɡəfɛːɐ̯ deːɐ̯ fɔn aktˈuːɛlən diːɡiːtˈaːlən ʃpˈiːɡɛlʁɛflɛkskaːmeːʁaːs ɛntʃpʁˈɪçt
vergessen sie nicht die extrakosten für weitere visa abfluggebühren transportmittel an land etc. für all die orte außerhalb von afrika mit einzuberechnen	fɛɐ̯ɡˈɛsən ziː nɪçt diː ˈɛkstʁakɔstən fyːɐ̯ vˈaɪ̯teːʁə vˈiːza ˈapfluːkɡəbyːʁən tʁˈanspɔɐ̯tmɪtəl an lant ɛtk . fyːɐ̯ al diː ˈɔɐ̯tə ˈaʊ̯sɐhalp fɔn ˈafʁika mɪt ˈaɪ̯nt͡suːbəʁɛçnən
die meisten menschen buchen ihren platz lange im voraus da die boote während der hochsaison normalerweise voll sind	diː mˈaɪ̯stən mˈɛnʃən bˈuːxən ˈiːʁən plat͡s lˈaŋə ɪm foʁˈaʊ̯s daː diː bˈoːtə vˈɛːʁənt deːɐ̯ hˈoːxzaɪ̯zɔn nɔɐ̯mˈaːlɐvaɪ̯zə fɔl zɪnt
während der letzten drei jahrzehnte hat china eine marktwirtschaft entwickelt obwohl es offiziell ein kommunistischer staat blieb	vˈɛːʁənt deːɐ̯ lˈɛt͡stən dʁaɪ̯ jaːɐ̯t͡sˈeːntə hat çˈiːna ˈaɪ̯nə mˈaɐ̯ktvɪɐ̯tʃaft ɛntvˈɪkəlt ɔpvˈoːl ɛs ɔfit͡sˈɪl aɪ̯n kɔmuːnˈɪstɪʃɐ ʃtaːt bliːp
sowohl lettland als auch die slowakei haben den acta-beitrittsprozess verschoben	zovˈoːl lˈɛtlant als aʊ̯x diː slɔvakˈaɪ̯ hˈaːbən den ˈaktaː bˈaɪ̯tʁɪtspʁot͡sɛs fɛɐ̯ʃˈoːbən
die türkische diva sezen aksu trat mit dem italienischen tenor alessandro safina und der griechischen sängerin haris alexiou auf	diː tˈʏɐ̯kɪʃə dˈiːfaː zˈeːt͡sən ˈakzuː tʁaːt mɪt deːm iːtaːlˈiːnɪʃən tenˈoːɐ̯ ˈaːlɛsandʁoː zˈaːfiːnaː ʊnt deːɐ̯ ɡʁˈiːçɪʃən zˈɛŋəʁɪn hˈaːʁiːs ˈaːleːksi̯oːuː aʊ̯f
es ist eine inselgruppe mit 15 inseln die sich über 2,2 millionen quadratkilometer ozeanfläche ausbreiten	ɛs ɪst ˈaɪ̯nə ˈɪnzəlɡʁʊpə mɪt fˈʏnft͡seːn ˈɪnzəln diː zɪç ˈyːbɐ t͡svaɪ̯ kˈɔma t͡svaɪ̯ mɪli̯ˈoːnən kvadʁˈaːtkilomeːtɐ ˈoːt͡seːanflɛçə ˈaʊ̯sbʁaɪ̯tən
das spiel basiert auf der zweiten schlacht von falludscha einem brutalen gefecht zwischen amerikanischen und irakischen streitkräften	das ʃpiːl bazˈiːɐ̯t aʊ̯f deːɐ̯ t͡svˈaɪ̯tən ʃlaxt fɔn fˈalʊtʃaː ˈaɪ̯nəm bʁuːtˈaːlən ɡəfˈɛçt t͡svˈɪʃən aːmeːʁiːkˈaːnɪʃən ʊnt iːʁˈaːkɪʃən ʃtʁˈaɪ̯tkʁɛftən
die internationale erdbebenkarte des us geological surveys zeigte in der woche zuvor keine erdbeben in island	diː ˈɪntɐnaːt͡si̯oːnaːlə ɛɐ̯tbˈeːbɛŋkaɐ̯tə dəs uːs ɡəˈoːloːɡiːkaːl zˈʊɐ̯feːyːs t͡sˈaɪ̯ktə ɪn deːɐ̯ vˈɔxə t͡sufˈoːɐ̯ kˈaɪ̯nə ˈɛɐ̯tbeːbən ɪn ˈiːslant
die traditionelle mittelalterliche burg inspiriert seit langem die fantasie und beschwört bilder von turnieren banketten und artus-rittertum herauf	diː tʁaːdiːt͡si̯oːnˈɛlə mˈɪtəlaltɐlɪçə bʊɐ̯k ɪnspiːʁˈiːɐ̯t zaɪ̯t lˈaŋəm diː fantazˈiː ʊnt bəʃvˈœɐ̯t bˈɪldɐ fɔn tʊɐ̯nˈiːʁən baŋkˈɛtən ʊnt ˈaɐ̯tuːs ʁˈɪtɐtuːm hɛʁˈaʊ̯f
eine formelle jubiläumsveranstaltung sei für einen späteren zeitpunkt geplant sagten beamte	ˈaɪ̯nə fˈɔɐ̯mɛlə jˈuːbiːlɔʏ̯msfeːʁanstaltʊŋ zaɪ̯ fyːɐ̯ ˈaɪ̯nən ʃpˈɛːtəʁeːn t͡sˈaɪ̯tpʊŋkt ɡəplˈaːnt zˈaktən bəˈamtə
damals wurden fast 100 bewohner aus dem gebiet evakuiert	dˈaːmaːls vˈʊɐ̯dən fast ˈaɪ̯nhʊndɐt bəvˈoːnɐ aʊ̯s deːm ɡəbˈiːt ˈeːfaːkuːiːɐ̯t
es wurde eine untersuchung zur aufklärung des unfalls eingeleitet	ɛs vˈʊɐ̯də ˈaɪ̯nə ʊntɐzˈuːxʊŋ t͡sʊɐ̯ ˈaʊ̯fklɛːʁuŋ dəs ˈʊnfals ˈaɪ̯nɡəlaɪ̯tət
sie kann angepasst werden damit sie leicht lesbar ist und auch mit so viel oder so wenig farbe wie gewünscht	ziː kan ˈanɡəpast vˈeːɐ̯dən damˈɪt ziː laɪ̯çt lˈeːsbaːɐ̯ ɪst ʊnt aʊ̯x mɪt zoː fiːl ˈoːdɐ zoː vˈeːnɪç fˈaɐ̯bə viː ɡəvˈʏnʃt
familien mit kleinen kindern brauchen vielleicht mehr vorbereitungen aber ein tag im freien ist auch mit babys und vorschulkindern einfach machbar	famˈiːli̯ən mɪt klˈaɪ̯nən kˈɪndɐn bʁˈaʊ̯xən filˈaɪ̯çt meːɐ̯ fˈoːɐ̯bəʁaɪ̯tʊŋən ˈaːbɐ aɪ̯n taːk ɪm fʁˈaɪ̯ən ɪst aʊ̯x mɪt bˈaːbyːs ʊnt fˈoːɐ̯ʃʊlkɪndɐn ˈaɪ̯nfax mˈaxbaːɐ̯
ein interaktives design erfordert dass sich die komponenten eines projektes miteinander verbinden dass sie aber auch als eigenständige einheiten sinn ergeben	aɪ̯n ˈɪnteːʁaktiːfəs deːzˈɪɡn ɛɐ̯fˈɔɐ̯dɐt das zɪç diː kˈɔmpoːnɛntən ˈaɪ̯nəs pʁoːjˈɛktəs mɪtaɪ̯nˈandɐ fɛɐ̯bˈɪndən das ziː ˈaːbɐ aʊ̯x als ˈaɪ̯ɡɛnstɛndiːɡə ˈaɪ̯nhaɪ̯tən zɪn ɛɐ̯ɡˈeːbən
eine der stärken von charlotte north carolina ist dass es dort eine fülle hochwertiger angebote für familien gibt	ˈaɪ̯nə deːɐ̯ ʃtˈɛɐ̯kən fɔn kaɐ̯lˈɔtə nɔɐ̯t kˈaːʁoːliːnaː ɪst das ɛs dɔɐ̯t ˈaɪ̯nə fˈʏlə hˈoːxvɛɐ̯tiːɡɐ ˈanɡəboːtə fyːɐ̯ famˈiːli̯ən ɡiːpt
zur zeit ist nicht bekannt welche vorwürfe erhoben werden oder was die behörden zu dem jungen geführt hat aber vor dem bundesgericht hat ein jugendverfahren begonnen	t͡sʊɐ̯ t͡saɪ̯t ɪst nɪçt bəkˈant vˈɛlçə fˈoːɐ̯vʏɐ̯fə ɛɐ̯hˈoːbən vˈeːɐ̯dən ˈoːdɐ vas diː bəhˈœɐ̯dən t͡suː deːm jˈʊŋən ɡəfˈyːɐ̯t hat ˈaːbɐ foːɐ̯ deːm bˈʊndəsɡəʁɪçt hat aɪ̯n jˈuːɡəntfɛɐ̯faːʁən bəɡˈɔnən
so viele von uns erwischen sich beim anschauen einer fernsehsendung die uns über einen prozess oder eine erfahrung informiert obwohl wir nie daran teilhaben oder dieses wissen anwenden werden	zoː fˈiːlə fɔn ʊns ɛɐ̯vˈɪʃən zɪç baɪ̯m ˈanʃaʊ̯ən ˈaɪ̯nɐ fˈɛɐ̯nzeːzɛndʊŋ diː ʊns ˈyːbɐ ˈaɪ̯nən pʁot͡sˈɛs ˈoːdɐ ˈaɪ̯nə ɛɐ̯fˈaːʁʊŋ ɪnfɔɐ̯mˈiːɐ̯t ɔpvˈoːl viːɐ̯ niː daʁˈan tˈaɪ̯lhaːbən ˈoːdɐ dˈiːzəs vˈɪsən ˈanvɛndən vˈeːɐ̯dən
im allgemeinen ist es sinnlos auf direktflügen von a nach b auch nur nach ermäßigungen für business oder erste-klasse-sitze zu suchen	ɪm alɡeːmˈaɪ̯nən ɪst ɛs zˈɪnloːs aʊ̯f dˈiːʁɛktflyːɡən fɔn aː naːx p aʊ̯x nuːɐ̯ naːx ɛɐ̯mˈɛːsiːɡʊŋən fyːɐ̯ bˈuːziːnəs ˈoːdɐ ˈeːɐ̯stə klˈasə zˈɪt͡sə t͡suː zˈuːxən
das ist in vielen fällen bloß wie eine symptomatische behandlung wenn sie allerdings nicht nur temporäre lösungen wollen dann sollten wir die wurzel des problems finden und behandeln	das ɪst ɪn fˈiːlən fˈɛlən bloːs viː ˈaɪ̯nə zʏmptoːmˈaːtɪʃə bəhˈandlʊŋ vɛn ziː ˈalɐdɪŋs nɪçt nuːɐ̯ tɛmpoːʁˈɛːʁə lˈøːzʊŋən vˈɔlən dan zˈɔltən viːɐ̯ diː vˈʊɐ̯t͡səl dəs pʁoblˈeːms fˈɪndən ʊnt bəhˈandəln
die entscheidung von rudd das klimaabkommen von kyoto zu unterzeichnen isoliert die vereinigten staaten die nun die einzige entwickelte nation sind die dem abkommen nicht zustimmen	diː ɛntʃˈaɪ̯dʊŋ fɔn ʁʊt das klˈiːmaapkɔmən fɔn kˈyːoːtoː t͡suː ʊntɐt͡sˈaɪ̯çnən iːzoːlˈiːɐ̯t diː fɛɐ̯ˈaɪ̯nɪktən ʃtˈaːtən diː nuːn diː ˈaɪ̯nt͡siːɡə ɛntvˈɪkɛltə naːt͡si̯ˈoːn zɪnt diː deːm ˈapkɔmən nɪçt t͡sˈuːʃtɪmən
die ventilöffnung ermöglichte eine druckentlastung für das system und öl floss auf einem schmierkissen zu einem tank der 55 000 fässer 2,3 millionen gallonen halten kann	diː fˈɛntiːlœfnʊŋ ɛɐ̯mˈœɡlɪçtə ˈaɪ̯nə dʁˈʊkɛntlastʊŋ fyːɐ̯ das zʏstˈeːm ʊnt øːl flɔs aʊ̯f ˈaɪ̯nəm ʃmˈiːɐ̯kɪsən t͡suː ˈaɪ̯nəm taŋk deːɐ̯ fˈʏnfʊntfʏnft͡sɪç nʊl fˈɛsɐ t͡svaɪ̯ kˈɔma dʁaɪ̯ mɪli̯ˈoːnən ɡalˈoːnən hˈaltən kan
deutsche backwaren sind recht lecker in bayern sind sie recht gehaltvoll und abwechslungsreich ebenso wie beim südlichen nachbarn österreich	dˈɔʏ̯t͡ʃə bˈakvaːʁən zɪnt ʁɛçt lˈɛkɐ ɪn bˈaːyːɐn zɪnt ziː ʁɛçt ɡəhˈaltfɔl ʊnt ˈapvɛçslʊŋsʁaɪ̯ç ˈeːbənzoː viː baɪ̯m zˈyːtlɪçən nˈaxbaːɐ̯n ˈœstɐʁaɪ̯ç
nachdem die beamten die identität des wählers bestätigt haben wirft der wähler den umschlag in die wahlurne und unterschreibt die wählerliste	naːxdˈeːm diː bəˈamtən diː idɛntitˈɛːt dəs vˈɛːlɐs bəʃtˈɛːtɪkt hˈaːbən vɪɐ̯ft deːɐ̯ vˈɛːlɐ den ˈʊmʃlaːk ɪn diː vˈaːlʊɐ̯nə ʊnt ˈʊntɐʃʁaɪ̯pt diː vˈɛːlɐlɪstə
die fläche der türkei macht sie zum 37.-größten land der welt und sie ist etwa so groß wie der europäische teil frankreichs und das vereinigte königreich zusammen	diː flˈɛçə deːɐ̯ tʏɐ̯kˈaɪ̯ maxt ziː t͡suːm zˈiːbənʊndʁaɪ̯sɪç . ɡʁˈøːstən lant deːɐ̯ vɛlt ʊnt ziː ɪst ˈɛtva zoː ɡʁoːs viː deːɐ̯ ɔʏ̯ʁoːpˈɛːɪʃə taɪ̯l fʁˈaŋkʁaɪ̯çs ʊnt das fɛɐ̯ˈaɪ̯nɪktə kˈøːnɪçʁaɪ̯ç t͡suzˈamən
seien sie versichert dass alles ziemlich klar sein wird sobald sie die anlegestellen erreichen sie werden andere boot-tramper treffen die ihr wissen mit ihnen teilen werden	zˈaɪ̯ən ziː fɛɐ̯zˈɪçɐt das ˈaləs t͡sˈiːmlɪç klaːɐ̯ zaɪ̯n vɪɐ̯t zobˈalt ziː diː ˈanleːɡɛstɛlən ɛɐ̯ʁˈaɪ̯çən ziː vˈeːɐ̯dən ˈandəʁə boːt tʁˈampɐ tʁˈɛfən diː iːɐ̯ vˈɪsən mɪt ˈiːnən tˈaɪ̯lən vˈeːɐ̯dən
das ministerium reagierte indem es die verschiebung des berichts durch apple als wirklich bedauerlich bezeichnete	das mɪnɪstˈeːʁi̯ʊm ʁˈeːaːɡiːɐ̯tə ɪndˈeːm ɛs diː fɛɐ̯ʃˈiːbʊŋ dəs bəʁˈɪçts dʊɐ̯ç ˈaplə als vˈɪɐ̯klɪç bədˈaʊ̯ɐlɪç bət͡sˈaɪ̯çneːtə
in der palm-studie diente zmapp als kontrolle d.h. die wissenschaftler verwendeten es als ausgangsbasis und verglichen die drei anderen behandlungen damit	ɪn deːɐ̯ palm ʃtˈuːdi̯ə dˈiːntə t͡smap als kɔntʁˈɔlə das haɪ̯st diː vˈɪsənʃaftlɐ fɛɐ̯vˈɛndeːtən ɛs als ˈaʊ̯sɡaŋsbaːzɪs ʊnt fɛɐ̯ɡlˈɪçən diː dʁaɪ̯ ˈandəʁən bəhˈantlʊŋən damˈɪt
wissenschaftler am national hurricane center sagen voraus dass danielle sich bis mittwoch zu einem hurrikan steigern wird	vˈɪsənʃaftlɐ am naːt͡si̯oːnˈaːl hˈʊʁiːkaːnə kˈɛntɐ zˈaːɡən foʁˈaʊ̯s das dˈaːniːlə zɪç bɪs mˈɪtvɔx t͡suː ˈaɪ̯nəm hˈʊʁikan ʃtˈaɪ̯ɡɐn vɪɐ̯t
rund um die alte medina ist es einfach orte zu finden an denen traditionelle marokkanische waren wie tagines keramik lederwaren wasserpfeifen und ein ganzes spektrum an tinnef verkauft werden aber das ist alles nur für die touristen	ʁʊnt ʊm diː ˈaltə mˈeːdiːnaː ɪst ɛs ˈaɪ̯nfax ˈɔɐ̯tə t͡suː fˈɪndən an dˈeːnən tʁaːdiːt͡si̯oːnˈɛlə maːʁɔkˈaːnɪʃə vˈaːʁən viː tˈaːɡiːnəs keʁˈaːmɪk lˈeːdɐvaːʁən vˈasɐpfaɪ̯fən ʊnt aɪ̯n ɡˈant͡səs ʃpˈɛktʁʊm an tˈɪnɛf fɛɐ̯kˈaʊ̯ft vˈeːɐ̯dən ˈaːbɐ das ɪst ˈaləs nuːɐ̯ fyːɐ̯ diː tˈoːuːʁɪstən
dies markierte einen wichtigen wandel da die europäischen mächte nicht mehr den vorwand nutzen konnten religiöse kriege auszufechten daher war der dreißigjährige krieg der letzte krieg der als religiöser krieg etikettiert wurde	diːs maɐ̯kˈiːɐ̯tə ˈaɪ̯nən vˈɪçtiːɡən vˈandəl daː diː ɔʏ̯ʁoːpˈɛːɪʃən mˈɛçtə nɪçt meːɐ̯ den fˈoːɐ̯vant nˈʊt͡sən kˈɔntən ʁeːliːɡi̯ˈøːzə kʁˈiːɡə ˈaʊ̯st͡suːfɛçtən dˈaːɐ vaːɐ̯ deːɐ̯ dʁˈaɪ̯sɪɡjɛːʁɪɡə kʁiːk deːɐ̯ lˈɛt͡stə kʁiːk deːɐ̯ als ʁeːliːɡi̯ˈøːzɐ kʁiːk eːtiːkɛtˈiːɐ̯t vˈʊɐ̯də
so mancher stabile fähige reisende ist schon von der andersartigkeit des reisens in den entwicklungsländern überwältigt worden wo sich die vielen kleinen kulturellen unterschiede schnell summieren können	zoː mˈanxɐ ʃtaːbˈiːlə fˈɛːiːɡə ʁˈaɪ̯zəndə ɪst ʃoːn fɔn deːɐ̯ ˈandɛɐ̯zaɐ̯tɪçkaɪ̯t dəs ʁˈaɪ̯zəns ɪn den ɛntvˈɪklʊŋslɛndɐn ˈyːbɐvɛltɪkt vˈɔɐ̯dən voː zɪç diː fˈiːlən klˈaɪ̯nən kˈʊltuːʁɛlən ˈʊntɐʃiːdə ʃnɛl zʊmˈiːʁən kˈœnən
