Τη Δευτέρα, επιστήμονες από την Ιατρική Σχολή του Πανεπιστημίου του Στάνφορντ ανακοίνωσαν την εφεύρεση ενός νέου εργαλείου διάγνωσης με δυνατότητα ομαδοποίησης των κυττάρων ανά τύπο: ένα μικροσκοπικό εκτυπώσιμο τσιπ που μπορεί να κατασκευαστεί με απλούς εκτυπωτές ψεκασμού μελάνης με κόστος περίπου ένα σεντ του αμερικανικού δολαρίου το καθένα.	tɛː deu̯téra , epistɛː́mones apó tɛːn iatrikɛː́ skʰolɛː́ tuː panepistɛːmíuː tuː stánpʰornt anakoí̯nɔːsan tɛːn epʰeú̯resɛː enós néuː erɡaleː́uː diáɡnɔːsɛːs me dynatótɛːta omadopoí̯ɛːsɛːs tɔːn kyttárɔːn aná týpo , éna mikroskopikó ektypɔː́simo tsip puː mporeː́ na kataskeu̯asteː́ me apluː́s ektypɔːtés psekazmuː́ melánɛːs me kóstos perípuː éna sent tuː amerikanikuː́ dolaríuː to katʰéna .
Τη Δευτέρα, επιστήμονες από την Ιατρική Σχολή του Πανεπιστημίου του Στάνφορντ ανακοίνωσαν την εφεύρεση ενός νέου εργαλείου διάγνωσης με δυνατότητα ομαδοποίησης των κυττάρων ανά τύπο: ένα μικροσκοπικό εκτυπώσιμο τσιπ που μπορεί να κατασκευαστεί με απλούς εκτυπωτές ψεκασμού μελάνης με κόστος περίπου ένα σεντ του αμερικανικού δολαρίου το καθένα.	tɛː deu̯téra , epistɛː́mones apó tɛːn iatrikɛː́ skʰolɛː́ tuː panepistɛːmíuː tuː stánpʰornt anakoí̯nɔːsan tɛːn epʰeú̯resɛː enós néuː erɡaleː́uː diáɡnɔːsɛːs me dynatótɛːta omadopoí̯ɛːsɛːs tɔːn kyttárɔːn aná týpo , éna mikroskopikó ektypɔː́simo tsip puː mporeː́ na kataskeu̯asteː́ me apluː́s ektypɔːtés psekazmuː́ melánɛːs me kóstos perípuː éna sent tuː amerikanikuː́ dolaríuː to katʰéna .
Στις 11:20 η αστυνομία ζήτησε από τους διαμαρτυρόμενους να ανέβουν στο πεζοδρόμιο, λέγοντας πως οφείλουν να ισοσταθμίσουν το δικαίωμα να διαμαρτυρίας με την κυκλοφοριακή συμφόρηση.	stis héndeka , eː́kosi ɛː astynomía zdɛː́tɛːse apó tuːs diamartyrómenuːs na anébuːn sto pezdodrómio , léɡontas pɔːs opʰeː́luːn na isostatʰmísuːn to dikaí̯ɔːma na diamartyrías me tɛːn kyklopʰoriakɛː́ sympʰórɛːsɛː .
Στις 11:20 η αστυνομία ζήτησε από τους διαμαρτυρόμενους να ανέβουν στο πεζοδρόμιο, λέγοντας πως οφείλουν να ισοσταθμίσουν το δικαίωμα να διαμαρτυρίας με την κυκλοφοριακή συμφόρηση.	stis héndeka , eː́kosi ɛː astynomía zdɛː́tɛːse apó tuːs diamartyrómenuːs na anébuːn sto pezdodrómio , léɡontas pɔːs opʰeː́luːn na isostatʰmísuːn to dikaí̯ɔːma na diamartyrías me tɛːn kyklopʰoriakɛː́ sympʰórɛːsɛː .
Στις 11:20 η αστυνομία ζήτησε από τους διαμαρτυρόμενους να ανέβουν στο πεζοδρόμιο, λέγοντας πως οφείλουν να ισοσταθμίσουν το δικαίωμα να διαμαρτυρίας με την κυκλοφοριακή συμφόρηση.	stis héndeka , eː́kosi ɛː astynomía zdɛː́tɛːse apó tuːs diamartyrómenuːs na anébuːn sto pezdodrómio , léɡontas pɔːs opʰeː́luːn na isostatʰmísuːn to dikaí̯ɔːma na diamartyrías me tɛːn kyklopʰoriakɛː́ sympʰórɛːsɛː .
Η διακοπή ρεύματος έπειτα από μια τυπική δοκιμή των συστημάτων πυρόσβεσης προκάλεσε το άνοιγμα των σωλήνων και το αργό πετρέλαιο υπερχείλισε κοντά στο αντλιοστάσιο 9 του Fort Greely.	ɛː diakopɛː́ r̥eú̯matos épeːta apó mia typikɛː́ dokimɛː́ tɔːn systɛːmátɔːn pyrózbesɛːs prokálese to ánoi̯ŋma tɔːn sɔːlɛː́nɔːn kai̯ to arɡó petrélai̯o yperkʰeː́lise kontá sto antliostásio ennéa tuː fˈɔːɹt ɡɹˈiːli .
Η διακοπή ρεύματος έπειτα από μια τυπική δοκιμή των συστημάτων πυρόσβεσης προκάλεσε το άνοιγμα των σωλήνων και το αργό πετρέλαιο υπερχείλισε κοντά στο αντλιοστάσιο 9 του Fort Greely.	ɛː diakopɛː́ r̥eú̯matos épeːta apó mia typikɛː́ dokimɛː́ tɔːn systɛːmátɔːn pyrózbesɛːs prokálese to ánoi̯ŋma tɔːn sɔːlɛː́nɔːn kai̯ to arɡó petrélai̯o yperkʰeː́lise kontá sto antliostásio ennéa tuː fˈɔːɹt ɡɹˈiːli .
Η διακοπή ρεύματος έπειτα από μια τυπική δοκιμή των συστημάτων πυρόσβεσης προκάλεσε το άνοιγμα των σωλήνων και το αργό πετρέλαιο υπερχείλισε κοντά στο αντλιοστάσιο 9 του Fort Greely.	ɛː diakopɛː́ r̥eú̯matos épeːta apó mia typikɛː́ dokimɛː́ tɔːn systɛːmátɔːn pyrózbesɛːs prokálese to ánoi̯ŋma tɔːn sɔːlɛː́nɔːn kai̯ to arɡó petrélai̯o yperkʰeː́lise kontá sto antliostásio ennéa tuː fˈɔːɹt ɡɹˈiːli .
Η αστυνομία ανέφερε ότι υποψιάζεται ως υπεύθυνο για την επίθεση έναν φερόμενο μαχητή τους Νταές (ISIS).	ɛː astynomía anépʰere óti ypopsiázdetai̯ ɔːs ypeú̯tʰyno ɡia tɛːn epítʰesɛː énan pʰerómeno makʰɛːtɛː́ tuːs ntaés ˈaᶦsəs .
Η αστυνομία ανέφερε ότι υποψιάζεται ως υπεύθυνο για την επίθεση έναν φερόμενο μαχητή τους Νταές (ISIS).	ɛː astynomía anépʰere óti ypopsiázdetai̯ ɔːs ypeú̯tʰyno ɡia tɛːn epítʰesɛː énan pʰerómeno makʰɛːtɛː́ tuːs ntaés ˈaᶦsəs .
Το Βατικανό χρησιμοποιεί την ιταλική γλώσσα στη νομοθεσία και στις επίσημες ανακοινώσεις του.	to batikanó kʰrɛːsimopoi̯eː́ tɛːn italikɛː́ ɡlɔː́ssa stɛː nomotʰesía kai̯ stis epísɛːmes anakoi̯nɔː́seːs tuː .
Το Βατικανό χρησιμοποιεί την ιταλική γλώσσα στη νομοθεσία και στις επίσημες ανακοινώσεις του.	to batikanó kʰrɛːsimopoi̯eː́ tɛːn italikɛː́ ɡlɔː́ssa stɛː nomotʰesía kai̯ stis epísɛːmes anakoi̯nɔː́seːs tuː .
Ο φωτογράφος μεταφέρθηκε στο Ιατρικό κέντρο Ρόναλντ Ρήγκαν του UCLA, όπου και επεβίωσε στη συνέχεια.	o pʰɔːtoɡrápʰos metapʰértʰɛːke sto iatrikó kéntro r̥ónalnt r̥ɛː́ŋkan tuː ˈuːklɑː , ópuː kai̯ epebíɔːse stɛː synékʰeːa .
Ο φωτογράφος μεταφέρθηκε στο Ιατρικό κέντρο Ρόναλντ Ρήγκαν του UCLA, όπου και επεβίωσε στη συνέχεια.	o pʰɔːtoɡrápʰos metapʰértʰɛːke sto iatrikó kéntro r̥ónalnt r̥ɛː́ŋkan tuː ˈuːklɑː , ópuː kai̯ epebíɔːse stɛː synékʰeːa .
Εκτός αυτού, θυμηθείτε να προφέρετε διαφορετικά το r και το rr: caro σημαίνει αγαπητό, ενώ carro σημαίνει άμαξα.	ektós au̯tuː́ , tʰymɛːtʰeː́te na propʰérete diapʰoretiká to ˈɑːɹ kai̯ to ˈɑːɹɑːɹ , kʰˈɑːɹoᶷ sɛːmaí̯neː aɡapɛːtó , enɔː́ kʰˈɑːɹoᶷ sɛːmaí̯neː ámaksa .
Εκτός αυτού, θυμηθείτε να προφέρετε διαφορετικά το r και το rr: caro σημαίνει αγαπητό, ενώ carro σημαίνει άμαξα.	ektós au̯tuː́ , tʰymɛːtʰeː́te na propʰérete diapʰoretiká to ˈɑːɹ kai̯ to ˈɑːɹɑːɹ , kʰˈɑːɹoᶷ sɛːmaí̯neː aɡapɛːtó , enɔː́ kʰˈɑːɹoᶷ sɛːmaí̯neː ámaksa .
Είναι εδώ και πολύ καιρό γνωστό, ότι διάφοροι τύποι εγκεφαλικής βλάβης, τα τραύματα, οι κακώσεις και οι όγκοι επηρεάζουν τη συμπεριφορά και ενδέχεται να προκαλέσουν αλλαγές σε ορισμένες ψυχικές λειτουργίες.	eː́nai̯ edɔː́ kai̯ polý kai̯ró ɡnɔːstó , óti diápʰoroi̯ týpoi̯ eŋkepʰalikɛː́s blábɛːs , ta traú̯mata , oi̯ kakɔː́seːs kai̯ oi̯ óŋkoi̯ epɛːreázduːn tɛː symperipʰorá kai̯ endékʰetai̯ na prokalésuːn allaɡés se orizménes psykʰikés leːtuːrɡíes .
Είναι εδώ και πολύ καιρό γνωστό, ότι διάφοροι τύποι εγκεφαλικής βλάβης, τα τραύματα, οι κακώσεις και οι όγκοι επηρεάζουν τη συμπεριφορά και ενδέχεται να προκαλέσουν αλλαγές σε ορισμένες ψυχικές λειτουργίες.	eː́nai̯ edɔː́ kai̯ polý kai̯ró ɡnɔːstó , óti diápʰoroi̯ týpoi̯ eŋkepʰalikɛː́s blábɛːs , ta traú̯mata , oi̯ kakɔː́seːs kai̯ oi̯ óŋkoi̯ epɛːreázduːn tɛː symperipʰorá kai̯ endékʰetai̯ na prokalésuːn allaɡés se orizménes psykʰikés leːtuːrɡíes .
Το σύστημα AI λειτουργεί στις μέρες μας συχνά στους κλάδους των οικονομικών, της περίθαλψης, της μηχανικής και των ενόπλων δυνάμεων, ενώ μάλιστα είναι ενυπάρχει σε διάφορες εφαρμογές λογισμικού υπολογιστών οικιακής χρήσης και παιχνιδιών κυβερνοχώρου.	to sýstɛːma ˈaᶦ leːtuːrɡeː́ stis méres mas sykʰná stuːs kláduːs tɔːn oi̯konomikɔː́n , tɛːs perítʰalpsɛːs , tɛːs mɛːkʰanikɛː́s kai̯ tɔːn enóplɔːn dynámeɔːn , enɔː́ málista eː́nai̯ enypárkʰeː se diápʰores epʰarmoɡés loɡizmikuː́ ypoloɡistɔː́n oi̯kiakɛː́s kʰrɛː́sɛːs kai̯ pai̯kʰnidiɔː́n kybernokʰɔː́ruː .
Το σύστημα AI λειτουργεί στις μέρες μας συχνά στους κλάδους των οικονομικών, της περίθαλψης, της μηχανικής και των ενόπλων δυνάμεων, ενώ μάλιστα είναι ενυπάρχει σε διάφορες εφαρμογές λογισμικού υπολογιστών οικιακής χρήσης και παιχνιδιών κυβερνοχώρου.	to sýstɛːma ˈaᶦ leːtuːrɡeː́ stis méres mas sykʰná stuːs kláduːs tɔːn oi̯konomikɔː́n , tɛːs perítʰalpsɛːs , tɛːs mɛːkʰanikɛː́s kai̯ tɔːn enóplɔːn dynámeɔːn , enɔː́ málista eː́nai̯ enypárkʰeː se diápʰores epʰarmoɡés loɡizmikuː́ ypoloɡistɔː́n oi̯kiakɛː́s kʰrɛː́sɛːs kai̯ pai̯kʰnidiɔː́n kybernokʰɔː́ruː .
Σε κάθε ναό υπάρχει μια ανοιχτή αυλή και στη συνέχεια ένα εσωτερικό ιερό στο οποίο έχουν πρόσβαση μόνο οι ιερείς.	se kátʰe naó ypárkʰeː mia anoi̯kʰtɛː́ au̯lɛː́ kai̯ stɛː synékʰeːa éna esɔːterikó ieró sto opoí̯o ékʰuːn prózbasɛː móno oi̯ iereː́s .
H γεωργία συντήρησης αποτελεί τη γεωργία που λαμβάνει χώρα για την παραγωγή αρκετής τροφής ώστε να καλύψει μόνο τις ανάγκες του/της γεωργού και της οικογένειάς του/της.	ˈeᶦt͡ʃ ɡeɔːrɡía syntɛː́rɛːsɛːs apoteleː́ tɛː ɡeɔːrɡía puː lambáneː kʰɔː́ra ɡia tɛːn paraɡɔːɡɛː́ arketɛː́s tropʰɛː́s ɔː́ste na kalýpseː móno tis anáŋkes tuː tɛːs ɡeɔːrɡuː́ kai̯ tɛːs oi̯koɡéneːás tuː tɛːs .
H γεωργία συντήρησης αποτελεί τη γεωργία που λαμβάνει χώρα για την παραγωγή αρκετής τροφής ώστε να καλύψει μόνο τις ανάγκες του/της γεωργού και της οικογένειάς του/της.	ˈeᶦt͡ʃ ɡeɔːrɡía syntɛː́rɛːsɛːs apoteleː́ tɛː ɡeɔːrɡía puː lambáneː kʰɔː́ra ɡia tɛːn paraɡɔːɡɛː́ arketɛː́s tropʰɛː́s ɔː́ste na kalýpseː móno tis anáŋkes tuː tɛːs ɡeɔːrɡuː́ kai̯ tɛːs oi̯koɡéneːás tuː tɛːs .
Ο Μάρεϊ έχασε το πρώτο σετ σε tie break αφότου και οι δύο κέρδισαν κάθε σερβίς στο σετ.	o márei ékʰase to prɔː́to set se tʰˈaᶦ bɹˈeᶦk apʰótuː kai̯ oi̯ dýo kérdisan kátʰe serbís sto set .
Ο Μάρεϊ έχασε το πρώτο σετ σε tie break αφότου και οι δύο κέρδισαν κάθε σερβίς στο σετ.	o márei ékʰase to prɔː́to set se tʰˈaᶦ bɹˈeᶦk apʰótuː kai̯ oi̯ dýo kérdisan kátʰe serbís sto set .
Ο μόνος τρόπος να το περάσετε πιο γρήγορα θα ήταν να το στείλετε ως αποσκευή που έχει περάσει από έλεγχο. Οι κανονισμοί των αεροπορικών εταιρειών δεν θα τους επιτρέψουν να στείλουν αποσκευή χωρίς επιβάτη και εκεί ξεκινά ο δικός σας ρόλος.	o mónos trópos na to perásete pio ɡrɛː́ɡora tʰa ɛː́tan na to steː́lete ɔːs aposkeu̯ɛː́ puː ékʰeː peráseː apó éleŋkʰo . oi̯ kanonizmoí̯ tɔːn aeroporikɔː́n etai̯reːɔː́n den tʰa tuːs epitrépsuːn na steː́luːn aposkeu̯ɛː́ kʰɔːrís epibátɛː kai̯ ekeː́ ksekiná o dikós sas r̥ólos .
Το άνοιγμα των λυχνίων έκανε την πίεση του συστήματος να φύγει και το πετρέλαιο να χυθεί πάνω σε μια λαμαρίνα ντεπόζιτου με χωρητικότητα 55.000 βυτία (2,3 εκατομμύρια γαλόνια).	to ánoi̯ŋma tɔːn lykʰníɔːn ékane tɛːn píesɛː tuː systɛː́matos na pʰýɡeː kai̯ to petrélai̯o na kʰytʰeː́ pánɔː se mia lamarína ntepózdituː me kʰɔːrɛːtikótɛːta pentɛː́konta kaí̯ pénte . uːdén bytía dýo treː́s ekatommýria ɡalónia .
Το άνοιγμα των λυχνίων έκανε την πίεση του συστήματος να φύγει και το πετρέλαιο να χυθεί πάνω σε μια λαμαρίνα ντεπόζιτου με χωρητικότητα 55.000 βυτία (2,3 εκατομμύρια γαλόνια).	to ánoi̯ŋma tɔːn lykʰníɔːn ékane tɛːn píesɛː tuː systɛː́matos na pʰýɡeː kai̯ to petrélai̯o na kʰytʰeː́ pánɔː se mia lamarína ntepózdituː me kʰɔːrɛːtikótɛːta pentɛː́konta kaí̯ pénte . uːdén bytía dýo treː́s ekatommýria ɡalónia .
Το άνοιγμα των λυχνίων έκανε την πίεση του συστήματος να φύγει και το πετρέλαιο να χυθεί πάνω σε μια λαμαρίνα ντεπόζιτου με χωρητικότητα 55.000 βυτία (2,3 εκατομμύρια γαλόνια).	to ánoi̯ŋma tɔːn lykʰníɔːn ékane tɛːn píesɛː tuː systɛː́matos na pʰýɡeː kai̯ to petrélai̯o na kʰytʰeː́ pánɔː se mia lamarína ntepózdituː me kʰɔːrɛːtikótɛːta pentɛː́konta kaí̯ pénte . uːdén bytía dýo treː́s ekatommýria ɡalónia .
Η Μπάτσμαν, που κέρδισε το Έιμς Στρο Πολ τον Αύγουστο, αποφάσισε να βάλει τέλος στην εκστρατεία της.	ɛː mpátzman , puː kérdise to eː́ms stro pol ton aú̯ɡuːsto , apopʰásise na báleː télos stɛːn ekstrateː́a tɛːs .
Η Μπάτσμαν, που κέρδισε το Έιμς Στρο Πολ τον Αύγουστο, αποφάσισε να βάλει τέλος στην εκστρατεία της.	ɛː mpátzman , puː kérdise to eː́ms stro pol ton aú̯ɡuːsto , apopʰásise na báleː télos stɛːn ekstrateː́a tɛːs .
Μεγάλη ποικιλία γαλλικών κρασιών είναι διαθέσιμα προς δοκιμή, όμως τα κρασιά της Νέας Ζηλανδίας και της Αυστραλίας ενδέχεται να αποτελούν καλύτερη επιλογή.	meɡálɛː poi̯kilía ɡallikɔː́n krasiɔː́n eː́nai̯ diatʰésima pros dokimɛː́ , ómɔːs ta krasiá tɛːs néas zdɛːlandías kai̯ tɛːs au̯stralías endékʰetai̯ na apoteluː́n kalýterɛː epiloɡɛː́ .
Μεγάλη ποικιλία γαλλικών κρασιών είναι διαθέσιμα προς δοκιμή, όμως τα κρασιά της Νέας Ζηλανδίας και της Αυστραλίας ενδέχεται να αποτελούν καλύτερη επιλογή.	meɡálɛː poi̯kilía ɡallikɔː́n krasiɔː́n eː́nai̯ diatʰésima pros dokimɛː́ , ómɔːs ta krasiá tɛːs néas zdɛːlandías kai̯ tɛːs au̯stralías endékʰetai̯ na apoteluː́n kalýterɛː epiloɡɛː́ .
Μέσω των υπέρυθρων εικόνων φαίνεται ότι οι διακυμάνσεις της θερμοκρασίας τη νύχτα και τη μέρα, δείχνουν ότι μάλλον πρόκειται για σπήλαια.	mésɔː tɔːn ypérytʰrɔːn eːkónɔːn pʰaí̯netai̯ óti oi̯ diakymánseːs tɛːs tʰermokrasías tɛː nýkʰta kai̯ tɛː méra , deː́kʰnuːn óti mállon prókeːtai̯ ɡia spɛː́lai̯a .
Μέσω των υπέρυθρων εικόνων φαίνεται ότι οι διακυμάνσεις της θερμοκρασίας τη νύχτα και τη μέρα, δείχνουν ότι μάλλον πρόκειται για σπήλαια.	mésɔː tɔːn ypérytʰrɔːn eːkónɔːn pʰaí̯netai̯ óti oi̯ diakymánseːs tɛːs tʰermokrasías tɛː nýkʰta kai̯ tɛː méra , deː́kʰnuːn óti mállon prókeːtai̯ ɡia spɛː́lai̯a .
Με 17.000 νησιά για να διαλέξετε, το φαγητό της Ινδονησίας είναι ένας περιεκτικός όρος που περιλαμβάνει μια μεγάλη ποικιλία από τις κουζίνες των περιοχών σε όλη τη χώρα.	me heptakaí̯deka . uːdén nɛːsiá ɡia na dialéksete , to pʰaɡɛːtó tɛːs indonɛːsías eː́nai̯ énas periektikós óros puː perilambáneː mia meɡálɛː poi̯kilía apó tis kuːzdínes tɔːn periokʰɔː́n se ólɛː tɛː kʰɔː́ra .
Με 17.000 νησιά για να διαλέξετε, το φαγητό της Ινδονησίας είναι ένας περιεκτικός όρος που περιλαμβάνει μια μεγάλη ποικιλία από τις κουζίνες των περιοχών σε όλη τη χώρα.	me heptakaí̯deka . uːdén nɛːsiá ɡia na dialéksete , to pʰaɡɛːtó tɛːs indonɛːsías eː́nai̯ énas periektikós óros puː perilambáneː mia meɡálɛː poi̯kilía apó tis kuːzdínes tɔːn periokʰɔː́n se ólɛː tɛː kʰɔː́ra .
Ο σεισμός είχε το επίκεντρό του περίπου 20 χιλιόμετρα (15 μίλια) βόρεια-βορειοανατολικά του Ντίλον και περίπου 65 χιλιόμετρα (40 μίλια) νότια του Μπουτ.	o seːzmós eː́kʰe to epíkentró tuː perípuː eː́kosi kʰiliómetra pentekaí̯deka mília bóreːa boreːoanatoliká tuː ntílon kai̯ perípuː heksɛː́konta kaí̯ pénte kʰiliómetra tettarákonta mília nótia tuː mpuːt .
Ο σεισμός είχε το επίκεντρό του περίπου 20 χιλιόμετρα (15 μίλια) βόρεια-βορειοανατολικά του Ντίλον και περίπου 65 χιλιόμετρα (40 μίλια) νότια του Μπουτ.	o seːzmós eː́kʰe to epíkentró tuː perípuː eː́kosi kʰiliómetra pentekaí̯deka mília bóreːa boreːoanatoliká tuː ntílon kai̯ perípuː heksɛː́konta kaí̯ pénte kʰiliómetra tettarákonta mília nótia tuː mpuːt .
Ο αρχηγός του προγράμματος διαστημικού λεωφορείου της ΝΑΣΑ, ν. Γουέιν Χέιλ ο νεότερος είπε ότι το αφρώδες υλικό είχε πέσει «έπειτα από τον χρόνο που μας ανησυχεί».	o arkʰɛːɡós tuː proɡrámmatos diastɛːmikuː́ leɔːpʰoreː́uː tɛːs nasa , n . ɡuːeː́n kʰeː́l o neóteros eː́pe óti to apʰrɔː́des ylikó eː́kʰe péseː épeːta apó ton kʰróno puː mas anɛːsykʰeː́ .
Το μέγεθος των ατόμων είναι τόσο εξαιρετικά μικρό ώστε τρισεκατομμύρια εξ αυτών θα μπορούσαν να χωρέσουν στην τελεία που βρίσκεται στο τέλος της πρότασης αυτής.	to méɡetʰos tɔːn atómɔːn eː́nai̯ tóso eksai̯retiká mikró ɔː́ste trisekatommýria eks au̯tɔː́n tʰa mporuː́san na kʰɔːrésuːn stɛːn teleː́a puː brísketai̯ sto télos tɛːs prótasɛːs au̯tɛː́s .
Το μέγεθος των ατόμων είναι τόσο εξαιρετικά μικρό ώστε τρισεκατομμύρια εξ αυτών θα μπορούσαν να χωρέσουν στην τελεία που βρίσκεται στο τέλος της πρότασης αυτής.	to méɡetʰos tɔːn atómɔːn eː́nai̯ tóso eksai̯retiká mikró ɔː́ste trisekatommýria eks au̯tɔː́n tʰa mporuː́san na kʰɔːrésuːn stɛːn teleː́a puː brísketai̯ sto télos tɛːs prótasɛːs au̯tɛː́s .
Η ροκ μπάντα είχε να κάνει περιοδεία στις Ηνωμένες Πολιτείες και τον Καναδά μέχρι τις 16 Σεπτεμβρίου.	ɛː r̥ok mpánta eː́kʰe na káneː periodeː́a stis ɛːnɔːménes politeː́es kai̯ ton kanadá mékʰri tis hekkaí̯deka septembríuː .
Η ροκ μπάντα είχε να κάνει περιοδεία στις Ηνωμένες Πολιτείες και τον Καναδά μέχρι τις 16 Σεπτεμβρίου.	ɛː r̥ok mpánta eː́kʰe na káneː periodeː́a stis ɛːnɔːménes politeː́es kai̯ ton kanadá mékʰri tis hekkaí̯deka septembríuː .
Οι ταξιδιωτικοί πράκτορες συνήθως προσφέρουν πακέτα που περιλαμβάνουν πρωινό, διακανονισμούς για τη μεταφορά προς/από το αεροδρόμιο ή ακόμη και συνδυαστικά πακέτα πτήσεων και ξενοδοχείων.	oi̯ taksidiɔːtikoí̯ práktores synɛː́tʰɔːs prospʰéruːn pakéta puː perilambánuːn prɔːi̯nó , diakanonizmuː́s ɡia tɛː metapʰorá pros apó to aerodrómio ɛː́ akómɛː kai̯ syndyastiká pakéta ptɛː́seɔːn kai̯ ksenodokʰeː́ɔːn .
Οι ταξιδιωτικοί πράκτορες συνήθως προσφέρουν πακέτα που περιλαμβάνουν πρωινό, διακανονισμούς για τη μεταφορά προς/από το αεροδρόμιο ή ακόμη και συνδυαστικά πακέτα πτήσεων και ξενοδοχείων.	oi̯ taksidiɔːtikoí̯ práktores synɛː́tʰɔːs prospʰéruːn pakéta puː perilambánuːn prɔːi̯nó , diakanonizmuː́s ɡia tɛː metapʰorá pros apó to aerodrómio ɛː́ akómɛː kai̯ syndyastiká pakéta ptɛː́seɔːn kai̯ ksenodokʰeː́ɔːn .
Από κάτω τους βρίσκονται γάτες πιο μεσαίου μεγέθους που τρέφονται με θηράματα μεσαίου μεγέθους από λαγούς μέχρι αντιλόπες και ελάφια.	apó kátɔː tuːs brískontai̯ ɡátes pio mesaí̯uː meɡétʰuːs puː trépʰontai̯ me tʰɛːrámata mesaí̯uː meɡétʰuːs apó laɡuː́s mékʰri antilópes kai̯ elápʰia .
Από κάτω τους βρίσκονται γάτες πιο μεσαίου μεγέθους που τρέφονται με θηράματα μεσαίου μεγέθους από λαγούς μέχρι αντιλόπες και ελάφια.	apó kátɔː tuːs brískontai̯ ɡátes pio mesaí̯uː meɡétʰuːs puː trépʰontai̯ me tʰɛːrámata mesaí̯uː meɡétʰuːs apó laɡuː́s mékʰri antilópes kai̯ elápʰia .
Μέχρι και μετά το μεσημέρι της Τετάρτης, οι αγωγοί αέρα των δεξαμενών συνέχισαν να έχουν διαρροές, μάλλον εξαιτίας της διαστολής λόγω θερμότητας μέσα στις δεξαμενές.	mékʰri kai̯ metá to mesɛːméri tɛːs tetártɛːs , oi̯ aɡɔːɡoí̯ aéra tɔːn deksamenɔː́n synékʰisan na ékʰuːn diar̥r̥oés , mállon eksai̯tías tɛːs diastolɛː́s lóɡɔː tʰermótɛːtas mésa stis deksamenés .
Μέχρι και μετά το μεσημέρι της Τετάρτης, οι αγωγοί αέρα των δεξαμενών συνέχισαν να έχουν διαρροές, μάλλον εξαιτίας της διαστολής λόγω θερμότητας μέσα στις δεξαμενές.	mékʰri kai̯ metá to mesɛːméri tɛːs tetártɛːs , oi̯ aɡɔːɡoí̯ aéra tɔːn deksamenɔː́n synékʰisan na ékʰuːn diar̥r̥oés , mállon eksai̯tías tɛːs diastolɛː́s lóɡɔː tʰermótɛːtas mésa stis deksamenés .
Μέχρι και μετά το μεσημέρι της Τετάρτης, οι αγωγοί αέρα των δεξαμενών συνέχισαν να έχουν διαρροές, μάλλον εξαιτίας της διαστολής λόγω θερμότητας μέσα στις δεξαμενές.	mékʰri kai̯ metá to mesɛːméri tɛːs tetártɛːs , oi̯ aɡɔːɡoí̯ aéra tɔːn deksamenɔː́n synékʰisan na ékʰuːn diar̥r̥oés , mállon eksai̯tías tɛːs diastolɛː́s lóɡɔː tʰermótɛːtas mésa stis deksamenés .
Το να επισκεφθείτε, για παράδειγμα, τα κάστρα στην κοιλάδα του Λίγηρα, την κοιλάδα του Ρήνου ή να κάνετε μια κρουαζιέρα σε ενδιαφέροντα αξιοθέατα κατά μήκος του Δούναβη, ή να διασχίσετε με πλοία τη διώρυγα Έρι.	to na episkepʰtʰeː́te , ɡia parádeːŋma , ta kástra stɛːn koi̯láda tuː líɡɛːra , tɛːn koi̯láda tuː r̥ɛː́nuː ɛː́ na kánete mia kruːazdiéra se endiapʰéronta aksiotʰéata katá mɛː́kos tuː duː́nabɛː , ɛː́ na diaskʰísete me ploí̯a tɛː diɔː́ryɡa éri .
Το να επισκεφθείτε, για παράδειγμα, τα κάστρα στην κοιλάδα του Λίγηρα, την κοιλάδα του Ρήνου ή να κάνετε μια κρουαζιέρα σε ενδιαφέροντα αξιοθέατα κατά μήκος του Δούναβη, ή να διασχίσετε με πλοία τη διώρυγα Έρι.	to na episkepʰtʰeː́te , ɡia parádeːŋma , ta kástra stɛːn koi̯láda tuː líɡɛːra , tɛːn koi̯láda tuː r̥ɛː́nuː ɛː́ na kánete mia kruːazdiéra se endiapʰéronta aksiotʰéata katá mɛː́kos tuː duː́nabɛː , ɛː́ na diaskʰísete me ploí̯a tɛː diɔː́ryɡa éri .
Επίσης, η συμμετοχή σε ιστολόγια «αναγκάζει τους μαθητές να γίνονται πιο κατανοητοί σχετικά με τον κόσμο γύρω τους». Η ανάγκη να διατηρήσουν το ενδιαφέρον του κοινού εμπνέει τους μαθητές να γίνονται έξυπνοι και ενδιαφέροντες (Τότο, 2004).	epísɛːs , ɛː symmetokʰɛː́ se istolóɡia anaŋkázdeː tuːs matʰɛːtés na ɡínontai̯ pio katanoɛːtoí̯ skʰetiká me ton kózmo ɡýrɔː tuːs . ɛː anáŋkɛː na diatɛːrɛː́suːn to endiapʰéron tuː koi̯nuː́ empnéeː tuːs matʰɛːtés na ɡínontai̯ éksypnoi̯ kai̯ endiapʰérontes tóto , diskʰílioi̯ kaí̯ téttares .
Επίσης, η συμμετοχή σε ιστολόγια «αναγκάζει τους μαθητές να γίνονται πιο κατανοητοί σχετικά με τον κόσμο γύρω τους». Η ανάγκη να διατηρήσουν το ενδιαφέρον του κοινού εμπνέει τους μαθητές να γίνονται έξυπνοι και ενδιαφέροντες (Τότο, 2004).	epísɛːs , ɛː symmetokʰɛː́ se istolóɡia anaŋkázdeː tuːs matʰɛːtés na ɡínontai̯ pio katanoɛːtoí̯ skʰetiká me ton kózmo ɡýrɔː tuːs . ɛː anáŋkɛː na diatɛːrɛː́suːn to endiapʰéron tuː koi̯nuː́ empnéeː tuːs matʰɛːtés na ɡínontai̯ éksypnoi̯ kai̯ endiapʰérontes tóto , diskʰílioi̯ kaí̯ téttares .
Ο Τσέιμπερς υπέβαλε μήνυση κατά του Θεού για «τους εκτεταμένους θανάτους, τις καταστροφές και την τρομοκρατία που βιώνουν εκατομμύρια κάτοικοι του πλανήτη».	o tseː́mpers ypébale mɛː́nysɛː katá tuː tʰeuː́ ɡia tuːs ektetaménuːs tʰanátuːs , tis katastropʰés kai̯ tɛːn tromokratía puː biɔː́nuːn ekatommýria kátoi̯koi̯ tuː planɛː́tɛː .
Ο Τσέιμπερς υπέβαλε μήνυση κατά του Θεού για «τους εκτεταμένους θανάτους, τις καταστροφές και την τρομοκρατία που βιώνουν εκατομμύρια κάτοικοι του πλανήτη».	o tseː́mpers ypébale mɛː́nysɛː katá tuː tʰeuː́ ɡia tuːs ektetaménuːs tʰanátuːs , tis katastropʰés kai̯ tɛːn tromokratía puː biɔː́nuːn ekatommýria kátoi̯koi̯ tuː planɛː́tɛː .
Τα παράσιτα καταστρέφουν τρόφιμα, προκαλούν ερεθισμούς ή, στις χειρότερες περιπτώσεις, προκαλούν αλλεργικές αντιδράσεις, μεταφέρουν δηλητήριο και μεταδίδουν μολύνσεις.	ta parásita katastrépʰuːn trópʰima , prokaluː́n eretʰizmuː́s ɛː́ , stis kʰeːróteres periptɔː́seːs , prokaluː́n allerɡikés antidráseːs , metapʰéruːn dɛːlɛːtɛː́rio kai̯ metadíduːn molýnseːs .
Τα παράσιτα καταστρέφουν τρόφιμα, προκαλούν ερεθισμούς ή, στις χειρότερες περιπτώσεις, προκαλούν αλλεργικές αντιδράσεις, μεταφέρουν δηλητήριο και μεταδίδουν μολύνσεις.	ta parásita katastrépʰuːn trópʰima , prokaluː́n eretʰizmuː́s ɛː́ , stis kʰeːróteres periptɔː́seːs , prokaluː́n allerɡikés antidráseːs , metapʰéruːn dɛːlɛːtɛː́rio kai̯ metadíduːn molýnseːs .
Το Τόκιο θα είναι η μοναδική πόλη της Ασίας που θα έχει διοργανώσει δύο φορές τους θερινούς Ολυμπιακούς Αγώνες, καθώς τους είχε διοργανώσει το 1964.	to tókio tʰa eː́nai̯ ɛː monadikɛː́ pólɛː tɛːs asías puː tʰa ékʰeː diorɡanɔː́seː dýo pʰorés tuːs tʰerinuː́s olympiakuː́s aɡɔː́nes , katʰɔː́s tuːs eː́kʰe diorɡanɔː́seː to kʰílioi̯ kaí̯ enakósioi̯ kaí̯ heksɛː́konta kaí̯ téttares .
Το Τόκιο θα είναι η μοναδική πόλη της Ασίας που θα έχει διοργανώσει δύο φορές τους θερινούς Ολυμπιακούς Αγώνες, καθώς τους είχε διοργανώσει το 1964.	to tókio tʰa eː́nai̯ ɛː monadikɛː́ pólɛː tɛːs asías puː tʰa ékʰeː diorɡanɔː́seː dýo pʰorés tuːs tʰerinuː́s olympiakuː́s aɡɔː́nes , katʰɔː́s tuːs eː́kʰe diorɡanɔː́seː to kʰílioi̯ kaí̯ enakósioi̯ kaí̯ heksɛː́konta kaí̯ téttares .
Αν και η στάθμη του νερού θα ανέβει λίγα μόνο πόδια μετά την πλημμύρα, οι αρμόδιοι ελπίζουν να είναι αρκετό αυτό για να αποκατασταθεί η υποθαλάσσια συσσώρευση άμμου προς τα κάτω.	an kai̯ ɛː státʰmɛː tuː neruː́ tʰa anébeː líɡa móno pódia metá tɛːn plɛːmmýra , oi̯ armódioi̯ elpízduːn na eː́nai̯ arketó au̯tó ɡia na apokatastatʰeː́ ɛː ypotʰalássia syssɔː́reu̯sɛː ámmuː pros ta kátɔː .
Αν και η στάθμη του νερού θα ανέβει λίγα μόνο πόδια μετά την πλημμύρα, οι αρμόδιοι ελπίζουν να είναι αρκετό αυτό για να αποκατασταθεί η υποθαλάσσια συσσώρευση άμμου προς τα κάτω.	an kai̯ ɛː státʰmɛː tuː neruː́ tʰa anébeː líɡa móno pódia metá tɛːn plɛːmmýra , oi̯ armódioi̯ elpízduːn na eː́nai̯ arketó au̯tó ɡia na apokatastatʰeː́ ɛː ypotʰalássia syssɔː́reu̯sɛː ámmuː pros ta kátɔː .
Η φωτεινότητα και η περιστροφή υπολογίζονται μαζί για να ορίσουν τον αριθμό Ρόσμπι ενός αστεριού, που έχει σχέση με τη ροή του πλάσματος.	ɛː pʰɔːteːnótɛːta kai̯ ɛː peristropʰɛː́ ypoloɡízdontai̯ mazdí ɡia na orísuːn ton aritʰmó r̥ózmpi enós asteriuː́ , puː ékʰeː skʰésɛː me tɛː r̥oɛː́ tuː plázmatos .
Η φωτεινότητα και η περιστροφή υπολογίζονται μαζί για να ορίσουν τον αριθμό Ρόσμπι ενός αστεριού, που έχει σχέση με τη ροή του πλάσματος.	ɛː pʰɔːteːnótɛːta kai̯ ɛː peristropʰɛː́ ypoloɡízdontai̯ mazdí ɡia na orísuːn ton aritʰmó r̥ózmpi enós asteriuː́ , puː ékʰeː skʰésɛː me tɛː r̥oɛː́ tuː plázmatos .
Η φροντίδα από ανάδοχους γονείς υποτίθεται ότι παρέχει όλες τις ανάγκες που το παιδί δεν λάμβανε στο σπίτι από το οποίο απομακρύνθηκε.	ɛː pʰrontída apó anádokʰuːs ɡoneː́s ypotítʰetai̯ óti parékʰeː óles tis anáŋkes puː to pai̯dí den lámbane sto spíti apó to opoí̯o apomakrýntʰɛːke .
Η φροντίδα από ανάδοχους γονείς υποτίθεται ότι παρέχει όλες τις ανάγκες που το παιδί δεν λάμβανε στο σπίτι από το οποίο απομακρύνθηκε.	ɛː pʰrontída apó anádokʰuːs ɡoneː́s ypotítʰetai̯ óti parékʰeː óles tis anáŋkes puː to pai̯dí den lámbane sto spíti apó to opoí̯o apomakrýntʰɛːke .
Από Αναφορές γίνεται φανερό ότι περίπου 9400 οικίες στο συγκεκριμένο μέρος βρίσκονται χωρίς παροχή νερού και σχεδόν 100 χωρίς πρόσβαση σε ηλεκτρικό ρεύμα.	apó anapʰorés ɡínetai̯ pʰaneró óti perípuː enakiskʰílioi̯ kaí̯ tetrakósioi̯ oi̯kíes sto syŋkekriméno méros brískontai̯ kʰɔːrís parokʰɛː́ neruː́ kai̯ skʰedón hekatón kʰɔːrís prózbasɛː se ɛːlektrikó r̥eú̯ma .
Από Αναφορές γίνεται φανερό ότι περίπου 9400 οικίες στο συγκεκριμένο μέρος βρίσκονται χωρίς παροχή νερού και σχεδόν 100 χωρίς πρόσβαση σε ηλεκτρικό ρεύμα.	apó anapʰorés ɡínetai̯ pʰaneró óti perípuː enakiskʰílioi̯ kaí̯ tetrakósioi̯ oi̯kíes sto syŋkekriméno méros brískontai̯ kʰɔːrís parokʰɛː́ neruː́ kai̯ skʰedón hekatón kʰɔːrís prózbasɛː se ɛːlektrikó r̥eú̯ma .
Μια ακόμα διαφορά έγκειται στο ότι οι άποροι και οι γυναίκες έτρωγαν το φαγητό τους καθισμένοι σε καρέκλες, ενώ οι πλούσιοι άντρες προτιμούσαν να τρώνε σε συμπόσια όπου μπορούσαν να χαλαρώνουν στη μεριά τους ενώ γευμάτιζαν.	mia akóma diapʰorá éŋkeːtai̯ sto óti oi̯ áporoi̯ kai̯ oi̯ ɡynaí̯kes étrɔːɡan to pʰaɡɛːtó tuːs katʰizménoi̯ se karékles , enɔː́ oi̯ pluː́sioi̯ ántres protimuː́san na trɔː́ne se sympósia ópuː mporuː́san na kʰalarɔː́nuːn stɛː meriá tuːs enɔː́ ɡeu̯mátizdan .
Μια ακόμα διαφορά έγκειται στο ότι οι άποροι και οι γυναίκες έτρωγαν το φαγητό τους καθισμένοι σε καρέκλες, ενώ οι πλούσιοι άντρες προτιμούσαν να τρώνε σε συμπόσια όπου μπορούσαν να χαλαρώνουν στη μεριά τους ενώ γευμάτιζαν.	mia akóma diapʰorá éŋkeːtai̯ sto óti oi̯ áporoi̯ kai̯ oi̯ ɡynaí̯kes étrɔːɡan to pʰaɡɛːtó tuːs katʰizménoi̯ se karékles , enɔː́ oi̯ pluː́sioi̯ ántres protimuː́san na trɔː́ne se sympósia ópuː mporuː́san na kʰalarɔː́nuːn stɛː meriá tuːs enɔː́ ɡeu̯mátizdan .
Ακόμα μια δευτερεύουσα περιοχή περιορισμού κάτω από τα δεξαμενές, ικανή να συγκρατήσει 104.500 βαρέλια, δεν είχε ακόμη γεμίσει ως την πληρότητά της.	akóma mia deu̯tereú̯uːsa periokʰɛː́ periorizmuː́ kátɔː apó ta deksamenés , ikanɛː́ na syŋkratɛː́seː hekatón kaí̯ téttares . pentakósioi̯ barélia , den eː́kʰe akómɛː ɡemíseː ɔːs tɛːn plɛːrótɛːtá tɛːs .
Οι οικονομικές σχέσεις ανάμεσα σε αυτά τα δύο τμήματα της Μολδαβίας επανήλθαν, παρά το γεγονός ότι οι πολιτικές διαπραγματεύσεις απέτυχαν.	oi̯ oi̯konomikés skʰéseːs anámesa se au̯tá ta dýo tmɛː́mata tɛːs moldabías epanɛː́ltʰan , pará to ɡeɡonós óti oi̯ politikés diapraŋmateú̯seːs apétykʰan .
Οι οικονομικές σχέσεις ανάμεσα σε αυτά τα δύο τμήματα της Μολδαβίας επανήλθαν, παρά το γεγονός ότι οι πολιτικές διαπραγματεύσεις απέτυχαν.	oi̯ oi̯konomikés skʰéseːs anámesa se au̯tá ta dýo tmɛː́mata tɛːs moldabías epanɛː́ltʰan , pará to ɡeɡonós óti oi̯ politikés diapraŋmateú̯seːs apétykʰan .
Εξαιτίας του συμπλέγματος/ομάδας νησιών που διαθέτει η Ιαπωνία, η τελευταία αναφέρεται συχνά ως «αρχιπέλαγος», από γεωγραφικής άποψης.	eksai̯tías tuː sympléŋmatos omádas nɛːsiɔː́n puː diatʰéteː ɛː iapɔːnía , ɛː teleu̯taí̯a anapʰéretai̯ sykʰná ɔːs arkʰipélaɡos , apó ɡeɔːɡrapʰikɛː́s ápopsɛːs .
Εξαιτίας του συμπλέγματος/ομάδας νησιών που διαθέτει η Ιαπωνία, η τελευταία αναφέρεται συχνά ως «αρχιπέλαγος», από γεωγραφικής άποψης.	eksai̯tías tuː sympléŋmatos omádas nɛːsiɔː́n puː diatʰéteː ɛː iapɔːnía , ɛː teleu̯taí̯a anapʰéretai̯ sykʰná ɔːs arkʰipélaɡos , apó ɡeɔːɡrapʰikɛː́s ápopsɛːs .
Ο δρόμος του ατυχήματος έκλεισε προσωρινά, την ώρα που οι υπηρεσίες επειγόντων έβγαζαν τον οδηγό από το κόκκινο Audi TT.	o drómos tuː atykʰɛː́matos ékleːse prosɔːriná , tɛːn ɔː́ra puː oi̯ ypɛːresíes epeːɡóntɔːn ébɡazdan ton odɛːɡó apó to kókkino ˈɔːd̬i tʰˈiː tʰˈiː .
Ο δρόμος του ατυχήματος έκλεισε προσωρινά, την ώρα που οι υπηρεσίες επειγόντων έβγαζαν τον οδηγό από το κόκκινο Audi TT.	o drómos tuː atykʰɛː́matos ékleːse prosɔːriná , tɛːn ɔː́ra puː oi̯ ypɛːresíes epeːɡóntɔːn ébɡazdan ton odɛːɡó apó to kókkino ˈɔːd̬i tʰˈiː tʰˈiː .
Υπάρχει μια παράδοση σύμφωνα με την οποία μένετε ξύπνιοι τη νύχτα του Πάσχα σε κάποιο ανοιχτό μέρος για να δείτε την ανατολή του ήλιου.	ypárkʰeː mia parádosɛː sýmpʰɔːna me tɛːn opoí̯a ménete ksýpnioi̯ tɛː nýkʰta tuː páskʰa se kápoi̯o anoi̯kʰtó méros ɡia na deː́te tɛːn anatolɛː́ tuː ɛː́liuː .
Υπάρχει μια παράδοση σύμφωνα με την οποία μένετε ξύπνιοι τη νύχτα του Πάσχα σε κάποιο ανοιχτό μέρος για να δείτε την ανατολή του ήλιου.	ypárkʰeː mia parádosɛː sýmpʰɔːna me tɛːn opoí̯a ménete ksýpnioi̯ tɛː nýkʰta tuː páskʰa se kápoi̯o anoi̯kʰtó méros ɡia na deː́te tɛːn anatolɛː́ tuː ɛː́liuː .
Δεν υπάρχουν ιδιαίτερα «βροχερές» και «ξηρές» εποχές: η ποσότητα βροχής παραμένει σχεδόν η ίδια καθ' όλη τη διάρκεια του έτους.	den ypárkʰuːn idiaí̯tera brokʰerés kai̯ ksɛːrés epokʰés , ɛː posótɛːta brokʰɛː́s paraméneː skʰedón ɛː ídia katʰ ólɛː tɛː diárkeːa tuː étuːs .
Δεν υπάρχουν ιδιαίτερα «βροχερές» και «ξηρές» εποχές: η ποσότητα βροχής παραμένει σχεδόν η ίδια καθ' όλη τη διάρκεια του έτους.	den ypárkʰuːn idiaí̯tera brokʰerés kai̯ ksɛːrés epokʰés , ɛː posótɛːta brokʰɛː́s paraméneː skʰedón ɛː ídia katʰ ólɛː tɛː diárkeːa tuː étuːs .
Οι κομήτες ενδέχεται να υπήρξαν πηγή μεταφοράς νερού στη γη καθώς και οργανικής ύλης η οποία μπορεί να σχηματίσει πρωτεΐνες και να στηρίξει τη ζωή.	oi̯ komɛː́tes endékʰetai̯ na ypɛː́rksan pɛːɡɛː́ metapʰorás neruː́ stɛː ɡɛː katʰɔː́s kai̯ orɡanikɛː́s ýlɛːs ɛː opoí̯a mporeː́ na skʰɛːmatíseː prɔːteínes kai̯ na stɛːríkseː tɛː zdɔːɛː́ .
Το πείραμα των Hersey και Chase αποτέλεσε μια από τις κύριες εισηγήσεις ότι το DNA είναι γενετικό υλικό.	to peː́rama tɔːn hˈɝsi kai̯ t͡ʃˈeᶦs apotélese mia apó tis kýries eːsɛːɡɛː́seːs óti to dˈiːʲɛnˈeᶦ eː́nai̯ ɡenetikó ylikó .
Το πείραμα των Hersey και Chase αποτέλεσε μια από τις κύριες εισηγήσεις ότι το DNA είναι γενετικό υλικό.	to peː́rama tɔːn hˈɝsi kai̯ t͡ʃˈeᶦs apotélese mia apó tis kýries eːsɛːɡɛː́seːs óti to dˈiːʲɛnˈeᶦ eː́nai̯ ɡenetikó ylikó .
Το πρόσφατο δελτίο λέει πως οι καταγραφές του ύψους της θάλασσας φανερώνουν πως έγινε τσουνάμι. Καταγράφηκε μια βέβαιη κίνηση τσουνάμι κοντά στο Πάγκο Πάγκο και το Νιούε.	to próspʰato deltío léeː pɔːs oi̯ kataɡrapʰés tuː ýpsuːs tɛːs tʰálassas pʰanerɔː́nuːn pɔːs éɡine tsuːnámi . kataɡrápʰɛːke mia bébai̯ɛː kínɛːsɛː tsuːnámi kontá sto páŋko páŋko kai̯ to niuː́e .
Το πρόσφατο δελτίο λέει πως οι καταγραφές του ύψους της θάλασσας φανερώνουν πως έγινε τσουνάμι. Καταγράφηκε μια βέβαιη κίνηση τσουνάμι κοντά στο Πάγκο Πάγκο και το Νιούε.	to próspʰato deltío léeː pɔːs oi̯ kataɡrapʰés tuː ýpsuːs tɛːs tʰálassas pʰanerɔː́nuːn pɔːs éɡine tsuːnámi . kataɡrápʰɛːke mia bébai̯ɛː kínɛːsɛː tsuːnámi kontá sto páŋko páŋko kai̯ to niuː́e .
Οι αναβολείς χρησιμοποιούνται ως στήριγμα για τα κάτω άκρα του ιππέα και κρατιούνται από την δεξιά και από την αριστερή μεριά της σέλας.	oi̯ anaboleː́s kʰrɛːsimopoi̯uː́ntai̯ ɔːs stɛː́riŋma ɡia ta kátɔː ákra tuː ippéa kai̯ kratiuː́ntai̯ apó tɛːn deksiá kai̯ apó tɛːn aristerɛː́ meriá tɛːs sélas .
Οι αναβολείς χρησιμοποιούνται ως στήριγμα για τα κάτω άκρα του ιππέα και κρατιούνται από την δεξιά και από την αριστερή μεριά της σέλας.	oi̯ anaboleː́s kʰrɛːsimopoi̯uː́ntai̯ ɔːs stɛː́riŋma ɡia ta kátɔː ákra tuː ippéa kai̯ kratiuː́ntai̯ apó tɛːn deksiá kai̯ apó tɛːn aristerɛː́ meriá tɛːs sélas .
Το μόνο που λέω στον κόσμο είναι ότι μας αντιμετωπίζετε όπως σας αντιμετωπίζουμε.	to móno puː léɔː ston kózmo eː́nai̯ óti mas antimetɔːpízdete ópɔːs sas antimetɔːpízduːme .
Το μόνο που λέω στον κόσμο είναι ότι μας αντιμετωπίζετε όπως σας αντιμετωπίζουμε.	to móno puː léɔː ston kózmo eː́nai̯ óti mas antimetɔːpízdete ópɔːs sas antimetɔːpízduːme .
Τα σχόλια, που έγιναν ζωντανά στην τηλεόραση, αποτέλεσαν την πρώτη φορά που ανώτερες ιρανικές πηγές παραδέχτηκαν ότι υπάρχει αποτέλεσμα από τις κυρώσεις.	ta skʰólia , puː éɡinan zdɔːntaná stɛːn tɛːleórasɛː , apotélesan tɛːn prɔː́tɛː pʰorá puː anɔː́teres iranikés pɛːɡés paradékʰtɛːkan óti ypárkʰeː apotélezma apó tis kyrɔː́seːs .
Τα σχόλια, που έγιναν ζωντανά στην τηλεόραση, αποτέλεσαν την πρώτη φορά που ανώτερες ιρανικές πηγές παραδέχτηκαν ότι υπάρχει αποτέλεσμα από τις κυρώσεις.	ta skʰólia , puː éɡinan zdɔːntaná stɛːn tɛːleórasɛː , apotélesan tɛːn prɔː́tɛː pʰorá puː anɔː́teres iranikés pɛːɡés paradékʰtɛːkan óti ypárkʰeː apotélezma apó tis kyrɔː́seːs .
Τα σχόλια, που έγιναν ζωντανά στην τηλεόραση, αποτέλεσαν την πρώτη φορά που ανώτερες ιρανικές πηγές παραδέχτηκαν ότι υπάρχει αποτέλεσμα από τις κυρώσεις.	ta skʰólia , puː éɡinan zdɔːntaná stɛːn tɛːleórasɛː , apotélesan tɛːn prɔː́tɛː pʰorá puː anɔː́teres iranikés pɛːɡés paradékʰtɛːkan óti ypárkʰeː apotélezma apó tis kyrɔː́seːs .
Όλες οι είσοδοι της σπηλιάς, γνωστές με το όνομα «Οι επτά αδερφές», έχουν διάμετρο τουλάχιστον 100 με 200 μέτρα (328 με 820 πόδια).	óles oi̯ eː́sodoi̯ tɛːs spɛːliás , ɡnɔːstés me to ónoma oi̯ eptá aderpʰés , ékʰuːn diámetro tuːlákʰiston hekatón me diakósioi̯ métra triakósioi̯ kaí̯ eː́kosi kaí̯ oktɔː́ me oktakósioi̯ kaí̯ eː́kosi pódia .
Όλες οι είσοδοι της σπηλιάς, γνωστές με το όνομα «Οι επτά αδερφές», έχουν διάμετρο τουλάχιστον 100 με 200 μέτρα (328 με 820 πόδια).	óles oi̯ eː́sodoi̯ tɛːs spɛːliás , ɡnɔːstés me to ónoma oi̯ eptá aderpʰés , ékʰuːn diámetro tuːlákʰiston hekatón me diakósioi̯ métra triakósioi̯ kaí̯ eː́kosi kaí̯ oktɔː́ me oktakósioi̯ kaí̯ eː́kosi pódia .
Όπως και κάποιοι άλλοι ειδικοί, είναι επιφυλακτικός με το εάν ο διαβήτης μπορεί να θεραπευτεί, επισημαίνοντας πως αυτά τα ευρήματα δεν συσχετίζονται καθόλου με τα άτομα που πάσχουν ήδη από διαβήτη τύπου 1.	ópɔːs kai̯ kápoi̯oi̯ álloi̯ eːdikoí̯ , eː́nai̯ epipʰylaktikós me to eán o diabɛː́tɛːs mporeː́ na tʰerapeu̯teː́ , episɛːmaí̯nontas pɔːs au̯tá ta eu̯rɛː́mata den syskʰetízdontai̯ katʰóluː me ta átoma puː páskʰuːn ɛː́dɛː apó diabɛː́tɛː týpuː heː́s .
Όπως και κάποιοι άλλοι ειδικοί, είναι επιφυλακτικός με το εάν ο διαβήτης μπορεί να θεραπευτεί, επισημαίνοντας πως αυτά τα ευρήματα δεν συσχετίζονται καθόλου με τα άτομα που πάσχουν ήδη από διαβήτη τύπου 1.	ópɔːs kai̯ kápoi̯oi̯ álloi̯ eːdikoí̯ , eː́nai̯ epipʰylaktikós me to eán o diabɛː́tɛːs mporeː́ na tʰerapeu̯teː́ , episɛːmaí̯nontas pɔːs au̯tá ta eu̯rɛː́mata den syskʰetízdontai̯ katʰóluː me ta átoma puː páskʰuːn ɛː́dɛː apó diabɛː́tɛː týpuː heː́s .
Σύμφωνα με πληροφορίες, ανάμεσα στα άλλα θέματα που καλύφθηκαν βρισκόταν το μελλοντικό καθεστώς της Ιερουσαλήμ, η οποία είναι ιερός τόπος και για τα δύο κράτη, καθώς και το ζήτημα της Κοιλάδας του Ιορδάνη.	sýmpʰɔːna me plɛːropʰoríes , anámesa sta álla tʰémata puː kalýpʰtʰɛːkan briskótan to mellontikó katʰestɔː́s tɛːs ieruːsalɛː́m , ɛː opoí̯a eː́nai̯ ierós tópos kai̯ ɡia ta dýo krátɛː , katʰɔː́s kai̯ to zdɛː́tɛːma tɛːs koi̯ládas tuː iordánɛː .
Σύμφωνα με πληροφορίες, ανάμεσα στα άλλα θέματα που καλύφθηκαν βρισκόταν το μελλοντικό καθεστώς της Ιερουσαλήμ, η οποία είναι ιερός τόπος και για τα δύο κράτη, καθώς και το ζήτημα της Κοιλάδας του Ιορδάνη.	sýmpʰɔːna me plɛːropʰoríes , anámesa sta álla tʰémata puː kalýpʰtʰɛːkan briskótan to mellontikó katʰestɔː́s tɛːs ieruːsalɛː́m , ɛː opoí̯a eː́nai̯ ierós tópos kai̯ ɡia ta dýo krátɛː , katʰɔː́s kai̯ to zdɛː́tɛːma tɛːs koi̯ládas tuː iordánɛː .
Όμως ο πρωθυπουργός Τζον Χάουαρντ δήλωσε ότι μοναδικός στόχος του νόμου ήταν να παρέχει προστασία στις εγκαταστάσεις του νοσοκομείου ώστε να μην υποβαθμιστούν από την κυβέρνηση της Τασμανίας, δίνοντας 45 εκατομμύρια δολάρια Αυστραλίας επιπλέον.	ómɔːs o prɔːtʰypuːrɡós tzdon kʰáuːarnt dɛː́lɔːse óti monadikós stókʰos tuː nómuː ɛː́tan na parékʰeː prostasía stis eŋkatastáseːs tuː nosokomeː́uː ɔː́ste na mɛːn ypobatʰmistuː́n apó tɛːn kybérnɛːsɛː tɛːs tazmanías , dínontas tettarákonta kaí̯ pénte ekatommýria dolária au̯stralías epipléon .
Όμως ο πρωθυπουργός Τζον Χάουαρντ δήλωσε ότι μοναδικός στόχος του νόμου ήταν να παρέχει προστασία στις εγκαταστάσεις του νοσοκομείου ώστε να μην υποβαθμιστούν από την κυβέρνηση της Τασμανίας, δίνοντας 45 εκατομμύρια δολάρια Αυστραλίας επιπλέον.	ómɔːs o prɔːtʰypuːrɡós tzdon kʰáuːarnt dɛː́lɔːse óti monadikós stókʰos tuː nómuː ɛː́tan na parékʰeː prostasía stis eŋkatastáseːs tuː nosokomeː́uː ɔː́ste na mɛːn ypobatʰmistuː́n apó tɛːn kybérnɛːsɛː tɛːs tazmanías , dínontas tettarákonta kaí̯ pénte ekatommýria dolária au̯stralías epipléon .
Το μέρος διαθέτει μια σημαντική ποικιλία από κατηγορίες ζώων και πουλιών.	to méros diatʰéteː mia sɛːmantikɛː́ poi̯kilía apó katɛːɡoríes zdɔː́ɔːn kai̯ puːliɔː́n .
Το μέρος διαθέτει μια σημαντική ποικιλία από κατηγορίες ζώων και πουλιών.	to méros diatʰéteː mia sɛːmantikɛː́ poi̯kilía apó katɛːɡoríes zdɔː́ɔːn kai̯ puːliɔː́n .
Όπως το Παρίσι θεωρείται πηγή του στυλ στη μοντέρνα εποχή, έτσι και η Κωνσταντινούπολη την αντίστοιχη ευρωπαϊκή πηγή κατά τη φεουδαρχία.	ópɔːs to parísi tʰeɔːreː́tai̯ pɛːɡɛː́ tuː styl stɛː montérna epokʰɛː́ , étsi kai̯ ɛː kɔːnstantinuː́polɛː tɛːn antístoi̯kʰɛː eu̯rɔːpaikɛː́ pɛːɡɛː́ katá tɛː pʰeuːdarkʰía .
Όπως το Παρίσι θεωρείται πηγή του στυλ στη μοντέρνα εποχή, έτσι και η Κωνσταντινούπολη την αντίστοιχη ευρωπαϊκή πηγή κατά τη φεουδαρχία.	ópɔːs to parísi tʰeɔːreː́tai̯ pɛːɡɛː́ tuː styl stɛː montérna epokʰɛː́ , étsi kai̯ ɛː kɔːnstantinuː́polɛː tɛːn antístoi̯kʰɛː eu̯rɔːpaikɛː́ pɛːɡɛː́ katá tɛː pʰeuːdarkʰía .
Τα κοστούμια αποτελούν τυπική επαγγελματική ενδυμασία, και οι συνάδελφοι αποκαλούνται μεταξύ τους με τα επώνυμά τους ή τον τίτλο εργασίας τους.	ta kostuː́mia apoteluː́n typikɛː́ epaŋɡelmatikɛː́ endymasía , kai̯ oi̯ synádelpʰoi̯ apokaluː́ntai̯ metaksý tuːs me ta epɔː́nymá tuːs ɛː́ ton títlo erɡasías tuːs .
Η τεχνολογική αιτιοκρατία είναι όρος, στον οποίο συγκαταλέγεται μια ποικιλία ιδεών στην πράξη, από την προώθηση ή την επιβολή της τεχνολογίας, έως την αυστηρή ερμηνεία ότι το μέλλον της ανθρωπότητας διέπεται από μια υποβόσκουσα λογική άμεσα συνδεδεμένη με τους επιστημονικούς νόμους και την έκφανσή τους στην τεχνολογία.	ɛː tekʰnoloɡikɛː́ ai̯tiokratía eː́nai̯ óros , ston opoí̯o syŋkataléɡetai̯ mia poi̯kilía ideɔː́n stɛːn práksɛː , apó tɛːn proɔː́tʰɛːsɛː ɛː́ tɛːn epibolɛː́ tɛːs tekʰnoloɡías , éɔːs tɛːn au̯stɛːrɛː́ ermɛːneː́a óti to méllon tɛːs antʰrɔːpótɛːtas diépetai̯ apó mia ypobóskuːsa loɡikɛː́ ámesa syndedeménɛː me tuːs epistɛːmonikuː́s nómuːs kai̯ tɛːn ékpʰansɛː́ tuːs stɛːn tekʰnoloɡía .
Η τεχνολογική αιτιοκρατία είναι όρος, στον οποίο συγκαταλέγεται μια ποικιλία ιδεών στην πράξη, από την προώθηση ή την επιβολή της τεχνολογίας, έως την αυστηρή ερμηνεία ότι το μέλλον της ανθρωπότητας διέπεται από μια υποβόσκουσα λογική άμεσα συνδεδεμένη με τους επιστημονικούς νόμους και την έκφανσή τους στην τεχνολογία.	ɛː tekʰnoloɡikɛː́ ai̯tiokratía eː́nai̯ óros , ston opoí̯o syŋkataléɡetai̯ mia poi̯kilía ideɔː́n stɛːn práksɛː , apó tɛːn proɔː́tʰɛːsɛː ɛː́ tɛːn epibolɛː́ tɛːs tekʰnoloɡías , éɔːs tɛːn au̯stɛːrɛː́ ermɛːneː́a óti to méllon tɛːs antʰrɔːpótɛːtas diépetai̯ apó mia ypobóskuːsa loɡikɛː́ ámesa syndedeménɛː me tuːs epistɛːmonikuː́s nómuːs kai̯ tɛːn ékpʰansɛː́ tuːs stɛːn tekʰnoloɡía .
Καταρτίστηκε και έγινε γυναικολόγος, ξεκίνησε να δουλεύει το 1959 στην κρατική κλινική θηλέων, Auckland.	katartístɛːke kai̯ éɡine ɡynai̯kolóɡos , ksekínɛːse na duːleú̯eː to kʰílioi̯ kaí̯ enakósioi̯ kaí̯ pentɛː́konta kaí̯ ennéa stɛːn kratikɛː́ klinikɛː́ tʰɛːléɔːn , ˈɑːklənd .
Καταρτίστηκε και έγινε γυναικολόγος, ξεκίνησε να δουλεύει το 1959 στην κρατική κλινική θηλέων, Auckland.	katartístɛːke kai̯ éɡine ɡynai̯kolóɡos , ksekínɛːse na duːleú̯eː to kʰílioi̯ kaí̯ enakósioi̯ kaí̯ pentɛː́konta kaí̯ ennéa stɛːn kratikɛː́ klinikɛː́ tʰɛːléɔːn , ˈɑːklənd .
Η Γαλλική Επανάσταση ενέπνευσε επίσης πολλά άλλα καταπιεσμένα άτομα των εργατικών τάξεων άλλων χωρών να ξεκινήσουν τη δική τους επανάσταση.	ɛː ɡallikɛː́ epanástasɛː enépneu̯se epísɛːs pollá álla katapiezména átoma tɔːn erɡatikɔː́n tákseɔːn állɔːn kʰɔːrɔː́n na ksekinɛː́suːn tɛː dikɛː́ tuːs epanástasɛː .
Η Γαλλική Επανάσταση ενέπνευσε επίσης πολλά άλλα καταπιεσμένα άτομα των εργατικών τάξεων άλλων χωρών να ξεκινήσουν τη δική τους επανάσταση.	ɛː ɡallikɛː́ epanástasɛː enépneu̯se epísɛːs pollá álla katapiezména átoma tɔːn erɡatikɔː́n tákseɔːn állɔːn kʰɔːrɔː́n na ksekinɛː́suːn tɛː dikɛː́ tuːs epanástasɛː .
Περιλαμβάνουν οικονομικούς περιορισμούς και εμπάργκο από την Ευρωπαϊκή Ένωση στην εξαγωγή αργού πετρελαίου, η οποία αποτελεί και το 80% των εσόδων από το εξωτερικό που λαμβάνει η ιρανική κυβέρνηση.	perilambánuːn oi̯konomikuː́s periorizmuː́s kai̯ empárŋko apó tɛːn eu̯rɔːpaikɛː́ énɔːsɛː stɛːn eksaɡɔːɡɛː́ arɡuː́ petrelaí̯uː , ɛː opoí̯a apoteleː́ kai̯ to oɡdoɛː́konta tɔːn esódɔːn apó to eksɔːterikó puː lambáneː ɛː iranikɛː́ kybérnɛːsɛː .
Περιλαμβάνουν οικονομικούς περιορισμούς και εμπάργκο από την Ευρωπαϊκή Ένωση στην εξαγωγή αργού πετρελαίου, η οποία αποτελεί και το 80% των εσόδων από το εξωτερικό που λαμβάνει η ιρανική κυβέρνηση.	perilambánuːn oi̯konomikuː́s periorizmuː́s kai̯ empárŋko apó tɛːn eu̯rɔːpaikɛː́ énɔːsɛː stɛːn eksaɡɔːɡɛː́ arɡuː́ petrelaí̯uː , ɛː opoí̯a apoteleː́ kai̯ to oɡdoɛː́konta tɔːn esódɔːn apó to eksɔːterikó puː lambáneː ɛː iranikɛː́ kybérnɛːsɛː .
Περιλαμβάνουν οικονομικούς περιορισμούς και εμπάργκο από την Ευρωπαϊκή Ένωση στην εξαγωγή αργού πετρελαίου, η οποία αποτελεί και το 80% των εσόδων από το εξωτερικό που λαμβάνει η ιρανική κυβέρνηση.	perilambánuːn oi̯konomikuː́s periorizmuː́s kai̯ empárŋko apó tɛːn eu̯rɔːpaikɛː́ énɔːsɛː stɛːn eksaɡɔːɡɛː́ arɡuː́ petrelaí̯uː , ɛː opoí̯a apoteleː́ kai̯ to oɡdoɛː́konta tɔːn esódɔːn apó to eksɔːterikó puː lambáneː ɛː iranikɛː́ kybérnɛːsɛː .
Οι δύο πύργοι έχουν ύψος 83 μέτρα, μήκος 378 μέτρα και έχουν δύο διαδρόμους με πλάτος 3.50 μέτρα.	oi̯ dýo pýrɡoi̯ ékʰuːn ýpsos oɡdoɛː́konta kaí̯ treː́s métra , mɛː́kos triakósioi̯ kaí̯ hebdomɛː́konta kaí̯ oktɔː́ métra kai̯ ékʰuːn dýo diadrómuːs me plátos treː́s pentɛː́konta métra .
Οι δύο πύργοι έχουν ύψος 83 μέτρα, μήκος 378 μέτρα και έχουν δύο διαδρόμους με πλάτος 3.50 μέτρα.	oi̯ dýo pýrɡoi̯ ékʰuːn ýpsos oɡdoɛː́konta kaí̯ treː́s métra , mɛː́kos triakósioi̯ kaí̯ hebdomɛː́konta kaí̯ oktɔː́ métra kai̯ ékʰuːn dýo diadrómuːs me plátos treː́s pentɛː́konta métra .
Το Υπουργείο Οικονομίας, Εμπορίου και Βιομηχανίας της Ιαπωνίας (METI) δήλωσε πως είχε επίγνωση των 27 ατυχημάτων που σχετίζονταν με τις συσκευές.	to ypuːrɡeː́o oi̯konomías , emporíuː kai̯ biomɛːkʰanías tɛːs iapɔːnías mˈɛt̬i dɛː́lɔːse pɔːs eː́kʰe epíɡnɔːsɛː tɔːn eː́kosi kaí̯ heptá atykʰɛːmátɔːn puː skʰetízdontan me tis syskeu̯és .
Το Υπουργείο Οικονομίας, Εμπορίου και Βιομηχανίας της Ιαπωνίας (METI) δήλωσε πως είχε επίγνωση των 27 ατυχημάτων που σχετίζονταν με τις συσκευές.	to ypuːrɡeː́o oi̯konomías , emporíuː kai̯ biomɛːkʰanías tɛːs iapɔːnías mˈɛt̬i dɛː́lɔːse pɔːs eː́kʰe epíɡnɔːsɛː tɔːn eː́kosi kaí̯ heptá atykʰɛːmátɔːn puː skʰetízdontan me tis syskeu̯és .
Άλλες επιλογές που βασίζονται στον βιορυθμό περιλαμβάνουν κατανάλωση πολλών υγρών (ιδιαίτερα νερού ή τσαγιού, γνωστό για τη διουρητική του ιδιότητα) πριν τον ύπνο, ώστε να αναγκάζεται κανείας να σηκωθεί για να ουρήσει.	álles epiloɡés puː basízdontai̯ ston biorytʰmó perilambánuːn katanálɔːsɛː pollɔː́n yɡrɔː́n idiaí̯tera neruː́ ɛː́ tsaɡiuː́ , ɡnɔːstó ɡia tɛː diuːrɛːtikɛː́ tuː idiótɛːta prin ton ýpno , ɔː́ste na anaŋkázdetai̯ kaneː́as na sɛːkɔːtʰeː́ ɡia na uːrɛː́seː .
Άλλες επιλογές που βασίζονται στον βιορυθμό περιλαμβάνουν κατανάλωση πολλών υγρών (ιδιαίτερα νερού ή τσαγιού, γνωστό για τη διουρητική του ιδιότητα) πριν τον ύπνο, ώστε να αναγκάζεται κανείας να σηκωθεί για να ουρήσει.	álles epiloɡés puː basízdontai̯ ston biorytʰmó perilambánuːn katanálɔːsɛː pollɔː́n yɡrɔː́n idiaí̯tera neruː́ ɛː́ tsaɡiuː́ , ɡnɔːstó ɡia tɛː diuːrɛːtikɛː́ tuː idiótɛːta prin ton ýpno , ɔː́ste na anaŋkázdetai̯ kaneː́as na sɛːkɔːtʰeː́ ɡia na uːrɛː́seː .
Όταν επιστρέφετε στη χώρα σας αφού έχετε ζήσει στο εξωτερικό, έχετε προσαρμοστεί στον νέο πολιτισμό και έχετε χάσει κάποιες από τις συνήθειές σας που ανήκαν στον πολιτισμό της χώρας σας.	ótan epistrépʰete stɛː kʰɔː́ra sas apʰuː́ ékʰete zdɛː́seː sto eksɔːterikó , ékʰete prosarmosteː́ ston néo politizmó kai̯ ékʰete kʰáseː kápoi̯es apó tis synɛː́tʰeːés sas puː anɛː́kan ston politizmó tɛːs kʰɔː́ras sas .
Όταν επιστρέφετε στη χώρα σας αφού έχετε ζήσει στο εξωτερικό, έχετε προσαρμοστεί στον νέο πολιτισμό και έχετε χάσει κάποιες από τις συνήθειές σας που ανήκαν στον πολιτισμό της χώρας σας.	ótan epistrépʰete stɛː kʰɔː́ra sas apʰuː́ ékʰete zdɛː́seː sto eksɔːterikó , ékʰete prosarmosteː́ ston néo politizmó kai̯ ékʰete kʰáseː kápoi̯es apó tis synɛː́tʰeːés sas puː anɛː́kan ston politizmó tɛːs kʰɔː́ras sas .
Ένα μάθημα θα διαρκέσει συνήθως 2-5 μέρες και θα περιλαμβάνει παιχνίδι ρόλων, πολλή εκπαίδευση αναφορικά με τις πρώτες βοήθειες και μερικές φορές με τα όπλα.	éna mátʰɛːma tʰa diarkéseː synɛː́tʰɔːs dýo pénte méres kai̯ tʰa perilambáneː pai̯kʰnídi r̥ólɔːn , pollɛː́ ekpaí̯deu̯sɛː anapʰoriká me tis prɔː́tes boɛː́tʰeːes kai̯ merikés pʰorés me ta ópla .
Ένα μάθημα θα διαρκέσει συνήθως 2-5 μέρες και θα περιλαμβάνει παιχνίδι ρόλων, πολλή εκπαίδευση αναφορικά με τις πρώτες βοήθειες και μερικές φορές με τα όπλα.	éna mátʰɛːma tʰa diarkéseː synɛː́tʰɔːs dýo pénte méres kai̯ tʰa perilambáneː pai̯kʰnídi r̥ólɔːn , pollɛː́ ekpaí̯deu̯sɛː anapʰoriká me tis prɔː́tes boɛː́tʰeːes kai̯ merikés pʰorés me ta ópla .
Οι ειρηνευτικές δυνάμεις του ΟΗΕ, που κατέφθασαν στην Αϊτή μετά τον σεισμό του 2010, κατηγορούνται για τη διασπορά της ασθένειας που ξεκίνησε κοντά στο μέρος που στρατοπέδευσε ο στρατός.	oi̯ eːrɛːneu̯tikés dynámeːs tuː oɛːe , puː katépʰtʰasan stɛːn aitɛː́ metá ton seːzmó tuː diskʰílioi̯ kaí̯ déka , katɛːɡoruː́ntai̯ ɡia tɛː diasporá tɛːs astʰéneːas puː ksekínɛːse kontá sto méros puː stratopédeu̯se o stratós .
Οι ειρηνευτικές δυνάμεις του ΟΗΕ, που κατέφθασαν στην Αϊτή μετά τον σεισμό του 2010, κατηγορούνται για τη διασπορά της ασθένειας που ξεκίνησε κοντά στο μέρος που στρατοπέδευσε ο στρατός.	oi̯ eːrɛːneu̯tikés dynámeːs tuː oɛːe , puː katépʰtʰasan stɛːn aitɛː́ metá ton seːzmó tuː diskʰílioi̯ kaí̯ déka , katɛːɡoruː́ntai̯ ɡia tɛː diasporá tɛːs astʰéneːas puː ksekínɛːse kontá sto méros puː stratopédeu̯se o stratós .
Αλλά, εάν χρησιμοποιείται χωρίς άλλα προσδιοριστικά, ο όρος τείνει να υποδηλώνει το φαγητό που προέρχεται από τις κεντρικές και ανατολικές περιοχές της κυρίας νήσου Ιάβα.	allá , eán kʰrɛːsimopoi̯eː́tai̯ kʰɔːrís álla prozdioristiká , o óros teː́neː na ypodɛːlɔː́neː to pʰaɡɛːtó puː proérkʰetai̯ apó tis kentrikés kai̯ anatolikés periokʰés tɛːs kyrías nɛː́suː iába .
Αλλά, εάν χρησιμοποιείται χωρίς άλλα προσδιοριστικά, ο όρος τείνει να υποδηλώνει το φαγητό που προέρχεται από τις κεντρικές και ανατολικές περιοχές της κυρίας νήσου Ιάβα.	allá , eán kʰrɛːsimopoi̯eː́tai̯ kʰɔːrís álla prozdioristiká , o óros teː́neː na ypodɛːlɔː́neː to pʰaɡɛːtó puː proérkʰetai̯ apó tis kentrikés kai̯ anatolikés periokʰés tɛːs kyrías nɛː́suː iába .
Η «προσωπική συμμετοχή» και οι «συνεχείς σχέσεις» προσδιορίστηκαν επίσης ως πτυχές ώθησης από τους Eighmey και McCord (1998) κατά την έρευνα των αντιδράσεων του κοινού στους ιστοτόπους.	ɛː prosɔːpikɛː́ symmetokʰɛː́ kai̯ oi̯ synekʰeː́s skʰéseːs prozdiorístɛːkan epísɛːs ɔːs ptykʰés ɔː́tʰɛːsɛːs apó tuːs ˈeᶦmi kai̯ məkʰˈɔːɹd kʰílioi̯ kaí̯ enakósioi̯ kaí̯ enenɛː́konta kaí̯ oktɔː́ katá tɛːn éreu̯na tɔːn antidráseɔːn tuː koi̯nuː́ stuːs istotópuːs .
Η «προσωπική συμμετοχή» και οι «συνεχείς σχέσεις» προσδιορίστηκαν επίσης ως πτυχές ώθησης από τους Eighmey και McCord (1998) κατά την έρευνα των αντιδράσεων του κοινού στους ιστοτόπους.	ɛː prosɔːpikɛː́ symmetokʰɛː́ kai̯ oi̯ synekʰeː́s skʰéseːs prozdiorístɛːkan epísɛːs ɔːs ptykʰés ɔː́tʰɛːsɛːs apó tuːs ˈeᶦmi kai̯ məkʰˈɔːɹd kʰílioi̯ kaí̯ enakósioi̯ kaí̯ enenɛː́konta kaí̯ oktɔː́ katá tɛːn éreu̯na tɔːn antidráseɔːn tuː koi̯nuː́ stuːs istotópuːs .
Σύμφωνα με τις αρχές του πάρκου, διατηρείτε τουλάχιστον 100 γιάρδες/μέτρα απόσταση από αρκούδες και λύκους και 25 γιάρδες/μέτρα απόσταση από όλα τα υπόλοιπα άγρια ζώα!	sýmpʰɔːna me tis arkʰés tuː párkuː , diatɛːreː́te tuːlákʰiston hekatón ɡiárdes métra apóstasɛː apó arkuː́des kai̯ lýkuːs kai̯ eː́kosi kaí̯ pénte ɡiárdes métra apóstasɛː apó óla ta ypóloi̯pa áɡria zdɔː́a ,
Η πρόθεση των κυβερνήσεων να εκδίδουν διαβατήρια χωρίς να δηλώνεται το φύλο (Χ) ή έγγραφα που έχουν ενημερωθεί για να αντιστοιχούν στο επιθυμητό όνομα και φύλο ποικίλλει.	ɛː prótʰesɛː tɔːn kybernɛː́seɔːn na ekdíduːn diabatɛː́ria kʰɔːrís na dɛːlɔː́netai̯ to pʰýlo kʰ ɛː́ éŋɡrapʰa puː ékʰuːn enɛːmerɔːtʰeː́ ɡia na antistoi̯kʰuː́n sto epitʰymɛːtó ónoma kai̯ pʰýlo poi̯kílleː .
Η πρόθεση των κυβερνήσεων να εκδίδουν διαβατήρια χωρίς να δηλώνεται το φύλο (Χ) ή έγγραφα που έχουν ενημερωθεί για να αντιστοιχούν στο επιθυμητό όνομα και φύλο ποικίλλει.	ɛː prótʰesɛː tɔːn kybernɛː́seɔːn na ekdíduːn diabatɛː́ria kʰɔːrís na dɛːlɔː́netai̯ to pʰýlo kʰ ɛː́ éŋɡrapʰa puː ékʰuːn enɛːmerɔːtʰeː́ ɡia na antistoi̯kʰuː́n sto epitʰymɛːtó ónoma kai̯ pʰýlo poi̯kílleː .
Στην τελευταία μηνιαία έκθεσή του, ο ΟΠΕΚ είπε ότι οι εξαγωγές αργού πετρελαίου έχουν πέσει στα μικρότερα επίπεδα των είκοσι τελευταίων χρόνων, 2.8 εκατομμύρια βαρέλια ανά ημέρα.	stɛːn teleu̯taí̯a mɛːniaí̯a éktʰesɛː́ tuː , o opek eː́pe óti oi̯ eksaɡɔːɡés arɡuː́ petrelaí̯uː ékʰuːn péseː sta mikrótera epípeda tɔːn eː́kosi teleu̯taí̯ɔːn kʰrónɔːn , dýo oktɔː́ ekatommýria barélia aná ɛːméra .
Στην τελευταία μηνιαία έκθεσή του, ο ΟΠΕΚ είπε ότι οι εξαγωγές αργού πετρελαίου έχουν πέσει στα μικρότερα επίπεδα των είκοσι τελευταίων χρόνων, 2.8 εκατομμύρια βαρέλια ανά ημέρα.	stɛːn teleu̯taí̯a mɛːniaí̯a éktʰesɛː́ tuː , o opek eː́pe óti oi̯ eksaɡɔːɡés arɡuː́ petrelaí̯uː ékʰuːn péseː sta mikrótera epípeda tɔːn eː́kosi teleu̯taí̯ɔːn kʰrónɔːn , dýo oktɔː́ ekatommýria barélia aná ɛːméra .
Το πρώτο γνωστό μέσο μεταφοράς ήταν το περπάτημα, οι άνθρωποι ξεκίνησαν να περπατούν όρθια δύο εκατομμύρια χρόνια πριν με την εμφάνιση του Χόμο Ερέκτους (που σημαίνει όρθιος άνθρωπος).	to prɔː́to ɡnɔːstó méso metapʰorás ɛː́tan to perpátɛːma , oi̯ ántʰrɔːpoi̯ ksekínɛːsan na perpatuː́n órtʰia dýo ekatommýria kʰrónia prin me tɛːn empʰánisɛː tuː kʰómo eréktuːs puː sɛːmaí̯neː órtʰios ántʰrɔːpos .
Το πρώτο γνωστό μέσο μεταφοράς ήταν το περπάτημα, οι άνθρωποι ξεκίνησαν να περπατούν όρθια δύο εκατομμύρια χρόνια πριν με την εμφάνιση του Χόμο Ερέκτους (που σημαίνει όρθιος άνθρωπος).	to prɔː́to ɡnɔːstó méso metapʰorás ɛː́tan to perpátɛːma , oi̯ ántʰrɔːpoi̯ ksekínɛːsan na perpatuː́n órtʰia dýo ekatommýria kʰrónia prin me tɛːn empʰánisɛː tuː kʰómo eréktuːs puː sɛːmaí̯neː órtʰios ántʰrɔːpos .
Μια έρευνα που κοινοποιήθηκε την Πέμπτη στο Science μίλησε για την ύπαρξη νέου τύπου πουλιού στα Νησιά Γκαλαπάγκος.	mia éreu̯na puː koi̯nopoi̯ɛː́tʰɛːke tɛːn pémptɛː sto sˈaᶦəns mílɛːse ɡia tɛːn ýparksɛː néuː týpuː puːliuː́ sta nɛːsiá ŋkalapáŋkos .
Μια έρευνα που κοινοποιήθηκε την Πέμπτη στο Science μίλησε για την ύπαρξη νέου τύπου πουλιού στα Νησιά Γκαλαπάγκος.	mia éreu̯na puː koi̯nopoi̯ɛː́tʰɛːke tɛːn pémptɛː sto sˈaᶦəns mílɛːse ɡia tɛːn ýparksɛː néuː týpuː puːliuː́ sta nɛːsiá ŋkalapáŋkos .
Το Έλσγουορθ Λαντ είναι η περιοχή νότια της χερσονήσου, η οποία περιβάλλεται από τη θάλασσα Μπελινγκσχάουζεν.	to élzɡuːortʰ lant eː́nai̯ ɛː periokʰɛː́ nótia tɛːs kʰersonɛː́suː , ɛː opoí̯a peribálletai̯ apó tɛː tʰálassa mpelinŋkskʰáuːzden .
Το Έλσγουορθ Λαντ είναι η περιοχή νότια της χερσονήσου, η οποία περιβάλλεται από τη θάλασσα Μπελινγκσχάουζεν.	to élzɡuːortʰ lant eː́nai̯ ɛː periokʰɛː́ nótia tɛːs kʰersonɛː́suː , ɛː opoí̯a peribálletai̯ apó tɛː tʰálassa mpelinŋkskʰáuːzden .
Για παράδειγμα, κάποιος ενδεχομένως να ισχυριστεί ότι το αυτοκίνητο απαραίτητα οδηγεί στην ανάπτυξη δρόμων.	ɡia parádeːŋma , kápoi̯os endekʰoménɔːs na iskʰyristeː́ óti to au̯tokínɛːto aparaí̯tɛːta odɛːɡeː́ stɛːn anáptyksɛː drómɔːn .
Για παράδειγμα, κάποιος ενδεχομένως να ισχυριστεί ότι το αυτοκίνητο απαραίτητα οδηγεί στην ανάπτυξη δρόμων.	ɡia parádeːŋma , kápoi̯os endekʰoménɔːs na iskʰyristeː́ óti to au̯tokínɛːto aparaí̯tɛːta odɛːɡeː́ stɛːn anáptyksɛː drómɔːn .
Ακύρωσαν την περιοδεία έπειτα από τον τραυματισμό του επικεφαλής τραγουδιστή, Στίβεν Τάιλερ, ο οποίος έπεσε από τη σκηνή κατά τη διάρκεια της ερμηνείας του την 5η Αυγούστου.	akýrɔːsan tɛːn periodeː́a épeːta apó ton trau̯matizmó tuː epikepʰalɛː́s traɡuːdistɛː́ , stíben taí̯ler , o opoí̯os épese apó tɛː skɛːnɛː́ katá tɛː diárkeːa tɛːs ermɛːneː́as tuː tɛːn pénte ɛː au̯ɡuː́stuː .
Στην Αυστραλία η σκέψη του flat white καφέ είναι αλλοδαπή. Ο short black είναι ο espresso, ο cappuccino διογκώνεται με κρέμα και όχι αφρό, και το τσάι πίνεται χωρίς γάλα.	stɛːn au̯stralía ɛː sképsɛː tuː flˈæt wˈaᶦt kapʰé eː́nai̯ allodapɛː́ . o ʃˈɔːɹt blˈæk eː́nai̯ o ɛspɹˈɛsoᶷ , o kʰˌæpʰuːt͡ʃˈiːnoᶷ dioŋkɔː́netai̯ me kréma kai̯ ókʰi apʰró , kai̯ to tsaí̯ pínetai̯ kʰɔːrís ɡála .
Στην Αυστραλία η σκέψη του flat white καφέ είναι αλλοδαπή. Ο short black είναι ο espresso, ο cappuccino διογκώνεται με κρέμα και όχι αφρό, και το τσάι πίνεται χωρίς γάλα.	stɛːn au̯stralía ɛː sképsɛː tuː flˈæt wˈaᶦt kapʰé eː́nai̯ allodapɛː́ . o ʃˈɔːɹt blˈæk eː́nai̯ o ɛspɹˈɛsoᶷ , o kʰˌæpʰuːt͡ʃˈiːnoᶷ dioŋkɔː́netai̯ me kréma kai̯ ókʰi apʰró , kai̯ to tsaí̯ pínetai̯ kʰɔːrís ɡála .
Παρόλο που τα περισσότερα φαγητά τους θα μας ήταν οικεία, οι Ρωμαίοι είχαν και αυτοί διάφορα περίεργα ή ασυνήθιστα γιορτινά εδέσματα, μεταξύ άλλων τα εξής, αγριογούρουνο, παγώνι, σαλιγκάρια και ένα είδος τρωκτικού που ονομάζεται γκλιρίδες.	parólo puː ta perissótera pʰaɡɛːtá tuːs tʰa mas ɛː́tan oi̯keː́a , oi̯ r̥ɔːmaí̯oi̯ eː́kʰan kai̯ au̯toí̯ diápʰora períerɡa ɛː́ asynɛː́tʰista ɡiortiná edézmata , metaksý állɔːn ta eksɛː́s , aɡrioɡuː́ruːno , paɡɔː́ni , saliŋkária kai̯ éna eː́dos trɔːktikuː́ puː onomázdetai̯ ŋklirídes .
Παρόλο που τα περισσότερα φαγητά τους θα μας ήταν οικεία, οι Ρωμαίοι είχαν και αυτοί διάφορα περίεργα ή ασυνήθιστα γιορτινά εδέσματα, μεταξύ άλλων τα εξής, αγριογούρουνο, παγώνι, σαλιγκάρια και ένα είδος τρωκτικού που ονομάζεται γκλιρίδες.	parólo puː ta perissótera pʰaɡɛːtá tuːs tʰa mas ɛː́tan oi̯keː́a , oi̯ r̥ɔːmaí̯oi̯ eː́kʰan kai̯ au̯toí̯ diápʰora períerɡa ɛː́ asynɛː́tʰista ɡiortiná edézmata , metaksý állɔːn ta eksɛː́s , aɡrioɡuː́ruːno , paɡɔː́ni , saliŋkária kai̯ éna eː́dos trɔːktikuː́ puː onomázdetai̯ ŋklirídes .
Σε ιδανικές συνθήκες θα μπορείτε να διανύσετε σχετικά μεγαλύτερες αποστάσεις απ' ό,τι περπατώντας - αλλά πολύ σπάνια θα αναπτύξετε τις ταχύτητες του σκι ανώμαλου δρόμου χωρίς ένα βαρύ σακίδιο στις ειδικά διαμορφωμένες πίστες.	se idanikés syntʰɛː́kes tʰa mporeː́te na dianýsete skʰetiká meɡalýteres apostáseːs ap ó , ti perpatɔː́ntas allá polý spánia tʰa anaptýksete tis takʰýtɛːtes tuː ski anɔː́maluː drómuː kʰɔːrís éna barý sakídio stis eːdiká diamorpʰɔːménes pístes .
Σε ιδανικές συνθήκες θα μπορείτε να διανύσετε σχετικά μεγαλύτερες αποστάσεις απ' ό,τι περπατώντας - αλλά πολύ σπάνια θα αναπτύξετε τις ταχύτητες του σκι ανώμαλου δρόμου χωρίς ένα βαρύ σακίδιο στις ειδικά διαμορφωμένες πίστες.	se idanikés syntʰɛː́kes tʰa mporeː́te na dianýsete skʰetiká meɡalýteres apostáseːs ap ó , ti perpatɔː́ntas allá polý spánia tʰa anaptýksete tis takʰýtɛːtes tuː ski anɔː́maluː drómuː kʰɔːrís éna barý sakídio stis eːdiká diamorpʰɔːménes pístes .
Το πλήθος ανάγκασε τον Βασιλιά και τη Βασίλισσα να ανοίξουν διάπλατα τα παράθυρα της άμαξάς τους.	to plɛː́tʰos anáŋkase ton basiliá kai̯ tɛː basílissa na anoí̯ksuːn diáplata ta parátʰyra tɛːs ámaksás tuːs .
Το πλήθος ανάγκασε τον Βασιλιά και τη Βασίλισσα να ανοίξουν διάπλατα τα παράθυρα της άμαξάς τους.	to plɛː́tʰos anáŋkase ton basiliá kai̯ tɛː basílissa na anoí̯ksuːn diáplata ta parátʰyra tɛːs ámaksás tuːs .
Σε απομονωμένα μέρη που δεν υπάρχει τηλεφωνικό σήμα, ένα τηλέφωνο δορυφόρου ίσως είναι η μόνη σας επιλογή.	se apomonɔːména mérɛː puː den ypárkʰeː tɛːlepʰɔːnikó sɛː́ma , éna tɛːlépʰɔːno dorypʰóruː ísɔːs eː́nai̯ ɛː mónɛː sas epiloɡɛː́ .
Σε απομονωμένα μέρη που δεν υπάρχει τηλεφωνικό σήμα, ένα τηλέφωνο δορυφόρου ίσως είναι η μόνη σας επιλογή.	se apomonɔːména mérɛː puː den ypárkʰeː tɛːlepʰɔːnikó sɛː́ma , éna tɛːlépʰɔːno dorypʰóruː ísɔːs eː́nai̯ ɛː mónɛː sas epiloɡɛː́ .
Ο ανώτατος ηγέτης του κράτους, Αγιατολλάχ Αλί Χαμενεΐ, περιέγραψε την σχέση ανάγκης της χώρας το πετρέλαιο ως «παγίδα» που πρώτη φορά εμφανίστηκε πριν από την ισλαμική επανάσταση του 1979 και κάτι από το οποίο το κράτος πρέπει να απελευθερωθεί.	o anɔː́tatos ɛːɡétɛːs tuː krátuːs , aɡiatollákʰ alí kʰameneí , periéɡrapse tɛːn skʰésɛː anáŋkɛːs tɛːs kʰɔː́ras to petrélai̯o ɔːs paɡída puː prɔː́tɛː pʰorá empʰanístɛːke prin apó tɛːn izlamikɛː́ epanástasɛː tuː kʰílioi̯ kaí̯ enakósioi̯ kaí̯ hebdomɛː́konta kaí̯ ennéa kai̯ káti apó to opoí̯o to krátos prépeː na apeleu̯tʰerɔːtʰeː́ .
Ο ανώτατος ηγέτης του κράτους, Αγιατολλάχ Αλί Χαμενεΐ, περιέγραψε την σχέση ανάγκης της χώρας το πετρέλαιο ως «παγίδα» που πρώτη φορά εμφανίστηκε πριν από την ισλαμική επανάσταση του 1979 και κάτι από το οποίο το κράτος πρέπει να απελευθερωθεί.	o anɔː́tatos ɛːɡétɛːs tuː krátuːs , aɡiatollákʰ alí kʰameneí , periéɡrapse tɛːn skʰésɛː anáŋkɛːs tɛːs kʰɔː́ras to petrélai̯o ɔːs paɡída puː prɔː́tɛː pʰorá empʰanístɛːke prin apó tɛːn izlamikɛː́ epanástasɛː tuː kʰílioi̯ kaí̯ enakósioi̯ kaí̯ hebdomɛː́konta kaí̯ ennéa kai̯ káti apó to opoí̯o to krátos prépeː na apeleu̯tʰerɔːtʰeː́ .
Ο ανώτατος ηγέτης του κράτους, Αγιατολλάχ Αλί Χαμενεΐ, περιέγραψε την σχέση ανάγκης της χώρας το πετρέλαιο ως «παγίδα» που πρώτη φορά εμφανίστηκε πριν από την ισλαμική επανάσταση του 1979 και κάτι από το οποίο το κράτος πρέπει να απελευθερωθεί.	o anɔː́tatos ɛːɡétɛːs tuː krátuːs , aɡiatollákʰ alí kʰameneí , periéɡrapse tɛːn skʰésɛː anáŋkɛːs tɛːs kʰɔː́ras to petrélai̯o ɔːs paɡída puː prɔː́tɛː pʰorá empʰanístɛːke prin apó tɛːn izlamikɛː́ epanástasɛː tuː kʰílioi̯ kaí̯ enakósioi̯ kaí̯ hebdomɛː́konta kaí̯ ennéa kai̯ káti apó to opoí̯o to krátos prépeː na apeleu̯tʰerɔːtʰeː́ .
Συνεπώς, η ανάγνωση αυτού του εισαγωγικού βιβλίου γραμματικής θα σας βοηθούσε να εμπλουτίσετε τις γνώσεις σας πάνω στην περσική γραμματική καθώς και να κατανοείτε καλύτερα διάφορες εκφράσεις.	synepɔː́s , ɛː anáɡnɔːsɛː au̯tuː́ tuː eːsaɡɔːɡikuː́ biblíuː ɡrammatikɛː́s tʰa sas boɛːtʰuː́se na empluːtísete tis ɡnɔː́seːs sas pánɔː stɛːn persikɛː́ ɡrammatikɛː́ katʰɔː́s kai̯ na katanoeː́te kalýtera diápʰores ekpʰráseːs .
Συνεπώς, η ανάγνωση αυτού του εισαγωγικού βιβλίου γραμματικής θα σας βοηθούσε να εμπλουτίσετε τις γνώσεις σας πάνω στην περσική γραμματική καθώς και να κατανοείτε καλύτερα διάφορες εκφράσεις.	synepɔː́s , ɛː anáɡnɔːsɛː au̯tuː́ tuː eːsaɡɔːɡikuː́ biblíuː ɡrammatikɛː́s tʰa sas boɛːtʰuː́se na empluːtísete tis ɡnɔː́seːs sas pánɔː stɛːn persikɛː́ ɡrammatikɛː́ katʰɔː́s kai̯ na katanoeː́te kalýtera diápʰores ekpʰráseːs .
Οι διεθνείς κυρώσεις σήμαιναν ότι δεν ήταν δυνατή η αγορά νέων αεροσκαφών.	oi̯ dietʰneː́s kyrɔː́seːs sɛː́mai̯nan óti den ɛː́tan dynatɛː́ ɛː aɡorá néɔːn aeroskapʰɔː́n .
Οι διεθνείς κυρώσεις σήμαιναν ότι δεν ήταν δυνατή η αγορά νέων αεροσκαφών.	oi̯ dietʰneː́s kyrɔː́seːs sɛː́mai̯nan óti den ɛː́tan dynatɛː́ ɛː aɡorá néɔːn aeroskapʰɔː́n .
Καθορίζουν ακόμη πορείες για διαδεδομένες διαδρομές πεζοπορίας και ποδηλασίας.	katʰorízduːn akómɛː poreː́es ɡia diadedoménes diadromés pezdoporías kai̯ podɛːlasías .
Στην Κροατία και τη Δανία, υπάρχουν ύποπτα κρούσματα του ιού H5N1 δεν έχουν επιβεβαιωθεί ακόμη.	stɛːn kroatía kai̯ tɛː danía , ypárkʰuːn ýpopta kruː́zmata tuː iuː́ ˈeᶦt͡ʃ pénte ˈɛn heː́s den ékʰuːn epibebai̯ɔːtʰeː́ akómɛː .
Στην Κροατία και τη Δανία, υπάρχουν ύποπτα κρούσματα του ιού H5N1 δεν έχουν επιβεβαιωθεί ακόμη.	stɛːn kroatía kai̯ tɛː danía , ypárkʰuːn ýpopta kruː́zmata tuː iuː́ ˈeᶦt͡ʃ pénte ˈɛn heː́s den ékʰuːn epibebai̯ɔːtʰeː́ akómɛː .
Επίσης, στην Ελλάδα, στις κατοικίες των μινωικών πόλεων της Κρήτης και της Σαντορίνης, έχουν βρεθεί ερείπια από συστήματα αποχέτευσης.	epísɛːs , stɛːn elláda , stis katoi̯kíes tɔːn minɔːi̯kɔː́n póleɔːn tɛːs krɛː́tɛːs kai̯ tɛːs santorínɛːs , ékʰuːn bretʰeː́ ereː́pia apó systɛː́mata apokʰéteu̯sɛːs .
Επίσης, στην Ελλάδα, στις κατοικίες των μινωικών πόλεων της Κρήτης και της Σαντορίνης, έχουν βρεθεί ερείπια από συστήματα αποχέτευσης.	epísɛːs , stɛːn elláda , stis katoi̯kíes tɔːn minɔːi̯kɔː́n póleɔːn tɛːs krɛː́tɛːs kai̯ tɛːs santorínɛːs , ékʰuːn bretʰeː́ ereː́pia apó systɛː́mata apokʰéteu̯sɛːs .
Τα φίλτρα ποικίλουν όσον αφορά την αποτελεσματικότητα και αν έχετε κάποιον προβληματισμό, τότε θα πρέπει να σκεφτείτε την πιθανότητα να αγοράσετε το νερό σας σε σφραγισμένο μπουκάλι από μια ευυπόληπτη εταιρεία.	ta pʰíltra poi̯kíluːn óson apʰorá tɛːn apotelezmatikótɛːta kai̯ an ékʰete kápoi̯on problɛːmatizmó , tóte tʰa prépeː na skepʰteː́te tɛːn pitʰanótɛːta na aɡorásete to neró sas se spʰraɡizméno mpuːkáli apó mia eu̯ypólɛːptɛː etai̯reː́a .
Τα φίλτρα ποικίλουν όσον αφορά την αποτελεσματικότητα και αν έχετε κάποιον προβληματισμό, τότε θα πρέπει να σκεφτείτε την πιθανότητα να αγοράσετε το νερό σας σε σφραγισμένο μπουκάλι από μια ευυπόληπτη εταιρεία.	ta pʰíltra poi̯kíluːn óson apʰorá tɛːn apotelezmatikótɛːta kai̯ an ékʰete kápoi̯on problɛːmatizmó , tóte tʰa prépeː na skepʰteː́te tɛːn pitʰanótɛːta na aɡorásete to neró sas se spʰraɡizméno mpuːkáli apó mia eu̯ypólɛːptɛː etai̯reː́a .
Ένα αντίγραφο στάλθηκε την 6η Ιουλίου στον Τζορτζ Ουάσιγκτον, ο οποίος έβαλε να το διαβάσουν στα στρατεύματά του στη Νέα Υόρκη την 9η Ιουλίου. Ένα άλλο έφτασε τη 10η Αυγούστου στο Λονδίνο.	éna antíɡrapʰo stáltʰɛːke tɛːn héks ɛː iuːlíuː ston tzdortzd uːásiŋkton , o opoí̯os ébale na to diabásuːn sta strateú̯matá tuː stɛː néa yórkɛː tɛːn ennéa ɛː iuːlíuː . éna állo épʰtase tɛː déka ɛː au̯ɡuː́stuː sto londíno .
Ένα αντίγραφο στάλθηκε την 6η Ιουλίου στον Τζορτζ Ουάσιγκτον, ο οποίος έβαλε να το διαβάσουν στα στρατεύματά του στη Νέα Υόρκη την 9η Ιουλίου. Ένα άλλο έφτασε τη 10η Αυγούστου στο Λονδίνο.	éna antíɡrapʰo stáltʰɛːke tɛːn héks ɛː iuːlíuː ston tzdortzd uːásiŋkton , o opoí̯os ébale na to diabásuːn sta strateú̯matá tuː stɛː néa yórkɛː tɛːn ennéa ɛː iuːlíuː . éna állo épʰtase tɛː déka ɛː au̯ɡuː́stuː sto londíno .
Πριν από τους Σίμπσονς ο Σάιμον είχε εργαστεί σε διάφορες εκπομπές και σε ποικίλες θέσεις.	prin apó tuːs símpsons o saí̯mon eː́kʰe erɡasteː́ se diápʰores ekpompés kai̯ se poi̯kíles tʰéseːs .
Πριν από τους Σίμπσονς ο Σάιμον είχε εργαστεί σε διάφορες εκπομπές και σε ποικίλες θέσεις.	prin apó tuːs símpsons o saí̯mon eː́kʰe erɡasteː́ se diápʰores ekpompés kai̯ se poi̯kíles tʰéseːs .
Η επιδημία οδήγησε την κυβέρνηση της Ινδίας να λάβει μέτρα όπως η διάθεση εξολοθρευτών χοίρων σε περιοχές που πλήττονται σοβαρά, διανέμοντας χιλιάδες κουνουπιέρες και παρασιτοκτόνα σε μορφή αερολύματος.	ɛː epidɛːmía odɛː́ɡɛːse tɛːn kybérnɛːsɛː tɛːs indías na lábeː métra ópɔːs ɛː diátʰesɛː eksolotʰreu̯tɔː́n kʰoí̯rɔːn se periokʰés puː plɛː́ttontai̯ sobará , dianémontas kʰiliádes kuːnuːpiéres kai̯ parasitoktóna se morpʰɛː́ aerolýmatos .
Η επιδημία οδήγησε την κυβέρνηση της Ινδίας να λάβει μέτρα όπως η διάθεση εξολοθρευτών χοίρων σε περιοχές που πλήττονται σοβαρά, διανέμοντας χιλιάδες κουνουπιέρες και παρασιτοκτόνα σε μορφή αερολύματος.	ɛː epidɛːmía odɛː́ɡɛːse tɛːn kybérnɛːsɛː tɛːs indías na lábeː métra ópɔːs ɛː diátʰesɛː eksolotʰreu̯tɔː́n kʰoí̯rɔːn se periokʰés puː plɛː́ttontai̯ sobará , dianémontas kʰiliádes kuːnuːpiéres kai̯ parasitoktóna se morpʰɛː́ aerolýmatos .
Η θεωρία αυτή υποστηρίζει ότι το μεγαλύτερο μέρος της σκοτεινής ύλης που βρίσκεται σε έναν γαλαξία εντοπίζεται γύρω από τον γαλαξία, σχηματίζοντας ένα είδος στεφανιού, και αποτελείται από πολλά μικρά σωματίδια.	ɛː tʰeɔːría au̯tɛː́ ypostɛːrízdeː óti to meɡalýtero méros tɛːs skoteːnɛː́s ýlɛːs puː brísketai̯ se énan ɡalaksía entopízdetai̯ ɡýrɔː apó ton ɡalaksía , skʰɛːmatízdontas éna eː́dos stepʰaniuː́ , kai̯ apoteleː́tai̯ apó pollá mikrá sɔːmatídia .
Η θεωρία αυτή υποστηρίζει ότι το μεγαλύτερο μέρος της σκοτεινής ύλης που βρίσκεται σε έναν γαλαξία εντοπίζεται γύρω από τον γαλαξία, σχηματίζοντας ένα είδος στεφανιού, και αποτελείται από πολλά μικρά σωματίδια.	ɛː tʰeɔːría au̯tɛː́ ypostɛːrízdeː óti to meɡalýtero méros tɛːs skoteːnɛː́s ýlɛːs puː brísketai̯ se énan ɡalaksía entopízdetai̯ ɡýrɔː apó ton ɡalaksía , skʰɛːmatízdontas éna eː́dos stepʰaniuː́ , kai̯ apoteleː́tai̯ apó pollá mikrá sɔːmatídia .
Όταν η κάψουλα βρεθεί στη Γη και μπει στην ατμόσφαιρα, περίπου στις 5 π.μ. (ανατολική ζώνη ώρας), υπολογίζεται ότι θα δημιουργήσει ένα όμορφο θέαμα από φώτα για τη βόρεια Καλιφόρνια, το Όρεγκον, τη Νεβάδα και τη Γιούτα.	ótan ɛː kápsuːla bretʰeː́ stɛː ɡɛː kai̯ mpeː stɛːn atmóspʰai̯ra , perípuː stis pénte p . m . anatolikɛː́ zdɔː́nɛː ɔː́ras , ypoloɡízdetai̯ óti tʰa dɛːmiuːrɡɛː́seː éna ómorpʰo tʰéama apó pʰɔː́ta ɡia tɛː bóreːa kalipʰórnia , to óreŋkon , tɛː nebáda kai̯ tɛː ɡiuː́ta .
Όταν η κάψουλα βρεθεί στη Γη και μπει στην ατμόσφαιρα, περίπου στις 5 π.μ. (ανατολική ζώνη ώρας), υπολογίζεται ότι θα δημιουργήσει ένα όμορφο θέαμα από φώτα για τη βόρεια Καλιφόρνια, το Όρεγκον, τη Νεβάδα και τη Γιούτα.	ótan ɛː kápsuːla bretʰeː́ stɛː ɡɛː kai̯ mpeː stɛːn atmóspʰai̯ra , perípuː stis pénte p . m . anatolikɛː́ zdɔː́nɛː ɔː́ras , ypoloɡízdetai̯ óti tʰa dɛːmiuːrɡɛː́seː éna ómorpʰo tʰéama apó pʰɔː́ta ɡia tɛː bóreːa kalipʰórnia , to óreŋkon , tɛː nebáda kai̯ tɛː ɡiuː́ta .
Όταν η κάψουλα βρεθεί στη Γη και μπει στην ατμόσφαιρα, περίπου στις 5 π.μ. (ανατολική ζώνη ώρας), υπολογίζεται ότι θα δημιουργήσει ένα όμορφο θέαμα από φώτα για τη βόρεια Καλιφόρνια, το Όρεγκον, τη Νεβάδα και τη Γιούτα.	ótan ɛː kápsuːla bretʰeː́ stɛː ɡɛː kai̯ mpeː stɛːn atmóspʰai̯ra , perípuː stis pénte p . m . anatolikɛː́ zdɔː́nɛː ɔː́ras , ypoloɡízdetai̯ óti tʰa dɛːmiuːrɡɛː́seː éna ómorpʰo tʰéama apó pʰɔː́ta ɡia tɛː bóreːa kalipʰórnia , to óreŋkon , tɛː nebáda kai̯ tɛː ɡiuː́ta .
Η ιστορία που παρουσιάζεται στη γαλλική όπερα του Καμίγ Σεν-Σανς αφορά τη ζωή ενός καλλιτέχνη «η ζωή του οποίου άγεται και φέρεται από την αγάπη για τα ναρκωτικά και την Ιαπωνία».	ɛː istoría puː paruːsiázdetai̯ stɛː ɡallikɛː́ ópera tuː kamíɡ sen sans apʰorá tɛː zdɔːɛː́ enós kallitékʰnɛː ɛː zdɔːɛː́ tuː opoí̯uː áɡetai̯ kai̯ pʰéretai̯ apó tɛːn aɡápɛː ɡia ta narkɔːtiká kai̯ tɛːn iapɔːnía .
Η ιστορία που παρουσιάζεται στη γαλλική όπερα του Καμίγ Σεν-Σανς αφορά τη ζωή ενός καλλιτέχνη «η ζωή του οποίου άγεται και φέρεται από την αγάπη για τα ναρκωτικά και την Ιαπωνία».	ɛː istoría puː paruːsiázdetai̯ stɛː ɡallikɛː́ ópera tuː kamíɡ sen sans apʰorá tɛː zdɔːɛː́ enós kallitékʰnɛː ɛː zdɔːɛː́ tuː opoí̯uː áɡetai̯ kai̯ pʰéretai̯ apó tɛːn aɡápɛː ɡia ta narkɔːtiká kai̯ tɛːn iapɔːnía .
Νοτιότερα βρίσκονται οι καταρράκτες του Νιαγάρα και στον Βορρά βρίσκεται η ανεκμετάλλευτη φυσική ομορφιά της Μουσκόκα και ακόμη πιο πέρα.	notiótera brískontai̯ oi̯ katar̥r̥áktes tuː niaɡára kai̯ ston bor̥r̥á brísketai̯ ɛː anekmetálleu̯tɛː pʰysikɛː́ omorpʰiá tɛːs muːskóka kai̯ akómɛː pio péra .
Νοτιότερα βρίσκονται οι καταρράκτες του Νιαγάρα και στον Βορρά βρίσκεται η ανεκμετάλλευτη φυσική ομορφιά της Μουσκόκα και ακόμη πιο πέρα.	notiótera brískontai̯ oi̯ katar̥r̥áktes tuː niaɡára kai̯ ston bor̥r̥á brísketai̯ ɛː anekmetálleu̯tɛː pʰysikɛː́ omorpʰiá tɛːs muːskóka kai̯ akómɛː pio péra .
Μπορεί να γίνει πολύ λεπτό και να κολλήσει σε άλλα μέταλλα. Μπορεί να γίνει τόσο λεπτό που κάποιες φορές χρησιμοποιούταν ως διακόσμηση στις χειροποίητες εικόνες βιβλίων που ονομάζονται «εικονογραφημένα χειρόγραφα».	mporeː́ na ɡíneː polý leptó kai̯ na kollɛː́seː se álla métalla . mporeː́ na ɡíneː tóso leptó puː kápoi̯es pʰorés kʰrɛːsimopoi̯uː́tan ɔːs diakózmɛːsɛː stis kʰeːropoí̯ɛːtes eːkónes biblíɔːn puː onomázdontai̯ eːkonoɡrapʰɛːména kʰeːróɡrapʰa .
Μπορεί να γίνει πολύ λεπτό και να κολλήσει σε άλλα μέταλλα. Μπορεί να γίνει τόσο λεπτό που κάποιες φορές χρησιμοποιούταν ως διακόσμηση στις χειροποίητες εικόνες βιβλίων που ονομάζονται «εικονογραφημένα χειρόγραφα».	mporeː́ na ɡíneː polý leptó kai̯ na kollɛː́seː se álla métalla . mporeː́ na ɡíneː tóso leptó puː kápoi̯es pʰorés kʰrɛːsimopoi̯uː́tan ɔːs diakózmɛːsɛː stis kʰeːropoí̯ɛːtes eːkónes biblíɔːn puː onomázdontai̯ eːkonoɡrapʰɛːména kʰeːróɡrapʰa .
Καθ' όλη τη διάρκεια του ταξιδιού του, ο Ιβασάκι σε πολλές περιπτώσεις ήρθε αντιμέτωπος με προβλήματα.	katʰ ólɛː tɛː diárkeːa tuː taksidiuː́ tuː , o ibasáki se pollés periptɔː́seːs ɛː́rtʰe antimétɔːpos me problɛː́mata .
Καθ' όλη τη διάρκεια του ταξιδιού του, ο Ιβασάκι σε πολλές περιπτώσεις ήρθε αντιμέτωπος με προβλήματα.	katʰ ólɛː tɛː diárkeːa tuː taksidiuː́ tuː , o ibasáki se pollés periptɔː́seːs ɛː́rtʰe antimétɔːpos me problɛː́mata .
Αυτό όχι απλώς επιβεβαιώνει ότι ορισμένοι τουλάχιστον από τους δεινοσαύρους είχαν πούπουλα, μια ήδη διαδεδομένη θεωρία, αλλά παρέχει και λεπτομέρειες που τα απολιθώματα γενικά δεν μπορούν να παρέχουν, όπως το χρώμα και την τρισδιάστατη διάταξή τους.	au̯tó ókʰi aplɔː́s epibebai̯ɔː́neː óti orizménoi̯ tuːlákʰiston apó tuːs deːnosaú̯ruːs eː́kʰan puː́puːla , mia ɛː́dɛː diadedoménɛː tʰeɔːría , allá parékʰeː kai̯ leptoméreːes puː ta apolitʰɔː́mata ɡeniká den mporuː́n na parékʰuːn , ópɔːs to kʰrɔː́ma kai̯ tɛːn trizdiástatɛː diátaksɛː́ tuːs .
Αυτό όχι απλώς επιβεβαιώνει ότι ορισμένοι τουλάχιστον από τους δεινοσαύρους είχαν πούπουλα, μια ήδη διαδεδομένη θεωρία, αλλά παρέχει και λεπτομέρειες που τα απολιθώματα γενικά δεν μπορούν να παρέχουν, όπως το χρώμα και την τρισδιάστατη διάταξή τους.	au̯tó ókʰi aplɔː́s epibebai̯ɔː́neː óti orizménoi̯ tuːlákʰiston apó tuːs deːnosaú̯ruːs eː́kʰan puː́puːla , mia ɛː́dɛː diadedoménɛː tʰeɔːría , allá parékʰeː kai̯ leptoméreːes puː ta apolitʰɔː́mata ɡeniká den mporuː́n na parékʰuːn , ópɔːs to kʰrɔː́ma kai̯ tɛːn trizdiástatɛː diátaksɛː́ tuːs .
Κάποια στιγμή, ένα άτομο από τον όχλο ξεκίνησε να κραδαίνει το κεφάλι ενός μέλους της βασιλικής φρουράς που σκοτώθηκε στις Βερσαλλίες, μπροστά στα μάτια της τρομοκρατημένης βασίλισσας.	kápoi̯a stiŋmɛː́ , éna átomo apó ton ókʰlo ksekínɛːse na kradaí̯neː to kepʰáli enós méluːs tɛːs basilikɛː́s pʰruːrás puː skotɔː́tʰɛːke stis bersallíes , mprostá sta mátia tɛːs tromokratɛːménɛːs basílissas .
Δεκατέσσερα σχολεία στη Χαβάη που βρίσκονταν πάνω ή κοντά στα παράλια, παρέμειναν κλειστά όλη την Τετάρτη παρά το γεγονός ότι οι προειδηποιήσεις είχαν ανακληθεί.	dekatéssera skʰoleː́a stɛː kʰabáɛː puː brískontan pánɔː ɛː́ kontá sta parália , parémeːnan kleːstá ólɛː tɛːn tetártɛː pará to ɡeɡonós óti oi̯ proeːdɛːpoi̯ɛː́seːs eː́kʰan anaklɛːtʰeː́ .
Δεκατέσσερα σχολεία στη Χαβάη που βρίσκονταν πάνω ή κοντά στα παράλια, παρέμειναν κλειστά όλη την Τετάρτη παρά το γεγονός ότι οι προειδηποιήσεις είχαν ανακληθεί.	dekatéssera skʰoleː́a stɛː kʰabáɛː puː brískontan pánɔː ɛː́ kontá sta parália , parémeːnan kleːstá ólɛː tɛːn tetártɛː pará to ɡeɡonós óti oi̯ proeːdɛːpoi̯ɛː́seːs eː́kʰan anaklɛːtʰeː́ .
Η τίγρη ανήκει στην ίδια κατηγορία (Γένος Πανθηρίνων) με τα λιοντάρια, τις λεοπαρδάλεις και τους ιαγουάρους. Οι τέσσερις αυτές γάτες είναι οι μόνες που μπορούν να βρυχηθούν.	ɛː tíɡrɛː anɛː́keː stɛːn ídia katɛːɡoría ɡénos pantʰɛːrínɔːn me ta liontária , tis leopardáleːs kai̯ tuːs iaɡuːáruːs . oi̯ tésseris au̯tés ɡátes eː́nai̯ oi̯ mónes puː mporuː́n na brykʰɛːtʰuː́n .
Η τίγρη ανήκει στην ίδια κατηγορία (Γένος Πανθηρίνων) με τα λιοντάρια, τις λεοπαρδάλεις και τους ιαγουάρους. Οι τέσσερις αυτές γάτες είναι οι μόνες που μπορούν να βρυχηθούν.	ɛː tíɡrɛː anɛː́keː stɛːn ídia katɛːɡoría ɡénos pantʰɛːrínɔːn me ta liontária , tis leopardáleːs kai̯ tuːs iaɡuːáruːs . oi̯ tésseris au̯tés ɡátes eː́nai̯ oi̯ mónes puː mporuː́n na brykʰɛːtʰuː́n .
Θα κρατούσε για 40 χρόνια και θα είχε πολεμικές αναμετρήσεις δια αντιπροσώπων, σε σημεία μαχών από την Αφρική στην Ασία, στο Αφγανιστάν, την Κούβα και σε πολλές άλλες περιοχές.	tʰa kratuː́se ɡia tettarákonta kʰrónia kai̯ tʰa eː́kʰe polemikés anametrɛː́seːs dia antiprosɔː́pɔːn , se sɛːmeː́a makʰɔː́n apó tɛːn apʰrikɛː́ stɛːn asía , sto apʰɡanistán , tɛːn kuː́ba kai̯ se pollés álles periokʰés .
Θα κρατούσε για 40 χρόνια και θα είχε πολεμικές αναμετρήσεις δια αντιπροσώπων, σε σημεία μαχών από την Αφρική στην Ασία, στο Αφγανιστάν, την Κούβα και σε πολλές άλλες περιοχές.	tʰa kratuː́se ɡia tettarákonta kʰrónia kai̯ tʰa eː́kʰe polemikés anametrɛː́seːs dia antiprosɔː́pɔːn , se sɛːmeː́a makʰɔː́n apó tɛːn apʰrikɛː́ stɛːn asía , sto apʰɡanistán , tɛːn kuː́ba kai̯ se pollés álles periokʰés .
Εάν δεν διατίθεται κάποιο σίδερο, ή δεν σας ενδιαφέρει να φοράτε σιδερωμένες κάλτσες, μπορείτε σε αυτή την περίπτωση να χρησιμοποιήσετε ένα σεσουάρ, εάν είναι διαθέσιμο.	eán den diatítʰetai̯ kápoi̯o sídero , ɛː́ den sas endiapʰéreː na pʰoráte siderɔːménes káltses , mporeː́te se au̯tɛː́ tɛːn períptɔːsɛː na kʰrɛːsimopoi̯ɛː́sete éna sesuːár , eán eː́nai̯ diatʰésimo .
Η κάψουλα θα είναι σαν ένα πεφταστέρι κατά μήκος του ουρανού.	ɛː kápsuːla tʰa eː́nai̯ san éna pepʰtastéri katá mɛː́kos tuː uːranuː́ .
