अल गोर और जनरल टॉमी फ्रैंक्स ने फटाफट बोलकर अपनी पसंदीदा सुर्खियों को चुरा लिया गोर ने बताया कि जब 2000 के इलेक्टोरल कॉलेज की हार के बाद वह टिप्पर के साथ अपनी ज़िंदगी के सबसे अच्छे पल बिता रहे थे तब द अनियन ने उसकी रिपोर्ट की	ˈəl ɡˈoːɾ ˈɔːɾ d͡ʒˈənɾəl ʈˈɔːmiː pʰɾˈɛː̃ŋks nˈeː pʰəʈˈaːpʰəʈ bˈoːlkəɾ ˈəpniː pəsˈə̃n̪d̪iːd̪aː sˈʊɾkʰɪjoː̃ kˈoː t͡ʃˈʊɾaː lˈɪjaː ɡˈoːɾ nˈeː bət̪ˈaːjaː kˈɪ d͡ʒˈəb d̪ˈoː ɦəzˈaːɾ kˈeː ɪlˈeːkʈoːɾəl kɔːlˈeːd͡ʒ kˈiː ɦˈaːɾ kˈeː bˈaːd̪ ʋˈəɦ ʈˈɪpːəɾ kˈeː sˈaːt̪ʰ ˈəpniː zˈɪ̃n̪d̪əɡiː kˈeː sˈəbseː ˈət͡ʃʰːeː pˈəl bˈɪt̪aː ɾˈəɦeː t̪ʰˈeː t̪ˈəb d̪ˈə ˈənɪjən nˈeː ˈʊskiː ɾɪpˈoːɾʈ kˈiː
इंटरैक्टिव मीडिया बनाने के लिए औपचारिक और पारंपरिक कौशल की आवश्यकता होती है साथ ही साथ इंटरैक्टिव कक्षाओं में महारत हासिल किये गये उपकरण स्टोरीबोर्डिंग ऑडियो और वीडियो एडिटिंग स्टोरी टेलिंग आदि	ɪ̃ɳʈəɾˈɛːkʈɪʋ mˈiːɖɪjaː bənˈaːneː kˈeː lˈɪʲeː ˈɔːpt͡ʃaːɾɪk ˈɔːɾ paːɾˈə̃mpəɾɪk kˈɔːʃəl kˈiː aːʋəʃjˈəkt̪aː ɦˈoːt̪iː ɦˈɛː sˈaːt̪ʰ ɦˈiː sˈaːt̪ʰ ɪ̃ɳʈəɾˈɛːkʈɪʋ kəkʃˈaːoː̃ mˈeː̃ məɦˈaːɾət̪ ɦˈaːsɪl kˈɪjeː ɡˈəjeː ʊpˈəkɾəɳ sʈoːɾiːboːɾɖˈɪ̃ŋɡ ˈɔːɖɪjoː ˈɔːɾ ʋˈiːɖɪjoː eːɖɪʈˈɪ̃ŋɡ sʈˈoːɾiː ʈeːlˈɪ̃ŋɡ ˈaːd̪ɪ
फिर चक्कर खाते दरवेश मंच पर आए	pʰˈɪɾ t͡ʃˈəkːəɾ kʰˈaːt̪eː d̪əɾʋˈeːʃ mˈə̃ɲt͡ʃ pˈəɾ ˈaːeː
1884 में टेस्ला न्यूयॉर्क शहर में एडिसन कंपनी के साथ नौकरी स्वीकार करने के लिए यूनाइटेड स्टेट्स ऑफ़ अमेरिका चले गए	ˈeːk ɦəzˈaːɾ ˈaːʈʰ sˈɔː t͡ʃɔːɾˈaːsiː mˈeː̃ ʈˈeːslaː njuːjˈɔːɾk ʃˈɛɦɛɾ mˈeː̃ ˈeːɖɪsən kˈə̃mpəniː kˈeː sˈaːt̪ʰ nˈɔːkɾiː sʋiːkˈaːɾ kˈəɾneː kˈeː lˈɪʲeː juːnaːɪʈˈeːɖ sʈˈeːʈs ˈɔːf əmˈeːɾɪkaː t͡ʃˈəleː ɡˈəeː
हालाँकि ऊपर सूचीबद्ध लगभग सभी कैसिनो पेय देते हैं और उनमें से कई नाम-ब्रांड मनोरंजन मुख्य रूप से बड़े अल्बुकर्क और सांता फ़े के आसपास के बड़े वाले लेकर आते हैं।	ɦaːlˈaː̃kɪ ˈuːpəɾ suːt͡ʃˈiːbəd̪ʱː lˈəɡbʱəɡ sˈəbʱiː kˈɛːsɪnoː pˈeːj d̪ˈeːt̪eː ɦˈɛː̃ ˈɔːɾ ˈʊnmeː̃ sˈeː kˈəiː nˈaːm bɾˈaː̃ɳɖ mənoːɾˈə̃ɲd͡ʒən mˈʊkʰj ɾˈuːp sˈeː bˈəɽeː əlbʊkˈəɾk ˈɔːɾ sˈaː̃n̪t̪aː fˈeː kˈeː aːspˈaːs kˈeː bˈəɽeː ʋˈaːleː lˈeːkəɾ ˈaːt̪eː ɦˈɛː̃ .
पूर्व में नाइज़ीरिया ने समिट से पहले सप्ताह में afcfta में शामिल होने की योजना की घोषणा की थी	pˈuːɾʋ mˈeː̃ naːɪzˈiːɾɪjaː nˈeː sˈəmɪʈ sˈeː pˈəɦleː səpt̪ˈaːɦ mˈeː̃ ˈæftɑː mˈeː̃ ʃˈaːmɪl ɦˈoːneː kˈiː jˈoːd͡ʒnaː kˈiː ɡʱˈoːʃɳaː kˈiː t̪ʰˈiː
शूटिंग में मरने वाले चार लोगों में से एक 30 वर्षीय पति था जिसका जन्म बफ़ेलो में हुआ था लेकिन उसकी बीवी बच गयी	ʃuːʈˈɪ̃ŋɡ mˈeː̃ mˈəɾneː ʋˈaːleː t͡ʃˈaːɾ lˈoːɡoː̃ mˈeː̃ sˈeː ˈeːk t̪ˈiːs ʋəɾʃˈiːj pˈət̪ɪ t̪ʰˈaː d͡ʒˈɪskaː d͡ʒˈənm bəfˈeːloː mˈeː̃ ɦˈʊaː t̪ʰˈaː lˈeːkɪn ˈʊskiː bˈiːʋiː bˈət͡ʃ ɡˈəjiː
आप मिश्रित धातुएं भी ले सकते हैं जिनमें कार्बन जैसे नॉन-मैटेलिक एलिमेंट्स की छोटी मात्रा शामिल हो	ˈaːp mˈɪʃɾɪt̪ d̪ʱˈaːt̪ʊeː̃ bʱˈiː lˈeː sˈəkt̪eː ɦˈɛː̃ d͡ʒˈɪnmeː̃ kˈaːɾbən d͡ʒˈɛːseː nˈɔːn mɛːʈˈeːlɪk eːlɪmˈeː̃ɳʈs kˈiː t͡ʃʰˈoːʈiː mˈaːt̪ɾaː ʃˈaːmɪl ɦˈoː
मास्सा कम से कम बाकी के 2009 सीज़न के लिए बाहर हो सकते हैं	mˈaːsːaː kˈəm sˈeː kˈəm bˈaːkiː kˈeː d̪ˈoː ɦəzˈaːɾ nˈɔː sˈiːzən kˈeː lˈɪʲeː bˈaːɦəɾ ɦˈoː sˈəkt̪eː ɦˈɛː̃
पूर्वानुमान कहते हैं कि यह तूफ़ान केप वर्डे द्वीपों के पश्चिम में लगभग 645 मील 1040 किमी की दूरी पर स्थित है जिसके किसी भी भूमि क्षेत्रों में नुकसान करने से पहले समाप्त होने की संभावना है	puːɾʋaːnʊmˈaːn kˈəɦt̪eː ɦˈɛː̃ kˈɪ jˈəɦ t̪uːfˈaːn kˈeːp ʋˈəɾɖeː d̪ʋˈiːpoː̃ kˈeː pˈəʃt͡ʃɪm mˈeː̃ lˈəɡbʱəɡ t͡ʃʰˈəɦ sˈɔː pɛː̃n̪t̪aːlˈiːs mˈiːl ˈeːk ɦəzˈaːɾ t͡ʃaːlˈiːs kɪloːmˈiːʈəɾ kˈiː d̪ˈuːɾiː pˈəɾ st̪ʰˈɪt̪ ɦˈɛː d͡ʒˈɪskeː kˈɪsiː bʱˈiː bʱˈuːmɪ kʃˈeːt̪ɾoː̃ mˈeː̃ nʊksˈaːn kˈəɾneː sˈeː pˈəɦleː səmˈaːpt̪ ɦˈoːneː kˈiː sə̃mbʱˈaːʋnaː ɦˈɛː
बर्लिन में पुलिस ने 6,500 प्रदर्शनकारियों का अनुमान लगाया	bˈəɾlɪn mˈeː̃ pˈʊlɪs nˈeː t͡ʃʰˈəɦ ɦəzˈaːɾ pˈaː̃t͡ʃ sˈɔː pɾəd̪əɾʃənkˈaːɾɪjoː̃ kˈaː ənʊmˈaːn ləɡˈaːjaː
श्नाइडर ने अपनी मातृभूमि में एक usaf बेस से वीडियो लिंक के माध्यम से गवाही दी	ʃnˈaːɪɖəɾ nˈeː ˈəpniː mˈaːt̪ɾɪbʱuːmɪ mˈeː̃ ˈeːk jˈuːsɑːf bˈeːs sˈeː ʋˈiːɖɪjoː lˈɪ̃ŋk kˈeː mˈaːd̪ʱjəm sˈeː ɡəʋˈaːɦiː d̪ˈiː
डॉ. टोनी मोल ने दक्षिण अफ्रीकी क्षेत्र क्वाज़ुलु-नताल में अत्यंत दवा-रोधी क्षय रोग एक्सडीआर-टीबी की खोज की।	ɖˈɔːkʈəɾ ʈˈoːniː mˈoːl nˈeː d̪ˈəkʃɪɳ əpʰɾˈiːkiː kʃˈeːt̪ɾ kʋˈaːzʊlʊ nət̪ˈaːl mˈeː̃ ət̪jˈə̃n̪t̪ d̪ˈəʋaː ɾˈoːd̪ʱiː kʃˈɛj ɾˈoːɡ eːksəɖiːˈaːɾ ʈˈiːbiː kˈiː kʰˈoːd͡ʒ kˈiː .
हां सार्वजनिक परिवहन और अन्य कार्यालयों में भी स्पेनिश व्यापक रूप से इस्तेमाल की जाती है	ɦˈaː̃ sˈaːɾʋəd͡ʒnɪk pəɾˈɪʋɦən ˈɔːɾ ˈənj kaːɾjˈaːljoː̃ mˈeː̃ bʱˈiː spˈeːnɪʃ ʋjˈaːpək ɾˈuːp sˈeː ɪst̪eːmˈaːl kˈiː d͡ʒˈaːt̪iː ɦˈɛː
कई अनोखे जानवरों को खोजना मुश्किल है और कभी-कभी पार्कों में पैसे कमाने के मकसद से फ़ोटो लेने के मामले में नियम लागू हो सकते हैं	kˈəiː ənˈoːkʰeː d͡ʒaːnˈəʋɾoː̃ kˈoː kʰˈoːd͡ʒnaː mˈʊʃkɪl ɦˈɛː ˈɔːɾ kˈəbʱiː kˈəbʱiː pˈaːɾkoː̃ mˈeː̃ pˈɛːseː kəmˈaːneː kˈeː mˈəksəd̪ sˈeː fˈoːʈoː lˈeːneː kˈeː mˈaːmleː mˈeː̃ nˈɪjəm lˈaːɡuː ɦˈoː sˈəkt̪eː ɦˈɛː̃
इतना कहने के बाद सांस में तकलीफ होने की उम्मीद रखें और खड़े भागों में ध्यान रखें विशेषकर जब गीले हों क्योंकि यह जल्दी ही खतरनाक हो सकता है	ˈɪt̪naː kˈəɦneː kˈeː bˈaːd̪ sˈaː̃s mˈeː̃ t̪əklˈiːpʰ ɦˈoːneː kˈiː ʊmːˈiːd̪ ɾˈəkʰeː̃ ˈɔːɾ kʰˈəɽeː bʱˈaːɡoː̃ mˈeː̃ d̪ʱjˈaːn ɾˈəkʰeː̃ ʋɪʃˈeːʃkəɾ d͡ʒˈəb ɡˈiːleː ɦˈoː̃ kjˈoː̃ŋkɪ jˈəɦ d͡ʒˈəld̪iː ɦˈiː kʰət̪əɾnˈaːk ɦˈoː sˈəkt̪aː ɦˈɛː
प्रेज़ेंटर जिसे मौका-ए-वारदात से गिरफ़्तार किया गया था ने हमले से इनकार किया और दावा किया कि उसने पोल का इस्तेमाल खुद को लगभग तीस लोगों द्वारा फेंके जाने वाली बोतलों से बचाने के लिए किया	pɾeːzˈeː̃ɳʈəɾ d͡ʒˈɪseː mˈɔːkaː ˈeː ʋaːɾd̪ˈaːt̪ sˈeː ɡɪɾəft̪ˈaːɾ kˈɪjaː ɡˈəjaː t̪ʰˈaː nˈeː ɦˈəmleː sˈeː ɪnkˈaːɾ kˈɪjaː ˈɔːɾ d̪ˈaːʋaː kˈɪjaː kˈɪ ˈʊsneː pˈoːl kˈaː ɪst̪eːmˈaːl kʰˈʊd̪ kˈoː lˈəɡbʱəɡ t̪ˈiːs lˈoːɡoː̃ d̪ʋˈaːɾaː pʰˈeː̃ŋkeː d͡ʒˈaːneː ʋˈaːliː bˈoːt̪loː̃ sˈeː bət͡ʃˈaːneː kˈeː lˈɪʲeː kˈɪjaː
छोटे बच्चों वाले परिवार को ज़्यादा तैयारी की ज़रूरत होगी लेकिन छोटे बच्चों और प्री-स्कूल बच्चों के साथ भी एक दिन बाहर की सैर आराम से संभव होगी	t͡ʃʰˈoːʈeː bˈət͡ʃːoː̃ ʋˈaːleː pəɾɪʋˈaːɾ kˈoː zjˈaːd̪aː t̪ɛːjˈaːɾiː kˈiː zəɾˈuːɾət̪ ɦˈoːɡiː lˈeːkɪn t͡ʃʰˈoːʈeː bˈət͡ʃːoː̃ ˈɔːɾ pɾˈiː skˈuːl bˈət͡ʃːoː̃ kˈeː sˈaːt̪ʰ bʱˈiː ˈeːk d̪ˈɪn bˈaːɦəɾ kˈiː sˈɛːɾ aːɾˈaːm sˈeː sˈə̃mbʱəʋ ɦˈoːɡiː
इनमें वित्तीय प्रतिबंध और कच्चे तेल के निर्यात पर यूरोपीय संघ द्वारा प्रतिबंध शामिल है जिससे ईरानी अर्थव्यवस्था को उनकी विदेशी आय का 80% प्राप्त होता है	ˈɪnmeː̃ ʋɪt̪ːˈiːj pɾət̪ɪbˈə̃n̪d̪ʱ ˈɔːɾ kˈət͡ʃːeː t̪ˈeːl kˈeː nɪɾjˈaːt̪ pˈəɾ juːɾoːpˈiːj sˈə̃ŋɡʱ d̪ʋˈaːɾaː pɾət̪ɪbˈə̃n̪d̪ʱ ʃˈaːmɪl ɦˈɛː d͡ʒˈɪsseː iːɾˈaːniː əɾt̪ʰəʋjəʋˈəst̪ʰaː kˈoː ˈʊnkiː ʋɪd̪ˈeːʃiː ˈaːj kˈaː ˈəsːiː pɾˈət̪ɪʃət̪ pɾˈaːpt̪ ɦˈoːt̪aː ɦˈɛː
जो आउटडोर एक्टिविटीज़ पसंद करते हैं उनके लिए टू स्काय कोरिडोर में ट्रैकअप अनिवार्य है	d͡ʒˈoː aːʊʈɖˈoːɾ eːkʈɪʋɪʈˈiːz pəsˈə̃n̪d̪ kˈəɾt̪eː ɦˈɛː̃ ˈʊnkeː lˈɪʲeː ʈˈuː skˈaːj koːɾɪɖˈoːɾ mˈeː̃ ʈɾˈɛːkəəp ənɪʋˈaːɾj ɦˈɛː
इतिहासकारों ने उन मामलों पर संसाधनों को केंद्रित करने के लिए एफबीआई की पिछली नीतियों की आलोचना की है जो एजेंसी की सफलता की दर को बढ़ाने के इरादे से हल करना आसान है,विशेष रूप से कार चोरी के मामलेा।	ɪt̪ɪɦˈaːskaːɾoː̃ nˈeː ˈʊn mˈaːmloː̃ pˈəɾ sə̃sˈaːd̪ʱnoː̃ kˈoː kˈeː̃n̪d̪ɾɪt̪ kˈəɾneː kˈeː lˈɪʲeː ˈeːpʰbiːaːiː kˈiː pˈɪt͡ʃʰliː nˈiːt̪ɪjoː̃ kˈiː aːlˈoːt͡ʃnaː kˈiː ɦˈɛː d͡ʒˈoː eːd͡ʒˈeː̃siː kˈiː səpʰˈəlt̪aː kˈiː d̪ˈəɾ kˈoː bəɽʱˈaːneː kˈeː ɪɾˈaːd̪eː sˈeː ɦˈəl kˈəɾnaː aːsˈaːn ɦˈɛː , ʋɪʃˈeːʃ ɾˈuːp sˈeː kˈaːɾ t͡ʃˈoːɾiː kˈeː mˈaːmleː .
उन लोगों के लिए जो आराम समय और शून्य के करीब खर्चों को कम करने की संभावना को त्यागने के इच्छुक हैं वे न्यूनतम बजट यात्रा देखें	ˈʊn lˈoːɡoː̃ kˈeː lˈɪʲeː d͡ʒˈoː aːɾˈaːm sˈəmɛj ˈɔːɾ ʃˈuːnj kˈeː kəɾˈiːb kʰˈəɾt͡ʃoː̃ kˈoː kˈəm kˈəɾneː kˈiː sə̃mbʱˈaːʋnaː kˈoː t̪jˈaːɡneː kˈeː ˈɪt͡ʃʰːʊk ɦˈɛː̃ ʋˈeː njˈuːnt̪əm bˈəd͡ʒəʈ jˈaːt̪ɾaː d̪ˈeːkʰeː̃
मूल रूप से वे दो श्रेणियों में आते हैं या तो यात्रा करते समय काम या अपने खर्चो को सिमित करने की कोशिश यह लेख बाद पर आधारित है	mˈuːl ɾˈuːp sˈeː ʋˈeː d̪ˈoː ʃɾˈeːɳɪjoː̃ mˈeː̃ ˈaːt̪eː ɦˈɛː̃ jˈaː t̪ˈoː jˈaːt̪ɾaː kˈəɾt̪eː sˈəmɛj kˈaːm jˈaː ˈəpneː kʰˈəɾt͡ʃoː kˈoː sˈɪmɪt̪ kˈəɾneː kˈiː kˈoːʃɪʃ jˈəɦ lˈeːkʰ bˈaːd̪ pˈəɾ aːd̪ʱˈaːɾɪt̪ ɦˈɛː
बेबीलोन के निवासियों ने अपने प्रत्येक देवता का एक प्राथमिक मंदिर बनाया जिसे देवता का घर माना जाता था	beːbiːlˈoːn kˈeː nɪʋˈaːsɪjoː̃ nˈeː ˈəpneː pɾət̪jˈeːk d̪ˈeːʋt̪aː kˈaː ˈeːk pɾˈaːt̪ʰmɪk mˈə̃n̪d̪ɪɾ bənˈaːjaː d͡ʒˈɪseː d̪ˈeːʋt̪aː kˈaː ɡʱˈəɾ mˈaːnaː d͡ʒˈaːt̪aː t̪ʰˈaː
वाल्व छिद्र से प्रणाली का दबाव कम हुआ और तेल एक पैड से एक टैंक में गया जिसमें 55,000 बैरल 23 लाख गैलन आ सकता है।	ʋˈaːlʋ t͡ʃʰˈɪd̪ɾ sˈeː pɾəɳˈaːliː kˈaː d̪əbˈaːʋ kˈəm ɦˈʊaː ˈɔːɾ t̪ˈeːl ˈeːk pˈɛːɖ sˈeː ˈeːk ʈˈɛː̃ŋk mˈeː̃ ɡˈəjaː d͡ʒˈɪsmeː̃ pˈət͡ʃpən ɦəzˈaːɾ bˈɛːɾəl t̪eːˈiːs lˈaːkʰ ɡˈɛːlən ˈaː sˈəkt̪aː ɦˈɛː .
यह शहर झरने के बगल में स्थित है और वे प्रमुख आकर्षण हैं लेकिन यह लोकप्रिय पर्यटन स्थल जोखिम पसंद करने वालों और सैर-सपाटा करनेवाले दोनों को लंबे समय तक ठहरने के ढेरों अवसर प्रदान करता है	jˈəɦ ʃˈɛɦɛɾ d͡ʒʱˈəɾneː kˈeː bˈəɡəl mˈeː̃ st̪ʰˈɪt̪ ɦˈɛː ˈɔːɾ ʋˈeː pɾˈəmʊkʰ aːkˈəɾʃəɳ ɦˈɛː̃ lˈeːkɪn jˈəɦ loːkˈəpɾɪj pˈəɾjəʈən st̪ʰˈəl d͡ʒˈoːkʰɪm pəsˈə̃n̪d̪ kˈəɾneː ʋˈaːloː̃ ˈɔːɾ sˈɛːɾ səpˈaːʈaː kəɾneːʋˈaːleː d̪ˈoːnoː̃ kˈoː lˈə̃mbeː sˈəmɛj t̪ˈək ʈʰɛɦˈɛɾneː kˈeː ɖʱˈeːɾoː̃ ˈəʋsəɾ pɾəd̪ˈaːn kˈəɾt̪aː ɦˈɛː
हम इस प्रक्रिया को प्रजातिकरण कहते हैं जिसका अर्थ है नई प्रजातियों का गठन प्रजातिकरण एक अच्छा कदम है और विकास का एक बहुत महत्वपूर्ण हिस्सा है	ɦˈəm ˈɪs pɾˈəkɾɪjaː kˈoː pɾəd͡ʒaːt̪ˈɪkɾəɳ kˈəɦt̪eː ɦˈɛː̃ d͡ʒˈɪskaː ˈəɾt̪ʰ ɦˈɛː nˈəiː pɾəd͡ʒˈaːt̪ɪjoː̃ kˈaː ɡˈəʈʰən pɾəd͡ʒaːt̪ˈɪkɾəɳ ˈeːk ˈət͡ʃʰːaː kˈəd̪əm ɦˈɛː ˈɔːɾ ʋɪkˈaːs kˈaː ˈeːk bˈəɦʊt̪ mɛɦɛt̪ʋəpˈuːɾɳ ɦˈɪsːaː ɦˈɛː
यह अवधारणा चीन से आई थी जहां बेर के फूल पसंदीदा फूल होते थे	jˈəɦ əʋd̪ʱˈaːɾɳaː t͡ʃˈiːn sˈeː ˈaːiː t̪ʰˈiː d͡ʒˈəɦaː̃ bˈeːɾ kˈeː pʰˈuːl pəsˈə̃n̪d̪iːd̪aː pʰˈuːl ɦˈoːt̪eː t̪ʰˈeː
अगर आपके फ़ोन में डेटा कनेक्शन नहीं है या जब वह आउट ऑफ़ रेंज होता है तो उनका परफ़ॉर्मेंस सीमित या अनुपलब्ध हो सकता है	ˈəɡəɾ ˈaːpkeː fˈoːn mˈeː̃ ɖˈeːʈaː kənˈeːkʃən nˈəɦiː̃ ɦˈɛː jˈaː d͡ʒˈəb ʋˈəɦ ˈaːʊʈ ˈɔːf ɾˈeː̃ɲd͡ʒ ɦˈoːt̪aː ɦˈɛː t̪ˈoː ˈʊnkaː pəɾfɔːɾmˈeː̃s sˈiːmɪt̪ jˈaː ənʊplˈəbd̪ʱ ɦˈoː sˈəkt̪aː ɦˈɛː
अंतर्राष्ट्रीय खेलों और ओलंपिक स्पर्धाओं में प्रतिस्पर्धा करने वाले इटालियंस के साथ शीतकालीन खेल उत्तरी क्षेत्रों में सबसे लोकप्रिय हैं	ə̃n̪t̪əɾɾaːʃʈɾˈiːj kʰˈeːloː̃ ˈɔːɾ oːlˈə̃mpɪk spəɾd̪ʱˈaːoː̃ mˈeː̃ pɾət̪ɪspˈəɾd̪ʱaː kˈəɾneː ʋˈaːleː ɪʈaːlɪjˈə̃s kˈeː sˈaːt̪ʰ ʃiːt̪kaːlˈiːn kʰˈeːl ˈʊt̪ːəɾiː kʃˈeːt̪ɾoː̃ mˈeː̃ sˈəbseː loːkˈəpɾɪj ɦˈɛː̃
आंखों की कई विभिन्न रचनाएं हैं जो जीव की ज़रूरतों के आधार पर जटिलता में हैं	ˈaː̃ŋkʰoː̃ kˈiː kˈəiː ʋˈɪbʱɪnː ɾət͡ʃnˈaːeː̃ ɦˈɛː̃ d͡ʒˈoː d͡ʒˈiːʋ kˈiː zəɾˈuːɾt̪oː̃ kˈeː aːd̪ʱˈaːɾ pˈəɾ d͡ʒəʈˈɪlt̪aː mˈeː̃ ɦˈɛː̃
एसीएमए ने यह भी पाया कि वीडियो इंटरनेट पर स्ट्रीम होने के बावजूद बिग ब्रदर ने ऑनलाइन कंटेंट सेंसरशिप कानूनों का उल्लंघन नहीं किया था क्योंकि मीडिया बिग ब्रदर की वेबसाइट पर स्टोर नहीं किया गया था	eːsiːˈeːməeː nˈeː jˈəɦ bʱˈiː pˈaːjaː kˈɪ ʋˈiːɖɪjoː ɪ̃ɳʈəɾnˈeːʈ pˈəɾ sʈɾˈiːm ɦˈoːneː kˈeː baːʋd͡ʒˈuːd̪ bˈɪɡ bɾˈəd̪əɾ nˈeː ˈɔːnlaːɪn kə̃ɳʈˈeː̃ɳʈ seː̃sˈəɾʃɪp kaːnˈuːnoː̃ kˈaː ʊlːˈə̃ŋɡʱən nˈəɦiː̃ kˈɪjaː t̪ʰˈaː kjˈoː̃ŋkɪ mˈiːɖɪjaː bˈɪɡ bɾˈəd̪əɾ kˈiː ʋˈeːbsaːɪʈ pˈəɾ sʈˈoːɾ nˈəɦiː̃ kˈɪjaː ɡˈəjaː t̪ʰˈaː
अपनी जेब में 4 सेंट्स कविता की एक पुस्तक और उनके थॉमस एडिसन को संबोधित सिफारिशी चिट्ठी पिछली नौकरी के मैनेजर द्वारा लिखी लेकर वे अमरीका पहुंचे	ˈəpniː d͡ʒˈeːb mˈeː̃ t͡ʃˈaːɾ sˈeː̃ɳʈs kˈəʋɪt̪aː kˈiː ˈeːk pˈʊst̪ək ˈɔːɾ ˈʊnkeː t̪ʰˈɔːməs ˈeːɖɪsən kˈoː sˈə̃mboːd̪ʱɪt̪ sɪpʰˈaːɾɪʃiː t͡ʃˈɪʈʈʰiː pˈɪt͡ʃʰliː nˈɔːkɾiː kˈeː mɛːnˈeːd͡ʒəɾ d̪ʋˈaːɾaː lˈɪkʰiː lˈeːkəɾ ʋˈeː əmɾˈiːkaː pəɦˈʊ̃ɲt͡ʃeː
अगर आप ज़्यादा उत्साही महसूस कर रहे हैं तो कूछ स्मूदी का जूस बनाने या ब्लेंड करने का अवसर उठाएं	ˈəɡəɾ ˈaːp zjˈaːd̪aː ʊt̪sˈaːɦiː məɦsˈuːs kˈəɾ ɾˈəɦeː ɦˈɛː̃ t̪ˈoː kˈuːt͡ʃʰ smˈuːd̪iː kˈaː d͡ʒˈuːs bənˈaːneː jˈaː blˈeː̃ɳɖ kˈəɾneː kˈaː ˈəʋsəɾ ʊʈʰˈaːeː̃
कोमेन संस्था की प्रवक्ता लेज़ली उन ने बताया कि संस्था के नए नियम के अनुसार ऐसी संस्थाओं को मदद या पैसे नहीं दिए जाएंगे जिन पर कानूनी जांच चल रही है	koːmˈeːn sˈə̃st̪ʰaː kˈiː pɾəʋˈəkt̪aː lˈeːzliː ˈʊn nˈeː bət̪ˈaːjaː kˈɪ sˈə̃st̪ʰaː kˈeː nˈəeː nˈɪjəm kˈeː ənʊsˈaːɾ ˈɛːsiː sˈə̃st̪ʰaːoː̃ kˈoː mˈəd̪əd̪ jˈaː pˈɛːseː nˈəɦiː̃ d̪ˈɪʲeː d͡ʒaːˈeː̃ŋɡeː d͡ʒˈɪn pˈəɾ kaːnˈuːniː d͡ʒˈaː̃ɲt͡ʃ t͡ʃˈəl ɾˈəɦiː ɦˈɛː
हालांकि स्टार एलायंस में पूर्वी दक्षिण प्रशांत को छोड़कर सैंटियागो डे चिली से ताहिती तक सब कुछ शामिल है जो latam oneworld फ्लाइट है	ɦaːlˈaː̃ŋkɪ sʈˈaːɾ eːlaːjˈə̃s mˈeː̃ pˈuːɾʋiː d̪ˈəkʃɪɳ pɾəʃˈaː̃n̪t̪ kˈoː t͡ʃʰˈoːɽkəɾ sˈɛː̃ɳʈɪjaːɡoː ɖˈeː t͡ʃˈɪliː sˈeː t̪ˈaːɦɪt̪iː t̪ˈək sˈəb kˈʊt͡ʃʰ ʃˈaːmɪl ɦˈɛː d͡ʒˈoː lˈeᶦt̬əm wˈʌnwɝɫd pʰlˈaːɪʈ ɦˈɛː
स्पेस में सैटेलाइट या दूरबीन रखने के लिए 100 फ़ीट से ज़्यादा ऊंचे बड़े रॉकेट की ज़रूरत होती है	spˈeːs mˈeː̃ sɛːʈeːlˈaːɪʈ jˈaː d̪uːɾbˈiːn ɾˈəkʰneː kˈeː lˈɪʲeː ˈeːk sˈɔː fˈiːʈ sˈeː zjˈaːd̪aː ˈuː̃ɲt͡ʃeː bˈəɽeː ɾɔːkˈeːʈ kˈiː zəɾˈuːɾət̪ ɦˈoːt̪iː ɦˈɛː
ग्रिडली या स्टार्क ने बाड़ के आगे 100 फ़ीट 30 मीटर तक एक खूंटा लगा रखा था और ऑर्डर दिया था कि सैनिकों के निकल जाने तक कोई भी गोली नहीं चलाएगा	ɡɾˈɪɖliː jˈaː sʈˈaːɾk nˈeː bˈaːɽ kˈeː ˈaːɡeː ˈeːk sˈɔː fˈiːʈ t̪ˈiːs mˈiːʈəɾ t̪ˈək ˈeːk kʰˈuː̃ɳʈaː lˈəɡaː ɾˈəkʰaː t̪ʰˈaː ˈɔːɾ ˈɔːɾɖəɾ d̪ˈɪjaː t̪ʰˈaː kˈɪ sˈɛːnɪkoː̃ kˈeː nˈɪkəl d͡ʒˈaːneː t̪ˈək kˈoːiː bʱˈiː ɡˈoːliː nˈəɦiː̃ t͡ʃəlaːˈeːɡaː
पूर्वानुमान कहते हैं कि यह तूफ़ान केप वर्डे द्वीपों के पश्चिम में लगभग 645 मील 1040 किमी की दूरी पर स्थित है जिसके किसी भी भूमि क्षेत्रों में नुकसान करने से पहले समाप्त होने की संभावना है	puːɾʋaːnʊmˈaːn kˈəɦt̪eː ɦˈɛː̃ kˈɪ jˈəɦ t̪uːfˈaːn kˈeːp ʋˈəɾɖeː d̪ʋˈiːpoː̃ kˈeː pˈəʃt͡ʃɪm mˈeː̃ lˈəɡbʱəɡ t͡ʃʰˈəɦ sˈɔː pɛː̃n̪t̪aːlˈiːs mˈiːl ˈeːk ɦəzˈaːɾ t͡ʃaːlˈiːs kɪloːmˈiːʈəɾ kˈiː d̪ˈuːɾiː pˈəɾ st̪ʰˈɪt̪ ɦˈɛː d͡ʒˈɪskeː kˈɪsiː bʱˈiː bʱˈuːmɪ kʃˈeːt̪ɾoː̃ mˈeː̃ nʊksˈaːn kˈəɾneː sˈeː pˈəɦleː səmˈaːpt̪ ɦˈoːneː kˈiː sə̃mbʱˈaːʋnaː ɦˈɛː
उनके काम के लिए उन्हें सोवियत संघ का सर्वोच्च सम्मान हीरो ऑफ द सोवियत यूनियन दिया गया	ˈʊnkeː kˈaːm kˈeː lˈɪʲeː ˈʊnɦeː̃ sˈoːʋɪjət̪ sˈə̃ŋɡʱ kˈaː səɾʋˈoːt͡ʃː səmːˈaːn ɦˈiːɾoː ˈɔːpʰ d̪ˈə sˈoːʋɪjət̪ jˈuːnɪjən d̪ˈɪjaː ɡˈəjaː
अगर आप कुछ सामान्य शिष्टाचार दिखाते हैं तो पेरिस से बाहर के लोग तेजी से गायब हो जाएंगे	ˈəɡəɾ ˈaːp kˈʊt͡ʃʰ saːmˈaːnj ʃɪʃʈaːt͡ʃˈaːɾ d̪ɪkʰˈaːt̪eː ɦˈɛː̃ t̪ˈoː pˈeːɾɪs sˈeː bˈaːɦəɾ kˈeː lˈoːɡ t̪ˈeːd͡ʒiː sˈeː ɡˈaːjəb ɦˈoː d͡ʒaːˈeː̃ŋɡeː
एक दंपति की पहली वर्षगांठ मनाने के लिए कम से कम 100 लोग पार्टी में शामिल हुए थे जिनकी शादी पिछले साल हुई थी	ˈeːk d̪ˈə̃mpət̪ɪ kˈiː pˈəɦliː ʋəɾʃəɡˈaː̃ɳʈʰ mənˈaːneː kˈeː lˈɪʲeː kˈəm sˈeː kˈəm ˈeːk sˈɔː lˈoːɡ pˈaːɾʈiː mˈeː̃ ʃˈaːmɪl ɦˈʊeː t̪ʰˈeː d͡ʒˈɪnkiː ʃˈaːd̪iː pˈɪt͡ʃʰleː sˈaːl ɦˈʊiː t̪ʰˈiː
कुल 17,000 द्वीपों में से इंडोनेशियाई भोजन एक व्यापक शब्द है जो देश भर में पाए जाने वाले विभिन्न प्रकार के क्षेत्रीय व्यंजनों को अपने भीतर समाहित करता है	kˈʊl sˈət̪ɾəɦ ɦəzˈaːɾ d̪ʋˈiːpoː̃ mˈeː̃ sˈeː ˈɪ̃ɳɖoːneːʃɪjaːiː bʱˈoːd͡ʒən ˈeːk ʋjˈaːpək ʃˈəbd̪ ɦˈɛː d͡ʒˈoː d̪ˈeːʃ bʱˈəɾ mˈeː̃ pˈaːeː d͡ʒˈaːneː ʋˈaːleː ʋˈɪbʱɪnː pɾəkˈaːɾ kˈeː kʃeːt̪ɾˈiːj ʋjˈə̃ɲd͡ʒənoː̃ kˈoː ˈəpneː bʱˈiːt̪əɾ səmˈaːɦɪt̪ kˈəɾt̪aː ɦˈɛː
छानबीन के लिए एक जांच गठित की गई थी	t͡ʃʰaːnbˈiːn kˈeː lˈɪʲeː ˈeːk d͡ʒˈaː̃ɲt͡ʃ ɡˈəʈʰɪt̪ kˈiː ɡˈəiː t̪ʰˈiː
ब्लैक ब्यूटी के छोटे आकार की वजह से न्यूज़ीलैंड की पुलिस को स्पीड रडार गन का इस्तेमाल करके श्री रीड की रफ़्तार पता लगाने में कठिनाई हो रही थी. पुलिस उनकी रफ़्तार सिर्फ़ तभी माप सकी जब वे रफ़्तार कम करके 160 किलोमीटर/घंटा पर आ गए थे	blˈɛːk bjˈuːʈiː kˈeː t͡ʃʰˈoːʈeː aːkˈaːɾ kˈiː ʋˈəd͡ʒəɦ sˈeː njuːziːlˈɛː̃ɳɖ kˈiː pˈʊlɪs kˈoː spˈiːɖ ɾəɖˈaːɾ ɡˈən kˈaː ɪst̪eːmˈaːl kˈəɾkeː ʃɾˈiː ɾˈiːɖ kˈiː ɾəft̪ˈaːɾ pˈət̪aː ləɡˈaːneː mˈeː̃ kəʈʰɪnˈaːiː ɦˈoː ɾˈəɦiː t̪ʰˈiː . pˈʊlɪs ˈʊnkiː ɾəft̪ˈaːɾ sˈɪɾf t̪ˈəbʱiː mˈaːp sˈəkiː d͡ʒˈəb ʋˈeː ɾəft̪ˈaːɾ kˈəm kˈəɾkeː ˈeːk sˈɔː sˈaːʈʰ kɪloːmˈiːʈəɾ ɡʱˈə̃ɳʈaː pˈəɾ ˈaː ɡˈəeː t̪ʰˈeː
यह उतना ही थका देने वाला है जितना कि आप हर बीस या तीस मिनट में नींद से जागते हैं और टीवी देखते हैं	jˈəɦ ˈʊt̪naː ɦˈiː t̪ʰˈəkaː d̪ˈeːneː ʋˈaːlaː ɦˈɛː d͡ʒˈɪt̪naː kˈɪ ˈaːp ɦˈəɾ bˈiːs jˈaː t̪ˈiːs mˈɪnəʈ mˈeː̃ nˈiː̃n̪d̪ sˈeː d͡ʒˈaːɡt̪eː ɦˈɛː̃ ˈɔːɾ ʈˈiːʋiː d̪ˈeːkʰt̪eː ɦˈɛː̃
अंतिम संस्कार में शामिल होने के लिए चार मिलियन से ज़्यादा लोग रोम गए	ˈə̃n̪t̪ɪm sə̃skˈaːɾ mˈeː̃ ʃˈaːmɪl ɦˈoːneː kˈeː lˈɪʲeː t͡ʃˈaːɾ mˈɪlɪjən sˈeː zjˈaːd̪aː lˈoːɡ ɾˈoːm ɡˈəeː
अगर आप किसी औपचारिक रूप से व्यवस्थित बगीचे में जाते हैं तो वहां से नमूने इकट्ठे करने पर भी आपको बिना किसी चर्चा के बाहर निकाल दिया जाता है	ˈəɡəɾ ˈaːp kˈɪsiː ˈɔːpt͡ʃaːɾɪk ɾˈuːp sˈeː ʋjəʋˈəst̪ʰɪt̪ bəɡˈiːt͡ʃeː mˈeː̃ d͡ʒˈaːt̪eː ɦˈɛː̃ t̪ˈoː ʋˈəɦaː̃ sˈeː nəmˈuːneː ɪkˈəʈʈʰeː kˈəɾneː pˈəɾ bʱˈiː ˈaːpkoː bˈɪnaː kˈɪsiː t͡ʃˈəɾt͡ʃaː kˈeː bˈaːɦəɾ nɪkˈaːl d̪ˈɪjaː d͡ʒˈaːt̪aː ɦˈɛː
हर्शे और चेस के परीक्षण का एक प्रमुख सुझाव था कि dna एक जेनेटिक मटेरियल था	ɦˈəɾʃeː ˈɔːɾ t͡ʃˈeːs kˈeː pəɾˈiːkʃəɳ kˈaː ˈeːk pɾˈəmʊkʰ sʊd͡ʒʱˈaːʋ t̪ʰˈaː kˈɪ dˈiːʲɛnˈeᶦ ˈeːk d͡ʒeːnˈeːʈɪk məʈˈeːɾɪjəl t̪ʰˈaː
कुक आइलैंड्स दक्षिण प्रशांत महासागर के बीच में पोलिनेशिया में स्थित एक द्वीप देश है,जिसका नूजीलैंड के साथ खुला सहयोग है ।	kˈʊk aːɪlˈɛː̃ɳɖs d̪ˈəkʃɪɳ pɾəʃˈaː̃n̪t̪ məɦaːsˈaːɡəɾ kˈeː bˈiːt͡ʃ mˈeː̃ poːlɪnˈeːʃɪjaː mˈeː̃ st̪ʰˈɪt̪ ˈeːk d̪ʋˈiːp d̪ˈeːʃ ɦˈɛː , d͡ʒˈɪskaː nuːd͡ʒiːlˈɛː̃ɳɖ kˈeː sˈaːt̪ʰ kʰˈʊlaː səɦjˈoːɡ ɦˈɛː .
यदि आप दक्षिणी अमरीका के दक्षिणी प्रशांत और पश्चिमी तट को छोड़ना चाहें तो यह उड़ान एकमात्र विकल्प नहीं है. नीचे देखें	jˈəd̪ɪ ˈaːp d̪ˈəkʃɪɳiː əmɾˈiːkaː kˈeː d̪ˈəkʃɪɳiː pɾəʃˈaː̃n̪t̪ ˈɔːɾ pˈəʃt͡ʃɪmiː t̪ˈəʈ kˈoː t͡ʃʰˈoːɽnaː t͡ʃˈaːɦeː̃ t̪ˈoː jˈəɦ ʊɽˈaːn eːkmˈaːt̪ɾ ʋɪkˈəlp nˈəɦiː̃ ɦˈɛː . nˈiːt͡ʃeː d̪ˈeːkʰeː̃
अतुल्यकालिक संचार प्रतिबिंब और दूसरों की प्रतिक्रिया के लिए समय को बढ़ावा देता है	ət̪ʊljəkˈaːlɪk sə̃ɲt͡ʃˈaːɾ pɾət̪ɪbˈɪ̃mb ˈɔːɾ d̪ˈuːsɾoː̃ kˈiː pɾət̪ˈɪkɾɪjaː kˈeː lˈɪʲeː sˈəmɛj kˈoː bəɽʱˈaːʋaː d̪ˈeːt̪aː ɦˈɛː
स्टार्क के आदमियों ने उपनिवेशवादियों की स्थिति के उत्तरी छोर पर बाड़ के साथ-साथ अपनाी मोर्चा संभाला	sʈˈaːɾk kˈeː ˈaːd̪mɪjoː̃ nˈeː ʊpnɪʋˈeːʃʋaːd̪ɪjoː̃ kˈiː st̪ʰˈɪt̪ɪ kˈeː ˈʊt̪ːəɾiː t͡ʃʰˈoːɾ pˈəɾ bˈaːɽ kˈeː sˈaːt̪ʰ sˈaːt̪ʰ ˈəpnaː mˈoːɾt͡ʃaː sˈə̃mbʱaːlaː
एक ब्रिटिश क्रूज़र को छोड़कर सभी जहाज़ डूब गए करीब 200 अमेरिकी और जर्मन लोगों की मौत हो गई	ˈeːk bɾˈɪʈɪʃ kɾˈuːzəɾ kˈoː t͡ʃʰˈoːɽkəɾ sˈəbʱiː d͡ʒəɦˈaːz ɖˈuːb ɡˈəeː kəɾˈiːb d̪ˈoː sˈɔː əmˈeːɾɪkiː ˈɔːɾ d͡ʒˈəɾmən lˈoːɡoː̃ kˈiː mˈɔːt̪ ɦˈoː ɡˈəiː
इस बर्ताव से कभी-कभी लीडर और बाकी टीम के बीच दरारें पैदा हो जाती हैं	ˈɪs bəɾt̪ˈaːʋ sˈeː kˈəbʱiː kˈəbʱiː lˈiːɖəɾ ˈɔːɾ bˈaːkiː ʈˈiːm kˈeː bˈiːt͡ʃ d̪əɾˈaːɾeː̃ pˈɛːd̪aː ɦˈoː d͡ʒˈaːt̪iː ɦˈɛː̃
नासा के शटल कार्यक्रम के प्रमुख एन वेन हेल जूनियर ने कहा कि जिस समय की हम चिंता कर रहे थे उसके बाद फोम गिरा था	nˈaːsaː kˈeː ʃˈəʈəl kˈaːɾjəkɾəm kˈeː pɾˈəmʊkʰ ˈeːn ʋˈeːn ɦˈeːl d͡ʒˈuːnɪjəɾ nˈeː kˈəɦaː kˈɪ d͡ʒˈɪs sˈəmɛj kˈiː ɦˈəm t͡ʃˈɪ̃n̪t̪aː kˈəɾ ɾˈəɦeː t̪ʰˈeː ˈʊskeː bˈaːd̪ pʰˈoːm ɡˈɪɾaː t̪ʰˈaː
क्योटो जलवायु समझौते पर हस्ताक्षर करने के श्री रुड के निर्णय ने संयुक्त राज्य अमेरिका को अलग कर दिया है जो अब एकमात्र विकसित राष्ट्र होगा जिसने समझौते की पुष्टि नहीं की है	kjˈoːʈoː d͡ʒəlʋˈaːjʊ səmd͡ʒʱˈɔːt̪eː pˈəɾ ɦəst̪ˈaːkʃəɾ kˈəɾneː kˈeː ʃɾˈiː ɾˈʊɖ kˈeː nˈɪɾɳɛj nˈeː sə̃jˈʊkt̪ ɾˈaːd͡ʒj əmˈeːɾɪkaː kˈoː ˈələɡ kˈəɾ d̪ˈɪjaː ɦˈɛː d͡ʒˈoː ˈəb eːkmˈaːt̪ɾ ʋˈɪksɪt̪ ɾˈaːʃʈɾ ɦˈoːɡaː d͡ʒˈɪsneː səmd͡ʒʱˈɔːt̪eː kˈiː pˈʊʃʈɪ nˈəɦiː̃ kˈiː ɦˈɛː
35 मिमी प्रारूप वास्तव में थोड़ा भ्रामक है जो ऊंचाई में 24 मिमी गुना 36 मिमी चौड़ाई में है	pɛː̃n̪t̪ˈiːs mɪliːmˈiːʈəɾ pɾaːɾˈuːp ʋˈaːst̪əʋ mˈeː̃ t̪ʰˈoːɽaː bʱɾˈaːmək ɦˈɛː d͡ʒˈoː ˈuː̃ɲt͡ʃaːiː mˈeː̃ t͡ʃɔːbˈiːs mɪliːmˈiːʈəɾ ɡˈʊnaː t͡ʃʰət̪ːˈiːs mɪliːmˈiːʈəɾ t͡ʃɔːɽˈaːiː mˈeː̃ ɦˈɛː
डिप्टी इंस्पेक्टर डी के आर्य ने कहा हमने स्विस महिला के साथ बलात्कार करने वाले पांच लोगों को गिरफ्तार किया है और उनसे उस महिला का मोबाइल और लैपटॉप बरामद किया है	ɖˈɪpʈiː ɪ̃spˈeːkʈəɾ ɖˈiː kˈeː ˈaːɾj nˈeː kˈəɦaː ɦˈəmneː sʋˈɪs mˈəɦɪlaː kˈeː sˈaːt̪ʰ bəlaːt̪kˈaːɾ kˈəɾneː ʋˈaːleː pˈaː̃ɲt͡ʃ lˈoːɡoː̃ kˈoː ɡɪɾəpʰt̪ˈaːɾ kˈɪjaː ɦˈɛː ˈɔːɾ ˈʊnseː ˈʊs mˈəɦɪlaː kˈaː moːbˈaːɪl ˈɔːɾ lɛːpʈˈɔːp bəɾˈaːməd̪ kˈɪjaː ɦˈɛː
लूनो में 120-160 क्यूबिक मीटर ईंधन सवार था जब यह टूट गया और तेज हवाओं और लहरों ने इसे बांध में धकेल दिया	lˈuːnoː mˈeː̃ ˈeːk sˈɔː bˈiːs ˈeːk sˈɔː sˈaːʈʰ kjˈuːbɪk mˈiːʈəɾ ˈiː̃n̪d̪ʱən səʋˈaːɾ t̪ʰˈaː d͡ʒˈəb jˈəɦ ʈˈuːʈ ɡˈəjaː ˈɔːɾ t̪ˈeːd͡ʒ ɦəʋˈaːoː̃ ˈɔːɾ lˈəɦɾoː̃ nˈeː ˈɪseː bˈaː̃n̪d̪ʱ mˈeː̃ d̪ʱəkˈeːl d̪ˈɪjaː
बादलों से भ्रम की संभावना पैदा हुई कि वाकई में विस्फोट हुआ था	bˈaːd̪loː̃ sˈeː bʱɾˈəm kˈiː sə̃mbʱˈaːʋnaː pˈɛːd̪aː ɦˈʊiː kˈɪ ʋˈaːkəiː mˈeː̃ ʋɪspʰˈoːʈ ɦˈʊaː t̪ʰˈaː
इन दस्तावेज़ों का सम्मान करने के लिए विदेशी सरकारों की इच्छा व्यापक रूप से परिवर्तशील जैसी ही है	ˈɪn d̪əst̪aːʋˈeːzoː̃ kˈaː səmːˈaːn kˈəɾneː kˈeː lˈɪʲeː ʋɪd̪ˈeːʃiː səɾkˈaːɾoː̃ kˈiː ˈɪt͡ʃʰːaː ʋjˈaːpək ɾˈuːp sˈeː pəɾɪʋəɾt̪əʃˈiːl d͡ʒˈɛːsiː ɦˈiː ɦˈɛː
मध्यदूरी की दौड़ अपेक्षाकृत एक सस्ता खेल है हालांकि इसमें हिस्सा लेने के लिए ज़रूरी उपकरणों के कुछ भागों के बारे में कई गलतफ़हमियां हैं	məd̪ʱjəd̪ˈuːɾiː kˈiː d̪ˈɔːɽ əpeːkʃˈaːkɾɪt̪ ˈeːk sˈəst̪aː kʰˈeːl ɦˈɛː ɦaːlˈaː̃ŋkɪ ˈɪsmeː̃ ɦˈɪsːaː lˈeːneː kˈeː lˈɪʲeː zəɾˈuːɾiː ʊpkˈəɾɳoː̃ kˈeː kˈʊt͡ʃʰ bʱˈaːɡoː̃ kˈeː bˈaːɾeː mˈeː̃ kˈəiː ɡələt̪fˈəɦmɪjaː̃ ɦˈɛː̃
एवेंजर क्लास माइन काउंटरमेज़र शिप यह जहाज़ पालवन के प्यर्टो प्रिंसेसा के रास्ते में था	eːʋˈeː̃ɲd͡ʒəɾ klˈaːs mˈaːɪn kaːˈʊ̃ɳʈəɾmeːzəɾ ʃˈɪp jˈəɦ d͡ʒəɦˈaːz pˈaːlʋən kˈeː pjˈəɾʈoː pɾɪ̃sˈeːsaː kˈeː ɾˈaːst̪eː mˈeː̃ t̪ʰˈaː
अन्य नरवानर गण के विपरीत वनमानुष अब अपने हाथों का इस्तेमाल चलने में या वज़न उठाने या पेड़ों से झूलने में नहीं करते हैं	ˈənj nəɾʋˈaːnəɾ ɡˈəɳ kˈeː ʋɪpɾˈiːt̪ ʋənmˈaːnʊʃ ˈəb ˈəpneː ɦˈaːt̪ʰoː̃ kˈaː ɪst̪eːmˈaːl t͡ʃˈəlneː mˈeː̃ jˈaː ʋˈəzən ʊʈʰˈaːneː jˈaː pˈeːɽoː̃ sˈeː d͡ʒʱˈuːlneː mˈeː̃ nˈəɦiː̃ kˈəɾt̪eː ɦˈɛː̃
तेज़ बर्फबारी के अलावा मौसम की ख़राब स्थिति बचाव के प्रयासों में बाधा बन रही है	t̪ˈeːz bəɾpʰəbˈaːɾiː kˈeː əlˈaːʋaː mˈɔːsəm kˈiː xəɾˈaːb st̪ʰˈɪt̪ɪ bət͡ʃˈaːʋ kˈeː pɾəjˈaːsoː̃ mˈeː̃ bˈaːd̪ʱaː bˈən ɾˈəɦiː ɦˈɛː
इसके अतिरिक्ता ऐसा करने में असफल होने के गंभीर परिणाम होते हैं अवसाद बढ़ना कुपोषण और अंततः मृत्यु	ˈɪskeː ət̪ɪɾˈɪkt̪aː ˈɛːsaː kˈəɾneː mˈeː̃ ˈəspʰəl ɦˈoːneː kˈeː ɡə̃mbʱˈiːɾ pəɾɪɳˈaːm ɦˈoːt̪eː ɦˈɛː̃ əʋsˈaːd̪ bˈəɽʱnaː kʊpˈoːʃəɳ ˈɔːɾ ˈə̃n̪t̪ət̪əh mɾˈɪt̪jʊ
जब पानी के कम प्रवाह की वजह से प्रायद्वीप के उत्तर-पूर्व में मिस्टिक नदी पर एक खाई बन गई तब उन्होंने जल्दी से उस एक छोटी पत्थर की दीवार से उत्तर की ओर बाड़ आगे तक बढ़ा दिया जो कि समुद्र तट के छोटे किनारे पर खत्म होती है	d͡ʒˈəb pˈaːniː kˈeː kˈəm pɾəʋˈaːɦ kˈiː ʋˈəd͡ʒəɦ sˈeː pɾaːjəd̪ʋˈiːp kˈeː ˈʊt̪ːəɾ pˈuːɾʋ mˈeː̃ mˈɪsʈɪk nˈəd̪iː pˈəɾ ˈeːk kʰˈaːiː bˈən ɡˈəiː t̪ˈəb ʊnɦˈoː̃neː d͡ʒˈəld̪iː sˈeː ˈʊs ˈeːk t͡ʃʰˈoːʈiː pˈət̪ʰːəɾ kˈiː d̪iːʋˈaːɾ sˈeː ˈʊt̪ːəɾ kˈiː ˈoːɾ bˈaːɽ ˈaːɡeː t̪ˈək bˈəɽʱaː d̪ˈɪjaː d͡ʒˈoː kˈɪ səmˈʊd̪ɾ t̪ˈəʈ kˈeː t͡ʃʰˈoːʈeː kɪnˈaːɾeː pˈəɾ kʰˈət̪m ɦˈoːt̪iː ɦˈɛː
कोमेन संस्था की प्रवक्ता लेज़ली उन ने बताया कि संस्था के नए नियम के अनुसार ऐसी संस्थाओं को मदद या पैसे नहीं दिए जाएंगे जिन पर कानूनी जांच चल रही है	koːmˈeːn sˈə̃st̪ʰaː kˈiː pɾəʋˈəkt̪aː lˈeːzliː ˈʊn nˈeː bət̪ˈaːjaː kˈɪ sˈə̃st̪ʰaː kˈeː nˈəeː nˈɪjəm kˈeː ənʊsˈaːɾ ˈɛːsiː sˈə̃st̪ʰaːoː̃ kˈoː mˈəd̪əd̪ jˈaː pˈɛːseː nˈəɦiː̃ d̪ˈɪʲeː d͡ʒaːˈeː̃ŋɡeː d͡ʒˈɪn pˈəɾ kaːnˈuːniː d͡ʒˈaː̃ɲt͡ʃ t͡ʃˈəl ɾˈəɦiː ɦˈɛː
बुखार और गले में खराश के अलावा मैं अच्छी तरह से और अच्छी हालत में महसूस करता हूं ताकि टेलीकम्युटिंग करके अपना काम पूरा कर सकूं	bʊkʰˈaːɾ ˈɔːɾ ɡˈəleː mˈeː̃ kʰəɾˈaːʃ kˈeː əlˈaːʋaː mˈɛː̃ ˈət͡ʃʰːiː t̪ˈəɾəɦ sˈeː ˈɔːɾ ˈət͡ʃʰːiː ɦˈaːlət̪ mˈeː̃ məɦsˈuːs kˈəɾt̪aː ɦˈuː̃ t̪ˈaːkɪ ʈeːliːkəmjʊʈˈɪ̃ŋɡ kˈəɾkeː ˈəpnaː kˈaːm pˈuːɾaː kˈəɾ sˈəkuː̃
यदि यह साबित होता है कि एलन ने मुसाहि की आठ साल की खोज को पूरा कर लिया है	jˈəd̪ɪ jˈəɦ sˈaːbɪt̪ ɦˈoːt̪aː ɦˈɛː kˈɪ ˈeːlən nˈeː mʊsˈaːɦɪ kˈiː ˈaːʈʰ sˈaːl kˈiː kʰˈoːd͡ʒ kˈoː pˈuːɾaː kˈəɾ lˈɪjaː ɦˈɛː
2010 के भूकंप के बाद हैती में पहुंचे संयुक्त राष्ट्र के शांति सैनिकों को उस बीमारी को फैलाने के लिए दोषी ठहराया जा रहा है जो सेना के शिविर के पास शुरू हुई थी	d̪ˈoː ɦəzˈaːɾ d̪ˈəs kˈeː bʱuːkˈə̃mp kˈeː bˈaːd̪ ɦˈɛːt̪iː mˈeː̃ pəɦˈʊ̃ɲt͡ʃeː sə̃jˈʊkt̪ ɾˈaːʃʈɾ kˈeː ʃˈaː̃n̪t̪ɪ sˈɛːnɪkoː̃ kˈoː ˈʊs biːmˈaːɾiː kˈoː pʰɛːlˈaːneː kˈeː lˈɪʲeː d̪ˈoːʃiː ʈʰəɦɾˈaːjaː d͡ʒˈaː ɾˈəɦaː ɦˈɛː d͡ʒˈoː sˈeːnaː kˈeː ʃˈɪʋɪɾ kˈeː pˈaːs ʃˈʊɾuː ɦˈʊiː t̪ʰˈiː
हज़ारों सालों से धार्मिक दार्शनिक और वैज्ञानिक स्कॉलर्स द्वारा समय का अध्ययन किया जा रहा है	ɦəzˈaːɾoː̃ sˈaːloː̃ sˈeː d̪ʱˈaːɾmɪk d̪ˈaːɾʃənɪk ˈɔːɾ ʋˈɛːɡjaːnɪk skɔːlˈəɾs d̪ʋˈaːɾaː sˈəmɛj kˈaː ˈəd̪ʱjəjən kˈɪjaː d͡ʒˈaː ɾˈəɦaː ɦˈɛː
यूरोपीय खोजकर्ताओं के आने के बाद कुछ ही सालों में स्पेनिश विजेता द्वारा टेनोस की आबादी काफी कम कर दी गई थी	juːɾoːpˈiːj kʰˈoːd͡ʒkəɾt̪aːoː̃ kˈeː ˈaːneː kˈeː bˈaːd̪ kˈʊt͡ʃʰ ɦˈiː sˈaːloː̃ mˈeː̃ spˈeːnɪʃ ʋɪd͡ʒˈeːt̪aː d̪ʋˈaːɾaː ʈeːnˈoːs kˈiː aːbˈaːd̪iː kˈaːpʰiː kˈəm kˈəɾ d̪ˈiː ɡˈəiː t̪ʰˈiː
जब अधिकारी मतदाता की पहचान की पुष्टि कर लेते हैं तब मतदाता लिफ़ाफ़े को बैलट बॉक्स में डालता है और वोटिंग रोल पर हस्ताक्षर कर देता है	d͡ʒˈəb əd̪ʱɪkˈaːɾiː mət̪d̪ˈaːt̪aː kˈiː pəɦt͡ʃˈaːn kˈiː pˈʊʃʈɪ kˈəɾ lˈeːt̪eː ɦˈɛː̃ t̪ˈəb mət̪d̪ˈaːt̪aː lɪfˈaːfeː kˈoː bˈɛːləʈ bˈɔːks mˈeː̃ ɖˈaːlt̪aː ɦˈɛː ˈɔːɾ ʋoːʈˈɪ̃ŋɡ ɾˈoːl pˈəɾ ɦəst̪ˈaːkʃəɾ kˈəɾ d̪ˈeːt̪aː ɦˈɛː
कई दशकों तक शामिल रहने वाले व्यक्तियों ने हमें मुश्किलों और यहाँ तक ​​कि विफलताओं का खुलकर मूल्यांकन करते हुए हमारी ताकत और जुनून की सराहना करने में मदद की	kˈəiː d̪ˈəʃkoː̃ t̪ˈək ʃˈaːmɪl ɾˈəɦneː ʋˈaːleː ʋjˈəkt̪ɪjoː̃ nˈeː ɦˈəmeː̃ mˈʊʃkɪloː̃ ˈɔːɾ jˈəɦaː̃ t̪ˈək kˈɪ ʋɪpʰəlt̪ˈaːoː̃ kˈaː kʰˈʊlkəɾ muːljˈaː̃ŋkən kˈəɾt̪eː ɦˈʊeː ɦəmˈaːɾiː t̪ˈaːkət̪ ˈɔːɾ d͡ʒʊnˈuːn kˈiː səɾˈaːɦnaː kˈəɾneː mˈeː̃ mˈəd̪əd̪ kˈiː
मोंटेवीडियो सबट्रॉपिक्स में है गर्मियों के महीनों में + 30° c से अधिक तापमान रहना आम बात है	mˈoː̃ɳʈeːʋiːɖɪjoː səbəʈɾɔːpˈɪks mˈeː̃ ɦˈɛː ɡˈəɾmɪjoː̃ kˈeː məɦˈiːnoː̃ mˈeː̃ plˈəs t̪ˈiːs ɖˈɪɡɾiː sˈeːlsɪjəs sˈeː ˈəd̪ʱɪk t̪aːpmˈaːn ɾˈəɦnaː ˈaːm bˈaːt̪ ɦˈɛː
सबसे बड़े रोज़गार के क्षेत्र पेशेवर सेवाएं सरकारी नौकरी फ़ाइनेंस व्यापार और पर्यटन हैं	sˈəbseː bˈəɽeː ɾoːzɡˈaːɾ kˈeː kʃˈeːt̪ɾ peːʃˈeːʋəɾ seːʋˈaːeː̃ səɾkˈaːɾiː nˈɔːkɾiː faːɪnˈeː̃s ʋjaːpˈaːɾ ˈɔːɾ pˈəɾjəʈən ɦˈɛː̃
सैन फ़्रांसिस्को ने कई होटल रेस्टोरेंट और सर्वोत्तम सम्मेलन की सुविधाओं के साथ एक बड़ा पर्यटक बुनियादी ढांचा विकसित किया है	sˈɛːn fɾaː̃sˈɪskoː nˈeː kˈəiː ɦˈoːʈəl ɾeːsʈoːɾˈeː̃ɳʈ ˈɔːɾ səɾʋˈoːt̪ːəm səmːˈeːlən kˈiː sʊʋɪd̪ʱˈaːoː̃ kˈeː sˈaːt̪ʰ ˈeːk bˈəɽaː pˈəɾjəʈək bʊnɪjˈaːd̪iː ɖʱˈaː̃ɲt͡ʃaː ʋˈɪksɪt̪ kˈɪjaː ɦˈɛː
वेनेजुएला के लिए एक महत्वपूर्ण उद्योग तेल है और यह देश एक निर्यातक है भले ही पूरे तेल उद्योग में केवल एक प्रतिशत का हिस्सा है	ʋeːneːd͡ʒʊˈeːlaː kˈeː lˈɪʲeː ˈeːk mɛɦɛt̪ʋəpˈuːɾɳ ʊd̪jˈoːɡ t̪ˈeːl ɦˈɛː ˈɔːɾ jˈəɦ d̪ˈeːʃ ˈeːk nɪɾjˈaːt̪ək ɦˈɛː bʱˈəleː ɦˈiː pˈuːɾeː t̪ˈeːl ʊd̪jˈoːɡ mˈeː̃ kˈeːʋəl ˈeːk pɾˈət̪ɪʃət̪ kˈaː ɦˈɪsːaː ɦˈɛː
सिख अपने विश्वास को हिंदू धर्म से अलग मानते हैं हालांकि वे इसकी हिंदू जड़ों और परंपराओं को स्वीकार करते हैं	sˈɪkʰ ˈəpneː ʋɪʃʋˈaːs kˈoː ɦˈɪ̃n̪d̪uː d̪ʱˈəɾm sˈeː ˈələɡ mˈaːnt̪eː ɦˈɛː̃ ɦaːlˈaː̃ŋkɪ ʋˈeː ˈɪskiː ɦˈɪ̃n̪d̪uː d͡ʒˈəɽoː̃ ˈɔːɾ pəɾˈə̃mpəɾaːoː̃ kˈoː sʋiːkˈaːɾ kˈəɾt̪eː ɦˈɛː̃
जर्मनी ने इस हमले को ऑपरेशन सीलियन नाम दिया डनक्रिक से निकाले जाने पर ब्रिटिश सेना के अधिकांश भारी हथियार और सामान खो गए थे इसलिए सेना काफी कमज़ोर थी	d͡ʒˈəɾməniː nˈeː ˈɪs ɦˈəmleː kˈoː ˈɔːpɾeːʃən sˈiːlɪjən nˈaːm d̪ˈɪjaː ɖənˈəkɾɪk sˈeː nɪkˈaːleː d͡ʒˈaːneː pˈəɾ bɾˈɪʈɪʃ sˈeːnaː kˈeː əd̪ʱɪkˈaː̃ʃ bʱˈaːɾiː ɦət̪ʰɪjˈaːɾ ˈɔːɾ saːmˈaːn kʰˈoː ɡˈəeː t̪ʰˈeː ˈɪslɪʲeː sˈeːnaː kˈaːpʰiː kəmzˈoːɾ t̪ʰˈiː
इस बात की चिंता है कि यदि फ़्लू के लक्षण हल्के बने रहे तो अपने रोज़ाना के रूटीन से मरीज़ ज़्यादा से ज़्यादा लोगों को संक्रमित करना जारी रखेंगे	ˈɪs bˈaːt̪ kˈiː t͡ʃˈɪ̃n̪t̪aː ɦˈɛː kˈɪ jˈəd̪ɪ flˈuː kˈeː lˈəkʃəɳ ɦˈəlkeː bˈəneː ɾˈəɦeː t̪ˈoː ˈəpneː ɾoːzˈaːnaː kˈeː ɾuːʈˈiːn sˈeː məɾˈiːz zjˈaːd̪aː sˈeː zjˈaːd̪aː lˈoːɡoː̃ kˈoː sˈə̃ŋkɾəmɪt̪ kˈəɾnaː d͡ʒˈaːɾiː ɾəkʰˈeː̃ŋɡeː
हालांकि इसकी भौतिक स्थिति बदल सकती है लेकिन इसकी रासायनिक स्थिति समान रहती है	ɦaːlˈaː̃ŋkɪ ˈɪskiː bʱˈɔːt̪ɪk st̪ʰˈɪt̪ɪ bˈəd̪əl sˈəkt̪iː ɦˈɛː lˈeːkɪn ˈɪskiː ɾaːsˈaːjnɪk st̪ʰˈɪt̪ɪ səmˈaːn ɾˈəɦt̪iː ɦˈɛː
जैसे ही अलोंसो के आगे की कारें सेफ्टी कार के नीचे ईंधन लेने के लिए चली गईं वह जीत दर्ज करने के लिए आगे बढ़ गया	d͡ʒˈɛːseː ɦˈiː əlˈoː̃soː kˈeː ˈaːɡeː kˈiː kˈaːɾeː̃ sˈeːpʰʈiː kˈaːɾ kˈeː nˈiːt͡ʃeː ˈiː̃n̪d̪ʱən lˈeːneː kˈeː lˈɪʲeː t͡ʃˈəliː ɡˈəiː̃ ʋˈəɦ d͡ʒˈiːt̪ d̪ˈəɾd͡ʒ kˈəɾneː kˈeː lˈɪʲeː ˈaːɡeː bˈəɽʱ ɡˈəjaː
अपने दूसरे प्रवेश से लैंड होने के तय समय से लगभग दस मिनट पहले यह गायब हो गया	ˈəpneː d̪ˈuːsɾeː pɾəʋˈeːʃ sˈeː lˈɛː̃ɳɖ ɦˈoːneː kˈeː t̪ˈɛj sˈəmɛj sˈeː lˈəɡbʱəɡ d̪ˈəs mˈɪnəʈ pˈəɦleː jˈəɦ ɡˈaːjəb ɦˈoː ɡˈəjaː
गंभीर मौसम दुनिया में कहीं भी हो सकता है और इसके विभिन्न प्रकार होते हैं जो भूगोल स्थलाकृति और वायुमंडलीय स्थितियों पर निर्भर हो सकते हैं	ɡə̃mbʱˈiːɾ mˈɔːsəm d̪ˈʊnɪjaː mˈeː̃ kˈəɦiː̃ bʱˈiː ɦˈoː sˈəkt̪aː ɦˈɛː ˈɔːɾ ˈɪskeː ʋˈɪbʱɪnː pɾəkˈaːɾ ɦˈoːt̪eː ɦˈɛː̃ d͡ʒˈoː bʱuːɡˈoːl st̪ʰəlˈaːkɾɪt̪ɪ ˈɔːɾ ʋaːjʊmə̃ɳɖəlˈiːj st̪ʰˈɪt̪ɪjoː̃ pˈəɾ nˈɪɾbʱəɾ ɦˈoː sˈəkt̪eː ɦˈɛː̃
दो ओलिम्पिक गोल्ड मेडल्स के विजेता जापानी जुडोका हितोशी साइतो का 54 साल की उम्र में निधन हो गया	d̪ˈoː oːlˈɪmpɪk ɡˈoːlɖ meːɖˈəls kˈeː ʋɪd͡ʒˈeːt̪aː d͡ʒaːpˈaːniː d͡ʒʊɖˈoːkaː ɦɪt̪ˈoːʃiː sˈaːɪt̪oː kˈaː t͡ʃˈɔːʋən sˈaːl kˈiː ˈʊmɾ mˈeː̃ nˈɪd̪ʱən ɦˈoː ɡˈəjaː
जीवाश्मों के आधार पर इसका मतलब है कि विभाजन आणविक साक्ष्य द्वारा प्रत्याशित होने की तुलना में बहुत पुराना है	d͡ʒiːʋˈaːʃmoː̃ kˈeː aːd̪ʱˈaːɾ pˈəɾ ˈɪskaː mˈət̪ləb ɦˈɛː kˈɪ ʋɪbʱˈaːd͡ʒən ˈaːɳʋɪk sˈaːkʃj d̪ʋˈaːɾaː pɾət̪jˈaːʃɪt̪ ɦˈoːneː kˈiː t̪ˈʊlnaː mˈeː̃ bˈəɦʊt̪ pʊɾˈaːnaː ɦˈɛː
11:29 बजे के आस-पास विरोध करने वाले लोग व्हाइटहॉल की ओर बढ़ गए इसके बाद वे किनारे-किनारे चलते हुए ट्राफ़ल्गर स्क्वायर एल्डविच किंग्सवे से गुजरते हुए होलबर्न की ओर बढ़ गए जहां कंजरवेटिव पार्टी ग्रैंड कनॉट रूम होटल में अपने स्प्रिंग फ़ोरम का आयोजन कर रही थी	ɡjˈaːɾəɦ bˈəd͡ʒkəɾ ʊnt̪ˈiːs mˈɪnəʈ kˈeː ˈaːs pˈaːs ʋɪɾˈoːd̪ʱ kˈəɾneː ʋˈaːleː lˈoːɡ ʋɦaːɪʈɦˈɔːl kˈiː ˈoːɾ bˈəɽʱ ɡˈəeː ˈɪskeː bˈaːd̪ ʋˈeː kɪnˈaːɾeː kɪnˈaːɾeː t͡ʃˈəlt̪eː ɦˈʊeː ʈɾaːfˈəlɡəɾ skʋˈaːjəɾ ˈeːlɖəʋɪt͡ʃ kˈɪ̃ŋɡsəʋeː sˈeː ɡʊd͡ʒˈəɾt̪eː ɦˈʊeː ɦoːlbˈəɾn kˈiː ˈoːɾ bˈəɽʱ ɡˈəeː d͡ʒˈəɦaː̃ kˈə̃ɲd͡ʒəɾʋeːʈɪʋ pˈaːɾʈiː ɡɾˈɛː̃ɳɖ kənˈɔːʈ ɾˈuːm ɦˈoːʈəl mˈeː̃ ˈəpneː spɾˈɪ̃ŋɡ fˈoːɾəm kˈaː aːjˈoːd͡ʒən kˈəɾ ɾˈəɦiː t̪ʰˈiː
इस तरह के नेटवर्क में शामिल होने के लिए आमतौर पर सिर्फ एक ऑनलाइन फॉर्म भरना होता है हालांकि कुछ नेटवर्क अतिरिक्त सत्यापन करने के लिए कहते या मांग करते हैं	ˈɪs t̪ˈəɾəɦ kˈeː neːʈʋˈəɾk mˈeː̃ ʃˈaːmɪl ɦˈoːneː kˈeː lˈɪʲeː aːmt̪ˈɔːɾ pˈəɾ sˈɪɾpʰ ˈeːk ˈɔːnlaːɪn pʰˈɔːɾm bʱˈəɾnaː ɦˈoːt̪aː ɦˈɛː ɦaːlˈaː̃ŋkɪ kˈʊt͡ʃʰ neːʈʋˈəɾk ət̪ɪɾˈɪkt̪ sət̪jˈaːpən kˈəɾneː kˈeː lˈɪʲeː kˈəɦt̪eː jˈaː mˈaː̃ŋɡ kˈəɾt̪eː ɦˈɛː̃
सर्कुलेटरी सिस्टम का मुख्य अंग हृदय है जो रक्त को पंप करता है	səɾkʊlˈeːʈɾiː sˈɪsʈəm kˈaː mˈʊkʰj ˈə̃ŋɡ ɦɾˈɪd̪ɛj ɦˈɛː d͡ʒˈoː ɾˈəkt̪ kˈoː pˈə̃mp kˈəɾt̪aː ɦˈɛː
ब्रिटेन ने किसी भी जहाज को समुद्र के पूरे हिस्सों में प्रवेश करने से रोकने के लिए अंतरराष्ट्रीय जल का खनन किया जिससे तट पर खड़े जहाजों के लिए भी खतरा पैदा हो गया	bɾɪʈˈeːn nˈeː kˈɪsiː bʱˈiː d͡ʒəɦˈaːd͡ʒ kˈoː səmˈʊd̪ɾ kˈeː pˈuːɾeː ɦˈɪsːoː̃ mˈeː̃ pɾəʋˈeːʃ kˈəɾneː sˈeː ɾˈoːkneː kˈeː lˈɪʲeː ə̃n̪t̪əɾɾaːʃʈɾˈiːj d͡ʒˈəl kˈaː kʰˈənən kˈɪjaː d͡ʒˈɪsseː t̪ˈəʈ pˈəɾ kʰˈəɽeː d͡ʒəɦˈaːd͡ʒoː̃ kˈeː lˈɪʲeː bʱˈiː kʰˈət̪ɾaː pˈɛːd̪aː ɦˈoː ɡˈəjaː
चैंबर्स ने व्यापक मौत विनाश और पृथ्वी के लाखों निवासी पर आतंक के लिए भगवान पर मुकदमा चलाया था	t͡ʃɛː̃mbˈəɾs nˈeː ʋjˈaːpək mˈɔːt̪ ʋɪnˈaːʃ ˈɔːɾ pɾˈɪt̪ʰʋiː kˈeː lˈaːkʰoː̃ nɪʋˈaːsiː pˈəɾ aːt̪ˈə̃ŋk kˈeː lˈɪʲeː bʱəɡʋˈaːn pˈəɾ mʊkˈəd̪maː t͡ʃəlˈaːjaː t̪ʰˈaː
कोशिकाएं जीवन के अध्ययन के लिए इतनी बुनियादी और महत्वपूर्ण हैं कि वास्तव में उन्हें अक्सर जीवन का बिल्डिंग ब्लॉक के रूप में संदर्भित किया जाता है	koːʃɪkˈaːeː̃ d͡ʒˈiːʋən kˈeː ˈəd̪ʱjəjən kˈeː lˈɪʲeː ˈɪt̪niː bʊnɪjˈaːd̪iː ˈɔːɾ mɛɦɛt̪ʋəpˈuːɾɳ ɦˈɛː̃ kˈɪ ʋˈaːst̪əʋ mˈeː̃ ˈʊnɦeː̃ ˈəksəɾ d͡ʒˈiːʋən kˈaː bɪlɖˈɪ̃ŋɡ blˈɔːk kˈeː ɾˈuːp mˈeː̃ sˈə̃n̪d̪əɾbʱɪt̪ kˈɪjaː d͡ʒˈaːt̪aː ɦˈɛː
फ़िलिप मासा के घायल हो जाने के बाद उनकी जगह फ़ॉर्मूला-1 चैंपियनशिप को सात बार जीतने वाले माइकल शूमाकर आने वाले थे शूमाकर ने साल 2006 में इस खेल से संन्यास ले लिया था	fˈɪlɪp mˈaːsaː kˈeː ɡʱˈaːjəl ɦˈoː d͡ʒˈaːneː kˈeː bˈaːd̪ ˈʊnkiː d͡ʒˈəɡəɦ fˈɔːɾmuːlaː ˈeːk t͡ʃˈɛː̃mpɪjənʃɪp kˈoː sˈaːt̪ bˈaːɾ d͡ʒˈiːt̪neː ʋˈaːleː mˈaːɪkəl ʃuːmˈaːkəɾ ˈaːneː ʋˈaːleː t̪ʰˈeː ʃuːmˈaːkəɾ nˈeː sˈaːl d̪ˈoː ɦəzˈaːɾ t͡ʃʰˈəɦ mˈeː̃ ˈɪs kʰˈeːl sˈeː sə̃njˈaːs lˈeː lˈɪjaː t̪ʰˈaː
सभी उम्र और पृष्ठभूमि वाले लोगों के लिए विमान में यात्रा करना एक डरावना अनुभव हो सकता है खास कर अगर उन्होंने पहले कभी हवाई यात्रा न की हो या फिर हवाई यात्रा के दौरान किसी दर्दनाक घटना का सामना करना पड़ा हो	sˈəbʱiː ˈʊmɾ ˈɔːɾ pɾɪʃʈʰəbʱˈuːmɪ ʋˈaːleː lˈoːɡoː̃ kˈeː lˈɪʲeː ʋɪmˈaːn mˈeː̃ jˈaːt̪ɾaː kˈəɾnaː ˈeːk ɖəɾˈaːʋnaː ˈənʊbʱəʋ ɦˈoː sˈəkt̪aː ɦˈɛː kʰˈaːs kˈəɾ ˈəɡəɾ ʊnɦˈoː̃neː pˈəɦleː kˈəbʱiː ɦəʋˈaːiː jˈaːt̪ɾaː nˈə kˈiː ɦˈoː jˈaː pʰˈɪɾ ɦəʋˈaːiː jˈaːt̪ɾaː kˈeː d̪ɔːɾˈaːn kˈɪsiː d̪əɾd̪ənˈaːk ɡʱˈəʈnaː kˈaː sˈaːmnaː kˈəɾnaː pˈəɽaː ɦˈoː
यरुशलम में कई ऐतिहासिक पुरातत्व और सांस्कृतिक स्थल साथ ही जीवंत और भीड़ भरे शॉपिंग सेंटर कैफ़े और रेस्तरां भी हैं	jəɾˈʊʃləm mˈeː̃ kˈəiː ɛːt̪ɪɦˈaːsɪk pʊɾaːt̪ˈət̪ʋ ˈɔːɾ sˈaː̃skɾɪt̪ɪk st̪ʰˈəl sˈaːt̪ʰ ɦˈiː d͡ʒiːʋˈə̃n̪t̪ ˈɔːɾ bʱˈiːɽ bʱˈəɾeː ʃɔːpˈɪ̃ŋɡ sˈeː̃ɳʈəɾ kˈɛːfeː ˈɔːɾ ɾˈeːst̪əɾaː̃ bʱˈiː ɦˈɛː̃
तदनुसार ऐसे शानदार प्रतिष्ठानों पर व्यक्ति को सबसे अधिक विलासी बिस्तर और संभवतः हाथ का बना कंबल या ऐंटीक बेड मिलना उचित होता है	t̪əd̪nʊsˈaːɾ ˈɛːseː ʃaːnd̪ˈaːɾ pɾət̪ɪʃʈʰˈaːnoː̃ pˈəɾ ʋjˈəkt̪ɪ kˈoː sˈəbseː ˈəd̪ʱɪk ʋɪlˈaːsiː bˈɪst̪əɾ ˈɔːɾ sˈə̃mbʱəʋt̪əh ɦˈaːt̪ʰ kˈaː bˈənaː kˈə̃mbəl jˈaː ɛː̃ɳʈˈiːk bˈeːɖ mˈɪlnaː ˈʊt͡ʃɪt̪ ɦˈoːt̪aː ɦˈɛː
उनके घातक क्रॉसबो के तीर प्रतिद्वंद्वी सैनिकों के कवच को छेद सकते थे. लगभग 1000 ई.पू. अश्शूरियों ने पहली घुड़सवार सेना की शुरुआत की थी	ˈʊnkeː ɡʱˈaːt̪ək kɾˈɔːsboː kˈeː t̪ˈiːɾ pɾət̪ɪd̪ʋˈə̃n̪d̪ʋiː sˈɛːnɪkoː̃ kˈeː kˈəʋət͡ʃ kˈoː t͡ʃʰˈeːd̪ sˈəkt̪eː t̪ʰˈeː . lˈəɡbʱəɡ ˈeːk ɦəzˈaːɾ ˈiːsaː pˈuːɾʋ əʃːˈuːɾɪjoː̃ nˈeː pˈəɦliː ɡʱʊɽəsʋˈaːɾ sˈeːnaː kˈiː ʃʊɾʊˈaːt̪ kˈiː t̪ʰˈiː
परंपरागत रूप से तख़्त का उत्तराधिकारी स्कूली शिक्षा पूरी करने के बाद सीधे सेना में जाएगा	pəɾˈə̃mpəɾaːɡət̪ ɾˈuːp sˈeː t̪ˈəxt̪ kˈaː ʊt̪ːəɾaːd̪ʱɪkˈaːɾiː skˈuːliː ʃˈɪkʃaː pˈuːɾiː kˈəɾneː kˈeː bˈaːd̪ sˈiːd̪ʱeː sˈeːnaː mˈeː̃ d͡ʒaːˈeːɡaː
शय ने यह भी तर्क दिया कि फ़ोटोजेनिक मा हक़ीक़त की तुलना में ज़्यादा बनावटी थे	ʃˈɛj nˈeː jˈəɦ bʱˈiː t̪ˈəɾk d̪ˈɪjaː kˈɪ foːʈoːd͡ʒˈeːnɪk mˈaː ɦəqˈiːqət̪ kˈiː t̪ˈʊlnaː mˈeː̃ zjˈaːd̪aː bənˈaːʋʈiː t̪ʰˈeː
प्रोटॉन का धनात्मक विद्युत आवेश होता है जबकि न्यूट्रॉन का कोई आवेश नहीं होता इलेक्ट्रॉन्स का नकारात्मक विद्युत आवेश होता है	pɾoːʈˈɔːn kˈaː d̪ʱənˈaːt̪mək ʋˈɪd̪jʊt̪ aːʋˈeːʃ ɦˈoːt̪aː ɦˈɛː d͡ʒˈəbkɪ njuːʈɾˈɔːn kˈaː kˈoːiː aːʋˈeːʃ nˈəɦiː̃ ɦˈoːt̪aː ɪleːkʈɾˈɔːns kˈaː nəkaːɾˈaːt̪mək ʋˈɪd̪jʊt̪ aːʋˈeːʃ ɦˈoːt̪aː ɦˈɛː
यह अफ्रीकी जगत के अजूबे हेनरी लुई के पीबीएस गेट्स के दौरान एक प्रमुख पड़ाव था	jˈəɦ əpʰɾˈiːkiː d͡ʒˈəɡət̪ kˈeː əd͡ʒˈuːbeː ɦˈeːnɾiː lˈʊiː kˈeː piːbiːˈeːs ɡˈeːʈs kˈeː d̪ɔːɾˈaːn ˈeːk pɾˈəmʊkʰ pəɽˈaːʋ t̪ʰˈaː
गेम के प्रकाशक कोनामी ने आज एक जापानी अख़बार को बताया कि वे सिक्स डेज़ इन फ़ालूजा जारी नहीं करेंगे	ɡˈeːm kˈeː pɾəkˈaːʃək koːnˈaːmiː nˈeː ˈaːd͡ʒ ˈeːk d͡ʒaːpˈaːniː əxbˈaːɾ kˈoː bət̪ˈaːjaː kˈɪ ʋˈeː sˈɪks ɖˈeːz ˈɪn faːlˈuːd͡ʒaː d͡ʒˈaːɾiː nˈəɦiː̃ kəɾˈeː̃ŋɡeː
इसके लिए स्थानीय पुलिस के पास एक फॉर्म भरने की या आप्रवासन कार्यालयों में जाने आवश्यकता पड़ सकती है	ˈɪskeː lˈɪʲeː st̪ʰaːnˈiːj pˈʊlɪs kˈeː pˈaːs ˈeːk pʰˈɔːɾm bʱˈəɾneː kˈiː jˈaː ˈaːpɾəʋaːsən kaːɾjˈaːljoː̃ mˈeː̃ d͡ʒˈaːneː aːʋəʃjˈəkt̪aː pˈəɽ sˈəkt̪iː ɦˈɛː
यह विशेष रूप से स्कूल छोड़ने वालों के लिए लोकप्रिय है जिससे उन्हें अपनी शिक्षा से समझौता किए बिना विश्वविद्यालय से एक साल पहले ही बाहर निकलने की अनुमति मिलती है	jˈəɦ ʋɪʃˈeːʃ ɾˈuːp sˈeː skˈuːl t͡ʃʰˈoːɽneː ʋˈaːloː̃ kˈeː lˈɪʲeː loːkˈəpɾɪj ɦˈɛː d͡ʒˈɪsseː ˈʊnɦeː̃ ˈəpniː ʃˈɪkʃaː sˈeː səmd͡ʒʱˈɔːt̪aː kˈɪʲeː bˈɪnaː ʋɪʃʋəʋɪd̪jˈaːlɛj sˈeː ˈeːk sˈaːl pˈəɦleː ɦˈiː bˈaːɦəɾ nɪkˈəlneː kˈiː ənˈʊmt̪ɪ mˈɪlt̪iː ɦˈɛː
इंटरएक्टिव डिज़ाइन के लिए आवश्यक है कि प्रोजेक्ट के घटक एक-दूसरे से कनेक्ट हों लेकिन एक अलग इकाई के रूप में भी उनका कोई अर्थ हो	ɪ̃ɳʈəɾəˈeːkʈɪʋ ɖɪzˈaːɪn kˈeː lˈɪʲeː aːʋˈəʃjək ɦˈɛː kˈɪ pɾoːd͡ʒˈeːkʈ kˈeː ɡʱˈəʈək ˈeːk d̪ˈuːsɾeː sˈeː kənˈeːkʈ ɦˈoː̃ lˈeːkɪn ˈeːk ˈələɡ ɪkˈaːiː kˈeː ɾˈuːp mˈeː̃ bʱˈiː ˈʊnkaː kˈoːiː ˈəɾt̪ʰ ɦˈoː
कॉल्स इंटरनेट पर रूट किए जाने की वजह से आपको अपने रहने वाली जगह या यात्रा करने वाले स्थान की फ़ोन कंपनी का इस्तेमाल करने की ज़रूरत नहीं होती है	kˈɔːls ɪ̃ɳʈəɾnˈeːʈ pˈəɾ ɾˈuːʈ kˈɪʲeː d͡ʒˈaːneː kˈiː ʋˈəd͡ʒəɦ sˈeː ˈaːpkoː ˈəpneː ɾˈəɦneː ʋˈaːliː d͡ʒˈəɡəɦ jˈaː jˈaːt̪ɾaː kˈəɾneː ʋˈaːleː st̪ʰˈaːn kˈiː fˈoːn kˈə̃mpəniː kˈaː ɪst̪eːmˈaːl kˈəɾneː kˈiː zəɾˈuːɾət̪ nˈəɦiː̃ ɦˈoːt̪iː ɦˈɛː
यात्रियों को उन जानवरों और कीड़ों का सामना करना पड़ता है जिससे वे अपने गृह क्षेत्र में परिचित नहीं होते हैं	jˈaːt̪ɾɪjoː̃ kˈoː ˈʊn d͡ʒaːnˈəʋɾoː̃ ˈɔːɾ kˈiːɽoː̃ kˈaː sˈaːmnaː kˈəɾnaː pˈəɽt̪aː ɦˈɛː d͡ʒˈɪsseː ʋˈeː ˈəpneː ɡɾˈɪɦ kʃˈeːt̪ɾ mˈeː̃ pˈəɾɪt͡ʃɪt̪ nˈəɦiː̃ ɦˈoːt̪eː ɦˈɛː̃
नौवां वार्ड जो तूफ़ान कैटरीना के दौरान 20 फ़ीट तक ऊंचा देखा गया था वह वर्तमान में कमर से ऊपर पानी में है क्योंकि पास का बांध ज़्यादा बढ़ गया था	nˈɔːʋaː̃ ʋˈaːɾɖ d͡ʒˈoː t̪uːfˈaːn kˈɛːʈɾiːnaː kˈeː d̪ɔːɾˈaːn bˈiːs fˈiːʈ t̪ˈək ˈuː̃ɲt͡ʃaː d̪ˈeːkʰaː ɡˈəjaː t̪ʰˈaː ʋˈəɦ ʋəɾt̪əmˈaːn mˈeː̃ kˈəməɾ sˈeː ˈuːpəɾ pˈaːniː mˈeː̃ ɦˈɛː kjˈoː̃ŋkɪ pˈaːs kˈaː bˈaː̃n̪d̪ʱ zjˈaːd̪aː bˈəɽʱ ɡˈəjaː t̪ʰˈaː
बोवेन द्वीप एक लोकप्रिय एक दिन की यात्रा या सप्ताहित तौर पर घूमने के लिए बहुत अच्छा है जो कयाकिंग लंबी पैदल यात्रा दुकानें रेस्तरां और बहुत कुछ प्रदान करता है	boːʋˈeːn d̪ʋˈiːp ˈeːk loːkˈəpɾɪj ˈeːk d̪ˈɪn kˈiː jˈaːt̪ɾaː jˈaː səpt̪ˈaːɦɪt̪ t̪ˈɔːɾ pˈəɾ ɡʱˈuːmneː kˈeː lˈɪʲeː bˈəɦʊt̪ ˈət͡ʃʰːaː ɦˈɛː d͡ʒˈoː kəjaːkˈɪ̃ŋɡ lˈə̃mbiː pˈɛːd̪əl jˈaːt̪ɾaː d̪ʊkˈaːneː̃ ɾˈeːst̪əɾaː̃ ˈɔːɾ bˈəɦʊt̪ kˈʊt͡ʃʰ pɾəd̪ˈaːn kˈəɾt̪aː ɦˈɛː
उस रात रूकी निकल्स बैकस्ट्रॉम के खेल जिताने वाले गोल से ओवेचकिन को सबसे पहली मदद मिली	ˈʊs ɾˈaːt̪ ɾˈuːkiː nɪkˈəls bɛːkəsʈɾˈɔːm kˈeː kʰˈeːl d͡ʒɪt̪ˈaːneː ʋˈaːleː ɡˈoːl sˈeː oːʋˈeːt͡ʃkɪn kˈoː sˈəbseː pˈəɦliː mˈəd̪əd̪ mˈɪliː
अधिकारियों ने कहा कि औपचारिक वर्षगांठ कार्यक्रम को कुछ समय बाद आयोजित करने का फैसला लिया गया था	əd̪ʱɪkˈaːɾɪjoː̃ nˈeː kˈəɦaː kˈɪ ˈɔːpt͡ʃaːɾɪk ʋəɾʃəɡˈaː̃ɳʈʰ kˈaːɾjəkɾəm kˈoː kˈʊt͡ʃʰ sˈəmɛj bˈaːd̪ aːjˈoːd͡ʒɪt̪ kˈəɾneː kˈaː pʰˈɛːslaː lˈɪjaː ɡˈəjaː t̪ʰˈaː
1480 में जब लॉर्ड हेस्टिंग्स द्वारा इसका निर्माण शुरू किया गया था तब देश अपेक्षाकृत रूप से शांत था इसके साथ ही बचाव की ज़रूरत केवल घुमक्कड़ उपद्रवियों के छोटे समूहों के खिलाफ़ होती थी	ˈeːk ɦəzˈaːɾ t͡ʃˈaːɾ sˈɔː ˈəsːiː mˈeː̃ d͡ʒˈəb lˈɔːɾɖ ɦeːsʈˈɪ̃ŋɡs d̪ʋˈaːɾaː ˈɪskaː nɪɾmˈaːɳ ʃˈʊɾuː kˈɪjaː ɡˈəjaː t̪ʰˈaː t̪ˈəb d̪ˈeːʃ əpeːkʃˈaːkɾɪt̪ ɾˈuːp sˈeː ʃˈaː̃n̪t̪ t̪ʰˈaː ˈɪskeː sˈaːt̪ʰ ɦˈiː bət͡ʃˈaːʋ kˈiː zəɾˈuːɾət̪ kˈeːʋəl ɡʱˈʊməkːəɽ ʊpˈəd̪ɾəʋɪjoː̃ kˈeː t͡ʃʰˈoːʈeː səmˈuːɦoː̃ kˈeː kʰɪlˈaːf ɦˈoːt̪iː t̪ʰˈiː
एक कोर्स आम तौर पर 2 से 5 दिनों का होगा और उसमें भूमिका निभाना बहुत सारा प्राथमिक उपचार और कभी-कभी हथियारों का प्रशिक्षण भी शामिल होगा	ˈeːk kˈoːɾs ˈaːm t̪ˈɔːɾ pˈəɾ d̪ˈoː sˈeː pˈaː̃t͡ʃ d̪ˈɪnoː̃ kˈaː ɦˈoːɡaː ˈɔːɾ ˈʊsmeː̃ bʱˈuːmɪkaː nɪbʱˈaːnaː bˈəɦʊt̪ sˈaːɾaː pɾˈaːt̪ʰmɪk ʊpt͡ʃˈaːɾ ˈɔːɾ kˈəbʱiː kˈəbʱiː ɦət̪ʰɪjˈaːɾoː̃ kˈaː pɾəʃˈɪkʃəɳ bʱˈiː ʃˈaːmɪl ɦˈoːɡaː
डार्क एनर्जी पूरी तरह से अदृश्य शक्ति है जो ब्रह्मांड में हमेशा काम करती रहती है	ɖˈaːɾk eːnˈəɾd͡ʒiː pˈuːɾiː t̪ˈəɾəɦ sˈeː əd̪ɾˈɪʃj ʃˈəkt̪ɪ ɦˈɛː d͡ʒˈoː bɾəɦmˈaː̃ɳɖ mˈeː̃ ɦəmˈeːʃaː kˈaːm kˈəɾt̪iː ɾˈəɦt̪iː ɦˈɛː
चलिए इटली की योजनाओं के बारे में बताते हैं इटली मुख्य रूप से जर्मनी और जापान का छोटा भाई था	t͡ʃˈəlɪʲeː ˈɪʈliː kˈiː jˈoːd͡ʒnaːoː̃ kˈeː bˈaːɾeː mˈeː̃ bət̪ˈaːt̪eː ɦˈɛː̃ ˈɪʈliː mˈʊkʰj ɾˈuːp sˈeː d͡ʒˈəɾməniː ˈɔːɾ d͡ʒaːpˈaːn kˈaː t͡ʃʰˈoːʈaː bʱˈaːiː t̪ʰˈaː
इस pbs शो को दो दर्जन से ज़्यादा एमी पुरस्कार मिल चुके हैं नियमित प्रसारण के मामले में यह सिर्फ़ सीसेम स्ट्रीट और मिस्टर रॉजर नेबरहुड से पीछे है	ˈɪs pʰˈiːbiːz ʃˈoː kˈoː d̪ˈoː d̪ˈəɾd͡ʒən sˈeː zjˈaːd̪aː ˈeːmiː pʊɾəskˈaːɾ mˈɪl t͡ʃˈʊkeː ɦˈɛː̃ nˈɪjmɪt̪ pɾəsˈaːɾəɳ kˈeː mˈaːmleː mˈeː̃ jˈəɦ sˈɪɾf siːsˈeːm sʈɾˈiːʈ ˈɔːɾ mˈɪsʈəɾ ɾˈɔːd͡ʒəɾ neːbˈəɾɦʊɖ sˈeː pˈiːt͡ʃʰeː ɦˈɛː
एक तारे की रॉस्बी संख्या जो प्लाज़्मा फ़्लो से संबंधित है का पता लगाने के लिए उसकी चमक और रोटेशन का एक साथ इस्तेमाल किया जाता है	ˈeːk t̪ˈaːɾeː kˈiː ɾˈɔːsbiː sˈə̃ŋkʰjaː d͡ʒˈoː plˈaːzmaː flˈoː sˈeː sə̃mbˈə̃n̪d̪ʱɪt̪ ɦˈɛː kˈaː pˈət̪aː ləɡˈaːneː kˈeː lˈɪʲeː ˈʊskiː t͡ʃˈəmək ˈɔːɾ ɾoːʈˈeːʃən kˈaː ˈeːk sˈaːt̪ʰ ɪst̪eːmˈaːl kˈɪjaː d͡ʒˈaːt̪aː ɦˈɛː
इस साल अप्रैल में जज ग्लिन ने जेल प्रशासन के खिलाफ अस्थाई बचाव आदेश दिया था इसमें ऐसे लोगों को ज़बरदस्ती 24 घंटों से ज़्यादा रखने पर पाबंदी है जो जेल में आने के बाद न्यायलय कमिश्नर के सामने पेश नहीं किए गए	ˈɪs sˈaːl əpɾˈɛːl mˈeː̃ d͡ʒˈəd͡ʒ ɡlˈɪn nˈeː d͡ʒˈeːl pɾəʃˈaːsən kˈeː kʰɪlˈaːpʰ əst̪ʰˈaːiː bət͡ʃˈaːʋ aːd̪ˈeːʃ d̪ˈɪjaː t̪ʰˈaː ˈɪsmeː̃ ˈɛːseː lˈoːɡoː̃ kˈoː zəbəɾd̪ˈəst̪iː t͡ʃɔːbˈiːs ɡʱˈə̃ɳʈoː̃ sˈeː zjˈaːd̪aː ɾˈəkʰneː pˈəɾ paːbˈə̃n̪d̪iː ɦˈɛː d͡ʒˈoː d͡ʒˈeːl mˈeː̃ ˈaːneː kˈeː bˈaːd̪ njˈaːjlɛj kəmˈɪʃnəɾ kˈeː sˈaːmneː pˈeːʃ nˈəɦiː̃ kˈɪʲeː ɡˈəeː
रिपोर्टों के अनुसार मैकबेथ गली में एक अपार्टमेंट में गैस रिसाव के कारण विस्फोट हो गया	ɾɪpˈoːɾʈoː̃ kˈeː ənʊsˈaːɾ mɛːkbˈeːt̪ʰ ɡˈəliː mˈeː̃ ˈeːk əpaːɾʈəmˈeː̃ɳʈ mˈeː̃ ɡˈɛːs ɾɪsˈaːʋ kˈeː kˈaːɾəɳ ʋɪspʰˈoːʈ ɦˈoː ɡˈəjaː
पिछले 20 सालों से अपटाउन शॉर्लेट में बच्चे के अनुकूल विकल्पों की मात्रा तेज़ी से बढ़ी है	pˈɪt͡ʃʰleː bˈiːs sˈaːloː̃ sˈeː əpʈˈaːʊn ʃɔːɾlˈeːʈ mˈeː̃ bˈət͡ʃːeː kˈeː ənʊkˈuːl ʋɪkˈəlpoː̃ kˈiː mˈaːt̪ɾaː t̪ˈeːziː sˈeː bˈəɽʱiː ɦˈɛː
इसकी बड़ी चमकदार खिड़कियांं और पतली दीवारें लंबे समय तक निर्धारित हमले का विरोध करने में सक्षम नहीं होतीं	ˈɪskiː bˈəɽiː t͡ʃəməkd̪ˈaːɾ kʰˈɪɽkɪjaː̃ ˈɔːɾ pˈət̪liː d̪iːʋˈaːɾeː̃ lˈə̃mbeː sˈəmɛj t̪ˈək nɪɾd̪ʱˈaːɾɪt̪ ɦˈəmleː kˈaː ʋɪɾˈoːd̪ʱ kˈəɾneː mˈeː̃ sˈəkʃəm nˈəɦiː̃ ɦˈoːt̪iː̃
जैसे किसी भारी गाड़ी को पहाड़ पर रोल करके चढ़ाया जा रहा हो न्यूक्लियस को फिर से विभाजित करना और उसमें से कुछ ऊर्जा निकालना	d͡ʒˈɛːseː kˈɪsiː bʱˈaːɾiː ɡˈaːɽiː kˈoː pəɦˈaːɽ pˈəɾ ɾˈoːl kˈəɾkeː t͡ʃəɽʱˈaːjaː d͡ʒˈaː ɾˈəɦaː ɦˈoː njˈuːklɪjəs kˈoː pʰˈɪɾ sˈeː ʋɪbʱˈaːd͡ʒɪt̪ kˈəɾnaː ˈɔːɾ ˈʊsmeː̃ sˈeː kˈʊt͡ʃʰ ˈuːɾd͡ʒaː nɪkˈaːlnaː
सर्दियों के दौरान दौड़ कराने वाली कुछ क्रॉस कंट्री शरीर के ऊपरी हिस्से की मज़बूती के लिए जिम वालों से जुड़ गए हैं जो कि रनिंग सीज़न के लिए सबसे सही तैयारी है	sˈəɾd̪ɪjoː̃ kˈeː d̪ɔːɾˈaːn d̪ˈɔːɽ kəɾˈaːneː ʋˈaːliː kˈʊt͡ʃʰ kɾˈɔːs kˈə̃ɳʈɾiː ʃəɾˈiːɾ kˈeː ˈuːpɾiː ɦˈɪsːeː kˈiː məzbˈuːt̪iː kˈeː lˈɪʲeː d͡ʒˈɪm ʋˈaːloː̃ sˈeː d͡ʒˈʊɽ ɡˈəeː ɦˈɛː̃ d͡ʒˈoː kˈɪ ɾənˈɪ̃ŋɡ sˈiːzən kˈeː lˈɪʲeː sˈəbseː sˈəɦiː t̪ɛːjˈaːɾiː ɦˈɛː
मास्सा कम से कम बाकी के 2009 सीज़न के लिए बाहर हो सकते हैं	mˈaːsːaː kˈəm sˈeː kˈəm bˈaːkiː kˈeː d̪ˈoː ɦəzˈaːɾ nˈɔː sˈiːzən kˈeː lˈɪʲeː bˈaːɦəɾ ɦˈoː sˈəkt̪eː ɦˈɛː̃
एक और अंतर यह था कि जहां गरीब लोग और महिला कुर्सियों पर बैठकर खाना खाते थे वहीं अमीर लोग मिलजुल कर दावतें करना पसंद करते थे और भोजन करते वक्त वे मौज मस्ती करते थे	ˈeːk ˈɔːɾ ˈə̃n̪t̪əɾ jˈəɦ t̪ʰˈaː kˈɪ d͡ʒˈəɦaː̃ ɡəɾˈiːb lˈoːɡ ˈɔːɾ mˈəɦɪlaː kˈʊɾsɪjoː̃ pˈəɾ bˈɛːʈʰkəɾ kʰˈaːnaː kʰˈaːt̪eː t̪ʰˈeː ʋˈəɦiː̃ əmˈiːɾ lˈoːɡ mˈɪld͡ʒʊl kˈəɾ d̪ˈaːʋt̪eː̃ kˈəɾnaː pəsˈə̃n̪d̪ kˈəɾt̪eː t̪ʰˈeː ˈɔːɾ bʱˈoːd͡ʒən kˈəɾt̪eː ʋˈəkt̪ ʋˈeː mˈɔːd͡ʒ mˈəst̪iː kˈəɾt̪eː t̪ʰˈeː
साल के अन्य समय में यहां पर छोटी टूर्नामेंट और मैच भी देखे जा सकते हैं	sˈaːl kˈeː ˈənj sˈəmɛj mˈeː̃ jˈəɦaː̃ pˈəɾ t͡ʃʰˈoːʈiː ʈuːɾnaːmˈeː̃ɳʈ ˈɔːɾ mˈɛːt͡ʃ bʱˈiː d̪ˈeːkʰeː d͡ʒˈaː sˈəkt̪eː ɦˈɛː̃
फ़ायर कैप्टन स्कॉट कोनुस ने कहा 90 के दशक में तापमान के साथ सांता क्लारा में यह एक गर्म दिन था	fˈaːjəɾ kˈɛːpʈən skˈɔːʈ kˈoːnʊs nˈeː kˈəɦaː nˈəbːeː kˈeː d̪ˈəʃək mˈeː̃ t̪aːpmˈaːn kˈeː sˈaːt̪ʰ sˈaː̃n̪t̪aː klˈaːɾaː mˈeː̃ jˈəɦ ˈeːk ɡˈəɾm d̪ˈɪn t̪ʰˈaː
1993 में शो छोड़ने के बाद भी वे एग्जीक्यूटिव प्रोड्यूसर के पद पर बने रहे और हर सीज़न में लाखों-करोड़ों डॉलर की रॉयल्टी लेते रहे	ˈeːk ɦəzˈaːɾ nˈɔː sˈɔː t̪ɪɾˈaːnʋeː mˈeː̃ ʃˈoː t͡ʃʰˈoːɽneː kˈeː bˈaːd̪ bʱˈiː ʋˈeː eːɡd͡ʒˈiːkjuːʈɪʋ pɾˈoːɖjuːsəɾ kˈeː pˈəd̪ pˈəɾ bˈəneː ɾˈəɦeː ˈɔːɾ ɦˈəɾ sˈiːzən mˈeː̃ lˈaːkʰoː̃ kəɾˈoːɽoː̃ ɖˈɔːləɾ kˈiː ɾɔːjˈəlʈiː lˈeːt̪eː ɾˈəɦeː
यह समस्या कम होती जा रीा है क्योंकि लेंस निर्माता लेंस उत्पादन में उच्च मानक प्राप्त करते जा रहे हैं	jˈəɦ səmˈəsjaː kˈəm ɦˈoːt̪iː d͡ʒˈaː ɾˈiː ɦˈɛː kjˈoː̃ŋkɪ lˈeː̃s nɪɾmˈaːt̪aː lˈeː̃s ʊt̪pˈaːd̪ən mˈeː̃ ˈʊt͡ʃː mˈaːnək pɾˈaːpt̪ kˈəɾt̪eː d͡ʒˈaː ɾˈəɦeː ɦˈɛː̃
चेतावनी हटा लिए जाने के बावजूद हवाई समुद्र तट या उसके निकट स्थित चौदह विद्यालय बुधवार को बंद कर दिए गए	t͡ʃeːt̪ˈaːʋniː ɦˈəʈaː lˈɪʲeː d͡ʒˈaːneː kˈeː baːʋd͡ʒˈuːd̪ ɦəʋˈaːiː səmˈʊd̪ɾ t̪ˈəʈ jˈaː ˈʊskeː nˈɪkəʈ st̪ʰˈɪt̪ t͡ʃˈɔːd̪əɦ ʋɪd̪jˈaːlɛj bʊd̪ʱʋˈaːɾ kˈoː bˈə̃n̪d̪ kˈəɾ d̪ˈɪʲeː ɡˈəeː
वेनेज़ुएला के काम करने वाले दो तिहाई लोग सेवा क्षेत्र में काम करते हैं उद्योग में लगभग एक चौथाई काम करते हैं और कृषि में इसका पांचवा भाग काम करता है	ʋeːneːzʊˈeːlaː kˈeː kˈaːm kˈəɾneː ʋˈaːleː d̪ˈoː t̪ɪɦˈaːiː lˈoːɡ sˈeːʋaː kʃˈeːt̪ɾ mˈeː̃ kˈaːm kˈəɾt̪eː ɦˈɛː̃ ʊd̪jˈoːɡ mˈeː̃ lˈəɡbʱəɡ ˈeːk t͡ʃɔːt̪ʰˈaːiː kˈaːm kˈəɾt̪eː ɦˈɛː̃ ˈɔːɾ kɾˈɪʃɪ mˈeː̃ ˈɪskaː pˈaː̃ɲt͡ʃəʋaː bʱˈaːɡ kˈaːm kˈəɾt̪aː ɦˈɛː
अंदरूनी विषाक्तता का तुरंत पता नहीं चलता है इसके लक्षण सामान्य होते हैं जैसे कि उल्टी आना इसलिए इसका तुरंत निदान नहीं किया जा सकता है	ˈə̃n̪d̪əɾuːniː ʋɪʃˈaːkt̪ət̪aː kˈaː t̪ʊɾˈə̃n̪t̪ pˈət̪aː nˈəɦiː̃ t͡ʃˈəlt̪aː ɦˈɛː ˈɪskeː lˈəkʃəɳ saːmˈaːnj ɦˈoːt̪eː ɦˈɛː̃ d͡ʒˈɛːseː kˈɪ ˈʊlʈiː ˈaːnaː ˈɪslɪʲeː ˈɪskaː t̪ʊɾˈə̃n̪t̪ nɪd̪ˈaːn nˈəɦiː̃ kˈɪjaː d͡ʒˈaː sˈəkt̪aː ɦˈɛː
मैसाचुसेट्स के पूर्व गवर्नर मिट रोमनी ने मंगलवार को 46 प्रतिशत वोट के साथ फ्लोरिडा रिपब्लिकन पार्टी का राष्ट्रपति प्राथमिक चुनाव जीत लिया	mɛːsaːt͡ʃʊsˈeːʈs kˈeː pˈuːɾʋ ɡəʋˈəɾnəɾ mˈɪʈ ɾˈoːmniː nˈeː mə̃ŋɡəlʋˈaːɾ kˈoː t͡ʃʰɪjaːlˈiːs pɾˈət̪ɪʃət̪ ʋˈoːʈ kˈeː sˈaːt̪ʰ pʰlˈoːɾɪɖaː ɾɪpˈəblɪkən pˈaːɾʈiː kˈaː ɾˈaːʃʈɾəpt̪ɪ pɾˈaːt̪ʰmɪk t͡ʃʊnˈaːʋ d͡ʒˈiːt̪ lˈɪjaː
एक सरकारी प्रवक्ता ने कहा सार्वजनिक स्वास्थ्य और आपराधिक न्याय दोनों दृष्टिकोणों से यह महत्वपूर्ण है कि कानून को जल्द से जल्द लागू किया जाए	ˈeːk səɾkˈaːɾiː pɾəʋˈəkt̪aː nˈeː kˈəɦaː sˈaːɾʋəd͡ʒnɪk sʋˈaːst̪ʰj ˈɔːɾ ˈaːpɾaːd̪ʱɪk njˈaːj d̪ˈoːnoː̃ d̪ɾɪʃʈɪkˈoːɳoː̃ sˈeː jˈəɦ mɛɦɛt̪ʋəpˈuːɾɳ ɦˈɛː kˈɪ kaːnˈuːn kˈoː d͡ʒˈəld̪ sˈeː d͡ʒˈəld̪ lˈaːɡuː kˈɪjaː d͡ʒˈaːeː
खास पिरामिड के आकार के टॉवर पगोडा जिन्हें कभी-कभी ज़िगुरैट के नाम से भी जाना जाता था को मंदिर के हिस्से के तौर पर बनाया गया था	kʰˈaːs pɪɾˈaːmɪɖ kˈeː aːkˈaːɾ kˈeː ʈˈɔːʋəɾ pəɡˈoːɖaː d͡ʒˈɪnɦeː̃ kˈəbʱiː kˈəbʱiː zɪɡʊɾˈɛːʈ kˈeː nˈaːm sˈeː bʱˈiː d͡ʒˈaːnaː d͡ʒˈaːt̪aː t̪ʰˈaː kˈoː mˈə̃n̪d̪ɪɾ kˈeː ɦˈɪsːeː kˈeː t̪ˈɔːɾ pˈəɾ bənˈaːjaː ɡˈəjaː t̪ʰˈaː
11:29 बजे के आस-पास विरोध करने वाले लोग व्हाइटहॉल की ओर बढ़ गए इसके बाद वे किनारे-किनारे चलते हुए ट्राफ़ल्गर स्क्वायर एल्डविच किंग्सवे से गुजरते हुए होलबर्न की ओर बढ़ गए जहां कंजरवेटिव पार्टी ग्रैंड कनॉट रूम होटल में अपने स्प्रिंग फ़ोरम का आयोजन कर रही थी	ɡjˈaːɾəɦ bˈəd͡ʒkəɾ ʊnt̪ˈiːs mˈɪnəʈ kˈeː ˈaːs pˈaːs ʋɪɾˈoːd̪ʱ kˈəɾneː ʋˈaːleː lˈoːɡ ʋɦaːɪʈɦˈɔːl kˈiː ˈoːɾ bˈəɽʱ ɡˈəeː ˈɪskeː bˈaːd̪ ʋˈeː kɪnˈaːɾeː kɪnˈaːɾeː t͡ʃˈəlt̪eː ɦˈʊeː ʈɾaːfˈəlɡəɾ skʋˈaːjəɾ ˈeːlɖəʋɪt͡ʃ kˈɪ̃ŋɡsəʋeː sˈeː ɡʊd͡ʒˈəɾt̪eː ɦˈʊeː ɦoːlbˈəɾn kˈiː ˈoːɾ bˈəɽʱ ɡˈəeː d͡ʒˈəɦaː̃ kˈə̃ɲd͡ʒəɾʋeːʈɪʋ pˈaːɾʈiː ɡɾˈɛː̃ɳɖ kənˈɔːʈ ɾˈuːm ɦˈoːʈəl mˈeː̃ ˈəpneː spɾˈɪ̃ŋɡ fˈoːɾəm kˈaː aːjˈoːd͡ʒən kˈəɾ ɾˈəɦiː t̪ʰˈiː
अधिकांश मठों में बिना तैयारी के आने वाली महिलाओं के लिए सिर पर लपेटने का कपडा उपलब्ध कराया जाता है लेकिन अगर आप अपना विशेष रूप से चमकीले रंग का कपड़ा लाते हैं तो आपको प्रवेश द्वार पर साधु या नन से एक प्यारी सी मुस्कान मिलेगी	əd̪ʱɪkˈaː̃ʃ mˈəʈʰoː̃ mˈeː̃ bˈɪnaː t̪ɛːjˈaːɾiː kˈeː ˈaːneː ʋˈaːliː məɦɪlˈaːoː̃ kˈeː lˈɪʲeː sˈɪɾ pˈəɾ ləpˈeːʈneː kˈaː kˈəpɖaː ʊplˈəbd̪ʱ kəɾˈaːjaː d͡ʒˈaːt̪aː ɦˈɛː lˈeːkɪn ˈəɡəɾ ˈaːp ˈəpnaː ʋɪʃˈeːʃ ɾˈuːp sˈeː t͡ʃəmkˈiːleː ɾˈə̃ŋɡ kˈaː kˈəpɽaː lˈaːt̪eː ɦˈɛː̃ t̪ˈoː ˈaːpkoː pɾəʋˈeːʃ d̪ʋˈaːɾ pˈəɾ sˈaːd̪ʱʊ jˈaː nˈən sˈeː ˈeːk pjˈaːɾiː sˈiː mʊskˈaːn mɪlˈeːɡiː
अगली फ़ोटो में फोटॉन निकलने वाले परमाणुओं को दिखाया गया है बेशक असल में फोटॉन फ़ोटो की तुलना में बहुत छोटे होते हैं	ˈəɡliː fˈoːʈoː mˈeː̃ pʰoːʈˈɔːn nɪkˈəlneː ʋˈaːleː pəɾmˈaːɳʊoː̃ kˈoː d̪ɪkʰˈaːjaː ɡˈəjaː ɦˈɛː bˈeːʃək ˈəsəl mˈeː̃ pʰoːʈˈɔːn fˈoːʈoː kˈiː t̪ˈʊlnaː mˈeː̃ bˈəɦʊt̪ t͡ʃʰˈoːʈeː ɦˈoːt̪eː ɦˈɛː̃
आज सुबह स्थानीय समय के अनुसार लगभग 10 बजे इस्लाम के पवित्र शहर मक्का में एक छात्रावास ढह गया	ˈaːd͡ʒ sˈʊbəɦ st̪ʰaːnˈiːj sˈəmɛj kˈeː ənʊsˈaːɾ lˈəɡbʱəɡ d̪ˈəs bˈəd͡ʒeː ɪslˈaːm kˈeː pəʋˈɪt̪ɾ ʃˈɛɦɛɾ mˈəkːaː mˈeː̃ ˈeːk t͡ʃʰaːt̪ɾaːʋˈaːs ɖʱˈəɦ ɡˈəjaː
कुछ जूतों में स्टड होते हैं और फिसलन की स्थिति के लिए स्टड जोड़ा हुआ उपकरण होता है जो अधिकांश जूतों या बूटों के लिए हील के लिए या हील और सोल के लिए उपयुक्त होता है	kˈʊt͡ʃʰ d͡ʒˈuːt̪oː̃ mˈeː̃ sʈˈəɖ ɦˈoːt̪eː ɦˈɛː̃ ˈɔːɾ pʰˈɪslən kˈiː st̪ʰˈɪt̪ɪ kˈeː lˈɪʲeː sʈˈəɖ d͡ʒˈoːɽaː ɦˈʊaː ʊpˈəkɾəɳ ɦˈoːt̪aː ɦˈɛː d͡ʒˈoː əd̪ʱɪkˈaː̃ʃ d͡ʒˈuːt̪oː̃ jˈaː bˈuːʈoː̃ kˈeː lˈɪʲeː ɦˈiːl kˈeː lˈɪʲeː jˈaː ɦˈiːl ˈɔːɾ sˈoːl kˈeː lˈɪʲeː ʊpjˈʊkt̪ ɦˈoːt̪aː ɦˈɛː
एवेंजर क्लास माइन काउंटरमेज़र शिप यह जहाज़ पालवन के प्यर्टो प्रिंसेसा के रास्ते में था	eːʋˈeː̃ɲd͡ʒəɾ klˈaːs mˈaːɪn kaːˈʊ̃ɳʈəɾmeːzəɾ ʃˈɪp jˈəɦ d͡ʒəɦˈaːz pˈaːlʋən kˈeː pjˈəɾʈoː pɾɪ̃sˈeːsaː kˈeː ɾˈaːst̪eː mˈeː̃ t̪ʰˈaː
इन वेबसाइट्स के सकारात्मक पहलू हैं जिनमें ब्लॉग वीडियो फ़ोटो और अन्य फ़ीचर्स वाले क्लास पेज को आसानी से सेटअप कर पाना शामिल है	ˈɪn ʋeːbsaːˈɪʈs kˈeː səkaːɾˈaːt̪mək pˈəɦluː ɦˈɛː̃ d͡ʒˈɪnmeː̃ blˈɔːɡ ʋˈiːɖɪjoː fˈoːʈoː ˈɔːɾ ˈənj fiːt͡ʃˈəɾs ʋˈaːleː klˈaːs pˈeːd͡ʒ kˈoː aːsˈaːniː sˈeː sˈeːʈəəp kˈəɾ pˈaːnaː ʃˈaːmɪl ɦˈɛː
il-76 1970 के दशक से ही रूसी और सोवियत सेनाओं का मुख्य घटक रहा है पिछले ही महीने रूस में इसकी एक गंभीर दुर्घटना देखी गई थी	ˈɪɫ t͡ʃʰˈɪɦət̪ːəɾ ˈeːk ɦəzˈaːɾ nˈɔː sˈɔː sˈət̪ːəɾ kˈeː d̪ˈəʃək sˈeː ɦˈiː ɾˈuːsiː ˈɔːɾ sˈoːʋɪjət̪ seːnˈaːoː̃ kˈaː mˈʊkʰj ɡʱˈəʈək ɾˈəɦaː ɦˈɛː pˈɪt͡ʃʰleː ɦˈiː məɦˈiːneː ɾˈuːs mˈeː̃ ˈɪskiː ˈeːk ɡə̃mbʱˈiːɾ d̪ʊɾɡʱˈəʈnaː d̪ˈeːkʰiː ɡˈəiː t̪ʰˈiː
पिटमैन के अनुसार पैक बर्फ की मात्रा और मोटाई पिछले 15 वर्षों में सीलर्स के लिए सबसे ख़राब है	pɪʈmˈɛːn kˈeː ənʊsˈaːɾ pˈɛːk bˈəɾpʰ kˈiː mˈaːt̪ɾaː ˈɔːɾ moːʈˈaːiː pˈɪt͡ʃʰleː pˈə̃n̪d̪ɾəɦ ʋˈəɾʃoː̃ mˈeː̃ siːlˈəɾs kˈeː lˈɪʲeː sˈəbseː xəɾˈaːb ɦˈɛː
सैनिक चींटी अलग-अलग चरणों में एक कतार में चलते हुए कॉलोनी और घर बनाती हैं	sˈɛːnɪk t͡ʃˈiː̃ɳʈiː ˈələɡ ˈələɡ t͡ʃˈəɾɳoː̃ mˈeː̃ ˈeːk kət̪ˈaːɾ mˈeː̃ t͡ʃˈəlt̪eː ɦˈʊeː kɔːlˈoːniː ˈɔːɾ ɡʱˈəɾ bənˈaːt̪iː ɦˈɛː̃
ये एजेंट पाकिस्तानी संविधान के अनुच्छेद 247 के तहत सरकार और न्यायिक सेवाएं प्रदान करने के लिए ज़िम्मेदार हैं	jˈeː eːd͡ʒˈeː̃ɳʈ paːkɪst̪ˈaːniː sə̃ʋɪd̪ʱˈaːn kˈeː ənʊt͡ʃʰːˈeːd̪ d̪ˈoː sˈɔː sɛː̃n̪t̪aːlˈiːs kˈeː t̪ˈɛɦɛt̪ səɾkˈaːɾ ˈɔːɾ njˈaːjɪk seːʋˈaːeː̃ pɾəd̪ˈaːn kˈəɾneː kˈeː lˈɪʲeː zɪmːeːd̪ˈaːɾ ɦˈɛː̃
अभी तक कई बंधकों को बचा लिया गया है और कम से कम छह के मारे जाने की पुष्टि हुई है	ˈəbʱiː t̪ˈək kˈəiː bˈə̃n̪d̪ʱəkoː̃ kˈoː bˈət͡ʃaː lˈɪjaː ɡˈəjaː ɦˈɛː ˈɔːɾ kˈəm sˈeː kˈəm t͡ʃʰˈəɦ kˈeː mˈaːɾeː d͡ʒˈaːneː kˈiː pˈʊʃʈɪ ɦˈʊiː ɦˈɛː
इसे तेज़ी से प्राप्त करने का एकमात्र तरीका इसे चेक किए गए सामान के रूप में भेजना था एयरलाइन के नियम उन्हें बिना यात्री के सामान भेजने की अनुमति नहीं देंगे और यहीं पर आप काम आएंगे	ˈɪseː t̪ˈeːziː sˈeː pɾˈaːpt̪ kˈəɾneː kˈaː eːkmˈaːt̪ɾ t̪əɾˈiːkaː ˈɪseː t͡ʃˈeːk kˈɪʲeː ɡˈəeː saːmˈaːn kˈeː ɾˈuːp mˈeː̃ bʱˈeːd͡ʒnaː t̪ʰˈaː eːjəɾlˈaːɪn kˈeː nˈɪjəm ˈʊnɦeː̃ bˈɪnaː jˈaːt̪ɾiː kˈeː saːmˈaːn bʱˈeːd͡ʒneː kˈiː ənˈʊmt̪ɪ nˈəɦiː̃ d̪ˈeː̃ŋɡeː ˈɔːɾ jˈəɦiː̃ pˈəɾ ˈaːp kˈaːm aːˈeː̃ŋɡeː
सड़क यात्रा करने के लिए अपनी कार का उपयोग करना एक शानदार तरीका है कभी कभी यह  कैंप”का काम भी करती है।	sˈəɽək jˈaːt̪ɾaː kˈəɾneː kˈeː lˈɪʲeː ˈəpniː kˈaːɾ kˈaː ʊpjˈoːɡ kˈəɾnaː ˈeːk ʃaːnd̪ˈaːɾ t̪əɾˈiːkaː ɦˈɛː kˈəbʱiː kˈəbʱiː jˈəɦ kˈɛː̃mp kˈaː kˈaːm bʱˈiː kˈəɾt̪iː ɦˈɛː .
2022 में चीन का बीजिंग शहर ओलंपिक शीतकालीन खेलों का मेज़बान शहर होगा जो दोनों ग्रीष्मकालीन और शीतकालीन ओलंपिक की मेज़बानी करने वाला पहला शहर बन जाएगा	d̪ˈoː ɦəzˈaːɾ baːˈiːs mˈeː̃ t͡ʃˈiːn kˈaː biːd͡ʒˈɪ̃ŋɡ ʃˈɛɦɛɾ oːlˈə̃mpɪk ʃiːt̪kaːlˈiːn kʰˈeːloː̃ kˈaː meːzbˈaːn ʃˈɛɦɛɾ ɦˈoːɡaː d͡ʒˈoː d̪ˈoːnoː̃ ɡɾiːʃməkaːlˈiːn ˈɔːɾ ʃiːt̪kaːlˈiːn oːlˈə̃mpɪk kˈiː mˈeːzbaːniː kˈəɾneː ʋˈaːlaː pˈəɦlaː ʃˈɛɦɛɾ bˈən d͡ʒaːˈeːɡaː
कई सरकारों की आवश्यकता होती है कि उनके देश में आने वाले लोगों को या बाहर जाने वाले उनके देशवासियों को कई बीमारियों का टीका लगाया जाना चाहिए	kˈəiː səɾkˈaːɾoː̃ kˈiː aːʋəʃjˈəkt̪aː ɦˈoːt̪iː ɦˈɛː kˈɪ ˈʊnkeː d̪ˈeːʃ mˈeː̃ ˈaːneː ʋˈaːleː lˈoːɡoː̃ kˈoː jˈaː bˈaːɦəɾ d͡ʒˈaːneː ʋˈaːleː ˈʊnkeː d̪ˈeːʃʋaːsɪjoː̃ kˈoː kˈəiː biːmˈaːɾɪjoː̃ kˈaː ʈˈiːkaː ləɡˈaːjaː d͡ʒˈaːnaː t͡ʃˈaːɦɪʲeː
जब खाना कम हो जाता है तो बस्ती बंजारा चरण शुरू करती है इस चरण में बस्ती अस्थाई घोंसले बनाती है जिन्हें प्रतिदिन बदला जाता है	d͡ʒˈəb kʰˈaːnaː kˈəm ɦˈoː d͡ʒˈaːt̪aː ɦˈɛː t̪ˈoː bˈəst̪iː bˈə̃ɲd͡ʒaːɾaː t͡ʃˈəɾəɳ ʃˈʊɾuː kˈəɾt̪iː ɦˈɛː ˈɪs t͡ʃˈəɾəɳ mˈeː̃ bˈəst̪iː əst̪ʰˈaːiː ɡʱˈoː̃sleː bənˈaːt̪iː ɦˈɛː d͡ʒˈɪnɦeː̃ pɾˈət̪ɪd̪ɪn bˈəd̪laː d͡ʒˈaːt̪aː ɦˈɛː
28 वर्षीय विडाल तीन सीजन पहले सेविला से बारका में शामिल हुए थे	əʈʈʰaːˈiːs ʋəɾʃˈiːj ʋɪɖˈaːl t̪ˈiːn sˈiːd͡ʒən pˈəɦleː sˈeːʋɪlaː sˈeː bˈaːɾkaː mˈeː̃ ʃˈaːmɪl ɦˈʊeː t̪ʰˈeː
यह पहली बार है जब बल्क ई-मेल और स्पैम को अनचाहे डिस्ट्रिब्यूटर से उपयोगकर्ता के मेलबॉक्स में आने से रोकने के लिए 2003 में बनाए गए कानून का इस्तेमाल करके विश्वास हासिल किया गया	jˈəɦ pˈəɦliː bˈaːɾ ɦˈɛː d͡ʒˈəb bˈəlk ˈiː mˈeːl ˈɔːɾ spˈɛːm kˈoː ənt͡ʃˈaːɦeː ɖˈɪsʈɾɪbjuːʈəɾ sˈeː ʊpjˈoːɡkəɾt̪aː kˈeː meːlbˈɔːks mˈeː̃ ˈaːneː sˈeː ɾˈoːkneː kˈeː lˈɪʲeː d̪ˈoː ɦəzˈaːɾ t̪ˈiːn mˈeː̃ bənˈaːeː ɡˈəeː kaːnˈuːn kˈaː ɪst̪eːmˈaːl kˈəɾkeː ʋɪʃʋˈaːs ɦˈaːsɪl kˈɪjaː ɡˈəjaː
अब जापान के लिए ब्रिटेन की तरह ही जापान एक द्वीपीय देश था	ˈəb d͡ʒaːpˈaːn kˈeː lˈɪʲeː bɾɪʈˈeːn kˈiː t̪ˈəɾəɦ ɦˈiː d͡ʒaːpˈaːn ˈeːk d̪ʋiːpˈiːj d̪ˈeːʃ t̪ʰˈaː
गैस कंपनी के एक अधिकारी ने पड़ोसी द्वारा किए गए गैस लीक के फ़ोन के चलते जगह का दौरा किया	ɡˈɛːs kˈə̃mpəniː kˈeː ˈeːk əd̪ʱɪkˈaːɾiː nˈeː pəɽˈoːsiː d̪ʋˈaːɾaː kˈɪʲeː ɡˈəeː ɡˈɛːs lˈiːk kˈeː fˈoːn kˈeː t͡ʃˈəlt̪eː d͡ʒˈəɡəɦ kˈaː d̪ˈɔːɾaː kˈɪjaː
घर पर आंखों की जांच करने पर विचार करें खासकर अगर बीमा इसका भुगतान करता है,और पर्चे को साथ लाने के लिए कहीं और दायर किया जाए।	ɡʱˈəɾ pˈəɾ ˈaː̃ŋkʰoː̃ kˈiː d͡ʒˈaː̃ɲt͡ʃ kˈəɾneː pˈəɾ ʋɪt͡ʃˈaːɾ kˈəɾeː̃ kʰˈaːskəɾ ˈəɡəɾ bˈiːmaː ˈɪskaː bʱʊɡt̪ˈaːn kˈəɾt̪aː ɦˈɛː , ˈɔːɾ pˈəɾt͡ʃeː kˈoː sˈaːt̪ʰ lˈaːneː kˈeː lˈɪʲeː kˈəɦiː̃ ˈɔːɾ d̪ˈaːjəɾ kˈɪjaː d͡ʒˈaːeː .
पराग्वे जिसे पहले इंडीज का विशाल प्रांत कहा जाता था उसका जन्म 16वीं शताब्दी में स्वदेशी समूहों के साथ स्पेनिश विजेताओं की मुठभेड़ की वजह से हुआ था	pəɾˈaːɡʋeː d͡ʒˈɪseː pˈəɦleː ɪ̃ɳɖˈiːd͡ʒ kˈaː ʋɪʃˈaːl pɾˈaː̃n̪t̪ kˈəɦaː d͡ʒˈaːt̪aː t̪ʰˈaː ˈʊskaː d͡ʒˈənm soːlˈəɦʋiː̃ ʃət̪ˈaːbd̪iː mˈeː̃ sʋəd̪ˈeːʃiː səmˈuːɦoː̃ kˈeː sˈaːt̪ʰ spˈeːnɪʃ ʋɪd͡ʒeːt̪ˈaːoː̃ kˈiː mʊʈʰbʱˈeːɽ kˈiː ʋˈəd͡ʒəɦ sˈeː ɦˈʊaː t̪ʰˈaː
बैंड ने माउ के वॉर मेमोरियल स्टेडियम में होने वाले शो को रद्द कर दिया जिसको कि 9,000 लोग देखने के लिए आने वाले थे और प्रशंसको से माफ़ी मांगी	bˈɛː̃ɳɖ nˈeː mˈaːʊ kˈeː ʋˈɔːɾ meːmˈoːɾɪjəl sʈˈeːɖɪjəm mˈeː̃ ɦˈoːneː ʋˈaːleː ʃˈoː kˈoː ɾˈəd̪ː kˈəɾ d̪ˈɪjaː d͡ʒˈɪskoː kˈɪ nˈɔː ɦəzˈaːɾ lˈoːɡ d̪ˈeːkʰneː kˈeː lˈɪʲeː ˈaːneː ʋˈaːleː t̪ʰˈeː ˈɔːɾ pɾəʃˈə̃skoː sˈeː mˈaːfiː mˈaː̃ŋɡiː
जो नियमित गतिविधि में हिस्सा ले रहे हैं उन्हें दर्द के नकारात्मक संवेदना के रूप में ज़्यादा सपोर्ट की ज़रूरत है ऐसा इसलिए है ताकि वे सामान्य शारीरिक हलचल से होने वाले तेज़ दर्द और असहजता में अंतर कर सकें	d͡ʒˈoː nˈɪjmɪt̪ ɡˈət̪ɪʋɪd̪ʱɪ mˈeː̃ ɦˈɪsːaː lˈeː ɾˈəɦeː ɦˈɛː̃ ˈʊnɦeː̃ d̪ˈəɾd̪ kˈeː nəkaːɾˈaːt̪mək sə̃ʋˈeːd̪naː kˈeː ɾˈuːp mˈeː̃ zjˈaːd̪aː səpˈoːɾʈ kˈiː zəɾˈuːɾət̪ ɦˈɛː ˈɛːsaː ˈɪslɪʲeː ɦˈɛː t̪ˈaːkɪ ʋˈeː saːmˈaːnj ʃaːɾˈiːɾɪk ɦˈəlt͡ʃəl sˈeː ɦˈoːneː ʋˈaːleː t̪ˈeːz d̪ˈəɾd̪ ˈɔːɾ əsɦˈəd͡ʒt̪aː mˈeː̃ ˈə̃n̪t̪əɾ kˈəɾ sˈəkeː̃
apple के सीईओ स्टीव जॉब्स ने मंच पर चढ़ कर और अपनी जींस की जेब से आईफ़ोन निकालकर डिवाइस का अनावरण किया	ˈæpəɫ kˈeː siːˈiːoː sʈˈiːʋ d͡ʒˈɔːbs nˈeː mˈə̃ɲt͡ʃ pˈəɾ t͡ʃˈəɽʱ kˈəɾ ˈɔːɾ ˈəpniː d͡ʒˈiː̃s kˈiː d͡ʒˈeːb sˈeː aːiːfˈoːn nɪkˈaːlkəɾ ɖɪʋˈaːɪs kˈaː ənˈaːʋɾəɳ kˈɪjaː
हम कई यूनानी राजनेताओं वैज्ञानिकों और कलाकारों को जानते हैं संभवतः इस संस्कृति के सबसे प्रसिद्ध व्यक्ति होमर महान अंधे कवि हैं जिन्होंने ग्रीक साहित्य में दो उत्कृष्ट कृतियों की रचना की कविताएं इलियड और ओडिसी	ɦˈəm kˈəiː juːnˈaːniː ɾˈaːd͡ʒneːt̪aːoː̃ ʋˈɛːɡjaːnɪkoː̃ ˈɔːɾ kəlaːkˈaːɾoː̃ kˈoː d͡ʒˈaːnt̪eː ɦˈɛː̃ sˈə̃mbʱəʋt̪əh ˈɪs sˈə̃skɾɪt̪ɪ kˈeː sˈəbseː pɾˈəsɪd̪ʱː ʋjˈəkt̪ɪ ɦˈoːməɾ məɦˈaːn ˈə̃n̪d̪ʱeː kˈəʋɪ ɦˈɛː̃ d͡ʒɪnɦˈoː̃neː ɡɾˈiːk saːɦˈɪt̪j mˈeː̃ d̪ˈoː ʊt̪kɾˈɪʃʈ kɾˈɪt̪ɪjoː̃ kˈiː ɾˈət͡ʃnaː kˈiː kəʋɪt̪ˈaːeː̃ ˈɪlɪjəɖ ˈɔːɾ ˈoːɖɪsiː
कैफ़ेनेट एल सोल 30 अमेरिकन डॉलर एक दिन के लिए या आरक्षण सेवा प्रदान करने के लिए 10 अमेरिकन डॉलर लेता है उनके corcovado पृष्ठ पर पूरा विवरण दिया हुआ है	kɛːfeːnˈeːʈ ˈeːl sˈoːl t̪ˈiːs əmˈeːɾɪkən ɖˈɔːləɾ ˈeːk d̪ˈɪn kˈeː lˈɪʲeː jˈaː aːɾˈəkʃəɳ sˈeːʋaː pɾəd̪ˈaːn kˈəɾneː kˈeː lˈɪʲeː d̪ˈəs əmˈeːɾɪkən ɖˈɔːləɾ lˈeːt̪aː ɦˈɛː ˈʊnkeː kʰˌɔːɹkoᶷvˈɑːd̬oᶷ pɾˈɪʃʈʰ pˈəɾ pˈuːɾaː ʋˈɪʋɾəɳ d̪ˈɪjaː ɦˈʊaː ɦˈɛː
कल्पना करिए कि आप टोरंटो के किसी रेस्टोरेंट में अपनी मेज पर मैन्कूनियन बोस्टोनियन जमैकन और सिडनीसाइडर के साथ डिनर कर रहे हैं	kˈəlpənaː kˈəɾɪʲeː kˈɪ ˈaːp ʈoːɾˈə̃ɳʈoː kˈeː kˈɪsiː ɾeːsʈoːɾˈeː̃ɳʈ mˈeː̃ ˈəpniː mˈeːd͡ʒ pˈəɾ mˈɛːnkuːnɪjən bˈoːsʈoːnɪjən d͡ʒəmˈɛːkən ˈɔːɾ sɪɖniːsˈaːɪɖəɾ kˈeː sˈaːt̪ʰ ɖˈɪnəɾ kˈəɾ ɾˈəɦeː ɦˈɛː̃
इंग्लैंड के बायोलॉजिस्ट रॉबर्ट हुक ने माइक्रोस्कोप से कॉर्क में छोटे चौखाने देखे	ɪ̃ŋɡlˈɛː̃ɳɖ kˈeː baːjoːlɔːd͡ʒˈɪsʈ ɾɔːbˈəɾʈ ɦˈʊk nˈeː maːɪkɾoːskˈoːp sˈeː kˈɔːɾk mˈeː̃ t͡ʃʰˈoːʈeː t͡ʃɔːkʰˈaːneː d̪ˈeːkʰeː
2008 के 400 सबसे अमीर अमेरिकियों की सूची में बैटन को $ 2.3 billion की अनुमानित संपत्ति के साथ 190 वें स्थान पर रखा गया था।	d̪ˈoː ɦəzˈaːɾ ˈaːʈʰ kˈeː t͡ʃˈaːɾ sˈɔː sˈəbseː əmˈiːɾ əmˈeːɾɪkɪjoː̃ kˈiː sˈuːt͡ʃiː mˈeː̃ bˈɛːʈən kˈoː d̪ˈoː d̪əʃˈəmləʋ t̪ˈiːn ɖˈɔːləɾ bˈɪɫjən kˈiː ənʊmˈaːnɪt̪ sˈə̃mpət̪ːɪ kˈeː sˈaːt̪ʰ ˈeːk sˈɔː nəbːˈeːʋeː̃ st̪ʰˈaːn pˈəɾ ɾˈəkʰaː ɡˈəjaː t̪ʰˈaː .
व्हिस्लर वैंकूवर से 1.5 घंटे ड्राइव की दूरी पर 2010 के विंटर ओलंपिक की वजह से काफ़ी मशहूर हुआ	ʋɦˈɪsləɾ ʋˈɛː̃ŋkuːʋəɾ sˈeː ˈeːk d̪əʃˈəmləʋ pˈaː̃t͡ʃ ɡʱˈə̃ɳʈeː ɖɾˈaːɪʋ kˈiː d̪ˈuːɾiː pˈəɾ d̪ˈoː ɦəzˈaːɾ d̪ˈəs kˈeː ʋˈɪ̃ɳʈəɾ oːlˈə̃mpɪk kˈiː ʋˈəd͡ʒəɦ sˈeː kˈaːfiː məʃɦˈuːɾ ɦˈʊaː
ऐसे बच्चे  पाशविक प्रवृत्ति वाले” या जंगली कहलाते हैं. कुछ जंगली बच्चों को लोग ज़्यादातार उनके माता-पिता दुनिया से अलग रखते हैं. कुछ मामलों में बच्चों की किसी मानसिक या शारीरिक कमी की वजह से माता-पिता ऐसा करते हैं	ˈɛːseː bˈət͡ʃːeː pˈaːʃʋɪk pɾˈəʋɾɪt̪ːɪ ʋˈaːleː jˈaː d͡ʒˈə̃ŋɡəliː kəɦlˈaːt̪eː ɦˈɛː̃ . kˈʊt͡ʃʰ d͡ʒˈə̃ŋɡəliː bˈət͡ʃːoː̃ kˈoː lˈoːɡ zjaːd̪aːt̪ˈaːɾ ˈʊnkeː mˈaːt̪aː pˈɪt̪aː d̪ˈʊnɪjaː sˈeː ˈələɡ ɾˈəkʰt̪eː ɦˈɛː̃ . kˈʊt͡ʃʰ mˈaːmloː̃ mˈeː̃ bˈət͡ʃːoː̃ kˈiː kˈɪsiː mˈaːnsɪk jˈaː ʃaːɾˈiːɾɪk kˈəmiː kˈiː ʋˈəd͡ʒəɦ sˈeː mˈaːt̪aː pˈɪt̪aː ˈɛːsaː kˈəɾt̪eː ɦˈɛː̃
बर्फ गिरने या वाहन की खिड़कियों पर बर्फ के संघनन से भी दृश्यता कम हो सकती है	bˈəɾpʰ ɡˈɪɾneː jˈaː ʋˈaːɦən kˈiː kʰˈɪɽkɪjoː̃ pˈəɾ bˈəɾpʰ kˈeː sˈə̃ŋɡʱənən sˈeː bʱˈiː d̪ɾˈɪʃjət̪aː kˈəm ɦˈoː sˈəkt̪iː ɦˈɛː
हैंगी भोजन को जमीन में एक गर्म गड्ढे में पकाया जाता है	ɦˈɛː̃ŋɡiː bʱˈoːd͡ʒən kˈoː d͡ʒəmˈiːn mˈeː̃ ˈeːk ɡˈəɾm ɡˈəɖɖʱeː mˈeː̃ pəkˈaːjaː d͡ʒˈaːt̪aː ɦˈɛː
1624 में डच ईस्ट इंडिया कंपनी ने दक्षिण-पश्चिमी ताइवान में एक बेस की स्थापना की थी जो आदिवासी अनाज उत्पादन के तरीको में परिवर्तन की शुरुआत कर रही थी और चीनी मजदूरों को अपने चावल और चीनी बागानों पर काम करने के लिए नियुक्त कर रही थी	ˈeːk ɦəzˈaːɾ t͡ʃʰˈəɦ sˈɔː t͡ʃɔːbˈiːs mˈeː̃ ɖˈət͡ʃ ˈiːsʈ ˈɪ̃ɳɖɪjaː kˈə̃mpəniː nˈeː d̪ˈəkʃɪɳ pˈəʃt͡ʃɪmiː t̪aːɪʋˈaːn mˈeː̃ ˈeːk bˈeːs kˈiː st̪ʰˈaːpnaː kˈiː t̪ʰˈiː d͡ʒˈoː aːd̪ɪʋˈaːsiː ənˈaːd͡ʒ ʊt̪pˈaːd̪ən kˈeː t̪əɾˈiːkoː mˈeː̃ pəɾɪʋˈəɾt̪ən kˈiː ʃʊɾʊˈaːt̪ kˈəɾ ɾˈəɦiː t̪ʰˈiː ˈɔːɾ t͡ʃˈiːniː məd͡ʒd̪ˈuːɾoː̃ kˈoː ˈəpneː t͡ʃˈaːʋəl ˈɔːɾ t͡ʃˈiːniː baːɡˈaːnoː̃ pˈəɾ kˈaːm kˈəɾneː kˈeː lˈɪʲeː nɪjˈʊkt̪ kˈəɾ ɾˈəɦiː t̪ʰˈiː
एक कोशिका एक जीवित जीव की सबसे छोटी संरचनात्मक और कार्यात्मक इकाई है	ˈeːk kˈoːʃɪkaː ˈeːk d͡ʒˈiːʋɪt̪ d͡ʒˈiːʋ kˈiː sˈəbseː t͡ʃʰˈoːʈiː sə̃ɾət͡ʃnˈaːt̪mək ˈɔːɾ kaːɾjˈaːt̪mək ɪkˈaːiː ɦˈɛː
नौका विहार फिनलैंड में एक राष्ट्रीय शगल है हर सात या आठ लोगों पर एक नाव है	nˈɔːkaː ʋɪɦˈaːɾ pʰɪnlˈɛː̃ɳɖ mˈeː̃ ˈeːk ɾaːʃʈɾˈiːj ʃˈəɡəl ɦˈɛː ɦˈəɾ sˈaːt̪ jˈaː ˈaːʈʰ lˈoːɡoː̃ pˈəɾ ˈeːk nˈaːʋ ɦˈɛː
जर्मनी ने इस हमले को ऑपरेशन सीलियन नाम दिया डनक्रिक से निकाले जाने पर ब्रिटिश सेना के अधिकांश भारी हथियार और सामान खो गए थे इसलिए सेना काफी कमज़ोर थी	d͡ʒˈəɾməniː nˈeː ˈɪs ɦˈəmleː kˈoː ˈɔːpɾeːʃən sˈiːlɪjən nˈaːm d̪ˈɪjaː ɖənˈəkɾɪk sˈeː nɪkˈaːleː d͡ʒˈaːneː pˈəɾ bɾˈɪʈɪʃ sˈeːnaː kˈeː əd̪ʱɪkˈaː̃ʃ bʱˈaːɾiː ɦət̪ʰɪjˈaːɾ ˈɔːɾ saːmˈaːn kʰˈoː ɡˈəeː t̪ʰˈeː ˈɪslɪʲeː sˈeːnaː kˈaːpʰiː kəmzˈoːɾ t̪ʰˈiː
साल के अन्य समय में यहां पर छोटी टूर्नामेंट और मैच भी देखे जा सकते हैं	sˈaːl kˈeː ˈənj sˈəmɛj mˈeː̃ jˈəɦaː̃ pˈəɾ t͡ʃʰˈoːʈiː ʈuːɾnaːmˈeː̃ɳʈ ˈɔːɾ mˈɛːt͡ʃ bʱˈiː d̪ˈeːkʰeː d͡ʒˈaː sˈəkt̪eː ɦˈɛː̃
यह ebay के इतिहास में सबसे बड़ा अधिग्रहण है	jˈəɦ ˈiːbeᶦ kˈeː ɪt̪ɪɦˈaːs mˈeː̃ sˈəbseː bˈəɽaː əd̪ʱˈɪɡɾɛɦɛɳ ɦˈɛː
टोक्यो गेम शो में गुरूवार को निन्टेन्डो के अध्यक्ष सटोरू इवाता ने कंपनी के रिवोल्यूशन कंसोल के लिए कंट्रोलर डिजाइन का अनावरण किया	ʈˈoːkjoː ɡˈeːm ʃˈoː mˈeː̃ ɡʊɾuːʋˈaːɾ kˈoː nɪnʈˈeːnɖoː kˈeː əd̪ʱjˈəkʃ səʈˈoːɾuː ɪʋˈaːt̪aː nˈeː kˈə̃mpəniː kˈeː ɾɪʋˈoːljuːʃən kə̃sˈoːl kˈeː lˈɪʲeː kˈə̃ɳʈɾoːləɾ ɖɪd͡ʒˈaːɪn kˈaː ənˈaːʋɾəɳ kˈɪjaː
किसी भी बच्चे को कभी भी ऐसे वातावरण में नहीं बढ़ना चाहिए जो कि पालन पोषण करने देखभाल करने वाला और शैक्षणिक न हो लेकिन वे बढ़ रहे हैं	kˈɪsiː bʱˈiː bˈət͡ʃːeː kˈoː kˈəbʱiː bʱˈiː ˈɛːseː ʋaːt̪ˈaːʋɾəɳ mˈeː̃ nˈəɦiː̃ bˈəɽʱnaː t͡ʃˈaːɦɪʲeː d͡ʒˈoː kˈɪ pˈaːlən pˈoːʃəɳ kˈəɾneː d̪eːkʰbʱˈaːl kˈəɾneː ʋˈaːlaː ˈɔːɾ ʃˈɛːkʃəɳɪk nˈə ɦˈoː lˈeːkɪn ʋˈeː bˈəɽʱ ɾˈəɦeː ɦˈɛː̃
अल गोर और जनरल टॉमी फ्रैंक्स ने फटाफट बोलकर अपनी पसंदीदा सुर्खियों को चुरा लिया गोर ने बताया कि जब 2000 के इलेक्टोरल कॉलेज की हार के बाद वह टिप्पर के साथ अपनी ज़िंदगी के सबसे अच्छे पल बिता रहे थे तब द अनियन ने उसकी रिपोर्ट की	ˈəl ɡˈoːɾ ˈɔːɾ d͡ʒˈənɾəl ʈˈɔːmiː pʰɾˈɛː̃ŋks nˈeː pʰəʈˈaːpʰəʈ bˈoːlkəɾ ˈəpniː pəsˈə̃n̪d̪iːd̪aː sˈʊɾkʰɪjoː̃ kˈoː t͡ʃˈʊɾaː lˈɪjaː ɡˈoːɾ nˈeː bət̪ˈaːjaː kˈɪ d͡ʒˈəb d̪ˈoː ɦəzˈaːɾ kˈeː ɪlˈeːkʈoːɾəl kɔːlˈeːd͡ʒ kˈiː ɦˈaːɾ kˈeː bˈaːd̪ ʋˈəɦ ʈˈɪpːəɾ kˈeː sˈaːt̪ʰ ˈəpniː zˈɪ̃n̪d̪əɡiː kˈeː sˈəbseː ˈət͡ʃʰːeː pˈəl bˈɪt̪aː ɾˈəɦeː t̪ʰˈeː t̪ˈəb d̪ˈə ˈənɪjən nˈeː ˈʊskiː ɾɪpˈoːɾʈ kˈiː
उन्होंने लोकप्रिय हाइकिंग और साइक्लिंग ट्रैल्स के लिए रूट्स भी तय किए	ʊnɦˈoː̃neː loːkˈəpɾɪj ɦaːɪkˈɪ̃ŋɡ ˈɔːɾ saːɪklˈɪ̃ŋɡ ʈɾˈɛːls kˈeː lˈɪʲeː ɾˈuːʈs bʱˈiː t̪ˈɛj kˈɪʲeː
वैज्ञानिकों ने चांद की सतह पर लोबेट स्कार्प्स नामक ख़राब हुए लैंडफ़ॉर्म की खोज की है जो साफ़ तौर पर चंद्रमा के सिकुड़ने की वजह से हुए हैं	ʋˈɛːɡjaːnɪkoː̃ nˈeː t͡ʃˈaː̃n̪d̪ kˈiː sˈət̪əɦ pˈəɾ loːbˈeːʈ skˈaːɾps nˈaːmək xəɾˈaːb ɦˈʊeː lɛː̃ɳɖəfˈɔːɾm kˈiː kʰˈoːd͡ʒ kˈiː ɦˈɛː d͡ʒˈoː sˈaːf t̪ˈɔːɾ pˈəɾ t͡ʃˈə̃n̪d̪ɾəmaː kˈeː sɪkˈʊɽneː kˈiː ʋˈəd͡ʒəɦ sˈeː ɦˈʊeː ɦˈɛː̃
मूल बिल को साओ पाउलो के पूर्व मेयर मार्ता सुपीली द्वारा तैयार किया गया था संशोधित होने के बाद प्रस्तावित कानून बन गया और अब यह रॉबर्टो जेफरसन के हाथों में है	mˈuːl bˈɪl kˈoː sˈaːoː pˈaːʊloː kˈeː pˈuːɾʋ mˈeːjəɾ mˈaːɾt̪aː sʊpˈiːliː d̪ʋˈaːɾaː t̪ɛːjˈaːɾ kˈɪjaː ɡˈəjaː t̪ʰˈaː sə̃ʃˈoːd̪ʱɪt̪ ɦˈoːneː kˈeː bˈaːd̪ pɾəst̪ˈaːʋɪt̪ kaːnˈuːn bˈən ɡˈəjaː ˈɔːɾ ˈəb jˈəɦ ɾɔːbˈəɾʈoː d͡ʒeːpʰˈəɾsən kˈeː ɦˈaːt̪ʰoː̃ mˈeː̃ ɦˈɛː
फ़ोटॉन परमाणु बनाने वाले पदार्थ से भी छोटे होते हैं	foːʈˈɔːn pəɾmˈaːɳʊ bənˈaːneː ʋˈaːleː pəd̪ˈaːɾt̪ʰ sˈeː bʱˈiː t͡ʃʰˈoːʈeː ɦˈoːt̪eː ɦˈɛː̃
हालांकि उन्होंने शटल में किसी तरह के नुकसान होने के बारे में नहीं सोचा	ɦaːlˈaː̃ŋkɪ ʊnɦˈoː̃neː ʃˈəʈəl mˈeː̃ kˈɪsiː t̪ˈəɾəɦ kˈeː nʊksˈaːn ɦˈoːneː kˈeː bˈaːɾeː mˈeː̃ nˈəɦiː̃ sˈoːt͡ʃaː
ऑस्ट्रेलिया के ट्रेज़रार और लिबरल पार्टी के नेता के रूप में प्रधानमंत्री जॉन हॉवर्ड की जगह लेने वाले पीटर कास्टेलो ने ऑस्ट्रेलिया में न्यूक़्लियर पॉवर इंडस्ट्री को अपना समर्थन दे दिया है	ˈɔːsʈɾeːlɪjaː kˈeː ʈɾeːzɾˈaːɾ ˈɔːɾ lˈɪbɾəl pˈaːɾʈiː kˈeː nˈeːt̪aː kˈeː ɾˈuːp mˈeː̃ pɾəd̪ʱaːnmˈə̃n̪t̪ɾiː d͡ʒˈɔːn ɦɔːʋˈəɾɖ kˈiː d͡ʒˈəɡəɦ lˈeːneː ʋˈaːleː pˈiːʈəɾ kˈaːsʈeːloː nˈeː ˈɔːsʈɾeːlɪjaː mˈeː̃ njˈuːqlɪjəɾ pˈɔːʋəɾ ɪ̃ɳɖˈəsʈɾiː kˈoː ˈəpnaː səmˈəɾt̪ʰən d̪ˈeː d̪ˈɪjaː ɦˈɛː
इसे पढ़ने में आसान बनाने के लिए अनुकूलित किया जा सकता है और वो भी वांछित जितने या थोड़े रंग के साथ	ˈɪseː pˈəɽʱneː mˈeː̃ aːsˈaːn bənˈaːneː kˈeː lˈɪʲeː ənʊkˈuːlɪt̪ kˈɪjaː d͡ʒˈaː sˈəkt̪aː ɦˈɛː ˈɔːɾ ʋˈoː bʱˈiː ʋˈaː̃ɲt͡ʃʰɪt̪ d͡ʒˈɪt̪neː jˈaː t̪ʰˈoːɽeː ɾˈə̃ŋɡ kˈeː sˈaːt̪ʰ
अरियास वायरस के एक हल्के प्रकार से संक्रमित पाए गये राष्ट्रपति मंत्री रोड्रिगो अरियास ने कहा	əɾɪjˈaːs ʋˈaːjɾəs kˈeː ˈeːk ɦˈəlkeː pɾəkˈaːɾ sˈeː sˈə̃ŋkɾəmɪt̪ pˈaːeː ɡˈəjeː ɾˈaːʃʈɾəpt̪ɪ mˈə̃n̪t̪ɾiː ɾˈoːɖɾɪɡoː əɾɪjˈaːs nˈeː kˈəɦaː
पर्वत की तराई में किसी भी ज्वालामुखीय गतिविधि से असंबंधित काले बादलों की सूचना दी गई	pˈəɾʋət̪ kˈiː t̪əɾˈaːiː mˈeː̃ kˈɪsiː bʱˈiː d͡ʒʋaːlaːmʊkʰˈiːj ɡˈət̪ɪʋɪd̪ʱɪ sˈeː əsə̃mbˈə̃n̪d̪ʱɪt̪ kˈaːleː bˈaːd̪loː̃ kˈiː sˈuːt͡ʃnaː d̪ˈiː ɡˈəiː
तुरंत बाद टेस्ट रिज़ल्ट्स में हुई परेशानियों को बताते हुए द अटलांटा जर्नल-कॉन्स्टिट्यूशन ने एक रिपोर्ट प्रकाशित की	t̪ʊɾˈə̃n̪t̪ bˈaːd̪ ʈˈeːsʈ ɾɪzˈəlʈs mˈeː̃ ɦˈʊiː pəɾeːʃˈaːnɪjoː̃ kˈoː bət̪ˈaːt̪eː ɦˈʊeː d̪ˈə əʈlˈaː̃ɳʈaː d͡ʒˈəɾnəl kˈɔːnsʈɪʈjuːʃən nˈeː ˈeːk ɾɪpˈoːɾʈ pɾəkˈaːʃɪt̪ kˈiː
भारतीय हिल स्टशनों पर पर्यटकों का ज्यादा जमावड़ा गर्मियों के दिनों में होता है	bʱaːɾt̪ˈiːj ɦˈɪl sʈˈəʃnoː̃ pˈəɾ pəɾjˈəʈkoː̃ kˈaː d͡ʒjˈaːd̪aː d͡ʒəmˈaːʋɽaː ɡˈəɾmɪjoː̃ kˈeː d̪ˈɪnoː̃ mˈeː̃ ɦˈoːt̪aː ɦˈɛː
वह 1945 में उनके साथ जुड़े और 1958 तक उनके साथ काम किया	ʋˈəɦ ˈeːk ɦəzˈaːɾ nˈɔː sˈɔː pɛː̃n̪t̪aːlˈiːs mˈeː̃ ˈʊnkeː sˈaːt̪ʰ d͡ʒˈʊɽeː ˈɔːɾ ˈeːk ɦəzˈaːɾ nˈɔː sˈɔː əʈʈʰˈaːʋən t̪ˈək ˈʊnkeː sˈaːt̪ʰ kˈaːm kˈɪjaː
लंदन में लगभग 200 लोगों ने कुछ प्रमुख कॉपीराइट धारकों के कार्यालयों के बाहर विरोध प्रदर्शन किया	lˈə̃n̪d̪ən mˈeː̃ lˈəɡbʱəɡ d̪ˈoː sˈɔː lˈoːɡoː̃ nˈeː kˈʊt͡ʃʰ pɾˈəmʊkʰ kɔːpiːɾˈaːɪʈ d̪ʱˈaːɾkoː̃ kˈeː kaːɾjˈaːljoː̃ kˈeː bˈaːɦəɾ ʋɪɾˈoːd̪ʱ pɾəd̪ˈəɾʃən kˈɪjaː
मूल बिल को साओ पाउलो के पूर्व मेयर मार्ता सुपीली द्वारा तैयार किया गया था संशोधित होने के बाद प्रस्तावित कानून बन गया और अब यह रॉबर्टो जेफरसन के हाथों में है	mˈuːl bˈɪl kˈoː sˈaːoː pˈaːʊloː kˈeː pˈuːɾʋ mˈeːjəɾ mˈaːɾt̪aː sʊpˈiːliː d̪ʋˈaːɾaː t̪ɛːjˈaːɾ kˈɪjaː ɡˈəjaː t̪ʰˈaː sə̃ʃˈoːd̪ʱɪt̪ ɦˈoːneː kˈeː bˈaːd̪ pɾəst̪ˈaːʋɪt̪ kaːnˈuːn bˈən ɡˈəjaː ˈɔːɾ ˈəb jˈəɦ ɾɔːbˈəɾʈoː d͡ʒeːpʰˈəɾsən kˈeː ɦˈaːt̪ʰoː̃ mˈeː̃ ɦˈɛː
18वीं शताब्दी के दौरान कम्बोडिया ने खुद को दो शक्तिशाली पड़ोसियों थाईलैंड और वियतनाम के बीच दबा हुआ पाया	əʈʰaːɾˈəɦʋiː̃ ʃət̪ˈaːbd̪iː kˈeː d̪ɔːɾˈaːn kəmbˈoːɖɪjaː nˈeː kʰˈʊd̪ kˈoː d̪ˈoː ʃəkt̪ɪʃˈaːliː pəɽˈoːsɪjoː̃ t̪ʰaːiːlˈɛː̃ɳɖ ˈɔːɾ ʋɪjət̪nˈaːm kˈeː bˈiːt͡ʃ d̪ˈəbaː ɦˈʊaː pˈaːjaː
अमीरात इतिहाद एयरवेज कतर एयरवेज और टर्किश एयरलाइंस जैसी एयरलाइंस ने अपनी सेवाओं को अफ़्रीका में काफ़ी बढ़ाया है साथ ही दूसरी यूरोपीय एयरलाइंस की तुलना में अफ़्रीका के कई मुख्य शहरों के बीच सस्ती दरों पर फ्लाइट चलाई हैं	əmiːɾˈaːt̪ ɪt̪ɪɦˈaːd̪ eːjəɾʋˈeːd͡ʒ kˈət̪əɾ eːjəɾʋˈeːd͡ʒ ˈɔːɾ ʈˈəɾkɪʃ eːjəɾlaːˈɪ̃s d͡ʒˈɛːsiː eːjəɾlaːˈɪ̃s nˈeː ˈəpniː seːʋˈaːoː̃ kˈoː əfɾˈiːkaː mˈeː̃ kˈaːfiː bəɽʱˈaːjaː ɦˈɛː sˈaːt̪ʰ ɦˈiː d̪ˈuːsɾiː juːɾoːpˈiːj eːjəɾlaːˈɪ̃s kˈiː t̪ˈʊlnaː mˈeː̃ əfɾˈiːkaː kˈeː kˈəiː mˈʊkʰj ʃˈəɦɾoː̃ kˈeː bˈiːt͡ʃ sˈəst̪iː d̪ˈəɾoː̃ pˈəɾ pʰlˈaːɪʈ t͡ʃəlˈaːiː ɦˈɛː̃
कभी-कभी शेर चीते और तेंदुए शर्मीले होते हैं आप उन्हें दूरबीन के ज़रिए अच्छी तरह से देख पाएंगे	kˈəbʱiː kˈəbʱiː ʃˈeːɾ t͡ʃˈiːt̪eː ˈɔːɾ t̪ˈeː̃n̪d̪ʊeː ʃəɾmˈiːleː ɦˈoːt̪eː ɦˈɛː̃ ˈaːp ˈʊnɦeː̃ d̪uːɾbˈiːn kˈeː zˈəɾɪʲeː ˈət͡ʃʰːiː t̪ˈəɾəɦ sˈeː d̪ˈeːkʰ paːˈeː̃ŋɡeː
बड़े समूहों के लिए यात्राएं सस्ती हो जाती हैं इसलिए अगर आप अकेले या सिर्फ़ किसी एक दोस्त के साथ यात्रा करते हैं तो उस यात्रा में चार से छह लोगों को जोड़ने की कोशिश करें ताकि आपको प्रति व्यक्ति के हिसाब से पड़ने वाला खर्च कम हो जाए	bˈəɽeː səmˈuːɦoː̃ kˈeː lˈɪʲeː jˈaːt̪ɾaːeː̃ sˈəst̪iː ɦˈoː d͡ʒˈaːt̪iː ɦˈɛː̃ ˈɪslɪʲeː ˈəɡəɾ ˈaːp əkˈeːleː jˈaː sˈɪɾf kˈɪsiː ˈeːk d̪ˈoːst̪ kˈeː sˈaːt̪ʰ jˈaːt̪ɾaː kˈəɾt̪eː ɦˈɛː̃ t̪ˈoː ˈʊs jˈaːt̪ɾaː mˈeː̃ t͡ʃˈaːɾ sˈeː t͡ʃʰˈəɦ lˈoːɡoː̃ kˈoː d͡ʒˈoːɽneː kˈiː kˈoːʃɪʃ kˈəɾeː̃ t̪ˈaːkɪ ˈaːpkoː pɾˈət̪ɪ ʋjˈəkt̪ɪ kˈeː ɦɪsˈaːb sˈeː pˈəɽneː ʋˈaːlaː kʰˈəɾt͡ʃ kˈəm ɦˈoː d͡ʒˈaːeː
