頭一落待中國大陸湖南省過半地範、搭伴湖南嗰四川省、重慶市、陝西省、安徽省、廣西跟著湖北省嘅小它地區；及廣東尤其深圳新住民社群中。平常子逢刻拿著長沙湘語跟著雙峰話做典型。	təu̯˩˧ i˨˦ lo˨˦ tai̯˦˥ t͡sən˧˧ ku̯ɤ̞˨˦ tai̯˨˩ ləu̯˨˦ ɸu˩˧ l̃an˩˧ sən˦˩ ko˦˥ põ˦˥ ti˨˩ ɸan˦˥ , põ˨˩ ɸu˩˧ l̃an˩˧ sz̩˦˥ t͡ɕʰy̯ẽ˧˧ sən˦˩ , t͡ɕʰin˦˥ sz̩˨˩ , ɕi˧˧ sən˦˩ , ŋan˧˧ ɸe̞i̯˧˧ sən˦˩ , ku̯an˦˩ ɕi˧˧ kən˧˧ t͡so˨˦ ɸu˩˧ pɤ̞˨˦ sən˦˩ ɕi̯ɒu̯˦˩ ti˨˩ t͡ɕʰy˧˧ , t͡ɕi˨˦ ku̯an˦˩ tən˧˧ t͡ɕi˩˧ sən˧˧ t͡ɕʰyn˦˥ ɕin˧˧ t͡ɕy˦˥ min˩˧ sɤ̞˦˥ t͡sən˧˧ . pin˩˧ san˩˧ t͡sz̩˦˩ xən˩˧ kʰɤ̞˨˦ la̠˧˧ t͡so˨˦ t͡san˩˧ sa̠˧˧ ɕi̯æn˧˧ y˦˩ kən˧˧ t͡so˨˦ ɕy̯æn˧˧ xən˩˧ ɸa̠˨˩ t͡səu̯˦˥ ti̯ẽ˦˩ ɕin˩˧ .
原先，湘語按是否保留濁聲母分類，湘語橫直送分得做老湘語和新湘語兩類，即長衡片跟噠婁邵片。湘語以長沙（新）及雙峰（老）為代表點，使用者約占漢語整人口嘅5%。	y̯ẽ˩˧ ɕi̯ẽ˧˧ , ɕi̯æn˧˧ y˦˩ sz̩˨˩ xəu̯˦˩ pɒu̯˦˩ li̯əu̯˩˧ sən˧˧ mo˦˩ ɸən˧˧ le̞i̯˦˥ , ɕi̯æn˧˧ y˦˩ ɸən˩˧ t͡sz̩˨˦ sən˦˥ ɸən˧˧ tɤ̞˨˦ t͡səu̯˦˥ lɒu̯˦˩ ɕi̯æn˧˧ y˦˩ xo˩˧ ɕin˧˧ ɕi̯æn˧˧ y˦˩ li̯æn˦˩ le̞i̯˦˥ , t͡ɕi˨˦ t͡san˩˧ pʰi̯ẽ˦˥ kən˧˧ ta̠ pʰi̯ẽ˦˥ . ɕi̯æn˧˧ y˦˩ i˦˩ t͡san˩˧ sa̠˧˧ ɕin˧˧ t͡ɕi˨˦ ɕy̯æn˧˧ xən˩˧ lɒu̯˦˩ u̯e̞i̯˩˧ tai̯˨˩ pi̯ɒu̯˦˩ ti̯e̞˦˩ , sz̩˦˩ in˨˩ t͡sɤ̞˦˩ i̯o˨˦ y˦˩ t͡sən˦˩ ʐən˩˧ kʰəu̯˦˩ pɤ̞˨˦ ɸən˧˧ t͡sz̩˧˧ u˦˩ .
湖南省，跍得長江中游，因為到洞庭湖南頭所以叫“湖南”，有隻湘江所以簡稱湘，是中華人民共和國腳頭亇一級行政區；肚裡有赫多芙蓉，古詩有“秋風萬里芙蓉國”噶句子，所以又被喊噠做“芙蓉國”。湖南亇省會是長沙市，省政府跍得天心區湘府路。與湖北省、江西省、廣東省、廣西壯族自治區、貴州省跟噠重慶市搭界。	ɸu˩˧ l̃an˩˧ sən˦˩ , ku˩˧ tɤ̞˨˦ t͡san˩˧ t͡ɕi̯æn˧˧ t͡sən˧˧ i̯əu̯˩˧ , in˧˧ u̯e̞i̯˩˧ tɒu̯˦˥ tən˦˥ tin˩˧ ɸu˩˧ l̃an˩˧ təu̯˩˧ so˦˩ i˦˩ t͡ɕi̯ɒu̯˦˥ ɸu˩˧ l̃an˩˧ , i̯əu̯˦˩ t͡sa̠˨˦ ɕi̯æn˧˧ t͡ɕi̯æn˧˧ so˦˩ i˦˩ ɕi̯æn˧˧ , sz̩˨˩ t͡sən˧˧ ɸa̠˩˧ ʐən˩˧ min˩˧ kən˩˩ xo˩˧ ku̯ɤ̞˨˦ t͡ɕi̯o˨˦ təu̯˩˧ i˨˦ t͡ɕi˨˦ ɕin˩˧ t͡sən˦˥ t͡ɕʰy˧˧ , li˦˩ i̯əu̯˦˩ to˧˧ , ku˦˩ sz̩˧˧ i̯əu̯˦˩ t͡ɕʰi̯əu̯˧˧ xən˧˧ u̯an˨˩ li ku̯ɤ̞˨˦ t͡ɕy˦˥ t͡sz̩˦˩ , so˦˩ i˦˩ i̯əu̯˨˩ pe̞i̯˨˩ ta̠ t͡səu̯˦˥ ku̯ɤ̞˨˦ . ɸu˩˧ l̃an˩˧ sən˦˩ ɸe̞i̯˨˩ sz̩˨˩ t͡san˩˧ sa̠˧˧ sz̩˨˩ , sən˦˩ t͡sən˦˥ ɸu˦˩ ku˩˧ tɤ̞˨˦ tʰi̯ẽ˧˧ ɕin˧˧ t͡ɕʰy˧˧ ɕi̯æn˧˧ ɸu˦˩ ləu̯˨˩ . y˦˩ ɸu˩˧ pɤ̞˨˦ sən˦˩ , t͡ɕi̯æn˧˧ ɕi˧˧ sən˦˩ , ku̯an˦˩ tən˧˧ sən˦˩ , ku̯an˦˩ ɕi˧˧ t͡sʰəu̯˨˦ t͡sz̩˨˩ t͡sz̩˦˥ t͡ɕʰy˧˧ , ku̯e̞i̯˦˥ t͡səu̯˧˧ sən˦˩ kən˧˧ ta̠ t͡ɕʰin˦˥ sz̩˨˩ kai̯˦˥ .
宋朝，湖南屬荊湖南路跟荊湖北路，湖南就是在嗰時季發跡亇。那時，宋朝亇四大書院，湖南就佔噠高頭兩隻。元朝搞噠隻湖廣等處行中書省，管今日亇湖南、貴州跟噠廣西。明朝時季，湖南屬湖廣布政司。清朝康熙年間，湖廣分出噠左右兩隻布政司，右布政使司就改成噠湖南布政司，差不多就是今日湖南省亇那一塊。	sən˦˥ t͡sɒu̯˧˧ , ɸu˩˧ l̃an˩˧ ɸu˩˧ l̃an˩˧ ləu̯˨˩ kən˧˧ ɸu˩˧ pɤ̞˨˦ ləu̯˨˩ , ɸu˩˧ l̃an˩˧ t͡ɕi̯əu̯˨˩ sz̩˨˩ təu̯˨˩ sz̩˩˧ ɸa̠˨˦ . la̠˦˥ sz̩˩˧ , sən˦˥ t͡sɒu̯˧˧ sz̩˦˥ tai̯˨˩ ɕy˧˧ y̯e̞˦˥ , ɸu˩˧ l̃an˩˧ t͡ɕi̯əu̯˨˩ ta̠ kɒu̯˧˧ təu̯˧ li̯æn˦˩ t͡sa̠˨˦ . y̯ẽ˩˧ t͡sɒu̯˧˧ kɒu̯˦˩ ta̠ t͡sa̠˨˦ ɸu˩˧ ku̯an˦˩ tən˦˩ ɕin˩˧ t͡sən˧˧ ɕy˧˧ sən˦˩ , kõ˦˩ t͡ɕin˧˧ ʐ̩˨˦ ɸu˩˧ l̃an˩˧ , ku̯e̞i̯˦˥ t͡səu̯˧˧ kən˧˧ ta̠ ku̯an˦˩ ɕi˧˧ . min˩˧ t͡sɒu̯˧˧ sz̩˩˧ , ɸu˩˧ l̃an˩˧ ɸu˩˧ ku̯an˦˩ pu˦˥ t͡sən˦˥ . t͡ɕʰin˧˧ t͡sɒu̯˧˧ kʰan˧˧ n̠ʲi̯ẽ˩˧ kan˧˧ , ɸu˩˧ ku̯an˦˩ ɸən˧˧ t͡ɕʰy˨˦ ta̠ t͡so˦˩ i̯əu̯˨˩ li̯æn˦˩ t͡sa̠˨˦ pu˦˥ t͡sən˦˥ , i̯əu̯˨˩ pu˦˥ t͡sən˦˥ sz̩˦˩ t͡ɕi̯əu̯˨˩ kai̯˦˩ t͡sʰən˩˧ ta̠ ɸu˩˧ l̃an˩˧ pu˦˥ t͡sən˦˥ , t͡sʰa̠˧˧ pu˧ to˧˧ t͡ɕi̯əu̯˨˩ sz̩˨˩ t͡ɕin˧˧ ʐ̩˨˦ ɸu˩˧ l̃an˩˧ sən˦˩ la̠˦˥ i˨˦ kʰu̯ai̯˦˩ .
狹義的湘潭市，就是講“湘潭市區”，敦到南宋以後亇湘潭縣城的基礎高頭，以前是“中國內地商埠之巨者”的商貿重鎮，繁盛一時。今日包括殆岳塘、雨湖2区，加殆一砣有279平方公里，建成區面積76平方千米也算得到度裏殆；總人口72萬，其中非農業人口57萬，爲湖南省第5大城市。湘潭亇城市綜合實力列國家統計局2006年版中國百強城市第83位，湖南省第3位。[3]湘潭是長株潭城市羣的組成部分，2007年送批准殆成爲兩型社會建設綜合配套改革試驗區。[4]	n̠ʲi˦˥ ti˨˦ ɕi̯æn˧˧ tan˩˧ sz̩˨˩ , t͡ɕi̯əu̯˨˩ sz̩˨˩ kan˦˩ ɕi̯æn˧˧ tan˩˧ sz̩˨˩ t͡ɕʰy˧˧ , tən˧˧ tɒu̯˦˥ l̃an˩˧ sən˦˥ i˦˩ xəu̯˩˩ ɕi̯æn˧˧ tan˩˧ ɕi̯ẽ˨˩ t͡sən˩˧ ti˨˦ t͡ɕi˧˧ kɒu̯˧˧ təu̯˧ , i˦˩ t͡ɕi̯ẽ˩˧ sz̩˨˩ t͡sən˧˧ ku̯ɤ̞˨˦ le̞i̯˨˩ ti˨˩ san˧˧ t͡sz̩˧˧ t͡sɤ̞˦˩ ti˨˦ san˧˧ t͡sən˦˥ , sən˦˥ i˨˦ sz̩˩˧ . t͡ɕin˧˧ ʐ̩˨˦ pɒu̯˧˧ tan˩˧ , y˦˩ ɸu˩˧ ɤ̞˨˩ t͡ɕʰy˧˧ , t͡ɕi̯a̠˧˧ i˨˦ i̯əu̯˦˩ ɤ̞˨˩ pɤ̞˨˦ t͡ɕʰi˨˦ sz̩˨˦ t͡ɕi̯əu̯˦˩ pin˩˧ ɸan˧˧ kən˧˧ li , t͡ɕi̯ẽ˦˥ t͡sʰən˩˧ t͡ɕʰy˧˧ mi̯ẽ˨˩ t͡ɕi˨˦ t͡ɕʰi˨˦ sz̩˨˦ ləu̯˨˦ pin˩˧ ɸan˧˧ t͡ɕʰi̯ẽ˧˧ mi˦˩ i̯a̠˦˩ sõ˦˥ tɤ̞˨˦ tɒu̯˦˥ , t͡sən˦˩ ʐən˩˧ kʰəu̯˦˩ t͡ɕʰi˨˦ sz̩˨˦ ɤ̞˩˩ u̯an˨˩ , t͡ɕi˩˧ t͡sən˧˧ lən˩˧ n̠ʲi̯e̞˨˦ ʐən˩˧ kʰəu̯˦˩ u˦˩ sz̩˨˦ t͡ɕʰi˨˦ u̯an˨˩ , ɸu˩˧ l̃an˩˧ sən˦˩ ti˨˩ u˦˩ tai̯˨˩ t͡sən˩˧ sz̩˨˩ . ɕi̯æn˧˧ tan˩˧ t͡sən˩˧ sz̩˨˩ xo˩˧ sz̩˨˦ li˨˦ li̯e̞˨˦ ku̯ɤ̞˨˦ t͡ɕi̯a̠˧˧ tʰən˦˩ t͡ɕi˦˥ ɤ̞˨˩ lin˩˧ lin˩˧ ləu̯˨˦ n̠ʲi̯ẽ˩˧ pan˦˩ t͡sən˧˧ ku̯ɤ̞˨˦ pɤ̞˨˦ t͡ɕi̯æn˩˧ t͡sən˩˧ sz̩˨˩ ti˨˩ pa̠˨˦ sz̩˨˦ san˧˧ u̯e̞i̯˨˩ , ɸu˩˧ l̃an˩˧ sən˦˩ ti˨˩ san˧˧ u̯e̞i̯˨˩ . san˧˧ ɕi̯æn˧˧ tan˩˧ sz̩˨˩ t͡san˩˧ tan˩˧ t͡sən˩˧ sz̩˨˩ ti˨˦ t͡sʰən˩˧ pu˨˩ ɸən˧˧ , ɤ̞˨˩ lin˩˧ lin˩˧ t͡ɕʰi˨˦ n̠ʲi̯ẽ˩˧ sən˦˥ pʰi˧˧ t͡sʰən˩˧ li̯æn˦˩ ɕin˩˧ sɤ̞˦˥ ɸe̞i̯˨˩ t͡ɕi̯ẽ˦˥ sɤ̞˨˦ xo˩˧ tʰɒu̯˦˥ kai̯˦˩ kɤ̞˨˦ sz̩˦˥ n̠ʲi̯ẽ˦˥ t͡ɕʰy˧˧ . sz̩˦˥
婁邵片：婁底-邵陽片，原先送喊得做“老湘語”，是湘語中間特色最為純正、最不接近官話亇一隻方言片。研究上也有主張拆開箇隻片做兩塊：婁漣片跟噠祁邵片。前者是婁底-漣源片，後者是祁陽-邵陽片。	pʰi̯ẽ˦˥ , ti˦˩ i̯æn˩˧ pʰi̯ẽ˦˥ , y̯ẽ˩˧ ɕi̯ẽ˧˧ sən˦˥ tɤ̞˨˦ t͡səu̯˦˥ lɒu̯˦˩ ɕi̯æn˧˧ y˦˩ , sz̩˨˩ ɕi̯æn˧˧ y˦˩ t͡sən˧˧ kan˧˧ tʰɤ̞˨˦ sɤ̞˨˦ t͡se̞i̯˦˥ u̯e̞i̯˩˧ ɕyn˩˧ , t͡se̞i̯˦˥ pu˨˦ t͡ɕi̯e̞˨˦ t͡ɕin˨˩ kõ˧˧ ɸa̠˨˩ i˨˦ t͡sa̠˨˦ ɸan˧˧ i̯ẽ˩˧ pʰi̯ẽ˦˥ . n̠ʲi̯ẽ˧˧ san˨˩ i̯a̠˦˩ i̯əu̯˦˩ t͡ɕy˦˩ t͡san˧˧ t͡sʰɤ̞˨˦ kʰai̯˧˧ t͡sa̠˨˦ pʰi̯ẽ˦˥ t͡səu̯˦˥ li̯æn˦˩ kʰu̯ai̯˦˩ , pʰi̯ẽ˦˥ kən˧˧ ta̠ pʰi̯ẽ˦˥ . t͡ɕi̯ẽ˩˧ t͡sɤ̞˦˩ sz̩˨˩ ti˦˩ y̯ẽ˩˧ pʰi̯ẽ˦˥ , xəu̯˨˩ t͡sɤ̞˦˩ sz̩˨˩ i̯æn˩˧ i̯æn˩˧ pʰi̯ẽ˦˥ .
整體講起，湘方言極大影響噠官話方言中間亇西南官話亇形成過程，同時長益片湘語侸圍繞省城長沙亇形成過程中也受到噠官話亇較大影響，所以西南官話與湘語有一定亇相似。民國初年，湘語跟噠贛語、江淮官話和西南官話並稱華南官話。實際上長益片跟得西南官話還是有很多明顯區別，比如前者較完整地保留噠入聲調，後者分佈亇大部分區域下冇得入聲，前者亇古濁音字現在雖然清化，但仍是不送氣清音，後者同北京話一樣亇平聲清化送氣，仄聲不送氣噠。	t͡sən˦˩ tʰi˦˩ kan˦˩ t͡ɕʰi˦˩ , ɕi̯æn˧˧ ɸan˧˧ i̯ẽ˩˧ t͡ɕi˨˦ tai̯˨˩ in˦˩ ta̠ kõ˧˧ ɸa̠˨˩ ɸan˧˧ i̯ẽ˩˧ t͡sən˧˧ kan˧˧ ɕi˧˧ l̃an˩˧ kõ˧˧ ɸa̠˨˩ ɕin˩˧ t͡sʰən˩˧ ko˦˥ t͡sən˩˧ , tən˩˧ sz̩˩˧ t͡san˩˧ i˨˦ pʰi̯ẽ˦˥ ɕi̯æn˧˧ y˦˩ u̯e̞i̯˩˧ sən˦˩ t͡sən˩˧ t͡san˩˧ sa̠˧˧ ɕin˩˧ t͡sʰən˩˧ ko˦˥ t͡sən˩˧ t͡sən˧˧ i̯a̠˦˩ səu̯˨˩ tɒu̯˦˥ ta̠ kõ˧˧ ɸa̠˨˩ tai̯˨˩ in˦˩ , so˦˩ i˦˩ ɕi˧˧ l̃an˩˧ kõ˧˧ ɸa̠˨˩ y˦˩ ɕi̯æn˧˧ y˦˩ i̯əu̯˦˩ i˨˦ tin˨˩ ɕi̯æn˧˧ . min˩˧ ku̯ɤ̞˨˦ t͡sʰəu̯˧˧ n̠ʲi̯ẽ˩˧ , ɕi̯æn˧˧ y˦˩ kən˧˧ ta̠ y˦˩ , t͡ɕi̯æn˧˧ kõ˧˧ ɸa̠˨˩ xo˩˧ ɕi˧˧ l̃an˩˧ kõ˧˧ ɸa̠˨˩ ɸa̠˩˧ l̃an˩˧ kõ˧˧ ɸa̠˨˩ . sz̩˨˦ san˨˩ t͡san˩˧ i˨˦ pʰi̯ẽ˦˥ kən˧˧ tɤ̞˨˦ ɕi˧˧ l̃an˩˧ kõ˧˧ ɸa̠˨˩ ɸan˩˧ sz̩˨˩ i̯əu̯˦˩ xɤ̞˦˩ to˧˧ min˩˧ t͡ɕʰy˧˧ pʰi̯e̞˨˦ , pi˦˩ y˩˧ t͡ɕi̯ẽ˩˧ t͡sɤ̞˦˩ õ˩˧ t͡sən˦˩ ti˨˩ pɒu̯˦˩ li̯əu̯˩˧ ta̠ y˨˦ sən˧˧ ti̯ɒu̯˩˧ , xəu̯˨˩ t͡sɤ̞˦˩ ɸən˧˧ tai̯˨˩ pu˨˩ ɸən˧˧ t͡ɕʰy˧˧ y˨˦ xa̠˨˩ mɒu̯˨˩ tɤ̞˨˦ y˨˦ sən˧˧ , t͡ɕi̯ẽ˩˧ t͡sɤ̞˦˩ ku˦˩ in˧˧ t͡sz̩˨˩ ɕi̯ẽ˩˩ t͡sai̯˩˩ se̞i̯˧˧ y̯ẽ˩˧ t͡ɕʰin˧˧ ɸa̠˦˥ , tan˨˩ ʐən˩˧ sz̩˨˩ pu˨˦ sən˦˥ t͡ɕʰi˦˥ t͡ɕʰin˧˧ in˧˧ , xəu̯˨˩ t͡sɤ̞˦˩ tən˩˧ pɤ̞˨˦ t͡ɕin˧˧ ɸa̠˨˩ i˨˦ i̯æn˨˩ pin˩˧ sən˧˧ t͡ɕʰin˧˧ ɸa̠˦˥ sən˦˥ t͡ɕʰi˦˥ , sən˧˧ pu˨˦ sən˦˥ t͡ɕʰi˦˥ ta̠ .
長沙，又喊噠做“星城”，中華人民共和國湖南省亇省會，跍得湘東偏北亇位置。長沙有文字考證得亇歷史3000多年，因屈原跟賈誼亇影響送喊噠做“屈賈之鄉”。長沙又喊做“楚漢名城”，馬王堆漢墓跟噠走馬樓簡牘箇些子重要文物亇出土反映噠其深厚亇楚文化跟湖湘文化亇類子，嶽麓山腳頭亇嶽麓書院是湖南文化教育啲象徵。歷史上出噠好多巴多名人，留咖好多巴多歷史文化遺跡，成為頭批國家歷史文化名城。長沙亇經濟主要是搞第三產業，媒體跟噠娛樂業有名聲，是中南地區亇一隻重要工商業城市。	t͡san˩˧ sa̠˧˧ , i̯əu̯˨˩ ta̠ t͡səu̯˦˥ ɕin˧˧ t͡sən˩˧ , t͡sən˧˧ ɸa̠˩˧ ʐən˩˧ min˩˧ kən˩˩ xo˩˧ ku̯ɤ̞˨˦ ɸu˩˧ l̃an˩˧ sən˦˩ sən˦˩ ɸe̞i̯˨˩ , ku˩˧ tɤ̞˨˦ ɕi̯æn˧˧ tən˧˧ pʰi̯ẽ˧˧ pɤ̞˨˦ u̯e̞i̯˨˩ t͡sz̩˨˦ . t͡san˩˧ sa̠˧˧ i̯əu̯˦˩ u̯ən˩˧ t͡sz̩˨˩ kʰɒu̯˦˩ t͡sən˦˥ tɤ̞˨˦ sz̩˦˩ san˧˧ t͡ɕʰi̯ẽ˧˧ to˧˧ n̠ʲi̯ẽ˩˧ , in˧˧ y̯ẽ˩˧ kən˧˧ in˦˩ sən˦˥ ta̠ t͡səu̯˦˥ t͡sz̩˧˧ ɕi̯æn˧˧ . t͡san˩˧ sa̠˧˧ i̯əu̯˨˩ xan˦˩ t͡səu̯˦˥ t͡sʰəu̯˦˩ min˩˧ t͡sən˩˧ , ma̠˦˩ u̯an˩˧ te̞i̯˧˧ kən˧˧ ta̠ t͡səu̯˦˩ ma̠˦˩ ləu̯˩˧ ɕi̯a̠˧˧ t͡sz̩˦˩ i̯ɒu̯˧˧ u̯ən˩˧ u˨˦ t͡ɕʰy˨˦ tʰəu̯˦˩ ɸan˦˩ in˦˥ ta̠ t͡ɕi˩˧ sən˧˧ xəu̯˨˩ t͡sʰəu̯˦˩ u̯ən˩˧ ɸa̠˦˥ kən˧˧ ɸu˩˧ ɕi̯æn˧˧ u̯ən˩˧ ɸa̠˦˥ le̞i̯˦˥ t͡sz̩˦˩ , san˧˧ t͡ɕi̯o˨˦ təu̯˩˧ ɕy˧˧ y̯e̞˦˥ sz̩˨˩ ɸu˩˧ l̃an˩˧ u̯ən˩˧ ɸa̠˦˥ kɒu̯˦˥ ɕi̯æn˦˥ t͡sən˧˧ . sz̩˦˩ san˨˩ t͡ɕʰy˨˦ ta̠ xɒu̯˦˩ to˧˧ pa̠˧˧ to˧˧ min˩˧ ʐən˩˧ , li̯əu̯˩˧ xɒu̯˦˩ to˧˧ pa̠˧˧ to˧˧ sz̩˦˩ u̯ən˩˧ ɸa̠˦˥ i˩˧ , t͡sʰən˩˧ u̯e̞i̯˩˧ təu̯˩˧ pʰi˧˧ ku̯ɤ̞˨˦ t͡ɕi̯a̠˧˧ sz̩˦˩ u̯ən˩˧ ɸa̠˦˥ min˩˧ t͡sən˩˧ . t͡san˩˧ sa̠˧˧ t͡ɕin˧˧ t͡ɕy˦˩ i̯ɒu̯˧˧ sz̩˨˩ kɒu̯˦˩ ti˨˩ san˧˧ t͡sʰan˦˩ n̠ʲi̯e̞˨˦ , tʰi˦˩ kən˧˧ ta̠ y˩˧ i̯o˨˦ n̠ʲi̯e̞˨˦ i̯əu̯˦˩ min˩˧ sən˧˧ , sz̩˨˩ t͡sən˧˧ l̃an˩˧ ti˨˩ t͡ɕʰy˧˧ i˨˦ t͡sa̠˨˦ i̯ɒu̯˧˧ kən˧˧ san˧˧ n̠ʲi̯e̞˨˦ t͡sən˩˧ sz̩˨˩ .
宋時長沙做噠潭州治所。北宋設噠嶽麓書院，把長沙亇文化跟噠教育推得到噠最嬲塞亇時季。元朝1274年送改成噠潭州路，湖廣行省治所。1281年還是潭州路，湖南道宣慰司治所，在湖廣行省；元文宗天曆二年因“天子臨幸”名字送改成噠天臨路，元末又送改成噠潭州府治所。明初送改做長沙府治所，隸屬湖廣布政使司。清朝康熙三年搞噠只“湖南省”，長沙同為長沙府府治跟噠湖南省治。明清時季長沙有四大米市跟四大茶市亇喊法，是中國最要緊亇米市之一。	sən˦˥ sz̩˩˧ t͡san˩˧ sa̠˧˧ t͡səu̯˦˥ ta̠ tan˩˧ t͡səu̯˧˧ t͡sz̩˦˥ so˦˩ . pɤ̞˨˦ sən˦˥ sɤ̞˨˦ ta̠ ɕy˧˧ y̯e̞˦˥ , pa̠˦˩ t͡san˩˧ sa̠˧˧ u̯ən˩˧ ɸa̠˦˥ kən˧˧ ta̠ kɒu̯˦˥ tʰe̞i̯˧˧ tɤ̞˨˦ tɒu̯˦˥ ta̠ t͡se̞i̯˦˥ sɤ̞˨˦ sz̩˩˧ . y̯ẽ˩˧ t͡sɒu̯˧˧ i˨˦ ɤ̞˨˩ t͡ɕʰi˨˦ sz̩˦˥ n̠ʲi̯ẽ˩˧ sən˦˥ kai̯˦˩ t͡sʰən˩˧ ta̠ tan˩˧ t͡səu̯˧˧ ləu̯˨˩ , ɸu˩˧ ku̯an˦˩ ɕin˩˧ sən˦˩ t͡sz̩˦˥ so˦˩ . i˨˦ ɤ̞˨˩ pa̠˨˦ i˨˦ n̠ʲi̯ẽ˩˧ ɸan˩˧ sz̩˨˩ tan˩˧ t͡səu̯˧˧ ləu̯˨˩ , ɸu˩˧ l̃an˩˧ tɒu̯˨˩ ɕi̯ẽ˧˧ t͡sz̩˦˥ so˦˩ , təu̯˨˩ ɸu˩˧ ku̯an˦˩ ɕin˩˧ sən˦˩ , y̯ẽ˩˧ u̯ən˩˧ t͡sən˧˧ tʰi̯ẽ˧˧ li˨˦ ɤ̞˨˩ n̠ʲi̯ẽ˩˧ in˧˧ tʰi̯ẽ˧˧ t͡sz̩˦˩ ɕin˦˥ min˩˧ t͡sz̩˨˩ sən˦˥ kai̯˦˩ t͡sʰən˩˧ ta̠ tʰi̯ẽ˧˧ ləu̯˨˩ , y̯ẽ˩˧ i̯əu̯˨˩ sən˦˥ kai̯˦˩ t͡sʰən˩˧ ta̠ tan˩˧ t͡səu̯˧˧ ɸu˦˩ t͡sz̩˦˥ so˦˩ . min˩˧ t͡sʰəu̯˧˧ sən˦˥ kai̯˦˩ t͡səu̯˦˥ t͡san˩˧ sa̠˧˧ ɸu˦˩ t͡sz̩˦˥ so˦˩ , tʰi˦˥ ɸu˩˧ ku̯an˦˩ pu˦˥ t͡sən˦˥ sz̩˦˩ . t͡ɕʰin˧˧ t͡sɒu̯˧˧ kʰan˧˧ san˧˧ n̠ʲi̯ẽ˩˧ kɒu̯˦˩ ta̠ t͡sz̩˦˩ ɸu˩˧ l̃an˩˧ sən˦˩ , t͡san˩˧ sa̠˧˧ tən˩˧ u̯e̞i̯˩˧ t͡san˩˧ sa̠˧˧ ɸu˦˩ ɸu˦˩ t͡sz̩˦˥ kən˧˧ ta̠ ɸu˩˧ l̃an˩˧ sən˦˩ t͡sz̩˦˥ . min˩˧ t͡ɕʰin˧˧ sz̩˩˧ t͡san˩˧ sa̠˧˧ i̯əu̯˦˩ sz̩˦˥ tai̯˨˩ mi˦˩ sz̩˨˩ kən˧˧ sz̩˦˥ tai̯˨˩ t͡sa̠˩˧ sz̩˨˩ ɸa̠˨˦ , sz̩˨˩ t͡sən˧˧ ku̯ɤ̞˨˦ t͡se̞i̯˦˥ i̯ɒu̯˦˥ t͡ɕin˦˩ mi˦˩ sz̩˨˩ t͡sz̩˧˧ i˨˦ .
1949年8月5日，長沙亇共產黨政權正式架場噠，中華人民共和國建噶國後長沙開始搞重建跟發展。長沙作為中華人民共和國主要創始人之一亇毛澤東早期讀書跟從事革命活動亇地方，送搞噠做革命聖地。改革開放才架場亇1980年代，長沙亇經濟跟沿海城市亇差距開始變大噠；1990年代後期，長沙開始開始快速發展，成為中、西部中間一隻蠻緊要亇城市。	i˨˦ t͡ɕi̯əu̯˦˩ sz̩˦˥ t͡ɕi̯əu̯˦˩ n̠ʲi̯ẽ˩˧ pa̠˨˦ y̯e̞˨˦ u˦˩ n̠ʲi˨˦ , t͡san˩˧ sa̠˧˧ kən˨˩ t͡sʰan˦˩ tan˦˩ t͡sən˦˥ t͡ɕʰy̯ẽ˩˧ sz̩˦˥ ka̠˦˥ t͡san˩˧ ta̠ , t͡sən˧˧ ɸa̠˩˧ ʐən˩˧ min˩˧ kən˩˩ xo˩˧ ku̯ɤ̞˨˦ t͡ɕi̯ẽ˦˥ ku̯ɤ̞˨˦ xəu̯˨˩ t͡san˩˧ sa̠˧˧ kʰai̯˧˧ sz̩˦˩ kɒu̯˦˩ t͡ɕi̯ẽ˦˥ kən˧˧ ɸa̠˨˦ t͡sə̃˦˩ . t͡san˩˧ sa̠˧˧ t͡so˨˦ u̯e̞i̯˩˧ t͡sən˧˧ ɸa̠˩˧ ʐən˩˧ min˩˧ kən˩˩ xo˩˧ ku̯ɤ̞˨˦ t͡ɕy˦˩ i̯ɒu̯˧˧ sz̩˦˩ ʐən˩˧ t͡sz̩˧˧ i˨˦ mɒu̯˩˧ tən˧˧ t͡sɒu̯˦˩ t͡ɕi˩˧ təu̯˨˦ ɕy˧˧ kən˧˧ t͡sən˩˧ sz̩˨˩ kɤ̞˨˦ min˨˩ xo˨˦ tən˨˩ ti˩˩ ɸan˧ , sən˦˥ kɒu̯˦˩ ta̠ t͡səu̯˦˥ kɤ̞˨˦ min˨˩ sən˦˥ ti˨˩ . kai̯˦˩ kɤ̞˨˦ kʰai̯˧˧ ɸan˦˥ t͡sai̯˩˧ ka̠˦˥ t͡san˩˧ i˨˦ t͡ɕi̯əu̯˦˩ pa̠˨˦ lin˩˧ n̠ʲi̯ẽ˩˧ tai̯˨˩ , t͡san˩˧ sa̠˧˧ t͡ɕin˧˧ kən˧˧ y̯ẽ˩˧ xai̯˦˩ t͡sən˩˧ sz̩˨˩ t͡sʰa̠˧˧ kʰai̯˧˧ sz̩˦˩ tai̯˨˩ ta̠ , i˨˦ t͡ɕi̯əu̯˦˩ t͡ɕi̯əu̯˦˩ lin˩˧ n̠ʲi̯ẽ˩˧ tai̯˨˩ xəu̯˨˩ t͡ɕi˩˧ , t͡san˩˧ sa̠˧˧ kʰai̯˧˧ sz̩˦˩ kʰai̯˧˧ sz̩˦˩ kʰu̯ai̯˦˥ səu̯˨˦ ɸa̠˨˦ t͡sə̃˦˩ , t͡sʰən˩˧ u̯e̞i̯˩˧ t͡sən˧˧ , ɕi˧˧ pu˨˩ t͡sən˧˧ kan˧˧ i˨˦ t͡sa̠˨˦ man˩˧ i̯ɒu̯˧˧ t͡sən˩˧ sz̩˨˩ .
長沙是亞熱帶季風氣候，四季分明。春末夏初多雨，夏末秋季多旱；春濕多變，夏秋多睛，嚴冬期短，暑熱期長。全年冇得霜亇時季大概子275天，年平均氣溫16.8～17.2℃，年平均總降水量1422.4毫米。水資源一般地表水，水源有蠻足，年均地表徑流量808億立方米。 除過湘江，還有15條流得湘江亇支流，主要有瀏陽河、撈刀河、靳江跟溈水河。最大亇水庫是寧鄉縣裡頭亇黃材水庫跟瀏陽市裡頭亇朱樹橋水庫。	t͡san˩˧ sa̠˧˧ sz̩˨˩ i̯a̠˦˥ y̯e̞˨˦ xən˧˧ t͡ɕʰi˦˥ , sz̩˦˥ ɸən˧˧ min˩˧ . t͡ɕʰyn˧˧ ɕi̯a̠˦˥ t͡sʰəu̯˧˧ to˧˧ y˦˩ , ɕi̯a̠˦˥ t͡ɕʰi̯əu̯˧˧ to˧˧ xan˦˥ , t͡ɕʰyn˧˧ to˧˧ , ɕi̯a̠˦˥ t͡ɕʰi̯əu̯˧˧ to˧˧ , n̠ʲi̯ẽ˩˧ tən˧˧ t͡ɕi˩˧ tõ˦˩ , ɕy˦˩ y̯e̞˨˦ t͡ɕi˩˧ t͡san˩˧ . t͡ɕʰi̯ẽ˩˧ n̠ʲi̯ẽ˩˧ mɒu̯˨˩ tɤ̞˨˦ ɕy̯æn˧˧ sz̩˩˧ tai̯˨˩ kʰai̯˦˥ t͡sz̩˦˩ ɤ̞˨˩ pɤ̞˨˦ t͡ɕʰi˨˦ sz̩˨˦ u˦˩ tʰi̯ẽ˧˧ , n̠ʲi̯ẽ˩˧ pin˩˧ t͡ɕyn˧˧ t͡ɕʰi˦˥ sz̩˨˦ ləu̯˨˦ ti̯e̞˦˩ pa̠˨˦ sz̩˨˦ t͡ɕʰi˨˦ ti̯e̞˦˩ ɤ̞˨˩ sˈiː , n̠ʲi̯ẽ˩˧ pin˩˧ t͡ɕyn˧˧ t͡sən˦˩ t͡ɕi̯æn˦˥ ɕy̯e̞i̯˦˩ li̯æn˩˧ i˨˦ t͡ɕʰi̯ẽ˧˧ sz̩˦˥ pɤ̞˨˦ ɤ̞˩˩ sz̩˨˦ ɤ̞˨˩ ti̯e̞˦˩ sz̩˦˥ xɒu̯˩˧ mi˦˩ . ɕy̯e̞i̯˦˩ t͡sz̩˧˧ y̯ẽ˩˧ i˨˦ ti˨˩ pi̯ɒu̯˦˩ ɕy̯e̞i̯˦˩ , ɕy̯e̞i̯˦˩ y̯ẽ˩˧ i̯əu̯˦˩ man˩˧ t͡səu̯˨˦ , n̠ʲi̯ẽ˩˧ t͡ɕyn˧˧ ti˨˩ pi̯ɒu̯˦˩ li̯əu̯˩˧ li̯æn˩˧ pa̠˨˦ pɤ̞˨˦ lin˩˧ pa̠˨˦ i˦˥ li˨˦ ɸan˧˧ mi˦˩ . t͡ɕy˩˧ ko˦˥ ɕi̯æn˧˧ t͡ɕi̯æn˧˧ , ɸan˩˧ i̯əu̯˦˩ sz̩˨˦ u˦˩ ti̯ɒu̯˩˧ li̯əu̯˩˧ tɤ̞˨˦ ɕi̯æn˧˧ t͡ɕi̯æn˧˧ t͡sz̩˧˧ li̯əu̯˩˧ , t͡ɕy˦˩ i̯ɒu̯˧˧ i̯əu̯˦˩ li̯əu̯˩˧ i̯æn˩˧ xo˩˧ , lɒu̯˧˧ tɒu̯˧˧ xo˩˧ , t͡ɕi̯æn˧˧ kən˧˧ ɕy̯e̞i̯˦˩ xo˩˧ . t͡se̞i̯˦˥ tai̯˨˩ ɕy̯e̞i̯˦˩ kʰu˦˥ sz̩˨˩ n̠ʲin˩˧ ɕi̯æn˧˧ ɕi̯ẽ˨˩ li˦˩ təu̯˧ u̯an˩˧ ɕy̯e̞i̯˦˩ kʰu˦˥ kən˧˧ li̯əu̯˩˧ i̯æn˩˧ sz̩˨˩ li˦˩ təu̯˧ t͡ɕy˧˧ ɕy˨˩ t͡ɕi̯ɒu̯˩˧ ɕy̯e̞i̯˦˩ kʰu˦˥ .
長沙捲煙廠是中國最大亇煙草生產商中間一隻，2004年納噶545,514萬塊錢亇稅，在全國所有納稅企業中間排13===第三產業===	t͡san˩˧ sa̠˧˧ i̯ẽ˧˧ sz̩˨˩ t͡sən˧˧ ku̯ɤ̞˨˦ t͡se̞i̯˦˥ tai̯˨˩ i̯ẽ˧˧ t͡sʰɒu̯˦˩ sən˧˧ t͡sʰan˦˩ san˧˧ t͡sən˧˧ kan˧˧ i˨˦ t͡sa̠˨˦ , ɤ̞˨˩ lin˩˧ lin˩˧ sz̩˦˥ n̠ʲi̯ẽ˩˧ la̠˨˦ u˦˩ sz̩˨˦ sz̩˦˥ u̯an˨˩ u˦˩ t͡ɕʰi̯ẽ˧˧ u˦˩ pɤ̞˨˦ i˨˦ sz̩˨˦ sz̩˦˥ u̯an˨˩ kʰu̯ai̯˦˩ t͡ɕi̯ẽ˩˧ ɕy̯e̞i̯˦˥ , təu̯˨˩ t͡ɕʰi̯ẽ˩˧ ku̯ɤ̞˨˦ so˦˩ i̯əu̯˦˩ la̠˨˦ ɕy̯e̞i̯˦˥ n̠ʲi̯e̞˨˦ t͡sən˧˧ kan˧˧ pai̯˩˧ sz̩˨˦ san˧˧ ti˨˩ san˧˧ t͡sʰan˦˩ n̠ʲi̯e̞˨˦
自清朝末年曾國藩始一直到當代，長沙以及湖南全省開始了人才輩出的時代。在當時的長沙府，湧現了一大批著名人士，對整個中國的近代史現代史產生了非常深遠的影響。如黃興、楊開慧、朱鎔基、田漢等。大部分名人故居和墓葬都得以保存，因為行政區劃的變動，部分被劃入長沙府撤銷後新成立的地市。	t͡sz̩˨˩ t͡ɕʰin˧˧ t͡sɒu̯˧˧ n̠ʲi̯ẽ˩˧ ku̯ɤ̞˨˦ sz̩˦˩ i˨˦ t͡sz̩˨˦ tɒu̯˦˥ tan˧˧ tai̯˨˩ , t͡san˩˧ sa̠˧˧ i˦˩ t͡ɕi˨˦ ɸu˩˧ l̃an˩˧ t͡ɕʰi̯ẽ˩˧ sən˦˩ kʰai̯˧˧ sz̩˦˩ li̯ɒu̯˦˩ ʐən˩˧ t͡sai̯˩˧ t͡ɕʰy˨˦ ti˨˦ sz̩˩˧ tai̯˨˩ . təu̯˨˩ tan˧˧ sz̩˩˧ ti˨˦ t͡san˩˧ sa̠˧˧ ɸu˦˩ , ɕi̯ẽ˨˩ li̯ɒu̯˦˩ i˨˦ tai̯˨˩ pʰi˧˧ t͡so˨˦ min˩˧ ʐən˩˧ sz̩˦˥ , te̞i̯˦˥ t͡sən˦˩ ko˦˥ t͡sən˧˧ ku̯ɤ̞˨˦ ti˨˦ t͡ɕin˨˩ tai̯˨˩ sz̩˦˩ ɕi̯ẽ˨˩ tai̯˨˩ sz̩˦˩ t͡sʰan˦˩ sən˧˧ li̯ɒu̯˦˩ san˩˧ sən˧˧ y̯ẽ˦˩ ti˨˦ in˦˩ . y˩˧ u̯an˩˧ ɕin˧˧ , i̯æn˩˧ kʰai̯˧˧ ɸe̞i̯˦˥ , t͡ɕy˧˧ t͡ɕi˧˧ , ti̯ẽ˩˧ tən˦˩ . tai̯˨˩ pu˨˩ ɸən˧˧ min˩˧ ʐən˩˧ ku˦˥ t͡ɕy˧˧ xo˩˧ t͡san˦˥ təu̯˧˧ tɤ̞˨˦ i˦˩ pɒu̯˦˩ t͡sən˩˧ , in˧˧ u̯e̞i̯˩˧ ɕin˩˧ t͡sən˦˥ t͡ɕʰy˧˧ ti˨˦ tən˨˩ , pu˨˩ ɸən˧˧ pe̞i̯˨˩ y˨˦ t͡san˩˧ sa̠˧˧ ɸu˦˩ t͡sʰɤ̞˨˦ ɕi̯ɒu̯˧˧ xəu̯˨˩ ɕin˧˧ t͡sʰən˩˧ li˨˦ ti˨˦ ti˨˩ sz̩˨˩ .
語言學家多把長益片方言劃分成：長株潭小片、沅益小片、岳陽小片三隻部分，三隻小片區有口音差別，但大致冇得溝通障礙。	y˦˩ i̯ẽ˩˧ ɕi̯o˨˦ t͡ɕi̯a̠˧˧ to˧˧ pa̠˦˩ t͡san˩˧ i˨˦ pʰi̯ẽ˦˥ ɸan˧˧ i̯ẽ˩˧ ɸən˧˧ t͡sʰən˩˧ , t͡san˩˧ tan˩˧ ɕi̯ɒu̯˦˩ pʰi̯ẽ˦˥ , i˨˦ ɕi̯ɒu̯˦˩ pʰi̯ẽ˦˥ , i̯æn˩˧ ɕi̯ɒu̯˦˩ pʰi̯ẽ˦˥ san˧˧ t͡sa̠˨˦ pu˨˩ ɸən˧˧ , san˧˧ t͡sa̠˨˦ ɕi̯ɒu̯˦˩ pʰi̯ẽ˦˥ t͡ɕʰy˧˧ i̯əu̯˦˩ kʰəu̯˦˩ in˧˧ t͡sʰa̠˧˧ pʰi̯e̞˨˦ , tan˨˩ tai̯˨˩ t͡sz̩˦˥ mɒu̯˨˩ tɤ̞˨˦ kəu̯˧˧ tʰən˧˧ t͡san˦˥ .
講吳語個人主要住待江蘇個南邊、上海、浙江，跟噠安徽個南邊，一共近有八千萬，待中國排第二，世界排第一泡。	kan˦˩ u˩˧ y˦˩ ko˦˥ ʐən˩˧ t͡ɕy˦˩ i̯ɒu̯˧˧ t͡ɕy˦˥ tai̯˦˥ t͡ɕi̯æn˧˧ səu̯˧˧ ko˦˥ l̃an˩˧ pi̯ẽ˧˧ , san˩˩ xai̯˦˩ , t͡ɕi̯æn˧˧ , kən˧˧ ta̠ ŋan˧˧ ɸe̞i̯˧˧ ko˦˥ l̃an˩˧ pi̯ẽ˧˧ , i˨˦ kən˨˩ t͡ɕin˨˩ i̯əu̯˦˩ pa̠˨˦ t͡ɕʰi̯ẽ˧˧ u̯an˨˩ , tai̯˦˥ t͡sən˧˧ ku̯ɤ̞˨˦ pai̯˩˧ ti˩˩ ɤ̞˩˩ , sz̩˦˥ kai̯˦˥ pai̯˩˧ ti˩˩ i˨˦ .
“微觀”是研究單只經濟體個作為，其俚包括：消費者、工人、投資者、土地所有者，跟噠企業。其跟吾俚解釋，啯些單只經濟體是何什做出經濟決策，何解啯做。其個另個重要研究領域是，經濟體之間何什相互作用，去形成更大個經濟體——市場跟行業。	u̯e̞i̯˩˧ kõ˧˧ sz̩˨˩ n̠ʲi̯ẽ˧˧ tan˧˧ t͡sz̩˦˩ t͡ɕin˧˧ tʰi˦˩ ko˦˥ t͡so˨˦ u̯e̞i̯˩˧ , t͡ɕi˩˧ pɒu̯˧˧ , ɕi̯ɒu̯˧˧ ɸe̞i̯˦˥ t͡sɤ̞˦˩ , kən˧˧ ʐən˩˧ , təu̯˩˧ t͡sz̩˧˧ t͡sɤ̞˦˩ , tʰəu̯˦˩ ti˨˩ so˦˩ i̯əu̯˦˩ t͡sɤ̞˦˩ , kən˧˧ ta̠ n̠ʲi̯e̞˨˦ . t͡ɕi˩˧ kən˧˧ kai̯˦˩ , ɕi̯a̠˧˧ tan˧˧ t͡sz̩˦˩ t͡ɕin˧˧ tʰi˦˩ sz̩˨˩ o˩˧ sz̩˧ t͡səu̯˦˥ t͡ɕʰy˨˦ t͡ɕin˧˧ t͡ɕy̯e̞˨˦ t͡sʰɤ̞˨˦ , o˩˧ kai̯˦˩ t͡səu̯˦˥ . t͡ɕi˩˧ ko˦˥ ko˦˥ i̯ɒu̯˧˧ n̠ʲi̯ẽ˧˧ lin˦˩ y˨˦ sz̩˨˩ , t͡ɕin˧˧ tʰi˦˩ t͡sz̩˧˧ kan˧˧ o˩˧ sz̩˧ ɕi̯æn˧˧ t͡so˨˦ in˨˩ , kʰɤ̞˦˥ ɕin˩˧ t͡sʰən˩˧ tai̯˨˩ ko˦˥ t͡ɕin˧˧ tʰi˦˩ sz̩˨˩ t͡san˩˧ kən˧˧ ɕin˩˧ n̠ʲi̯e̞˨˦ .
最先講到像而今“經濟學”個概念個，是色洛芬，其個《經濟論》最先涉及“經濟學”。待亞里斯多德時代個點子是：政治學、倫理學、政治經濟學三位一體，諾獎獲得者阿馬蒂亞•森待《倫理學與經濟學》兜裡講道：“夥長段個時間，經濟學一路來都講是倫理學個一隻分支。”	t͡se̞i̯˦˥ ɕi̯ẽ˧˧ kan˦˩ tɒu̯˦˥ ɕi̯æn˦˥ ɤ̞˩˧ t͡ɕin˧˧ t͡ɕin˧˧ ɕi̯o˨˦ ko˦˥ kʰai̯˦˥ n̠ʲi̯ẽ˨˩ ko˦˥ , sz̩˨˩ sɤ̞˨˦ lo˨˦ , t͡ɕi˩˧ ko˦˥ t͡ɕin˧˧ lən˦˥ t͡se̞i̯˦˥ ɕi̯ẽ˧˧ sɤ̞˨˦ t͡ɕi˨˦ t͡ɕin˧˧ ɕi̯o˨˦ . tai̯˦˥ i̯a̠˦˥ li sz̩˧˧ to˧˧ tɤ̞˨˦ sz̩˩˧ tai̯˨˩ ko˦˥ ti̯e̞˦˩ t͡sz̩˦˩ sz̩˨˩ , t͡sən˦˥ t͡sz̩˦˥ ɕi̯o˨˦ , li˦˩ ɕi̯o˨˦ , t͡sən˦˥ t͡sz̩˦˥ t͡ɕin˧˧ ɕi̯o˨˦ san˧˧ u̯e̞i̯˨˩ i˨˦ tʰi˦˩ , t͡ɕi̯æn˦˩ tɤ̞˨˦ t͡sɤ̞˦˩ ma̠˦˩ ti˦˥ i̯a̠˦˥ sən˧˧ tai̯˦˥ li˦˩ ɕi̯o˨˦ y˦˩ t͡ɕin˧˧ ɕi̯o˨˦ təu̯˧˧ li˦˩ kan˦˩ tɒu̯˨˩ , t͡san˩˧ tõ˨˦ ko˦˥ sz̩˩˧ kan˧˧ , t͡ɕin˧˧ ɕi̯o˨˦ i˨˦ ləu̯˦˩ lai̯˨˦ təu̯˧˧ kan˦˩ sz̩˨˩ li˦˩ ɕi̯o˨˦ ko˦˥ i˨˦ t͡sa̠˨˦ ɸən˧˧ t͡sz̩˧˧ .
待《國富論》出版個後100年，自由主義經濟繁榮個後頭，週期性個經濟危機跟社會財富分佈個不均等弊端下都露出噠。德國人卡爾•馬克思認為一個國家經濟個代表是勞動力，但資本主義個資本家為噠追求其自家個利潤最大化，放肆個壓低工資，壓低生產成本。待其1867年出版個《資本論》中提出噠“資本主義原始積累”跟“剩餘價值”等理論，其認為資本主義發展中個階級矛盾是不得調和歸一個。其還預言資產階級，後背下會被無產階級取代，“國家”個概念下會消失，社會各層面革新跟資源從頭架勢分配，最後，臻至理想個共產主義社會。	tai̯˦˥ ku̯ɤ̞˨˦ lən˦˥ t͡ɕʰy˨˦ pan˦˩ ko˦˥ xəu̯˨˩ i˨˦ pɤ̞˨˦ n̠ʲi̯ẽ˩˧ , t͡sz̩˨˩ i̯əu̯˩˧ t͡ɕy˦˩ n̠ʲi˦˥ t͡ɕin˧˧ yn˩˧ ko˦˥ xəu̯˩˩ təu̯˧ , t͡ɕi˩˧ ɕin˦˥ ko˦˥ t͡ɕin˧˧ u̯e̞i̯˩˧ t͡ɕi˧˧ kən˧˧ sɤ̞˦˥ ɸe̞i̯˨˩ t͡sai̯˩˧ ɸən˧˧ ko˦˥ pu˨˦ t͡ɕyn˧˧ tən˦˩ tõ˧˧ xa̠˨˩ təu̯˧˧ ləu̯˨˩ t͡ɕʰy˨˦ ta̠ . tɤ̞˨˦ ku̯ɤ̞˨˦ ʐən˩˧ kʰa̠˦˩ ɤ̞˦˩ ma̠˦˩ sz̩˧˧ ʐən˨˩ u̯e̞i̯˩˧ i˨˦ ko˦˥ ku̯ɤ̞˨˦ t͡ɕi̯a̠˧˧ t͡ɕin˧˧ ko˦˥ tai̯˨˩ pi̯ɒu̯˦˩ sz̩˨˩ tən˨˩ li˨˦ , tan˨˩ t͡ɕi˧˧ pən˦˩ t͡ɕy˦˩ n̠ʲi˦˥ ko˦˥ t͡ɕi˧˧ pən˦˩ t͡ɕi̯a̠˧˧ u̯e̞i̯˩˧ ta̠ t͡ɕy̯e̞i̯˧˧ t͡ɕʰi̯əu̯˩˧ t͡ɕi˩˧ t͡sz̩˩˩ ka̠˧ ko˦˥ li˨˩ t͡se̞i̯˦˥ tai̯˨˩ ɸa̠˦˥ , ɸan˦˥ sz̩˦˥ ko˦˥ kən˧˧ t͡sz̩˧˧ , sən˧˧ t͡sʰan˦˩ t͡sʰən˩˧ pən˦˩ . tai̯˦˥ t͡ɕi˩˧ i˨˦ pa̠˨˦ ləu̯˨˦ t͡ɕʰi˨˦ n̠ʲi̯ẽ˩˧ t͡ɕʰy˨˦ pan˦˩ ko˦˥ t͡ɕi˧˧ pən˦˩ lən˦˥ t͡sən˧˧ ti̯a̠˩˧ t͡ɕʰy˨˦ ta̠ t͡ɕi˧˧ pən˦˩ t͡ɕy˦˩ n̠ʲi˦˥ y̯ẽ˩˧ sz̩˦˩ t͡ɕi˨˦ li̯a̠˨˦ kən˧˧ sən˦˥ y˩˧ t͡ɕi̯a̠˦˥ t͡sz̩˨˦ tən˦˩ li˦˩ lən˦˥ , t͡ɕi˩˧ ʐən˨˩ u̯e̞i̯˩˧ t͡ɕi˧˧ pən˦˩ t͡ɕy˦˩ n̠ʲi˦˥ ɸa̠˨˦ t͡sə̃˦˩ t͡sən˧˧ ko˦˥ t͡ɕi˨˦ sz̩˨˩ pu˨˦ tɤ̞˨˦ ti̯ɒu̯˩˧ xo˩˧ ku̯e̞i̯˧˧ i˨˦ ko˦˥ . t͡ɕi˩˧ ɸan˩˧ i̯ẽ˩˧ t͡sz̩˧˧ t͡sʰan˦˩ t͡ɕi˨˦ , xəu̯˩˩ pe̞i̯˦˥ xa̠˨˩ ɸe̞i̯˨˩ pe̞i̯˨˩ u˩˧ t͡sʰan˦˩ t͡ɕi˨˦ t͡ɕʰi˦˩ tai̯˨˩ , ku̯ɤ̞˨˦ t͡ɕi̯a̠˧˧ ko˦˥ kʰai̯˦˥ n̠ʲi̯ẽ˨˩ xa̠˨˩ ɸe̞i̯˨˩ ɕi̯ɒu̯˧˧ sɤ̞˨˦ , sɤ̞˦˥ ɸe̞i̯˨˩ ko˨˦ t͡sʰən˩˧ mi̯ẽ˨˩ kɤ̞˨˦ ɕin˧˧ kən˧˧ t͡sz̩˧˧ y̯ẽ˩˧ t͡sən˩˧ təu̯˩˧ ka̠˦˥ ɸən˧˧ , t͡se̞i̯˦˥ xəu̯˨˩ , li˦˩ ɕi̯æn˦˩ ko˦˥ kən˨˩ t͡sʰan˦˩ t͡ɕy˦˩ n̠ʲi˦˥ sɤ̞˦˥ ɸe̞i̯˨˩ .
湖湘民系與湖南境內亇苗族、土家族、侗族、瑤族等民族一路創造了湘楚文化（楚文化、湖湘文化），湖湘民系創造亇文化在湘楚文化中為主體地位。 湖湘民系主要使用湘語，在風俗、禮儀等方面與淮語、吳語、徽語三言亇人民亦有蠻多共性，但飲食習慣截然不同。普遍呷檳榔、辣椒等刺激性亇食物是湖湘民系亇特點。 另外，湖湘民系肚裡好實巴多人口聲講自家血統源自老表民系。	ɸu˩˧ ɕi̯æn˧˧ min˩˧ ɕi˦˥ y˦˩ ɸu˩˧ l̃an˩˧ t͡ɕin˦˥ le̞i̯˨˩ mi̯ɒu̯˩˧ t͡sʰəu̯˨˦ , tʰəu̯˦˩ t͡ɕi̯a̠˧˧ t͡sʰəu̯˨˦ , t͡sʰəu̯˨˦ , t͡sʰəu̯˨˦ tən˦˩ min˩˧ t͡sʰəu̯˨˦ i˨˦ ləu̯˩˩ t͡sʰɒu̯˦˥ li̯ɒu̯˦˩ ɕi̯æn˧˧ t͡sʰəu̯˦˩ u̯ən˩˧ ɸa̠˦˥ t͡sʰəu̯˦˩ u̯ən˩˧ ɸa̠˦˥ , ɸu˩˧ ɕi̯æn˧˧ u̯ən˩˧ ɸa̠˦˥ , ɸu˩˧ ɕi̯æn˧˧ min˩˧ ɕi˦˥ t͡sʰɒu̯˦˥ u̯ən˩˧ ɸa̠˦˥ təu̯˨˩ ɕi̯æn˧˧ t͡sʰəu̯˦˩ u̯ən˩˧ ɸa̠˦˥ t͡sən˧˧ u̯e̞i̯˩˧ t͡ɕy˦˩ tʰi˦˩ ti˨˩ u̯e̞i̯˨˩ . ɸu˩˧ ɕi̯æn˧˧ min˩˧ ɕi˦˥ t͡ɕy˦˩ i̯ɒu̯˧˧ sz̩˦˩ in˨˩ ɕi̯æn˧˧ y˦˩ , təu̯˨˩ xən˧˧ səu̯˨˦ , li˦˩ tən˦˩ ɸan˧˧ mi̯ẽ˨˩ y˦˩ y˦˩ , u˩˧ y˦˩ , ɸe̞i̯˧˧ y˦˩ san˧˧ i̯ẽ˩˧ ʐən˩˧ min˩˧ i˨˦ i̯əu̯˦˩ man˩˧ to˧˧ kən˨˩ ɕin˦˥ , tan˨˩ in˦˩ sz̩˨˦ ɕi˨˦ t͡ɕʰi̯e̞˨˦ y̯ẽ˩˧ pu˨˦ tən˩˧ . pʰu˦˩ , la̠˨˦ t͡ɕi̯ɒu̯˧˧ tən˦˩ t͡ɕi˨˦ ɕin˦˥ sz̩˨˦ u˨˦ sz̩˨˩ ɸu˩˧ ɕi̯æn˧˧ min˩˧ ɕi˦˥ tʰɤ̞˨˦ ti̯e̞˦˩ . lin˩˩ u̯ai̯˩˩ , ɸu˩˧ ɕi̯æn˧˧ min˩˧ ɕi˦˥ li˦˩ xɒu̯˦˩ sz̩˨˦ pa̠˧˧ to˧˧ ʐən˩˧ kʰəu̯˦˩ sən˧˧ kan˦˩ t͡sz̩˩˩ ka̠˧ ɕi̯e̞˨˦ tʰən˦˩ y̯ẽ˩˧ t͡sz̩˨˩ lɒu̯˦˩ pi̯ɒu̯˦˩ min˩˧ ɕi˦˥ .
中華民國，開先在中國大陸，如今跍得台灣跟福建沿海幾隻小島高頭亇一隻國家，一般喊噠做臺灣。	t͡sən˧˧ ɸa̠˩˧ min˩˧ ku̯ɤ̞˨˦ , kʰai̯˧˧ ɕi̯ẽ˧˧ təu̯˨˩ t͡sən˧˧ ku̯ɤ̞˨˦ tai̯˨˩ ləu̯˨˦ , y˩˧ t͡ɕin˧˧ ku˩˧ tɤ̞˨˦ tai̯˩˧ u̯an˧˧ kən˧˧ ɸu˨˦ t͡ɕi̯ẽ˦˥ y̯ẽ˩˧ xai̯˦˩ t͡ɕi˦˩ t͡sa̠˨˦ ɕi̯ɒu̯˦˩ tɒu̯˦˩ kɒu̯˧˧ təu̯˧ i˨˦ t͡sa̠˨˦ ku̯ɤ̞˨˦ t͡ɕi̯a̠˧˧ , i˨˦ ta̠ t͡səu̯˦˥ tai̯˩˧ u̯an˧˧ .
四川省，是跍得中華人民共和國西南亇一個省份，省會是成都市，跟雲南省、西藏自治區、青海省、甘肅省、陝西省、重慶市跟貴州省搭界。總人口有8000來萬，是全國人口第四亇省級級行政區。四川有川跟蜀兩隻簡稱，川是從宋朝亇川峽四路來亇，在先秦時期，有巴、蜀嗰兩隻諸侯國跍到今日四川省亇地盤高頭，所以四川又喊噠做巴蜀。	sz̩˦˥ t͡ɕʰy̯ẽ˧˧ sən˦˩ , sz̩˨˩ ku˩˧ tɤ̞˨˦ t͡sən˧˧ ɸa̠˩˧ ʐən˩˧ min˩˧ kən˩˩ xo˩˧ ku̯ɤ̞˨˦ ɕi˧˧ l̃an˩˧ i˨˦ ko˦˥ sən˦˩ ɸən˨˩ , sən˦˩ ɸe̞i̯˨˩ sz̩˨˩ t͡sʰən˩˧ təu̯˧˧ sz̩˨˩ , kən˧˧ yn˩˧ l̃an˩˧ sən˦˩ , ɕi˧˧ t͡san˩˧ t͡sz̩˨˩ t͡sz̩˦˥ t͡ɕʰy˧˧ , t͡ɕʰin˧˧ xai̯˦˩ sən˦˩ , kan˧˧ sən˦˩ , ɕi˧˧ sən˦˩ , t͡ɕʰin˦˥ sz̩˨˩ kən˧˧ ku̯e̞i̯˦˥ t͡səu̯˧˧ sən˦˩ kai̯˦˥ . t͡sən˦˩ ʐən˩˧ kʰəu̯˦˩ i̯əu̯˦˩ pa̠˨˦ t͡ɕʰi̯ẽ˧˧ lai̯˩˧ u̯an˨˩ , sz̩˨˩ t͡ɕʰi̯ẽ˩˧ ku̯ɤ̞˨˦ ʐən˩˧ kʰəu̯˦˩ ti˨˩ sz̩˦˥ sən˦˩ t͡ɕi˨˦ t͡ɕi˨˦ ɕin˩˧ t͡sən˦˥ t͡ɕʰy˧˧ . sz̩˦˥ t͡ɕʰy̯ẽ˧˧ i̯əu̯˦˩ t͡ɕʰy̯ẽ˧˧ kən˧˧ li̯æn˦˩ t͡sa̠˨˦ , t͡ɕʰy̯ẽ˧˧ sz̩˨˩ t͡sən˩˧ sən˦˥ t͡sɒu̯˧˧ t͡ɕʰy̯ẽ˧˧ sz̩˦˥ ləu̯˨˩ lai̯˩˧ , təu̯˨˩ ɕi̯ẽ˧˧ sz̩˩˧ t͡ɕi˩˧ , i̯əu̯˦˩ pa̠˧˧ , li̯æn˦˩ t͡sa̠˨˦ xəu̯˩˧ ku̯ɤ̞˨˦ ku˩˧ tɒu̯˦˥ t͡ɕin˧˧ ʐ̩˨˦ sz̩˦˥ t͡ɕʰy̯ẽ˧˧ sən˦˩ ti˨˩ põ˩˧ kɒu̯˧˧ təu̯˧ , so˦˩ i˦˩ sz̩˦˥ t͡ɕʰy̯ẽ˧˧ i̯əu̯˨˩ ta̠ t͡səu̯˦˥ pa̠˧˧ .
熱帶氣旋是低緯度亇一下氣旋，其是勞噠水蒸氣凝結敦起亇暖中心結構。熱帶氣旋高頭對流赫強，肚裡亇風雨也蠻厲害。夏天秋天是熱帶氣旋最多亇時季，其時常襲擊陸地，造成傷亡。	y̯e̞˨˦ t͡ɕʰi˦˥ t͡ɕi̯ẽ˨˩ sz̩˨˩ u̯e̞i̯˦˩ i˨˦ xa̠˨˩ t͡ɕʰi˦˥ t͡ɕi̯ẽ˨˩ , t͡ɕi˩˧ sz̩˨˩ ta̠ ɕy̯e̞i̯˦˩ t͡ɕʰi˦˥ n̠ʲin˩˧ t͡ɕi̯e̞˨˦ tən˧˧ t͡ɕʰi˦˩ lõ˦˩ t͡sən˧˧ ɕin˧˧ t͡ɕi̯e̞˨˦ kəu̯˦˥ . y̯e̞˨˦ t͡ɕʰi˦˥ t͡ɕi̯ẽ˨˩ kɒu̯˧˧ təu̯˧ te̞i̯˦˥ li̯əu̯˩˧ t͡ɕi̯æn˩˧ , li˦˩ xən˧˧ y˦˩ i̯a̠˦˩ man˩˧ xai̯˨˩ . ɕi̯a̠˩˩ tʰi̯ẽ˧˧ t͡ɕʰi̯əu̯˧˧ tʰi̯ẽ˧˧ sz̩˨˩ y̯e̞˨˦ t͡ɕʰi˦˥ t͡ɕi̯ẽ˨˩ t͡se̞i̯˦˥ to˧˧ sz̩˩˧ , t͡ɕi˩˧ sz̩˩˧ san˩˧ ləu̯˨˦ ti˨˩ , t͡sʰɒu̯˦˥ t͡sʰən˩˧ san˧˧ .
英國本土落於歐陸西北啲不列顛群島、送北海、英吉利海峽、凱爾特海、愛爾蘭海和大西洋包圍。除噠英國本土外，還包括十四隻海外領土。	in˧˧ ku̯ɤ̞˨˦ pən˦˩ tʰəu̯˦˩ lo˨˦ ŋəu̯˧˧ ləu̯˨˦ ɕi˧˧ pɤ̞˨˦ pu˨˦ li̯e̞˨˦ tɒu̯˦˩ , sən˦˥ pɤ̞˨˦ xai̯˦˩ , in˧˧ t͡ɕi˨˦ li˨˩ xai̯˦˩ , ɤ̞˦˩ tʰɤ̞˨˦ xai̯˦˩ , ŋai̯˦˥ ɤ̞˦˩ l̃an˩˧ xai̯˦˩ xo˩˧ tai̯˨˩ ɕi˧˧ i̯æn˩˧ pɒu̯˧˧ u̯e̞i̯˩˧ . t͡ɕy˩˧ ta̠ in˧˧ ku̯ɤ̞˨˦ pən˦˩ tʰəu̯˦˩ u̯ai̯˨˩ , ɸan˩˧ pɒu̯˧˧ sz̩˨˦ sz̩˦˥ t͡sa̠˨˦ xai̯˦˩ u̯ai̯˨˩ lin˦˩ tʰəu̯˦˩ .
英國是第一、第二次世界大戰主要勝利國、擁有原子武器和世界上第四的軍費支出、是國際連合安全保障理事會常任理事國、對議案擁有否決權。英國亦為歐盟成員國、北約創始會員國、主要國首腦會議成員國之一和歐洲四大經濟體之一、全球前七大經濟體、世界八大強國之一、也是一系列國際組織如經合組織、世界貿易組織的一員。	in˧˧ ku̯ɤ̞˨˦ sz̩˨˩ ti˩˩ i˨˦ , ti˩˩ ɤ̞˩˩ t͡sʰz̩˦˥ sz̩˦˥ kai̯˦˥ tai̯˨˩ t͡sə̃˦˥ t͡ɕy˦˩ i̯ɒu̯˧˧ sən˧˧ li˨˩ ku̯ɤ̞˨˦ , in˦˩ i̯əu̯˦˩ y̯ẽ˩˧ t͡sz̩˦˩ u˦˩ t͡ɕʰi˦˥ xo˩˧ sz̩˦˥ kai̯˦˥ san˨˩ ti˨˩ sz̩˦˥ ti˨˦ t͡ɕyn˧˧ ɸe̞i̯˦˥ t͡sz̩˧˧ t͡ɕʰy˨˦ , sz̩˨˩ ku̯ɤ̞˨˦ li̯ẽ˩˧ xo˩˧ ŋan˧˧ t͡ɕʰi̯ẽ˩˧ pɒu̯˦˩ t͡san˦˥ li˦˩ sz̩˨˩ ɸe̞i̯˨˩ san˩˧ ʐən˦˥ li˦˩ sz̩˨˩ ku̯ɤ̞˨˦ , te̞i̯˦˥ ŋan˦˥ in˦˩ i̯əu̯˦˩ xəu̯˦˩ t͡ɕy̯e̞˨˦ t͡ɕʰy̯ẽ˩˧ . in˧˧ ku̯ɤ̞˨˦ i˨˦ u̯e̞i̯˩˧ ŋəu̯˧˧ min˩˧ t͡sʰən˩˧ y̯ẽ˩˧ ku̯ɤ̞˨˦ , pɤ̞˨˦ i̯o˨˦ sz̩˦˩ ɸe̞i̯˨˩ y̯ẽ˩˧ ku̯ɤ̞˨˦ , t͡ɕy˦˩ i̯ɒu̯˧˧ ku̯ɤ̞˨˦ lɒu̯˦˩ ɸe̞i̯˨˩ t͡sʰən˩˧ y̯ẽ˩˧ ku̯ɤ̞˨˦ t͡sz̩˧˧ i˨˦ xo˩˧ ŋəu̯˧˧ t͡səu̯˧˧ sz̩˦˥ tai̯˨˩ t͡ɕin˧˧ tʰi˦˩ t͡sz̩˧˧ i˨˦ , t͡ɕʰi̯ẽ˩˧ t͡ɕi̯əu̯˩˧ t͡ɕi̯ẽ˩˧ t͡ɕʰi˨˦ tai̯˨˩ t͡ɕin˧˧ tʰi˦˩ , sz̩˦˥ kai̯˦˥ pa̠˨˦ tai̯˨˩ t͡ɕi̯æn˩˧ ku̯ɤ̞˨˦ t͡sz̩˧˧ i˨˦ , i̯a̠˦˩ sz̩˨˩ i˨˦ ɕi˦˥ li̯e̞˨˦ ku̯ɤ̞˨˦ t͡sz̩˨˦ y˩˧ t͡ɕin˧˧ xo˩˧ t͡sz̩˨˦ , sz̩˦˥ kai̯˦˥ t͡sz̩˨˦ ti˨˦ i˨˦ y̯ẽ˩˧ .
除噠維基百科，維基媒體基金會現在還有麼子維基詞典丶維基教科書丶維基文庫幾隻別亇項目，也是哪個夥能寫。	t͡ɕy˩˧ ta̠ u̯e̞i̯˩˧ t͡ɕi˧˧ pɤ̞˨˦ kʰo˧˧ , u̯e̞i̯˩˧ t͡ɕi˧˧ tʰi˦˩ t͡ɕi˧˧ t͡ɕin˧˧ ɸe̞i̯˨˩ ɕi̯ẽ˩˩ t͡sai̯˩˩ ɸan˩˧ i̯əu̯˦˩ mo˦˩ t͡sz̩˧ u̯e̞i̯˩˧ t͡ɕi˧˧ t͡sz̩˩˧ ti̯ẽ˦˩ u̯e̞i̯˩˧ t͡ɕi˧˧ kɒu̯˦˥ kʰo˧˧ ɕy˧˧ u̯e̞i̯˩˧ t͡ɕi˧˧ u̯ən˩˧ kʰu˦˥ t͡ɕi˦˩ t͡sa̠˨˦ pʰi̯e̞˨˦ xan˦˥ mo˨˦ , i̯a̠˦˩ sz̩˨˩ lai̯˦˩ ko˦˥ lən˩˧ ɕi̯a̠˦˩ .
王韬(1828年11月10日-1897年5月24日），是中国晚清的时候，吴越地区的一个维新文人，箇个人关心国家大事，写过好多洋务运动的材料，对箇个阶段的洋务运动有很大的影响。他人家早年参加科举，無考取，落榜。后背因为与太平天国有关联，冇办法免罪，就一下子与传教士一道，夥逃到香港，又到欧洲去巡游，积累几多丰富的见闻，根据箇些见闻，他写出《漫游随录图记》，是晚清时代，中国人对欧陆见闻的代表性作品	u̯an˩˧ i˨˦ pa̠˨˦ ɤ̞˨˩ pa̠˨˦ n̠ʲi̯ẽ˩˧ sz̩˨˦ i˨˦ y̯e̞˨˦ sz̩˨˦ n̠ʲi˨˦ i˨˦ pa̠˨˦ t͡ɕi̯əu̯˦˩ t͡ɕʰi˨˦ n̠ʲi̯ẽ˩˧ u˦˩ y̯e̞˨˦ ɤ̞˩˩ sz̩˨˦ sz̩˦˥ n̠ʲi˨˦ , sz̩˨˩ t͡sən˧˧ ku̯ɤ̞˨˦ u̯an˦˩ t͡ɕʰin˧˧ ti˨˦ sz̩˩˧ xəu̯˧ , u˩˧ y̯e̞˨˦ ti˨˩ t͡ɕʰy˧˧ ti˨˦ i˨˦ ko˦˥ u̯e̞i̯˩˧ ɕin˧˧ u̯ən˩˧ ʐən˩˧ , ko˦˥ ʐən˩˧ ku̯an˧˧ ɕin˧˧ ku̯ɤ̞˨˦ t͡ɕi̯a̠˧˧ tai̯˨˩ sz̩˨˩ , ɕi̯a̠˦˩ ko˦˥ xɒu̯˦˩ to˧˧ i̯æn˩˧ u˨˩ tən˨˩ ti˨˦ li̯ɒu̯˦˥ , te̞i̯˦˥ ko˦˥ tõ˨˦ ti˨˦ i̯æn˩˧ u˨˩ tən˨˩ i̯əu̯˦˩ xɤ̞˦˩ tai̯˨˩ ti˨˦ in˦˩ . tʰa̠˧˧ ʐən˩˧ ka̠˧ t͡sɒu̯˦˩ n̠ʲi̯ẽ˩˧ t͡ɕi̯a̠˧˧ kʰo˧˧ t͡ɕy˦˩ , u˩˧ kʰɒu̯˦˩ t͡ɕʰi˦˩ , lo˨˦ pan˦˩ . xəu̯˩˩ pe̞i̯˦˥ in˧˧ u̯e̞i̯˩˧ y˦˩ tʰai̯˦˥ pin˩˧ tʰi̯ẽ˧˧ ku̯ɤ̞˨˦ i̯əu̯˦˩ ku̯an˧˧ li̯ẽ˩˧ , mɒu̯˨˩ pan˦˥ ɸa̠˨˦ mi̯ẽ˦˩ t͡se̞i̯˨˩ , t͡ɕi̯əu̯˨˩ i˨˦ xa̠˨˩ t͡sz̩˦˩ y˦˩ kɒu̯˦˥ sz̩˦˥ i˨˦ tɒu̯˨˩ , tɒu̯˩˧ tɒu̯˦˥ ɕi̯æn˧˧ kan˦˩ , i̯əu̯˨˩ tɒu̯˦˥ ŋəu̯˧˧ t͡səu̯˧˧ kʰɤ̞˦˥ sən˩˧ i̯əu̯˩˧ , t͡ɕi˨˦ li̯a̠˨˦ t͡ɕi˦˩ to˧˧ ti˨˦ t͡ɕi̯ẽ˦˥ u̯ən˩˧ , kən˧˧ ɕi̯a̠˧˧ t͡ɕi̯ẽ˦˥ u̯ən˩˧ , tʰa̠˧˧ ɕi̯a̠˦˩ t͡ɕʰy˨˦ i̯əu̯˩˧ se̞i̯˩˧ ləu̯˨˦ t͡ɕi˦˥ , sz̩˨˩ u̯an˦˩ t͡ɕʰin˧˧ sz̩˩˧ tai̯˨˩ , t͡sən˧˧ ku̯ɤ̞˨˦ ʐən˩˧ te̞i̯˦˥ ŋəu̯˧˧ ləu̯˨˦ t͡ɕi̯ẽ˦˥ u̯ən˩˧ ti˨˦ tai̯˨˩ pi̯ɒu̯˦˩ ɕin˦˥ t͡so˨˦ pʰin˦˩
蔡英文求學期間先後獲得了國立臺灣大學法律學系法學士、康乃爾大學法學院法學碩士同倫敦政治經濟學院法學博士亇學位，並曾當了教於國立政治大學法學院、商學院同東吳大學法學院。1986年，她參同世界貿易組織等國際談判，獲得政府賞識。在李登輝政府亇時期，她是國安會諮詢委員，是「特殊亇國同國關係」理論亇主要起草人。2000年陳水扁政府上臺後，她以無黨籍學者身分擔任陸委會主委。	t͡sʰai̯˦˥ in˧˧ u̯ən˩˧ t͡ɕʰi̯əu̯˩˧ ɕi̯o˨˦ t͡ɕi˩˧ kan˧˧ ɕi̯ẽ˧˧ xəu̯˨˩ tɤ̞˨˦ li̯ɒu̯˦˩ ku̯ɤ̞˨˦ li˨˦ tai̯˩˧ u̯an˧˧ ta̠˦˥ ɕi̯o˨˦ ɸa̠˨˦ li˨˦ ɕi̯o˨˦ ɕi˦˥ ɸa̠˨˦ ɕi̯o˨˦ sz̩˦˥ , kʰan˧˧ lai̯˦˩ ɤ̞˦˩ ta̠˦˥ ɕi̯o˨˦ ɸa̠˨˦ ɕi̯o˨˦ y̯e̞˦˥ ɸa̠˨˦ ɕi̯o˨˦ sz̩˦˥ tən˩˧ tən˧˧ t͡sən˦˥ t͡sz̩˦˥ t͡ɕin˧˧ ɕi̯o˨˦ y̯e̞˦˥ ɸa̠˨˦ ɕi̯o˨˦ sz̩˦˥ ɕi̯o˨˦ u̯e̞i̯˨˩ , tan˧˧ li̯ɒu̯˦˩ kɒu̯˦˥ ku̯ɤ̞˨˦ li˨˦ t͡sən˦˥ t͡sz̩˦˥ ta̠˦˥ ɕi̯o˨˦ ɸa̠˨˦ ɕi̯o˨˦ y̯e̞˦˥ , san˧˧ ɕi̯o˨˦ y̯e̞˦˥ tən˩˧ tən˧˧ u˩˧ ta̠˦˥ ɕi̯o˨˦ ɸa̠˨˦ ɕi̯o˨˦ y̯e̞˦˥ . i˨˦ t͡ɕi̯əu̯˦˩ pa̠˨˦ ləu̯˨˦ n̠ʲi̯ẽ˩˧ , tən˩˧ sz̩˦˥ kai̯˦˥ t͡sz̩˨˦ tən˦˩ ku̯ɤ̞˨˦ tan˩˧ pʰõ˦˥ , tɤ̞˨˦ t͡sən˦˥ ɸu˦˩ . təu̯˨˩ li˦˩ tən˧˧ t͡sən˦˥ ɸu˦˩ sz̩˩˧ t͡ɕi˩˧ , sz̩˨˩ ku̯ɤ̞˨˦ ŋan˧˧ ɸe̞i̯˨˩ u̯e̞i̯˦˩ y̯ẽ˩˧ , sz̩˨˩ tʰɤ̞˨˦ ku̯ɤ̞˨˦ tən˩˧ ku̯ɤ̞˨˦ ku̯an˧˧ li˦˩ lən˦˥ t͡ɕy˦˩ i̯ɒu̯˧˧ t͡ɕʰi˦˩ t͡sʰɒu̯˦˩ ʐən˩˧ . ɤ̞˨˩ lin˩˧ lin˩˧ lin˩˧ n̠ʲi̯ẽ˩˧ t͡sən˩˧ ɕy̯e̞i̯˦˩ t͡sən˦˥ ɸu˦˩ san˨˩ tai̯˩˧ xəu̯˨˩ , i˦˩ u˩˧ tan˦˩ ɕi̯o˨˦ t͡sɤ̞˦˩ sən˧˧ ɸən˧˧ ʐən˦˥ ləu̯˨˦ u̯e̞i̯˦˩ ɸe̞i̯˨˩ t͡ɕy˦˩ u̯e̞i̯˦˩ .
本次選舉候選人共有三組，依登記號次分別是台灣民眾黨推薦亇黨主席柯文哲及全國不分區立法委員吳欣盈（俗話講是「柯吳配」同「柯盈配」）、民主進步黨推薦亇時任副總統兼黨主席賴清德及前駐美代表蕭美琴（俗話講是「賴蕭配」同「美德配」），以及中國國民黨推薦亇新北市市長侯友宜及中國廣播公司董事長趙少康（俗話講是「侯趙配」同「侯康配」）。	pən˦˩ t͡sʰz̩˦˥ ɕi̯ẽ˦˩ t͡ɕy˦˩ ɕi̯ẽ˦˩ ʐən˩˧ kən˨˩ i̯əu̯˦˩ san˧˧ , tən˧˧ t͡ɕi˦˥ xɒu̯˦˥ t͡sʰz̩˦˥ ɸən˧˧ pʰi̯e̞˨˦ sz̩˨˩ tai̯˩˧ u̯an˧˧ min˩˧ t͡sən˦˥ tan˦˩ tʰe̞i̯˧˧ tan˦˩ t͡ɕy˦˩ ɕi˨˦ u̯ən˩˧ t͡ɕi˨˦ t͡ɕʰi̯ẽ˩˧ ku̯ɤ̞˨˦ pu˨˦ ɸən˧˧ t͡ɕʰy˧˧ li˨˦ ɸa̠˨˦ u̯e̞i̯˦˩ y̯ẽ˩˧ u˩˧ ɕin˧˧ in˩˧ səu̯˨˦ ɸa̠˨˩ kan˦˩ sz̩˨˩ u˩˧ tən˩˧ in˩˧ , min˩˧ t͡ɕy˦˩ t͡ɕin˦˥ pu˨˩ tan˦˩ tʰe̞i̯˧˧ sz̩˩˧ ʐən˦˥ ɸu˦˥ t͡sən˦˩ tʰən˦˩ tan˦˩ t͡ɕy˦˩ ɕi˨˦ lai̯˨˩ t͡ɕʰin˧˧ tɤ̞˨˦ t͡ɕi˨˦ t͡ɕi̯ẽ˩˧ me̞i̯˦˩ tai̯˨˩ pi̯ɒu̯˦˩ ɕi̯ɒu̯˧˧ me̞i̯˦˩ t͡ɕin˩˧ səu̯˨˦ ɸa̠˨˩ kan˦˩ sz̩˨˩ lai̯˨˩ ɕi̯ɒu̯˧˧ tən˩˧ me̞i̯˦˩ tɤ̞˨˦ , i˦˩ t͡ɕi˨˦ t͡sən˧˧ ku̯ɤ̞˨˦ ku̯ɤ̞˨˦ min˩˧ tan˦˩ tʰe̞i̯˧˧ ɕin˧˧ pɤ̞˨˦ sz̩˨˩ sz̩˨˩ t͡san˩˧ xəu̯˩˧ i̯əu̯˦˩ t͡ɕi˨˦ t͡sən˧˧ ku̯ɤ̞˨˦ ku̯an˦˩ kən˧˧ sz̩˨˩ t͡san˩˧ t͡sɒu̯˦˥ sɒu̯˦˩ kʰan˧˧ səu̯˨˦ ɸa̠˨˩ kan˦˩ sz̩˨˩ xəu̯˩˧ t͡sɒu̯˦˥ tən˩˧ xəu̯˩˧ kʰan˧˧ .
地圖座標為東經111°53'－114°5'，北緯27°51'－28°40'，東西走大概230公里，南北走大概88公里。地域東西向亇一條，地貌北、西、南邊為山地，東南丘陵為主，東北以崗地為主；山地、丘陵、崗地、平原大概下占噶四分之一。土壤一般下是板葉岩風化物，亦夾噠紅土、砂礫岩。	ti˨˩ u̯e̞i̯˩˧ tən˧˧ t͡ɕin˧˧ i˨˦ pɤ̞˨˦ i˨˦ sz̩˨˦ i˨˦ u˦˩ sz̩˨˦ san˧˧ i˨˦ pɤ̞˨˦ i˨˦ sz̩˨˦ sz̩˦˥ u˦˩ , pɤ̞˨˦ u̯e̞i̯˦˩ ɤ̞˩˩ sz̩˨˦ t͡ɕʰi˨˦ u˦˩ sz̩˨˦ i˨˦ ɤ̞˩˩ sz̩˨˦ pa̠˨˦ sz̩˦˥ sz̩˨˦ , tən˧˧ ɕi˧ t͡səu̯˦˩ tai̯˨˩ kʰai̯˦˥ ɤ̞˨˩ pɤ̞˨˦ san˧˧ sz̩˨˦ kən˧˧ li , l̃an˩˧ pɤ̞˨˦ t͡səu̯˦˩ tai̯˨˩ kʰai̯˦˥ pa̠˨˦ sz̩˨˦ pa̠˨˦ kən˧˧ li . ti˨˩ y˨˦ tən˧˧ ɕi˧ i˨˦ ti̯ɒu̯˩˧ , ti˨˩ mɒu̯˦˥ pɤ̞˨˦ , ɕi˧˧ , l̃an˩˧ pi̯ẽ˧˧ u̯e̞i̯˩˧ san˧˧ ti˨˩ , tən˧˧ l̃an˩˧ lin˩˧ u̯e̞i̯˩˧ t͡ɕy˦˩ , tən˧˧ pɤ̞˨˦ i˦˩ ti˨˩ u̯e̞i̯˩˧ t͡ɕy˦˩ , san˧˧ ti˨˩ , lin˩˧ , ti˨˩ , pin˩˧ y̯ẽ˩˧ tai̯˨˩ kʰai̯˦˥ xa̠˨˩ sz̩˦˥ ɸən˧˧ t͡sz̩˧˧ i˨˦ . tʰəu̯˦˩ i˨˦ xa̠˨˩ sz̩˨˩ pan˦˩ i̯e̞˨˦ ŋai̯˩˧ xən˧˧ ɸa̠˦˥ u˨˦ , i˨˦ ka̠˨˦ ta̠ xən˩˧ tʰəu̯˦˩ , sa̠˧˧ ŋai̯˩˧ .
南京國民政府在民國二十六年(1937年)搞出行政督察專員公署，全省分成九隻區（1938年改到十隻區），後頭成立長沙（1933年）、衡陽（1943年）兩隻市。湖南是抗日戰爭拉鋸戰亇一隻主要戰場。湖南高頭發生噠長沙會戰、常德會戰、衡陽戰役和湘西會戰四隻主要大會戰。長沙、衡陽下在戰爭時季被毀盡噠。1949年國民政府奔台灣以前，湖南省腳頭兩隻市、十隻行政監督區、七十七隻縣，湖南省政府跍得長沙。	l̃an˩˧ t͡ɕin˧˧ ku̯ɤ̞˨˦ min˩˧ t͡sən˦˥ ɸu˦˩ təu̯˨˩ min˩˧ ku̯ɤ̞˨˦ ɤ̞˩˩ sz̩˨˦ ləu̯˨˦ n̠ʲi̯ẽ˩˧ i˨˦ t͡ɕi̯əu̯˦˩ san˧˧ t͡ɕʰi˨˦ n̠ʲi̯ẽ˩˧ kɒu̯˦˩ t͡ɕʰy˨˦ ɕin˩˧ t͡sən˦˥ t͡sʰa̠˨˦ t͡ɕy̯ẽ˧˧ y̯ẽ˩˧ kən˧˧ , t͡ɕʰi̯ẽ˩˧ sən˦˩ ɸən˧˧ t͡sʰən˩˧ t͡ɕi̯əu̯˦˩ t͡sa̠˨˦ t͡ɕʰy˧˧ i˨˦ t͡ɕi̯əu̯˦˩ san˧˧ pa̠˨˦ n̠ʲi̯ẽ˩˧ kai̯˦˩ tɒu̯˦˥ sz̩˨˦ t͡sa̠˨˦ t͡ɕʰy˧˧ , xəu̯˩˩ təu̯˧ t͡sʰən˩˧ li˨˦ t͡san˩˧ sa̠˧˧ i˨˦ t͡ɕi̯əu̯˦˩ san˧˧ san˧˧ n̠ʲi̯ẽ˩˧ , i̯æn˩˧ i˨˦ t͡ɕi̯əu̯˦˩ sz̩˦˥ san˧˧ n̠ʲi̯ẽ˩˧ li̯æn˦˩ t͡sa̠˨˦ sz̩˨˩ . ɸu˩˧ l̃an˩˧ sz̩˨˩ n̠ʲi˨˦ t͡sə̃˦˥ t͡sən˧˧ la̠˨˦ kɤ̞˦˥ t͡sə̃˦˥ i˨˦ t͡sa̠˨˦ t͡ɕy˦˩ i̯ɒu̯˧˧ t͡sə̃˦˥ t͡san˩˧ . ɸu˩˧ l̃an˩˧ kɒu̯˧˧ təu̯˧ ɸa̠˨˦ sən˧˧ ta̠ t͡san˩˧ sa̠˧˧ ɸe̞i̯˨˩ t͡sə̃˦˥ , san˩˧ tɤ̞˨˦ ɸe̞i̯˨˩ t͡sə̃˦˥ , i̯æn˩˧ t͡sə̃˦˥ y˨˦ xo˩˧ ɕi̯æn˧˧ ɕi˧˧ ɸe̞i̯˨˩ t͡sə̃˦˥ sz̩˦˥ t͡sa̠˨˦ t͡ɕy˦˩ i̯ɒu̯˧˧ tai̯˨˩ ɸe̞i̯˨˩ t͡sə̃˦˥ . t͡san˩˧ sa̠˧˧ , i̯æn˩˧ xa̠˨˩ təu̯˨˩ t͡sə̃˦˥ t͡sən˧˧ sz̩˩˧ pe̞i̯˨˩ ɸe̞i̯˦˩ ta̠ . i˨˦ t͡ɕi̯əu̯˦˩ sz̩˦˥ t͡ɕi̯əu̯˦˩ n̠ʲi̯ẽ˩˧ ku̯ɤ̞˨˦ min˩˧ t͡sən˦˥ ɸu˦˩ tai̯˩˧ u̯an˧˧ i˦˩ t͡ɕi̯ẽ˩˧ , ɸu˩˧ l̃an˩˧ sən˦˩ t͡ɕi̯o˨˦ təu̯˩˧ li̯æn˦˩ t͡sa̠˨˦ sz̩˨˩ , sz̩˨˦ t͡sa̠˨˦ ɕin˩˧ t͡sən˦˥ kan˧˧ t͡ɕʰy˧˧ , t͡ɕʰi˨˦ sz̩˨˦ t͡ɕʰi˨˦ t͡sa̠˨˦ ɕi̯ẽ˨˩ , ɸu˩˧ l̃an˩˧ sən˦˩ t͡sən˦˥ ɸu˦˩ ku˩˧ tɤ̞˨˦ t͡san˩˧ sa̠˧˧ .
2004年年末戶籍總人口610.38萬人，中間市區人口202.47萬人，非農業人口212.57萬人，農業人口397.81萬人。年末男女性別比為1.06:1，主要民族為漢族。根據2000年第五次人口普查，長沙地區通看有少數民族48,564人，主要是土家、苗、侗、瑤、回、壯和白族。在開福區撈刀河鎮裡頭有只漢回村是長沙唯一一隻少數民族——回族亇聚居地。	ɤ̞˨˩ lin˩˧ lin˩˧ sz̩˦˥ n̠ʲi̯ẽ˩˧ n̠ʲi̯ẽ˩˧ ɸu˨˩ t͡sən˦˩ ʐən˩˧ kʰəu̯˦˩ ləu̯˨˦ pɤ̞˨˦ i˨˦ sz̩˨˦ ti̯e̞˦˩ san˧˧ pa̠˨˦ u̯an˨˩ ʐən˩˧ , t͡sən˧˧ kan˧˧ sz̩˨˩ t͡ɕʰy˧˧ ʐən˩˧ kʰəu̯˦˩ ɤ̞˨˩ pɤ̞˨˦ lin˩˧ ɤ̞˨˩ ti̯e̞˦˩ sz̩˦˥ t͡ɕʰi˨˦ u̯an˨˩ ʐən˩˧ , lən˩˧ n̠ʲi̯e̞˨˦ ʐən˩˧ kʰəu̯˦˩ ɤ̞˨˩ pɤ̞˨˦ i˨˦ sz̩˨˦ ɤ̞˩˩ ti̯e̞˦˩ u˦˩ t͡ɕʰi˨˦ u̯an˨˩ ʐən˩˧ , lən˩˧ n̠ʲi̯e̞˨˦ ʐən˩˧ kʰəu̯˦˩ san˧˧ pɤ̞˨˦ t͡ɕi̯əu̯˦˩ sz̩˨˦ t͡ɕʰi˨˦ ti̯e̞˦˩ pa̠˨˦ i˨˦ u̯an˩˩ ʐən˩˧ . n̠ʲi̯ẽ˩˧ l̃an˩˧ n̠ʲy˦˩ ɕin˦˥ pʰi̯e̞˨˦ pi˦˩ u̯e̞i̯˩˧ i˨˦ ti̯e̞˦˩ lin˩˧ ləu̯˨˦ i˨˦ , t͡ɕy˦˩ i̯ɒu̯˧˧ min˩˧ t͡sʰəu̯˨˦ u̯e̞i̯˩˧ t͡sʰəu̯˨˦ . kən˧˧ ɤ̞˨˩ lin˩˧ lin˩˧ lin˩˧ n̠ʲi̯ẽ˩˧ ti˨˩ u˦˩ t͡sʰz̩˦˥ ʐən˩˧ kʰəu̯˦˩ pʰu˦˩ t͡sa̠˩˧ , t͡san˩˧ sa̠˧˧ ti˨˩ t͡ɕʰy˧˧ tʰən˧˧ kʰan˦˥ i̯əu̯˦˩ sɒu̯˦˩ səu̯˦˩ min˩˧ t͡sʰəu̯˨˦ sz̩˦˥ u̯an˨˩ pa̠˨˦ t͡ɕʰi̯ẽ˧˧ u˦˩ pɤ̞˨˦ ləu̯˨˦ sz̩˨˦ sz̩˦˥ ʐən˩˧ , t͡ɕy˦˩ i̯ɒu̯˧˧ sz̩˨˩ tʰəu̯˦˩ t͡ɕi̯a̠˧˧ , mi̯ɒu̯˩˧ , ɸe̞i̯˩˧ , xo˩˧ pɤ̞˨˦ t͡sʰəu̯˨˦ . təu̯˨˩ kʰai̯˧˧ ɸu˨˦ t͡ɕʰy˧˧ lɒu̯˧˧ tɒu̯˧˧ xo˩˧ t͡sən˦˥ li˦˩ təu̯˧ i̯əu̯˦˩ t͡sz̩˦˩ ɸe̞i̯˩˧ sz̩˨˩ t͡san˩˧ sa̠˧˧ i˨˦ i˨˦ t͡sa̠˨˦ sɒu̯˦˩ səu̯˦˩ min˩˧ t͡sʰəu̯˨˦ ɸe̞i̯˩˧ t͡sʰəu̯˨˦ t͡ɕi˨˩ t͡ɕy˧˧ ti˨˩ .
地球像一隻球，其平均亇半徑有6732公里，質量5.9742×10²⁴公斤。其公轉一圈約莫要365.25天，自轉一圈約莫要23小時56分。月亮是地球唯一亇一隻自然衛星。	ti˩˩ t͡ɕʰi̯əu̯˩˧ ɕi̯æn˦˥ i˨˦ t͡sa̠˨˦ t͡ɕi̯əu̯˩˧ , t͡ɕi˩˧ pin˩˧ t͡ɕyn˧˧ põ˦˥ i̯əu̯˦˩ ləu̯˨˦ t͡ɕʰi̯ẽ˧˧ t͡ɕʰi˨˦ pɤ̞˨˦ san˧˧ sz̩˨˦ ɤ̞˨˩ kən˧˧ li , t͡sz̩˨˦ li̯æn˩˧ u˦˩ . t͡ɕi̯əu̯˦˩ t͡ɕʰi̯ẽ˧˧ t͡ɕʰi˨˦ pɤ̞˨˦ sz̩˦˥ sz̩˨˦ ɤ̞˨˩ sz̩˨˦ ɤ̞˩˩ sz̩˨˦ sz̩˦˥ kən˧˧ t͡ɕin˧˧ . t͡ɕi˩˧ kən˧˧ i˨˦ i̯o˨˦ mo˨˦ i̯ɒu̯˧˧ san˧˧ pɤ̞˨˦ ləu̯˨˦ sz̩˨˦ u˦˩ ti̯e̞˦˩ ɤ̞˨˩ u˦˩ tʰi̯ẽ˧˧ , t͡sz̩˨˩ i˨˦ i̯o˨˦ mo˨˦ i̯ɒu̯˧˧ ɤ̞˩˩ sz̩˨˦ san˧˧ ɕi̯ɒu̯˦˩ sz̩˩˧ u˦˩ sz̩˨˦ ləu̯˨˦ ɸən˧˧ . y̯e̞˨˦ li̯æn˩˩ sz̩˨˩ ti˩˩ t͡ɕʰi̯əu̯˩˧ i˨˦ i˨˦ t͡sa̠˨˦ t͡sz̩˨˩ y̯ẽ˩˧ u̯e̞i̯˨˩ ɕin˧˧ .
原先，湘語按是否保留濁聲母分類，湘語橫直送分得做老湘語和新湘語兩類，即長衡片跟噠婁邵片。湘語以長沙（新）及雙峰（老）為代表點，使用者約占漢語整人口亇5%。	y̯ẽ˩˧ ɕi̯ẽ˧˧ , ɕi̯æn˧˧ y˦˩ sz̩˨˩ xəu̯˦˩ pɒu̯˦˩ li̯əu̯˩˧ sən˧˧ mo˦˩ ɸən˧˧ le̞i̯˦˥ , ɕi̯æn˧˧ y˦˩ ɸən˩˧ t͡sz̩˨˦ sən˦˥ ɸən˧˧ tɤ̞˨˦ t͡səu̯˦˥ lɒu̯˦˩ ɕi̯æn˧˧ y˦˩ xo˩˧ ɕin˧˧ ɕi̯æn˧˧ y˦˩ li̯æn˦˩ le̞i̯˦˥ , t͡ɕi˨˦ t͡san˩˧ pʰi̯ẽ˦˥ kən˧˧ ta̠ pʰi̯ẽ˦˥ . ɕi̯æn˧˧ y˦˩ i˦˩ t͡san˩˧ sa̠˧˧ ɕin˧˧ t͡ɕi˨˦ ɕy̯æn˧˧ xən˩˧ lɒu̯˦˩ u̯e̞i̯˩˧ tai̯˨˩ pi̯ɒu̯˦˩ ti̯e̞˦˩ , sz̩˦˩ in˨˩ t͡sɤ̞˦˩ i̯o˨˦ y˦˩ t͡sən˦˩ ʐən˩˧ kʰəu̯˦˩ pɤ̞˨˦ ɸən˧˧ t͡sz̩˧˧ u˦˩ .
地球表面積約莫71%都是水，只有29%是陸地。有太平洋、大西洋、印度洋、北冰洋跟南大洋嗰五隻大洋，亞洲、非洲、北美洲、南美洲、南極洲、歐洲、大洋洲嗰七隻大洲。地球面上有赫多吧多亇堅硬亇板塊在軟流圈高頭不斷亇移動。	ti˩˩ t͡ɕʰi̯əu̯˩˧ pi̯ɒu̯˦˩ mi̯ẽ˨˩ t͡ɕi˨˦ i̯o˨˦ mo˨˦ pɤ̞˨˦ ɸən˧˧ t͡sz̩˧˧ t͡ɕʰi˨˦ sz̩˨˦ i˨˦ təu̯˧˧ sz̩˨˩ ɕy̯e̞i̯˦˩ , t͡sz̩˦˩ i̯əu̯˦˩ pɤ̞˨˦ ɸən˧˧ t͡sz̩˧˧ ɤ̞˩˩ sz̩˨˦ t͡ɕi̯əu̯˦˩ sz̩˨˩ ləu̯˨˦ ti˨˩ . i̯əu̯˦˩ tʰai̯˦˥ pin˩˧ i̯æn˩˧ , tai̯˨˩ ɕi˧˧ i̯æn˩˧ , in˦˥ i̯æn˩˧ , pɤ̞˨˦ pin˧˧ i̯æn˩˧ kən˧˧ l̃an˩˧ tai̯˨˩ i̯æn˩˧ u˦˩ t͡sa̠˨˦ tai̯˨˩ i̯æn˩˧ , i̯a̠˦˥ t͡səu̯˧˧ , t͡səu̯˧˧ , pɤ̞˨˦ me̞i̯˦˩ t͡səu̯˧˧ , l̃an˩˧ me̞i̯˦˩ t͡səu̯˧˧ , l̃an˩˧ t͡ɕi˨˦ t͡səu̯˧˧ , ŋəu̯˧˧ t͡səu̯˧˧ , tai̯˨˩ i̯æn˩˧ t͡səu̯˧˧ t͡ɕʰi˨˦ t͡sa̠˨˦ tai̯˨˩ t͡səu̯˧˧ . ti˩˩ t͡ɕʰi̯əu̯˩˧ mi̯ẽ˨˩ san˨˩ i̯əu̯˦˩ to˧˧ to˧˧ t͡ɕi̯ẽ˧˧ ŋən˨˩ pan˦˩ kʰu̯ai̯˦˩ təu̯˨˩ li̯əu̯˩˧ kɒu̯˧˧ təu̯˧ pu˨˦ tõ˦˩ i˩˧ tən˨˩ .
15—20萬年以前，開始有人類在長沙該塊子活動。7000多年前，長沙開始有噠村落。大概子2400年前亇春秋戰國時期楚國侸長沙建城。長沙是中國歷史上跍得同一只地方建城持續最長時間亇城市之一，而今城址一路來冇變，2000多年前亇路跟噠個時季亇巷道還是一隻樣範。侸不同亇歷史時期，長沙送喊得做“臨湘”、“潭州”；唐宋和明清時期，長沙亇經濟跟噠文化達到噠歷史上亇繁榮期。	sz̩˨˦ u˦˩ ɤ̞˩˩ sz̩˨˦ u̯an˨˩ n̠ʲi̯ẽ˩˧ i˦˩ t͡ɕi̯ẽ˩˧ , kʰai̯˧˧ sz̩˦˩ i̯əu̯˦˩ ʐən˩˧ le̞i̯˦˥ təu̯˨˩ t͡san˩˧ sa̠˧˧ kʰu̯ai̯˦˩ t͡sz̩˦˩ xo˨˦ tən˨˩ . t͡ɕʰi˨˦ t͡ɕʰi̯ẽ˧˧ to˧˧ n̠ʲi̯ẽ˩˧ t͡ɕi̯ẽ˩˧ , t͡san˩˧ sa̠˧˧ kʰai̯˧˧ sz̩˦˩ i̯əu̯˦˩ ta̠ lo˨˦ . tai̯˨˩ kʰai̯˦˥ t͡sz̩˦˩ ɤ̞˨˩ t͡ɕʰi̯ẽ˧˧ sz̩˦˥ pɤ̞˨˦ n̠ʲi̯ẽ˩˧ t͡ɕi̯ẽ˩˧ t͡ɕʰyn˧˧ t͡ɕʰi̯əu̯˧˧ t͡sə̃˦˥ ku̯ɤ̞˨˦ sz̩˩˧ t͡ɕi˩˧ t͡sʰəu̯˦˩ ku̯ɤ̞˨˦ t͡san˩˧ sa̠˧˧ t͡ɕi̯ẽ˦˥ t͡sən˩˧ . t͡san˩˧ sa̠˧˧ sz̩˨˩ t͡sən˧˧ ku̯ɤ̞˨˦ sz̩˦˩ san˨˩ ku˩˧ tɤ̞˨˦ tən˩˧ i˨˦ t͡sz̩˦˩ ti˩˩ ɸan˧ t͡ɕi̯ẽ˦˥ t͡sən˩˧ t͡sz̩˩˧ səu̯˨˦ t͡se̞i̯˦˥ t͡san˩˧ sz̩˩˧ kan˧˧ t͡sən˩˧ sz̩˨˩ t͡sz̩˧˧ i˨˦ , ɤ̞˩˧ t͡ɕin˧˧ t͡sən˩˧ t͡sz̩˦˩ i˨˦ ləu̯˦˩ lai̯˨˦ mɒu̯˨˩ , ɤ̞˨˩ t͡ɕʰi̯ẽ˧˧ to˧˧ n̠ʲi̯ẽ˩˧ t͡ɕi̯ẽ˩˧ ləu̯˨˩ kən˧˧ ta̠ ko˦˥ sz̩˩˧ tɒu̯˨˩ ɸan˩˧ sz̩˨˩ i˨˦ t͡sa̠˨˦ i̯æn˨˩ ɸan˦˥ . pu˨˦ tən˩˧ sz̩˦˩ sz̩˩˧ t͡ɕi˩˧ , t͡san˩˧ sa̠˧˧ sən˦˥ tɤ̞˨˦ t͡səu̯˦˥ ɕi̯æn˧˧ , tan˩˧ t͡səu̯˧˧ , tan˩˧ sən˦˥ xo˩˧ min˩˧ t͡ɕʰin˧˧ sz̩˩˧ t͡ɕi˩˧ , t͡san˩˧ sa̠˧˧ t͡ɕin˧˧ kən˧˧ ta̠ u̯ən˩˧ ɸa̠˦˥ ta̠˨˦ tɒu̯˦˥ ta̠ sz̩˦˩ san˨˩ yn˩˧ t͡ɕi˩˧ .
“長沙”該只喊法最早是記得《逸周書•王會》高頭。關於貢品“長沙鱉”的講古，到而今有3000多年噠。商周時期亇寧鄉縣炭河裡遺址出土亇四羊方尊一類亇青銅器顯得那時季亇長沙地區跟噠中原有一定亇聯繫。長沙大概建噶城有2400多年噠，侸春秋戰國架場，屬於楚國。“長沙，楚之粟也。”楚成王設噠黔中郡，長沙是其轄域。秦始皇統一噠中國，長沙郡是秦36郡中間一隻，個是長沙該只中國行政區劃亇名稱頭回送搞得史冊裡頭。兩漢亇時候，長沙是長沙國亇都城。東漢初期把“長沙國”撤噶噠，搞噠只長沙郡。	t͡san˩˧ sa̠˧˧ t͡sz̩˦˩ ɸa̠˨˦ t͡se̞i̯˦˥ t͡sɒu̯˦˩ sz̩˨˩ t͡ɕi˦˥ tɤ̞˨˦ i˨˦ t͡səu̯˧˧ ɕy˧˧ u̯an˩˧ ɸe̞i̯˨˩ kɒu̯˧˧ təu̯˧ . ku̯an˧˧ pʰin˦˩ t͡san˩˧ sa̠˧˧ pʰi̯e̞˨˦ ti˨˦ kan˦˩ ku˦˩ , tɒu̯˦˥ ɤ̞˩˧ t͡ɕin˧˧ i̯əu̯˦˩ san˧˧ t͡ɕʰi̯ẽ˧˧ to˧˧ n̠ʲi̯ẽ˩˧ ta̠ . san˧˧ t͡səu̯˧˧ sz̩˩˧ t͡ɕi˩˧ n̠ʲin˩˧ ɕi̯æn˧˧ ɕi̯ẽ˨˩ tʰan˦˥ xo˩˧ li˦˩ i˩˧ t͡sz̩˦˩ t͡ɕʰy˨˦ tʰəu̯˦˩ sz̩˦˥ i̯æn˩˧ ɸan˧˧ t͡sən˧˧ i˨˦ le̞i̯˦˥ t͡ɕʰin˧˧ tən˩˧ t͡ɕʰi˦˥ tɤ̞˨˦ la̠˦˥ sz̩˩˧ t͡san˩˧ sa̠˧˧ ti˨˩ t͡ɕʰy˧˧ kən˧˧ ta̠ t͡sən˧˧ y̯ẽ˩˧ i̯əu̯˦˩ i˨˦ tin˨˩ li̯ẽ˩˧ . t͡san˩˧ sa̠˧˧ tai̯˨˩ kʰai̯˦˥ t͡ɕi̯ẽ˦˥ t͡sən˩˧ i̯əu̯˦˩ ɤ̞˨˩ t͡ɕʰi̯ẽ˧˧ sz̩˦˥ pɤ̞˨˦ to˧˧ n̠ʲi̯ẽ˩˧ ta̠ , t͡ɕʰyn˧˧ t͡ɕʰi̯əu̯˧˧ t͡sə̃˦˥ ku̯ɤ̞˨˦ ka̠˦˥ t͡san˩˧ , t͡sʰəu̯˦˩ ku̯ɤ̞˨˦ . t͡san˩˧ sa̠˧˧ , t͡sʰəu̯˦˩ t͡sz̩˧˧ ɕi̯əu̯˨˦ i̯a̠˦˩ . t͡sʰəu̯˦˩ t͡sʰən˩˧ u̯an˩˧ sɤ̞˨˦ ta̠ t͡sən˧˧ , t͡san˩˧ sa̠˧˧ sz̩˨˩ t͡ɕi˩˧ y˨˦ . sz̩˦˩ u̯an˩˧ tʰən˦˩ i˨˦ ta̠ t͡sən˧˧ ku̯ɤ̞˨˦ , t͡san˩˧ sa̠˧˧ sz̩˨˩ san˧˧ sz̩˨˦ ləu̯˨˦ t͡sən˧˧ kan˧˧ i˨˦ t͡sa̠˨˦ , ko˦˥ sz̩˨˩ t͡san˩˧ sa̠˧˧ t͡sz̩˦˩ t͡sən˧˧ ku̯ɤ̞˨˦ ɕin˩˧ t͡sən˦˥ t͡ɕʰy˧˧ min˩˧ təu̯˩˧ ɸe̞i̯˩˧ sən˦˥ kɒu̯˦˩ tɤ̞˨˦ sz̩˦˩ t͡sʰɤ̞˨˦ li˦˩ təu̯˧ . li̯æn˦˩ sz̩˩˧ xəu̯˧ , t͡san˩˧ sa̠˧˧ sz̩˨˩ t͡san˩˧ sa̠˧˧ ku̯ɤ̞˨˦ təu̯˧˧ t͡sən˩˧ . tən˧˧ t͡sʰəu̯˧˧ t͡ɕi˩˧ pa̠˦˩ t͡san˩˧ sa̠˧˧ ku̯ɤ̞˨˦ t͡sʰɤ̞˨˦ ta̠ , kɒu̯˦˩ ta̠ t͡sz̩˦˩ t͡san˩˧ sa̠˧˧ .
長沙在民國時季亦還是一隻中國政治亇革命中心。1911年10月22日，焦達峰、陳作新鄧鬥亇起義新軍光復長沙。1915年，在時務學堂讀書亇蔡鍔搞起噠護國運動。1919年，長沙把一堆五四青年派得法國克勤工儉學，長沙亦是共產主義小組亇成立地之一。毛澤東、何叔衡、任弼時、蔡和森、向警予該些中共早期領導人都在長沙讀書或者搞政治活動。1927年毛澤東發動秋收起義，而且試噠打長沙冇搞得贏，後背他又搞噠只“農村包圍城市”亇方針	t͡san˩˧ sa̠˧˧ təu̯˨˩ min˩˧ ku̯ɤ̞˨˦ sz̩˩˧ i˨˦ ɸan˩˧ sz̩˨˩ i˨˦ t͡sa̠˨˦ t͡sən˧˧ ku̯ɤ̞˨˦ t͡sən˦˥ t͡sz̩˦˥ kɤ̞˨˦ min˨˩ t͡sən˧˧ ɕin˧˧ . i˨˦ t͡ɕi̯əu̯˦˩ i˨˦ i˨˦ n̠ʲi̯ẽ˩˧ sz̩˨˦ y̯e̞˨˦ ɤ̞˩˩ sz̩˨˦ ɤ̞˨˩ n̠ʲi˨˦ , t͡ɕi̯ɒu̯˧˧ ta̠˨˦ xən˩˧ , t͡sən˩˧ t͡so˨˦ ɕin˧˧ t͡ɕʰi˦˩ n̠ʲi˦˥ ɕin˧˧ t͡ɕyn˧˧ ku̯an˧˧ t͡san˩˧ sa̠˧˧ . i˨˦ t͡ɕi̯əu̯˦˩ i˨˦ u˦˩ n̠ʲi̯ẽ˩˧ , təu̯˨˩ sz̩˩˧ u˨˩ ɕi̯o˨˦ tan˩˧ təu̯˨˦ ɕy˧˧ t͡sʰai̯˦˥ kɒu̯˦˩ t͡ɕʰi˦˩ ta̠ ɸu˨˩ ku̯ɤ̞˨˦ tən˨˩ . i˨˦ t͡ɕi̯əu̯˦˩ i˨˦ t͡ɕi̯əu̯˦˩ n̠ʲi̯ẽ˩˧ , t͡san˩˧ sa̠˧˧ pa̠˦˩ i˨˦ te̞i̯˧˧ u˦˩ sz̩˦˥ t͡ɕʰin˧˧ n̠ʲi̯ẽ˩˧ pʰai̯˦˥ tɤ̞˨˦ ɸa̠˨˦ ku̯ɤ̞˨˦ t͡ɕin˩˧ kən˧˧ ɕi̯o˨˦ , t͡san˩˧ sa̠˧˧ i˨˦ sz̩˨˩ kən˨˩ t͡sʰan˦˩ t͡ɕy˦˩ n̠ʲi˦˥ ɕi̯ɒu̯˦˩ t͡sʰən˩˧ li˨˦ ti˨˩ t͡sz̩˧˧ i˨˦ . mɒu̯˩˧ tən˧˧ , xo˩˧ səu̯˨˦ , ʐən˦˥ sz̩˩˧ , t͡sʰai̯˦˥ xo˩˧ sən˧˧ , t͡ɕin˦˩ ɕi̯a̠˧˧ t͡sən˧˧ kən˨˩ t͡sɒu̯˦˩ t͡ɕi˩˧ lin˦˩ tɒu̯˦˥ ʐən˩˧ təu̯˧˧ təu̯˨˩ t͡san˩˧ sa̠˧˧ təu̯˨˦ ɕy˧˧ xo˨˦ t͡sɤ̞˦˩ kɒu̯˦˩ t͡sən˦˥ t͡sz̩˦˥ xo˨˦ tən˨˩ . i˨˦ t͡ɕi̯əu̯˦˩ ɤ̞˨˩ t͡ɕʰi˨˦ n̠ʲi̯ẽ˩˧ mɒu̯˩˧ tən˧˧ ɸa̠˨˦ tən˨˩ t͡ɕʰi̯əu̯˧˧ səu̯˧˧ t͡ɕʰi˦˩ n̠ʲi˦˥ , ɤ̞˩˧ t͡ɕʰi̯e̞˦˩ sz̩˦˥ ta̠ ta̠˦˩ t͡san˩˧ sa̠˧˧ mɒu̯˨˩ kɒu̯˦˩ tɤ̞˨˦ in˩˧ , xəu̯˩˩ pe̞i̯˦˥ tʰa̠˧˧ i̯əu̯˨˩ kɒu̯˦˩ ta̠ t͡sz̩˦˩ lən˩˧ pɒu̯˧˧ u̯e̞i̯˩˧ t͡sən˩˧ sz̩˨˩ ɸan˧˧ t͡sən˧˧
1937年長沙發展到噠鼎盛時期，經濟物業繁榮，最開始成為抗戰亇大後方。1938年亇文夕大火成噠最悲慘亇時季，各種歷史文化遺跡怕莫下送搞盡噠。1939年到1944年，長沙是抗日戰爭亇主戰場，中、日以長沙做中心搞噶四回大規模亇戰役，中方搞贏噠頭三回。	i˨˦ t͡ɕi̯əu̯˦˩ san˧˧ t͡ɕʰi˨˦ n̠ʲi̯ẽ˩˧ t͡san˩˧ sa̠˧˧ ɸa̠˨˦ t͡sə̃˦˩ tɒu̯˦˥ ta̠ sən˦˥ sz̩˩˧ t͡ɕi˩˧ , t͡ɕin˧˧ u˨˦ n̠ʲi̯e̞˨˦ yn˩˧ , t͡se̞i̯˦˥ kʰai̯˧˧ sz̩˦˩ t͡sʰən˩˧ u̯e̞i̯˩˧ t͡sə̃˦˥ tai̯˨˩ xəu̯˨˩ ɸan˧˧ . i˨˦ t͡ɕi̯əu̯˦˩ san˧˧ pa̠˨˦ n̠ʲi̯ẽ˩˧ u̯ən˩˧ ɕi˨˦ tai̯˨˩ xo˦˩ t͡sʰən˩˧ ta̠ t͡se̞i̯˦˥ pe̞i̯˧˧ t͡sʰan˦˩ sz̩˩˧ , ko˨˦ sz̩˦˩ u̯ən˩˧ ɸa̠˦˥ i˩˧ pʰa̠˦˥ mo˨˦ xa̠˨˩ sən˦˥ kɒu̯˦˩ ta̠ . i˨˦ t͡ɕi̯əu̯˦˩ san˧˧ t͡ɕi̯əu̯˦˩ n̠ʲi̯ẽ˩˧ tɒu̯˦˥ i˨˦ t͡ɕi̯əu̯˦˩ sz̩˦˥ sz̩˦˥ n̠ʲi̯ẽ˩˧ , t͡san˩˧ sa̠˧˧ sz̩˨˩ n̠ʲi˨˦ t͡sə̃˦˥ t͡sən˧˧ t͡ɕy˦˩ t͡sə̃˦˥ t͡san˩˧ , t͡sən˧˧ , n̠ʲi˨˦ i˦˩ t͡san˩˧ sa̠˧˧ t͡səu̯˦˥ t͡sən˧˧ ɕin˧˧ kɒu̯˦˩ sz̩˦˥ ɸe̞i̯˩˧ tai̯˨˩ ku̯e̞i̯˧˧ t͡sə̃˦˥ y˨˦ , t͡sən˧˧ ɸan˧˧ kɒu̯˦˩ in˩˧ ta̠ təu̯˩˧ san˧˧ ɸe̞i̯˩˧ .
長沙鈷得中國亇中南部亇長江以南地區，湖南省亇東邊偏北。在洞庭湖平原亇南邊跟湘中丘陵盆地搭界亇地方，跟岳陽、益陽、婁底、株洲、湘潭還有江西萍鄉搭界。面積通看有11819平方公里，該中間市區面積892平方公里，市區建成區面積186平方千米。鈷得瀏陽中間亇大圍山七星嶺海拔1607.9米，是轄區中間最高亇地方；嶽麓山亇雲麓峰海拔300.8米，是城區至高點。	t͡san˩˧ sa̠˧˧ tɤ̞˨˦ t͡sən˧˧ ku̯ɤ̞˨˦ t͡sən˧˧ l̃an˩˧ pu˨˩ t͡san˩˧ t͡ɕi̯æn˧˧ i˦˩ l̃an˩˧ ti˨˩ t͡ɕʰy˧˧ , ɸu˩˧ l̃an˩˧ sən˦˩ tən˧˧ pi̯æn˧˧ pʰi̯ẽ˧˧ pɤ̞˨˦ . təu̯˨˩ tən˦˥ tin˩˧ ɸu˩˧ pin˩˧ y̯ẽ˩˧ l̃an˩˧ pi̯ẽ˧˧ kən˧˧ ɕi̯æn˧˧ t͡sən˧˧ lin˩˧ pən˩˧ ti˨˩ kai̯˦˥ ti˩˩ ɸan˧ , kən˧˧ i̯æn˩˧ , i˨˦ i̯æn˩˧ , ti˦˩ , t͡səu̯˧˧ , ɕi̯æn˧˧ tan˩˧ ɸan˩˧ i̯əu̯˦˩ t͡ɕi̯æn˧˧ ɕi˧˧ ɕi̯æn˧˧ kai̯˦˥ . mi̯ẽ˨˩ t͡ɕi˨˦ tʰən˧˧ kʰan˦˥ i̯əu̯˦˩ i˨˦ u̯an˩˩ i˨˦ t͡ɕʰi̯ẽ˧˧ pa̠˨˦ pɤ̞˨˦ i˨˦ sz̩˨˦ t͡ɕi̯əu̯˦˩ pin˩˧ ɸan˧˧ kən˧˧ li , t͡sən˧˧ kan˧˧ sz̩˨˩ t͡ɕʰy˧˧ mi̯ẽ˨˩ t͡ɕi˨˦ pa̠˨˦ pɤ̞˨˦ t͡ɕi̯əu̯˦˩ sz̩˨˦ ɤ̞˨˩ pin˩˧ ɸan˧˧ kən˧˧ li , sz̩˨˩ t͡ɕʰy˧˧ t͡ɕi̯ẽ˦˥ t͡sʰən˩˧ t͡ɕʰy˧˧ mi̯ẽ˨˩ t͡ɕi˨˦ i˨˦ pɤ̞˨˦ pa̠˨˦ sz̩˨˦ ləu̯˨˦ pin˩˧ ɸan˧˧ t͡ɕʰi̯ẽ˧˧ mi˦˩ . tɤ̞˨˦ li̯əu̯˩˧ i̯æn˩˧ t͡sən˧˧ kan˧˧ tai̯˨˩ u̯e̞i̯˩˧ san˧˧ t͡ɕʰi˨˦ ɕin˧˧ xai̯˦˩ pʰa̠˨˦ i˨˦ t͡ɕʰi̯ẽ˧˧ ləu̯˨˦ pɤ̞˨˦ lin˩˧ t͡ɕʰi˨˦ ti̯e̞˦˩ t͡ɕi̯əu̯˦˩ mi˦˩ , sz̩˨˩ t͡ɕʰy˧˧ t͡sən˧˧ kan˧˧ t͡se̞i̯˦˥ kɒu̯˧˧ ti˩˩ ɸan˧ , san˧˧ yn˩˧ xən˩˧ xai̯˦˩ pʰa̠˨˦ san˧˧ pɤ̞˨˦ ti̯e̞˦˩ pa̠˨˦ mi˦˩ , sz̩˨˩ t͡sən˩˧ t͡ɕʰy˧˧ kɒu̯˧˧ ti̯e̞˦˩ .
到而今，講啯種方言個人有6.6千萬到1.2億。廣州話是其個標準音，但廣東有夥多個人口流動，且香港個經濟跟文化產業夥發達，所以粵語個中心實際早就轉移到噠香港。不過，香港話跟廣州話講起來還是有點丫子區別個。	tɒu̯˦˥ ɤ̞˩˧ t͡ɕin˧˧ , kan˦˩ ɸan˧˧ i̯ẽ˩˧ ko˦˥ ʐən˩˧ i̯əu̯˦˩ ləu̯˨˦ ti̯e̞˦˩ ləu̯˨˦ t͡ɕʰi̯ẽ˧˧ u̯an˨˩ tɒu̯˦˥ i˨˦ ti̯e̞˦˩ ɤ̞˨˩ i˦˥ . ku̯an˦˩ t͡səu̯˧˧ ɸa̠˨˩ sz̩˨˩ t͡ɕi˩˧ ko˦˥ in˧˧ , tan˨˩ ku̯an˦˩ tən˧˧ i̯əu̯˦˩ to˧˧ ko˦˥ ʐən˩˧ kʰəu̯˦˩ li̯əu̯˩˧ tən˨˩ , t͡ɕʰi̯e̞˦˩ ɕi̯æn˧˧ kan˦˩ ko˦˥ t͡ɕin˧˧ kən˧˧ u̯ən˩˧ ɸa̠˦˥ t͡sʰan˦˩ n̠ʲi̯e̞˨˦ ɸa̠˨˦ ta̠˨˦ , so˦˩ i˦˩ y̯e̞˨˦ y˦˩ ko˦˥ t͡sən˧˧ ɕin˧˧ sz̩˨˦ t͡sɒu̯˦˩ t͡ɕi̯əu̯˨˩ i˩˧ tɒu̯˦˥ ta̠ ɕi̯æn˧˧ kan˦˩ . pu˨˦ ko˦˥ , ɕi̯æn˧˧ kan˦˩ ɸa̠˨˩ kən˧˧ ku̯an˦˩ t͡səu̯˧˧ ɸa̠˨˩ kan˦˩ t͡ɕʰi˦˩ lai̯˩˧ ɸan˩˧ sz̩˨˩ i̯əu̯˦˩ ti̯e̞˦˩ ŋa̠˧˧ t͡sz̩˦˩ t͡ɕʰy˧˧ pʰi̯e̞˨˦ ko˦˥ .
維基百科現在有個兩三百多隻言語，是世界上最大亇冇得廣告亇網站，看得人數在世界排第五。凡是來看維基百科亇人，哪個夥能寫一篇文章出來，現在單是英文維基就有噠個把百萬文章。維基百科是用噠寫名-同樣方式分享 3.0亇授權方式，所以不管哪個夥可以拿自家亇言語來寫文章。	u̯e̞i̯˩˧ t͡ɕi˧˧ pɤ̞˨˦ kʰo˧˧ ɕi̯ẽ˩˩ t͡sai̯˩˩ i̯əu̯˦˩ ko˦˥ li̯æn˦˩ san˧˧ pɤ̞˨˦ to˧˧ t͡sa̠˨˦ i̯ẽ˩˧ y˦˩ , sz̩˨˩ sz̩˦˥ kai̯˦˥ san˨˩ t͡se̞i̯˦˥ tai̯˨˩ mɒu̯˨˩ tɤ̞˨˦ ku̯an˦˩ kɒu̯˦˥ u̯an˦˩ t͡san˦˥ , kʰan˦˥ tɤ̞˨˦ ʐən˩˧ səu̯˦˩ təu̯˨˩ sz̩˦˥ kai̯˦˥ pai̯˩˧ ti˨˩ u˦˩ . ɸan˩˧ sz̩˨˩ lai̯˩˧ kʰan˦˥ u̯e̞i̯˩˧ t͡ɕi˧˧ pɤ̞˨˦ kʰo˧˧ ʐən˩˧ , lai̯˦˩ ko˦˥ lən˩˧ ɕi̯a̠˦˩ i˨˦ pʰi̯ẽ˧˧ u̯ən˩˧ t͡san˧˧ t͡ɕʰy˨˦ lai̯˩˧ , ɕi̯ẽ˩˩ t͡sai̯˩˩ tan˧˧ sz̩˨˩ in˧˧ u̯ən˩˧ u̯e̞i̯˩˧ t͡ɕi˧˧ t͡ɕi̯əu̯˨˩ i̯əu̯˦˩ ta̠ ko˦˥ pa̠˦˩ pɤ̞˨˦ u̯an˨˩ u̯ən˩˧ t͡san˧˧ . u̯e̞i̯˩˧ t͡ɕi˧˧ pɤ̞˨˦ kʰo˧˧ sz̩˨˩ in˨˩ ta̠ ɕi̯a̠˦˩ min˩˧ tən˩˧ i̯æn˨˩ ɸan˧˧ sz̩˦˥ ɸən˧˧ san˧˧ ti̯e̞˦˩ lin˩˧ t͡ɕʰy̯ẽ˩˧ ɸan˧˧ sz̩˦˥ , so˦˩ i˦˩ pu˨˦ kõ˦˩ lai̯˦˩ ko˦˥ kʰo˦˩ i˦˩ la̠˧˧ t͡sz̩˩˩ ka̠˧ i̯ẽ˩˧ y˦˩ lai̯˩˧ ɕi̯a̠˦˩ u̯ən˩˧ t͡san˧˧ .
截至2022年10月31日，警方在多場示威活動拘捕超過1萬人，年齡介乎11歲至84歲，被捕人士數字為香港歷年社會運動之最；其中有超過2,800人被檢控、2,100宗相關案件，包括被控暴動亇750人，當	t͡ɕʰi̯e̞˨˦ ɤ̞˨˩ lin˩˧ ɤ̞˨˩ ɤ̞˨˩ n̠ʲi̯ẽ˩˧ sz̩˨˦ y̯e̞˨˦ san˧˧ sz̩˨˦ i˨˦ n̠ʲi˨˦ , t͡ɕin˦˩ ɸan˧˧ təu̯˨˩ to˧˧ t͡san˩˧ sz̩˦˥ u̯e̞i̯˧˧ xo˨˦ tən˨˩ t͡ɕy˧˧ ko˦˥ i˨˦ u̯an˨˩ ʐən˩˧ , n̠ʲi̯ẽ˩˧ lin˩˧ kai̯˦˥ ɸu˩˧ sz̩˨˦ i˨˦ se̞i̯˦˥ pa̠˨˦ sz̩˨˦ sz̩˦˥ se̞i̯˦˥ , pe̞i̯˨˩ ʐən˩˧ sz̩˦˥ səu̯˦˩ t͡sz̩˨˩ u̯e̞i̯˩˧ ɕi̯æn˧˧ kan˦˩ n̠ʲi̯ẽ˩˧ sɤ̞˦˥ ɸe̞i̯˨˩ tən˨˩ t͡sz̩˧˧ t͡se̞i̯˦˥ , t͡ɕi˩˧ t͡sən˧˧ i̯əu̯˦˩ ko˦˥ ɤ̞˨˩ t͡ɕʰi̯ẽ˧˧ pa̠˨˦ pɤ̞˨˦ ʐən˩˧ pe̞i̯˨˩ t͡ɕi̯ẽ˦˩ kʰən˦˥ , ɤ̞˨˩ t͡ɕʰi̯ẽ˧˧ i˨˦ pɤ̞˨˦ t͡sən˧˧ ɕi̯æn˧˧ ku̯an˧˧ ŋan˦˥ t͡ɕi̯ẽ˨˩ , pɒu̯˧˧ pe̞i̯˨˩ kʰən˦˥ tən˨˩ t͡ɕʰi˨˦ pɤ̞˨˦ u˦˩ sz̩˨˦ ʐən˩˧ , tan˧˧
日本國（日語：日本國 にほんこく）位於歐亞大陸東側，西邊望著朝鮮半島跟中國，東頭就是太平洋，領土由本州島北海道九州島四國島跟千把隻小島組成，首都在東京。全國有1.27億來人，排世界第十，主要是大和民族。面積約莫37.8萬平方公里，世界六十一。	n̠ʲi˨˦ pən˦˩ ku̯ɤ̞˨˦ n̠ʲi˨˦ y˦˩ , n̠ʲi˨˦ pən˦˩ ku̯ɤ̞˨˦ niho̞ŋko̞kɯᵝ u̯e̞i̯˨˩ ŋəu̯˧˧ i̯a̠˦˥ tai̯˨˩ ləu̯˨˦ tən˧˧ t͡sɤ̞˨˦ , ɕi˧˧ pi̯ẽ˧˧ u̯an˨˩ t͡so˨˦ t͡sɒu̯˧˧ ɕi̯ẽ˧˧ põ˦˥ tɒu̯˦˩ kən˧˧ t͡sən˧˧ ku̯ɤ̞˨˦ , tən˧˧ təu̯˧ t͡ɕi̯əu̯˨˩ sz̩˨˩ tʰai̯˦˥ pin˩˧ i̯æn˩˧ , lin˦˩ tʰəu̯˦˩ i̯əu̯˩˧ pən˦˩ t͡səu̯˧˧ tɒu̯˦˩ pɤ̞˨˦ xai̯˦˩ tɒu̯˨˩ t͡ɕi̯əu̯˦˩ t͡səu̯˧˧ tɒu̯˦˩ sz̩˦˥ ku̯ɤ̞˨˦ tɒu̯˦˩ kən˧˧ t͡ɕʰi̯ẽ˧˧ pa̠˦˩ t͡sa̠˨˦ ɕi̯ɒu̯˦˩ tɒu̯˦˩ t͡sʰən˩˧ , təu̯˧˧ təu̯˨˩ tən˧˧ t͡ɕin˧˧ . t͡ɕʰi̯ẽ˩˧ ku̯ɤ̞˨˦ i̯əu̯˦˩ i˨˦ ti̯e̞˦˩ ɤ̞˨˩ t͡ɕʰi˨˦ i˦˥ lai̯˩˧ ʐən˩˧ , pai̯˩˧ sz̩˦˥ kai̯˦˥ ti˨˩ sz̩˨˦ , t͡ɕy˦˩ i̯ɒu̯˧˧ sz̩˨˩ tai̯˨˩ xo˩˧ min˩˧ t͡sʰəu̯˨˦ . mi̯ẽ˨˩ t͡ɕi˨˦ i̯o˨˦ mo˨˦ san˧˧ sz̩˨˦ t͡ɕʰi˨˦ ti̯e̞˦˩ pa̠˨˦ u̯an˨˩ pin˩˧ ɸan˧˧ kən˧˧ li , sz̩˦˥ kai̯˦˥ ləu̯˨˦ sz̩˨˦ i˨˦ .
英語（English，國際音標：[ˈɪŋglɪʃ]）是印歐語系——日爾曼語族——西日爾曼語支下頭個一隻言語，其是古代盎格魯、薩克遜跟日爾曼人個言語演化來個。後背，英國去全世界殖民個時候，把其俚個言語，下傳播到噠別個國家。據1999年統計，全世界母語是英語個人，已過噠3.8億，全世界排待第三或第四，但其是世界上最廣泛個第二言語。前兩百多年，英國跟美國待文化、經濟、軍事、政治，跟科學方面，一路都是世界最鳥塞個，所以英文成噠一隻標準個國際言語。英文亦是一隻聯合國個工作言語。	in˧˧ y˦˩ ˈɪŋɡlɪʃ , ku̯ɤ̞˨˦ in˧˧ , ˈɪngglɪʃ sz̩˨˩ in˦˥ ŋəu̯˧˧ y˦˩ ɕi˦˥ n̠ʲi˨˦ ɤ̞˦˩ y˦˩ t͡sʰəu̯˨˦ ɕi˧˧ n̠ʲi˨˦ ɤ̞˦˩ y˦˩ t͡sz̩˧˧ xa̠˨˩ təu̯˩˧ ko˦˥ i˨˦ t͡sa̠˨˦ i̯ẽ˩˧ y˦˩ , t͡ɕi˩˧ sz̩˨˩ ku˦˩ tai̯˨˩ kɤ̞˨˦ , sa̠˨˦ kən˧˧ n̠ʲi˨˦ ɤ̞˦˩ ʐən˩˧ ko˦˥ i̯ẽ˩˧ y˦˩ i̯ẽ˦˩ ɸa̠˦˥ lai̯˩˧ ko˦˥ . xəu̯˩˩ pe̞i̯˦˥ , in˧˧ ku̯ɤ̞˨˦ kʰɤ̞˦˥ t͡ɕʰi̯ẽ˩˧ sz̩˦˥ kai̯˦˥ t͡sz̩˨˦ min˩˧ ko˦˥ sz̩˩˧ xəu̯˧ , pa̠˦˩ t͡ɕi˩˧ ko˦˥ i̯ẽ˩˧ y˦˩ , xa̠˨˩ tɒu̯˦˥ ta̠ pʰi̯e̞˨˦ ko˦˥ ku̯ɤ̞˨˦ t͡ɕi̯a̠˧˧ . i˨˦ t͡ɕi̯əu̯˦˩ t͡ɕi̯əu̯˦˩ t͡ɕi̯əu̯˦˩ n̠ʲi̯ẽ˩˧ tʰən˦˩ t͡ɕi˦˥ , t͡ɕʰi̯ẽ˩˧ sz̩˦˥ kai̯˦˥ mo˦˩ y˦˩ sz̩˨˩ in˧˧ y˦˩ ko˦˥ ʐən˩˧ , ko˦˥ ta̠ san˧˧ ti̯e̞˦˩ pa̠˨˦ i˦˥ , t͡ɕʰi̯ẽ˩˧ sz̩˦˥ kai̯˦˥ pai̯˩˧ tai̯˦˥ ti˨˩ san˧˧ xo˨˦ ti˨˩ sz̩˦˥ , tan˨˩ t͡ɕi˩˧ sz̩˨˩ sz̩˦˥ kai̯˦˥ san˨˩ t͡se̞i̯˦˥ ku̯an˦˩ ɸan˦˥ ko˦˥ ti˩˩ ɤ̞˩˩ i̯ẽ˩˧ y˦˩ . t͡ɕi̯ẽ˩˧ li̯æn˦˩ pɤ̞˨˦ to˧˧ n̠ʲi̯ẽ˩˧ , in˧˧ ku̯ɤ̞˨˦ kən˧˧ me̞i̯˦˩ ku̯ɤ̞˨˦ tai̯˦˥ u̯ən˩˧ ɸa̠˦˥ , t͡ɕin˧˧ , t͡ɕyn˧˧ sz̩˨˩ , t͡sən˦˥ t͡sz̩˦˥ , kən˧˧ kʰo˧˧ ɕi̯o˨˦ ɸan˧˧ mi̯ẽ˨˩ , i˨˦ ləu̯˩˩ təu̯˧˧ sz̩˨˩ sz̩˦˥ kai̯˦˥ t͡se̞i̯˦˥ ti̯ɒu̯˦˩ sɤ̞˨˦ ko˦˥ , so˦˩ i˦˩ in˧˧ u̯ən˩˧ t͡sʰən˩˧ ta̠ i˨˦ t͡sa̠˨˦ ko˦˥ ku̯ɤ̞˨˦ i̯ẽ˩˧ y˦˩ . in˧˧ u̯ən˩˧ i˨˦ sz̩˨˩ i˨˦ t͡sa̠˨˦ li̯ẽ˩˧ xo˩˧ ku̯ɤ̞˨˦ ko˦˥ kən˧˧ t͡so˨˦ i̯ẽ˩˧ y˦˩ .
贛語（國際音標：[kon ɲi]），是漢藏語漢語族腳頭亇一隻聲調言語，講其個人夥多跍得江西、湘東、鄂東南、皖西南，跟噠閩西北，是嗰些地域個通用言語，用其亇人有二千萬到五千萬人，占到中國總人數個3%，到世界上排待第三十八位。	y˦˩ ku̯ɤ̞˨˦ in˧˧ , kʰˈɑːn ɲˈi , sz̩˨˩ t͡san˩˧ y˦˩ y˦˩ t͡sʰəu̯˨˦ t͡ɕi̯o˨˦ təu̯˩˧ i˨˦ t͡sa̠˨˦ sən˧˧ ti̯ɒu̯˩˧ i̯ẽ˩˧ y˦˩ , kan˦˩ t͡ɕi˩˧ ko˦˥ ʐən˩˧ to˧˧ ku˩˧ tɤ̞˨˦ t͡ɕi̯æn˧˧ ɕi˧˧ , ɕi̯æn˧˧ tən˧˧ , tən˧˧ l̃an˩˧ , ɕi˧˧ l̃an˩˧ , kən˧˧ ta̠ min˩˧ ɕi˧˧ pɤ̞˨˦ , sz̩˨˩ ɕi̯a̠˧˧ ti˨˩ y˨˦ ko˦˥ tʰən˧˧ in˨˩ i̯ẽ˩˧ y˦˩ , in˨˩ t͡ɕi˩˧ ʐən˩˧ i̯əu̯˦˩ ɤ̞˨˩ t͡ɕʰi̯ẽ˧˧ u̯an˨˩ tɒu̯˦˥ u˦˩ t͡ɕʰi̯ẽ˧˧ u̯an˨˩ ʐən˩˧ , tɒu̯˦˥ t͡sən˧˧ ku̯ɤ̞˨˦ t͡sən˦˩ ʐən˩˧ səu̯˦˩ ko˦˥ pɤ̞˨˦ ɸən˧˧ t͡sz̩˧˧ san˧˧ , tɒu̯˦˥ sz̩˦˥ kai̯˦˥ san˨˩ pai̯˩˧ tai̯˦˥ ti˨˩ san˧˧ sz̩˨˦ pa̠˨˦ u̯e̞i̯˨˩ .
鄧小平在1978年亇十一屆三中全會上噠台後，改革開放就架場。先在東南沿海搞噠五隻經濟特區做試點，後背全面開放。箇以後中國亇國際影響力也變大噠，GDP也提高噠一大片，不過貧富差距也變大噠。1989年軍隊鎮壓噠八九民運，也惹噠世界批評中國亇民主同人權問題。	ɕi̯ɒu̯˦˩ pin˩˧ təu̯˨˩ i˨˦ t͡ɕi̯əu̯˦˩ t͡ɕʰi˨˦ pa̠˨˦ n̠ʲi̯ẽ˩˧ sz̩˨˦ i˨˦ san˧˧ t͡sən˧˧ t͡ɕʰi̯ẽ˩˧ ɸe̞i̯˨˩ san˨˩ ta̠ tai̯˩˧ xəu̯˨˩ , kai̯˦˩ kɤ̞˨˦ kʰai̯˧˧ ɸan˦˥ t͡ɕi̯əu̯˨˩ ka̠˦˥ t͡san˩˧ . ɕi̯ẽ˧˧ təu̯˨˩ tən˧˧ l̃an˩˧ y̯ẽ˩˧ xai̯˦˩ kɒu̯˦˩ ta̠ u˦˩ t͡sa̠˨˦ t͡ɕin˧˧ tʰɤ̞˨˦ t͡ɕʰy˧˧ t͡səu̯˦˥ sz̩˦˥ ti̯e̞˦˩ , xəu̯˩˩ pe̞i̯˦˥ t͡ɕʰi̯ẽ˩˧ mi̯ẽ˨˩ kʰai̯˧˧ ɸan˦˥ . i˦˩ xəu̯˩˩ t͡sən˧˧ ku̯ɤ̞˨˦ ku̯ɤ̞˨˦ in˦˩ li˨˦ i̯a̠˦˩ tai̯˨˩ ta̠ , ɡˈiːdˈiːpʰˈiː i̯a̠˦˩ ti̯a̠˩˧ kɒu̯˧˧ ta̠ i˨˦ tai̯˨˩ pʰi̯ẽ˦˥ , pu˨˦ ko˦˥ pin˩˧ t͡sʰa̠˧˧ i̯a̠˦˩ tai̯˨˩ ta̠ . i˨˦ t͡ɕi̯əu̯˦˩ pa̠˨˦ t͡ɕi̯əu̯˦˩ n̠ʲi̯ẽ˩˧ t͡ɕyn˧˧ t͡sən˦˥ ta̠ pa̠˨˦ t͡ɕi̯əu̯˦˩ min˩˧ , i̯a̠˦˩ ta̠ sz̩˦˥ kai̯˦˥ pʰi˧˧ pin˩˧ t͡sən˧˧ ku̯ɤ̞˨˦ min˩˧ t͡ɕy˦˩ tən˩˧ ʐən˩˧ t͡ɕʰy̯ẽ˩˧ u̯ən˨˩ .
在開韓國亇男性人權活動、自由主義活動，亦是2008年1月24日男性連帶(朝鮮語:남성연대)亇創建，同一代主席。2013年7月26日是漢城市麻浦區漢江亇投身自殺，抗議於性差別。他亇有言"男性亦一人也"。	təu̯˨˩ kʰai̯˧˧ xan˩˧ ku̯ɤ̞˨˦ l̃an˩˧ ɕin˦˥ ʐən˩˧ t͡ɕʰy̯ẽ˩˧ xo˨˦ tən˨˩ , t͡sz̩˨˩ i̯əu̯˩˧ t͡ɕy˦˩ n̠ʲi˦˥ xo˨˦ tən˨˩ , i˨˦ sz̩˨˩ ɤ̞˨˩ lin˩˧ lin˩˧ pa̠˨˦ n̠ʲi̯ẽ˩˧ i˨˦ y̯e̞˨˦ ɤ̞˩˩ sz̩˨˦ sz̩˦˥ n̠ʲi˨˦ l̃an˩˧ ɕin˦˥ li̯ẽ˩˧ t͡sɒu̯˧˧ ɕi̯ẽ˧˧ y˦˩ nˈɐmsɘŋjɘndɛ t͡ɕi̯ẽ˦˥ , tən˩˧ i˨˦ tai̯˨˩ t͡ɕy˦˩ ɕi˨˦ . ɤ̞˨˩ lin˩˧ i˨˦ san˧˧ n̠ʲi̯ẽ˩˧ t͡ɕʰi˨˦ y̯e̞˨˦ ɤ̞˩˩ sz̩˨˦ ləu̯˨˦ n̠ʲi˨˦ sz̩˨˩ t͡sən˩˧ sz̩˨˩ ma̠˩˧ t͡ɕʰy˧˧ t͡ɕi̯æn˧˧ təu̯˩˧ sən˧˧ t͡sz̩˨˩ sa̠˨˦ , ɕin˦˥ t͡sʰa̠˧˧ pʰi̯e̞˨˦ . tʰa̠˧˧ i̯əu̯˦˩ i̯ẽ˩˧ l̃an˩˧ ɕin˦˥ i˨˦ i˨˦ ʐən˩˧ i̯a̠˦˩ .
仁贤天皇（日语：仁賢天皇、にんけんてんのう）,又喊噠億計天皇（おけのすめらみこと）、大石尊（おおしのみこと）、意祁命、意富祁王（おおけのみこ）、大脚（おおし）、大為，是日本亇一只天皇。其在仁贤天皇元年1月5号 - 同11年8月8号在位。	ʐən˩˧ ɕi̯ẽ˩˧ tʰi̯ẽ˧˧ u̯an˩˧ n̠ʲi˨˦ y˦˩ , ʐən˩˧ ɕi̯ẽ˩˧ tʰi̯ẽ˧˧ u̯an˩˧ , niŋke̞nte̞nno̞ː , i̯əu̯˨˩ ta̠ i˦˥ t͡ɕi˦˥ tʰi̯ẽ˧˧ u̯an˩˧ o̞ke̞no̞sɯᵝme̞ɾämiko̞to̞ , tai̯˨˩ sz̩˨˦ t͡sən˧˧ o̞ːɕino̞miko̞to̞ , i˦˥ min˨˩ , i˦˥ u̯an˩˧ o̞ːke̞no̞miko̞ , tai̯˨˩ t͡ɕi̯o˨˦ o̞ːɕi , tai̯˨˩ u̯e̞i̯˩˧ , sz̩˨˩ n̠ʲi˨˦ pən˦˩ i˨˦ t͡sz̩˦˩ tʰi̯ẽ˧˧ u̯an˩˧ . t͡ɕi˩˧ təu̯˨˩ ʐən˩˧ ɕi̯ẽ˩˧ tʰi̯ẽ˧˧ u̯an˩˧ y̯ẽ˩˧ n̠ʲi̯ẽ˩˧ i˨˦ y̯e̞˨˦ u˦˩ xɒu̯˦˥ tən˩˧ sz̩˨˦ i˨˦ n̠ʲi̯ẽ˩˧ pa̠˨˦ y̯e̞˨˦ pa̠˨˦ xɒu̯˦˥ təu̯˨˩ u̯e̞i̯˨˩ .
宣化天皇（日语：宣化天皇、せんかてんのう）又喊檜隈高田皇子（ひのくまのたかたのみこ）、建小広国押楯命（たけをひろくにおしたてのみこと）、武小広国押盾天皇（たけをひろくにおしたてのすめらみこと），是日本亇一只天皇。其在536年1月 - 539年3月15号在位。	ɕi̯ẽ˧˧ ɸa̠˦˥ tʰi̯ẽ˧˧ u̯an˩˧ n̠ʲi˨˦ y˦˩ , ɕi̯ẽ˧˧ ɸa̠˦˥ tʰi̯ẽ˧˧ u̯an˩˧ , se̞ŋkäte̞nno̞ː i̯əu̯˨˩ kɒu̯˧˧ ti̯ẽ˩˧ u̯an˩˧ t͡sz̩˦˩ çino̞kɯᵝmäno̞täkätäno̞miko̞ , t͡ɕi̯ẽ˦˥ ɕi̯ɒu̯˦˩ ku̯ɤ̞˨˦ i̯a̠˨˦ min˨˩ täke̞o̞ çiɾo̞kɯᵝnio̞ɕitäte̞no̞miko̞to̞ , u˦˩ ɕi̯ɒu̯˦˩ ku̯ɤ̞˨˦ i̯a̠˨˦ tʰi̯ẽ˧˧ u̯an˩˧ täke̞o̞ çiɾo̞kɯᵝnio̞ɕitäte̞no̞sɯᵝme̞ɾämiko̞to̞ , sz̩˨˩ n̠ʲi˨˦ pən˦˩ i˨˦ t͡sz̩˦˩ tʰi̯ẽ˧˧ u̯an˩˧ . t͡ɕi˩˧ təu̯˨˩ u˦˩ pɤ̞˨˦ san˧˧ sz̩˨˦ ləu̯˨˦ n̠ʲi̯ẽ˩˧ i˨˦ y̯e̞˨˦ u˦˩ pɤ̞˨˦ san˧˧ sz̩˨˦ t͡ɕi̯əu̯˦˩ n̠ʲi̯ẽ˩˧ san˧˧ y̯e̞˨˦ sz̩˨˦ u˦˩ xɒu̯˦˥ təu̯˨˩ u̯e̞i̯˨˩ .
崇峻天皇（日语：崇峻天皇、すしゅんてんのう）又喊泊瀬部（はつせべ）、长谷部若雀天皇（はつせべのわかささぎのすめらみこと），是日本亇一只天皇。其在用明天皇2年8月2号 - 崇峻天皇5年11月3号在位。	tʰi̯ẽ˧˧ u̯an˩˧ n̠ʲi˨˦ y˦˩ , tʰi̯ẽ˧˧ u̯an˩˧ , sɯᵝɕɯᵝnte̞nno̞ː i̯əu̯˨˩ pu˨˩ hät͡sɯᵝse̞be̞ , t͡san˩˧ ku˨˦ pu˨˩ t͡ɕʰi̯o˨˦ tʰi̯ẽ˧˧ u̯an˩˧ hät͡sɯᵝse̞be̞no̞wäkäsäsäɡino̞sɯᵝme̞ɾämiko̞to̞ , sz̩˨˩ n̠ʲi˨˦ pən˦˩ i˨˦ t͡sz̩˦˩ tʰi̯ẽ˧˧ u̯an˩˧ . t͡ɕi˩˧ təu̯˨˩ in˨˩ min˩˧ tʰi̯ẽ˧˧ u̯an˩˧ ɤ̞˨˩ n̠ʲi̯ẽ˩˧ pa̠˨˦ y̯e̞˨˦ ɤ̞˨˩ xɒu̯˦˥ tʰi̯ẽ˧˧ u̯an˩˧ u˦˩ n̠ʲi̯ẽ˩˧ sz̩˨˦ i˨˦ y̯e̞˨˦ san˧˧ xɒu̯˦˥ təu̯˨˩ u̯e̞i̯˨˩ .
天智天皇（日语：天智天皇、てんぢてんのう、てんじてんのう），又喊噠做葛城（かづらき/かつらぎ）、中大兄皇子（なかのおおえのおうじ / なかのおおえのみこ），是日本亇一只天皇。其在天智天皇7年1月3号 - 天智天皇10年12月3号在位。	tʰi̯ẽ˧˧ t͡sz̩˦˥ tʰi̯ẽ˧˧ u̯an˩˧ n̠ʲi˨˦ y˦˩ , tʰi̯ẽ˧˧ t͡sz̩˦˥ tʰi̯ẽ˧˧ u̯an˩˧ , te̞nd͡ʑite̞nno̞ː , te̞nd͡ʑite̞nno̞ː , i̯əu̯˨˩ ta̠ t͡səu̯˦˥ t͡sən˩˧ käzɯᵝɾäki kät͡sɯᵝɾäɡi , t͡sən˧˧ tai̯˨˩ ɕin˧˧ u̯an˩˧ t͡sz̩˦˩ näkäno̞ːːe̞no̞ːːd͡ʑi näkäno̞ːːe̞no̞miko̞ , sz̩˨˩ n̠ʲi˨˦ pən˦˩ i˨˦ t͡sz̩˦˩ tʰi̯ẽ˧˧ u̯an˩˧ . t͡ɕi˩˧ təu̯˨˩ tʰi̯ẽ˧˧ t͡sz̩˦˥ tʰi̯ẽ˧˧ u̯an˩˧ t͡ɕʰi˨˦ n̠ʲi̯ẽ˩˧ i˨˦ y̯e̞˨˦ san˧˧ xɒu̯˦˥ tʰi̯ẽ˧˧ t͡sz̩˦˥ tʰi̯ẽ˧˧ u̯an˩˧ sz̩˨˦ n̠ʲi̯ẽ˩˧ sz̩˨˦ ɤ̞˩˩ y̯e̞˨˦ san˧˧ xɒu̯˦˥ təu̯˨˩ u̯e̞i̯˨˩ .
元明天皇（日语：元明天皇、げんめいてんのう），又喊噠做「阿閇」（あへ）、「阿部皇女」（あべこおじょ），是日本亇一只天皇。其在707年8月18号 - 715年10月3号在位。	y̯ẽ˩˧ min˩˧ tʰi̯ẽ˧˧ u̯an˩˧ n̠ʲi˨˦ y˦˩ , y̯ẽ˩˧ min˩˧ tʰi̯ẽ˧˧ u̯an˩˧ , ɡe̞mme̞ːte̞nno̞ː , i̯əu̯˨˩ ta̠ t͡səu̯˦˥ äꜜe̞ , pu˨˩ u̯an˩˧ n̠ʲy˦˩ äbe̞ko̞ːd͡ʑo̞ , sz̩˨˩ n̠ʲi˨˦ pən˦˩ i˨˦ t͡sz̩˦˩ tʰi̯ẽ˧˧ u̯an˩˧ . t͡ɕi˩˧ təu̯˨˩ t͡ɕʰi˨˦ pɤ̞˨˦ lin˩˧ t͡ɕʰi˨˦ n̠ʲi̯ẽ˩˧ pa̠˨˦ y̯e̞˨˦ sz̩˨˦ pa̠˨˦ xɒu̯˦˥ t͡ɕʰi˨˦ pɤ̞˨˦ i˨˦ sz̩˨˦ u˦˩ n̠ʲi̯ẽ˩˧ sz̩˨˦ y̯e̞˨˦ san˧˧ xɒu̯˦˥ təu̯˨˩ u̯e̞i̯˨˩ .
淳仁天皇（日语：淳仁天皇、じゅんにんてんのう），又喊噠做「大炊」（おおい）跟噠「淡路廃帝」（あわじはいたい），是日本亇一只天皇。其在758年9月7号 - 764年11月6号在位。	ʐən˩˧ tʰi̯ẽ˧˧ u̯an˩˧ n̠ʲi˨˦ y˦˩ , ʐən˩˧ tʰi̯ẽ˧˧ u̯an˩˧ , d͡ʑɯᵝnninte̞nno̞ː , i̯əu̯˨˩ ta̠ t͡səu̯˦˥ tai̯˨˩ t͡sʰe̞i̯˧˧ o̞ːꜜi kən˧˧ ta̠ tan˨˩ ləu̯˨˩ ti˦˥ äwäd͡ʑiwä itäꜜi , sz̩˨˩ n̠ʲi˨˦ pən˦˩ i˨˦ t͡sz̩˦˩ tʰi̯ẽ˧˧ u̯an˩˧ . t͡ɕi˩˧ təu̯˨˩ t͡ɕʰi˨˦ pɤ̞˨˦ u˦˩ sz̩˨˦ pa̠˨˦ n̠ʲi̯ẽ˩˧ t͡ɕi̯əu̯˦˩ y̯e̞˨˦ t͡ɕʰi˨˦ xɒu̯˦˥ t͡ɕʰi˨˦ pɤ̞˨˦ ləu̯˨˦ sz̩˨˦ sz̩˦˥ n̠ʲi̯ẽ˩˧ sz̩˨˦ i˨˦ y̯e̞˨˦ ləu̯˨˦ xɒu̯˦˥ təu̯˨˩ u̯e̞i̯˨˩ .
湘潭市，因產湘蓮亇隻傢就又喊噠作“蓮城”，是中國湖南省肚裏亇一隻地級市，跍得湖南省中部偏東，湘江下游流域。現在管轄岳塘、雨湖兩隻市轄區、湘潭一縣、湘鄉、韶山兩隻縣級市，勞共5015平方公里，怕莫是湖南轄域肚裡面积最細的一隻地級市，人口有292萬咁多，排殆在湖南14個市州的第12位[2]。不过，湘潭市的经济水平，却是湖南省排名第一，人均GDP排在湖南省第二名。	ɕi̯æn˧˧ tan˩˧ sz̩˨˩ , in˧˧ t͡sʰan˦˩ ɕi̯æn˧˧ li̯ẽ˩˧ t͡sa̠˨˦ t͡ɕi̯əu̯˨˩ i̯əu̯˨˩ ta̠ t͡so˨˦ li̯ẽ˩˧ t͡sən˩˧ , sz̩˨˩ t͡sən˧˧ ku̯ɤ̞˨˦ ɸu˩˧ l̃an˩˧ sən˦˩ i˨˦ t͡sa̠˨˦ ti˨˩ t͡ɕi˨˦ sz̩˨˩ , ku˩˧ tɤ̞˨˦ ɸu˩˧ l̃an˩˧ sən˦˩ t͡sən˧˧ pu˨˩ pʰi̯ẽ˧˧ tən˧˧ , ɕi̯æn˧˧ t͡ɕi̯æn˧˧ xa̠˨˩ i̯əu̯˩˧ li̯əu̯˩˧ y˨˦ . ɕi̯ẽ˩˩ t͡sai̯˩˩ kõ˦˩ tan˩˧ , y˦˩ ɸu˩˧ li̯æn˦˩ t͡sa̠˨˦ sz̩˨˩ t͡ɕʰy˧˧ , ɕi̯æn˧˧ tan˩˧ i˨˦ ɕi̯ẽ˨˩ , ɕi̯æn˧˧ ɕi̯æn˧˧ , san˧˧ li̯æn˦˩ t͡sa̠˨˦ ɕi̯ẽ˨˩ t͡ɕi˨˦ sz̩˨˩ , kən˨˩ u˦˩ t͡ɕʰi̯ẽ˧˧ lin˩˧ i˨˦ sz̩˨˦ u˦˩ pin˩˧ ɸan˧˧ kən˧˧ li , pʰa̠˦˥ mo˨˦ sz̩˨˩ ɸu˩˧ l̃an˩˧ y˨˦ li˦˩ mi̯ẽ˧ t͡ɕi˨˦ t͡se̞i̯˦˥ ti˨˦ i˨˦ t͡sa̠˨˦ ti˨˩ t͡ɕi˨˦ sz̩˨˩ , ʐən˩˧ kʰəu̯˦˩ i̯əu̯˦˩ ɤ̞˨˩ pɤ̞˨˦ t͡ɕi̯əu̯˦˩ sz̩˨˦ ɤ̞˨˩ u̯an˨˩ to˧˧ , pai̯˩˧ təu̯˨˩ ɸu˩˧ l̃an˩˧ sz̩˨˦ sz̩˦˥ ko˦˥ sz̩˨˩ t͡səu̯˧˧ ti˨˦ ti˨˩ sz̩˨˦ ɤ̞˩˩ u̯e̞i̯˨˩ ɤ̞˨˩ . pu˨˦ ko˦˥ , ɕi̯æn˧˧ tan˩˧ sz̩˨˩ ti˨˦ t͡ɕin˧˧ ɕy̯e̞i̯˦˩ pin˩˧ , t͡ɕʰi̯o˨˦ sz̩˨˩ ɸu˩˧ l̃an˩˧ sən˦˩ pai̯˩˧ min˩˧ ti˩˩ i˨˦ , ʐən˩˧ t͡ɕyn˧˧ ɡˈiːdˈiːpʰˈiː pai̯˩˧ təu̯˨˩ ɸu˩˧ l̃an˩˧ sən˦˩ ti˩˩ ɤ̞˩˩ min˩˧ .
广西壮族自治区（壯文：Gvangjsih Bouxcuengh Swcigih）简称“桂”，位于中华人民共和国南部，南濒北部湾，东边是广东省，东北边是湖南省，北边是贵州省，西边是云南省，西南边和越南交界。面积23万多平方公里，在全国排到第九个。人口在2008年的时候达到4816万，在全国排到第11个。主要的少数民族有壮族、瑶族、苗族、侗族等。主要的汉语方言包括西南官话、粤语、平话、湘语、客家话等。另外还有壮语、瑶语等好多种民族语言。	ku̯an˦˩ ɕi˧˧ t͡sʰəu̯˨˦ t͡sz̩˨˩ t͡sz̩˦˥ t͡ɕʰy˧˧ u̯ən˩˧ , ɡvæŋd͡ʒsˈɪ bˈuːkʰɛŋ səsˈɪɡɪ ku̯e̞i̯˦˥ , u̯e̞i̯˨˩ t͡sən˧˧ ɸa̠˩˧ ʐən˩˧ min˩˧ kən˩˩ xo˩˧ ku̯ɤ̞˨˦ l̃an˩˧ pu˨˩ , l̃an˩˧ pɤ̞˨˦ pu˨˩ u̯an˧˧ , tən˧˧ pi̯æn˧˧ sz̩˨˩ ku̯an˦˩ tən˧˧ sən˦˩ , tən˧˧ pɤ̞˨˦ pi̯ẽ˧˧ sz̩˨˩ ɸu˩˧ l̃an˩˧ sən˦˩ , pɤ̞˨˦ pi̯ẽ˧˧ sz̩˨˩ ku̯e̞i̯˦˥ t͡səu̯˧˧ sən˦˩ , ɕi˧˧ pi̯ẽ˧˧ sz̩˨˩ yn˩˧ l̃an˩˧ sən˦˩ , ɕi˧˧ l̃an˩˧ pi̯ẽ˧˧ xo˩˧ y̯e̞˨˦ l̃an˩˧ t͡ɕi̯ɒu̯˧˧ kai̯˦˥ . mi̯ẽ˨˩ t͡ɕi˨˦ ɤ̞˩˩ sz̩˨˦ san˧˧ u̯an˨˩ to˧˧ pin˩˧ ɸan˧˧ kən˧˧ li , təu̯˨˩ t͡ɕʰi̯ẽ˩˧ ku̯ɤ̞˨˦ pai̯˩˧ tɒu̯˦˥ ti˨˩ t͡ɕi̯əu̯˦˩ ko˦˥ . ʐən˩˧ kʰəu̯˦˩ təu̯˨˩ ɤ̞˨˩ lin˩˧ lin˩˧ pa̠˨˦ n̠ʲi̯ẽ˩˧ ti˨˦ sz̩˩˧ xəu̯˧ ta̠˨˦ tɒu̯˦˥ sz̩˦˥ t͡ɕʰi̯ẽ˧˧ pa̠˨˦ pɤ̞˨˦ i˨˦ sz̩˨˦ ləu̯˨˦ u̯an˨˩ , təu̯˨˩ t͡ɕʰi̯ẽ˩˧ ku̯ɤ̞˨˦ pai̯˩˧ tɒu̯˦˥ ti˨˩ sz̩˨˦ i˨˦ ko˦˥ . t͡ɕy˦˩ i̯ɒu̯˧˧ ti˨˦ sɒu̯˦˩ səu̯˦˩ min˩˧ t͡sʰəu̯˨˦ i̯əu̯˦˩ t͡sʰəu̯˨˦ , t͡sʰəu̯˨˦ , mi̯ɒu̯˩˧ t͡sʰəu̯˨˦ , t͡sʰəu̯˨˦ tən˦˩ . t͡ɕy˦˩ i̯ɒu̯˧˧ ti˨˦ y˦˩ ɸan˧˧ i̯ẽ˩˧ pɒu̯˧˧ ɕi˧˧ l̃an˩˧ kõ˧˧ ɸa̠˨˩ , y̯e̞˨˦ y˦˩ , pin˩˧ ɸa̠˨˩ , ɕi̯æn˧˧ y˦˩ , kʰɤ̞˨˦ t͡ɕi̯a̠˧˧ ɸa̠˨˩ tən˦˩ . lin˩˩ u̯ai̯˩˩ ɸan˩˧ i̯əu̯˦˩ y˦˩ , y˦˩ tən˦˩ xɒu̯˦˩ to˧˧ min˩˧ t͡sʰəu̯˨˦ y˦˩ i̯ẽ˩˧ .
箇隻頁面還冇翻譯嘎。吾架噠隻場。勞為各位路過好心人搭下手是。SSKJRequiem 14:59, 28 October 2008 (UTC)	t͡sa̠˨˦ i̯e̞˨˦ mi̯ẽ˨˩ ɸan˩˧ mɒu̯˨˩ ɸan˧˧ i˨˦ . ka̠˦˥ ta̠ t͡sa̠˨˦ t͡san˩˧ . u̯e̞i̯˩˧ ko˨˦ u̯e̞i̯˨˩ ləu̯˨˩ ko˦˥ xɒu̯˦˩ ɕin˧˧ ʐən˩˧ xa̠˨˩ səu̯˦˩ sz̩˨˩ . skjɹˈɛkwiʲəm sz̩˨˦ sz̩˦˥ u˦˩ sz̩˨˦ t͡ɕi̯əu̯˦˩ , ɤ̞˩˩ sz̩˨˦ pa̠˨˦ ɑːktˈoᶷbɚ ɤ̞˨˩ t͡ɕʰi̯ẽ˧˧ lin˩˧ pa̠˨˦ jˈuː tʰˈiː sˈiː
長沙在改革開放才架場亇時季發展亇速度有點噶子慢，慢慢細細就比沿海城市落後噠。到噠1990年代中間亇時季才發展得快些，GDP從1998年亇542.85億元上升得2006年亇1791億元，大概占噶全省亇五分之一；按戶籍人口算亇話人均18296元；農業生產總值172.07億元，工業總產值1006.06億元，人均可支配收入11029.06元，在中西部城市中間是最高亇。根據第一次經濟普查調噶後亇計算方式，2006年長沙GDP到噶1791億元。社會消費品零售總額743.43億元，頭回子超過噠鄭州在中部經濟區排第二。城市居民人均可支配收入12434元，多噶12.8%。全年全社會固定資產投資881.44億元，多噶31.93%。	t͡san˩˧ sa̠˧˧ təu̯˨˩ kai̯˦˩ kɤ̞˨˦ kʰai̯˧˧ ɸan˦˥ t͡sai̯˩˧ ka̠˦˥ t͡san˩˧ sz̩˩˧ ɸa̠˨˦ t͡sə̃˦˩ səu̯˨˦ i̯əu̯˦˩ ti̯e̞˦˩ t͡sz̩˦˩ man˨˩ , man˨˩ man˨˩ t͡ɕi̯əu̯˨˩ pi˦˩ y̯ẽ˩˧ xai̯˦˩ t͡sən˩˧ sz̩˨˩ lo˨˦ xəu̯˨˩ ta̠ . tɒu̯˦˥ ta̠ i˨˦ t͡ɕi̯əu̯˦˩ t͡ɕi̯əu̯˦˩ lin˩˧ n̠ʲi̯ẽ˩˧ tai̯˨˩ t͡sən˧˧ kan˧˧ sz̩˩˧ t͡sai̯˩˧ ɸa̠˨˦ t͡sə̃˦˩ tɤ̞˨˦ kʰu̯ai̯˦˥ ɕi̯a̠˧˧ , ɡˈiːdˈiːpʰˈiː t͡sən˩˧ i˨˦ t͡ɕi̯əu̯˦˩ t͡ɕi̯əu̯˦˩ pa̠˨˦ n̠ʲi̯ẽ˩˧ u˦˩ pɤ̞˨˦ sz̩˦˥ sz̩˨˦ ɤ̞˨˩ ti̯e̞˦˩ pa̠˨˦ u˦˩ i˦˥ y̯ẽ˩˧ san˨˩ tɤ̞˨˦ ɤ̞˨˩ lin˩˧ lin˩˧ ləu̯˨˦ n̠ʲi̯ẽ˩˧ i˨˦ t͡ɕʰi̯ẽ˧˧ t͡ɕʰi˨˦ pɤ̞˨˦ t͡ɕi̯əu̯˦˩ sz̩˨˦ i˨˦ i˦˥ y̯ẽ˩˧ , tai̯˨˩ kʰai̯˦˥ t͡ɕʰi̯ẽ˩˧ sən˦˩ u˦˩ ɸən˧˧ t͡sz̩˧˧ i˨˦ , ɸu˨˩ ʐən˩˧ kʰəu̯˦˩ sõ˦˥ ɸa̠˨˩ ʐən˩˧ t͡ɕyn˧˧ i˨˦ u̯an˩˩ pa̠˨˦ t͡ɕʰi̯ẽ˧˧ ɤ̞˨˩ pɤ̞˨˦ t͡ɕi̯əu̯˦˩ sz̩˨˦ ləu̯˨˦ y̯ẽ˩˧ , lən˩˧ n̠ʲi̯e̞˨˦ sən˧˧ t͡sʰan˦˩ t͡sən˦˩ t͡sz̩˨˦ i˨˦ pɤ̞˨˦ t͡ɕʰi˨˦ sz̩˨˦ ɤ̞˩˩ ti̯e̞˦˩ lin˩˧ t͡ɕʰi˨˦ i˦˥ y̯ẽ˩˧ , kən˧˧ n̠ʲi̯e̞˨˦ t͡sən˦˩ t͡sʰan˦˩ t͡sz̩˨˦ i˨˦ t͡ɕʰi̯ẽ˧˧ lin˩˧ ləu̯˨˦ ti̯e̞˦˩ lin˩˧ ləu̯˨˦ i˦˥ y̯ẽ˩˧ , ʐən˩˧ t͡ɕyn˧˧ kʰo˦˩ t͡sz̩˧˧ səu̯˧˧ y˨˦ i˨˦ u̯an˩˩ i˨˦ t͡ɕʰi̯ẽ˧˧ lin˩˧ ɤ̞˩˩ sz̩˨˦ t͡ɕi̯əu̯˦˩ ti̯e̞˦˩ lin˩˧ ləu̯˨˦ y̯ẽ˩˧ , təu̯˨˩ t͡sən˧˧ ɕi˧˧ pu˨˩ t͡sən˩˧ sz̩˨˩ t͡sən˧˧ kan˧˧ sz̩˨˩ t͡se̞i̯˦˥ kɒu̯˧˧ . kən˧˧ ti˩˩ i˨˦ t͡sʰz̩˦˥ t͡ɕin˧˧ pʰu˦˩ t͡sa̠˩˧ ti̯ɒu̯˩˧ xəu̯˨˩ t͡ɕi˦˥ sõ˦˥ ɸan˧˧ sz̩˦˥ , ɤ̞˨˩ lin˩˧ lin˩˧ ləu̯˨˦ n̠ʲi̯ẽ˩˧ t͡san˩˧ sa̠˧˧ ɡˈiːdˈiːpʰˈiː tɒu̯˦˥ i˨˦ t͡ɕʰi̯ẽ˧˧ t͡ɕʰi˨˦ pɤ̞˨˦ t͡ɕi̯əu̯˦˩ sz̩˨˦ i˨˦ i˦˥ y̯ẽ˩˧ . sɤ̞˦˥ ɸe̞i̯˨˩ ɕi̯ɒu̯˧˧ ɸe̞i̯˦˥ pʰin˦˩ lin˩˧ t͡sən˦˩ t͡ɕʰi˨˦ pɤ̞˨˦ sz̩˦˥ sz̩˨˦ san˧˧ ti̯e̞˦˩ sz̩˦˥ san˧˧ i˦˥ y̯ẽ˩˧ , təu̯˩˧ ɸe̞i̯˩˧ t͡sz̩˦˩ ko˦˥ ta̠ t͡səu̯˧˧ təu̯˨˩ t͡sən˧˧ pu˨˩ t͡ɕin˧˧ t͡ɕʰy˧˧ pai̯˩˧ ti˩˩ ɤ̞˩˩ . t͡sən˩˧ sz̩˨˩ t͡ɕy˧˧ min˩˧ ʐən˩˧ t͡ɕyn˧˧ kʰo˦˩ t͡sz̩˧˧ səu̯˧˧ y˨˦ i˨˦ u̯an˩˩ ɤ̞˨˩ t͡ɕʰi̯ẽ˧˧ sz̩˦˥ pɤ̞˨˦ san˧˧ sz̩˨˦ sz̩˦˥ y̯ẽ˩˧ , to˧˧ pɤ̞˨˦ ɸən˧˧ t͡sz̩˧˧ sz̩˨˦ ɤ̞˩˩ ti̯e̞˦˩ pa̠˨˦ . t͡ɕʰi̯ẽ˩˧ n̠ʲi̯ẽ˩˧ t͡ɕʰi̯ẽ˩˧ sɤ̞˦˥ ɸe̞i̯˨˩ tin˨˩ t͡sz̩˧˧ t͡sʰan˦˩ təu̯˩˧ t͡sz̩˧˧ pa̠˨˦ pɤ̞˨˦ pa̠˨˦ sz̩˨˦ i˨˦ ti̯e̞˦˩ sz̩˦˥ sz̩˦˥ i˦˥ y̯ẽ˩˧ , to˧˧ pɤ̞˨˦ ɸən˧˧ t͡sz̩˧˧ san˧˧ sz̩˨˦ i˨˦ ti̯e̞˦˩ t͡ɕi̯əu̯˦˩ san˧˧ .
長沙有兩隻國家級開發區：長沙經濟技術開發區（星沙）跟噠長沙高新產業開發區（河西岳麓區）。長沙經濟技術開發區在長沙縣亇星沙鎮裡頭，投資環境綜合評價指數在中西部16個國家開發區中排第二，該三年子亇GDP每年都多噶33.2%。到噠2005年底，長沙亇21家世界500強企業中間，有韓國LG電子、可口可樂、百事可樂、中糧集團、伊萊克斯、法國達能、法國道達爾、荷蘭飛利浦、日本三菱、德國博世、日商岩井、日本三井物產、易初蓮花，一共13家在星沙裡頭。	t͡san˩˧ sa̠˧˧ i̯əu̯˦˩ li̯æn˦˩ t͡sa̠˨˦ ku̯ɤ̞˨˦ t͡ɕi̯a̠˧˧ t͡ɕi˨˦ kʰai̯˧˧ ɸa̠˨˦ t͡ɕʰy˧˧ , t͡san˩˧ sa̠˧˧ t͡ɕin˧˧ t͡ɕʰi˦˥ ɕy˨˦ kʰai̯˧˧ ɸa̠˨˦ t͡ɕʰy˧˧ ɕin˧˧ sa̠˧˧ kən˧˧ ta̠ t͡san˩˧ sa̠˧˧ kɒu̯˧˧ ɕin˧˧ t͡sʰan˦˩ n̠ʲi̯e̞˨˦ kʰai̯˧˧ ɸa̠˨˦ t͡ɕʰy˧˧ xo˩˧ ɕi˧˧ t͡ɕʰy˧˧ . t͡san˩˧ sa̠˧˧ t͡ɕin˧˧ t͡ɕʰi˦˥ ɕy˨˦ kʰai̯˧˧ ɸa̠˨˦ t͡ɕʰy˧˧ təu̯˨˩ t͡san˩˧ sa̠˧˧ ɕi̯ẽ˨˩ ɕin˧˧ sa̠˧˧ t͡sən˦˥ li˦˩ təu̯˧ , təu̯˩˧ t͡sz̩˧˧ ɸan˩˧ t͡ɕin˦˥ xo˩˧ pin˩˧ t͡ɕi̯a̠˦˥ t͡sz̩˨˦ səu̯˦˩ təu̯˨˩ t͡sən˧˧ ɕi˧˧ pu˨˩ sz̩˨˦ ləu̯˨˦ ko˦˥ ku̯ɤ̞˨˦ t͡ɕi̯a̠˧˧ kʰai̯˧˧ ɸa̠˨˦ t͡ɕʰy˧˧ t͡sən˧˧ pai̯˩˧ ti˩˩ ɤ̞˩˩ , san˧˧ n̠ʲi̯ẽ˩˧ t͡sz̩˦˩ ɡˈiːdˈiːpʰˈiː n̠ʲi̯ẽ˩˧ təu̯˧˧ to˧˧ pɤ̞˨˦ ɸən˧˧ t͡sz̩˧˧ san˧˧ sz̩˨˦ san˧˧ ti̯e̞˦˩ ɤ̞˨˩ . tɒu̯˦˥ ta̠ ɤ̞˨˩ lin˩˧ lin˩˧ u˦˩ n̠ʲi̯ẽ˩˧ ti˦˩ , t͡san˩˧ sa̠˧˧ ɤ̞˩˩ sz̩˨˦ i˨˦ t͡ɕi̯a̠˧˧ sz̩˦˥ kai̯˦˥ u˦˩ pɤ̞˨˦ t͡ɕi̯æn˩˧ n̠ʲi̯e̞˨˦ t͡sən˧˧ kan˧˧ , i̯əu̯˦˩ xan˩˧ ku̯ɤ̞˨˦ ˈɛɫ d͡ʒˈiː ti̯ẽ˦˥ t͡sz̩˦˩ , kʰo˦˩ kʰəu̯˦˩ kʰo˦˩ i̯o˨˦ , pɤ̞˨˦ sz̩˨˩ kʰo˦˩ i̯o˨˦ , t͡sən˧˧ li̯æn˩˧ t͡ɕi˨˦ tõ˩˧ , sz̩˧˧ , ɸa̠˨˦ ku̯ɤ̞˨˦ ta̠˨˦ lən˩˧ , ɸa̠˨˦ ku̯ɤ̞˨˦ tɒu̯˨˩ ta̠˨˦ ɤ̞˦˩ , xo˩˧ l̃an˩˧ ɸe̞i̯˧˧ li˨˩ , n̠ʲi˨˦ pən˦˩ san˧˧ lin˩˧ , tɤ̞˨˦ ku̯ɤ̞˨˦ sz̩˦˥ , n̠ʲi˨˦ san˧˧ ŋai̯˩˧ t͡ɕin˦˩ , n̠ʲi˨˦ pən˦˩ san˧˧ t͡ɕin˦˩ u˨˦ t͡sʰan˦˩ , t͡sʰəu̯˧˧ li̯ẽ˩˧ ɸa̠˧˧ , i˨˦ kən˨˩ sz̩˨˦ san˧˧ t͡ɕi̯a̠˧˧ təu̯˨˩ ɕin˧˧ sa̠˧˧ li˦˩ təu̯˧ .
中華民國（六調湘拼：zhong1 fa2 min2 gue6，英文：The Republic of China）是一隻位於東亞亇民主共和國，曾在國際上代表「中國」，現今多通稱為「臺灣」（英文：Taiwan）；目前有效管轄範圍包括臺灣、澎湖群島同附屬島嶼，以及中國大陸福建沿岸亇金門群島同馬祖列島等島嶼，多合稱為「臺澎金馬」同「臺灣地區」；土地面積共36,197平方公里，其中臺灣及其附屬島嶼佔99%以上。目前以位居東亞亇臺灣本島爲主要領土，東臨太平洋、西隔臺灣海峽、南界巴士海峽、北瀕東海，其地形陡峭、景觀多樣。國土約三分之二亇面積為山地同丘陵地形，大部分人口則居住於臺灣西部亇平地。截至2024年3月27日，全國人口約2,300萬人，人口密度在全世界人口大於1,000萬人以上亇國家中位列第二。首都為臺北市，人口最多亇城市則為新北市。	t͡sən˧˧ ɸa̠˩˧ min˩˧ ku̯ɤ̞˨˦ ləu̯˨˦ ti̯ɒu̯˩˧ ɕi̯æn˧˧ , ʒˈɔːŋ i˨˦ fˈɑː ɤ̞˨˩ mˈɪn ɤ̞˨˩ ɡjˈuː ləu̯˨˦ , in˧˧ u̯ən˩˧ , ðˈə ɹipʰˈʌblək ˈʌv t͡ʃˈaᶦnə sz̩˨˩ i˨˦ t͡sa̠˨˦ u̯e̞i̯˨˩ tən˧˧ i̯a̠˦˥ min˩˧ t͡ɕy˦˩ kən˩˩ xo˩˧ ku̯ɤ̞˨˦ , təu̯˨˩ ku̯ɤ̞˨˦ san˨˩ tai̯˨˩ pi̯ɒu̯˦˩ t͡sən˧˧ ku̯ɤ̞˨˦ , ɕi̯ẽ˨˩ t͡ɕin˧˧ to˧˧ tʰən˧˧ u̯e̞i̯˩˧ tai̯˩˧ u̯an˧˧ in˧˧ u̯ən˩˧ , tʰˈaᶦwˈɑːn , mo˨˦ t͡ɕi̯ẽ˩˧ i̯əu̯˦˩ kõ˦˩ ɸan˦˥ u̯e̞i̯˩˧ pɒu̯˧˧ tai̯˩˧ u̯an˧˧ , ɸu˩˧ tɒu̯˦˩ tən˩˧ ɸu˦˥ tɒu̯˦˩ , i˦˩ t͡ɕi˨˦ t͡sən˧˧ ku̯ɤ̞˨˦ tai̯˨˩ ləu̯˨˦ ɸu˨˦ t͡ɕi̯ẽ˦˥ y̯ẽ˩˧ ŋan˦˥ t͡ɕin˧˧ mən˩˧ tɒu̯˦˩ tən˩˧ ma̠˦˩ t͡səu̯˦˩ li̯e̞˨˦ tɒu̯˦˩ tən˦˩ tɒu̯˦˩ , to˧˧ xo˩˧ u̯e̞i̯˩˧ tai̯˩˧ t͡ɕin˧˧ ma̠˦˩ tən˩˧ tai̯˩˧ u̯an˧˧ ti˨˩ t͡ɕʰy˧˧ , tʰəu̯˦˩ ti˨˩ mi̯ẽ˨˩ t͡ɕi˨˦ kən˨˩ san˧˧ u̯an˨˩ ləu̯˨˦ t͡ɕʰi̯ẽ˧˧ i˨˦ pɤ̞˨˦ t͡ɕi̯əu̯˦˩ sz̩˨˦ t͡ɕʰi˨˦ pin˩˧ ɸan˧˧ kən˧˧ li , t͡ɕi˩˧ t͡sən˧˧ tai̯˩˧ u̯an˧˧ t͡ɕi˨˦ t͡ɕi˩˧ ɸu˦˥ tɒu̯˦˩ pɤ̞˨˦ ɸən˧˧ t͡sz̩˧˧ t͡ɕi̯əu̯˦˩ sz̩˨˦ t͡ɕi̯əu̯˦˩ i˦˩ san˩˩ . mo˨˦ t͡ɕi̯ẽ˩˧ i˦˩ u̯e̞i̯˨˩ t͡ɕy˧˧ tən˧˧ i̯a̠˦˥ tai̯˩˧ u̯an˧˧ pən˦˩ tɒu̯˦˩ t͡ɕy˦˩ i̯ɒu̯˧˧ lin˦˩ tʰəu̯˦˩ , tən˧˧ tʰai̯˦˥ pin˩˧ i̯æn˩˧ , ɕi˧˧ tai̯˩˧ u̯an˧˧ xai̯˦˩ , l̃an˩˧ kai̯˦˥ pa̠˧˧ sz̩˦˥ xai̯˦˩ , pɤ̞˨˦ tən˧˧ xai̯˦˩ , t͡ɕi˩˧ ti˨˩ ɕin˩˧ , t͡ɕin˦˩ kõ˧˧ to˧˧ i̯æn˨˩ . ku̯ɤ̞˨˦ tʰəu̯˦˩ i̯o˨˦ san˧˧ ɸən˧˧ t͡sz̩˧˧ ɤ̞˨˩ mi̯ẽ˨˩ t͡ɕi˨˦ u̯e̞i̯˩˧ san˧˧ ti˨˩ tən˩˧ lin˩˧ ti˨˩ ɕin˩˧ , tai̯˨˩ pu˨˩ ɸən˧˧ ʐən˩˧ kʰəu̯˦˩ t͡sɤ̞˨˦ t͡ɕy˧˧ t͡ɕy˦˥ tai̯˩˧ u̯an˧˧ ɕi˧˧ pu˨˩ pin˩˧ ti˨˩ . t͡ɕʰi̯e̞˨˦ ɤ̞˨˩ lin˩˧ ɤ̞˨˩ sz̩˦˥ n̠ʲi̯ẽ˩˧ san˧˧ y̯e̞˨˦ ɤ̞˩˩ sz̩˨˦ t͡ɕʰi˨˦ n̠ʲi˨˦ , t͡ɕʰi̯ẽ˩˧ ku̯ɤ̞˨˦ ʐən˩˧ kʰəu̯˦˩ i̯o˨˦ ɤ̞˨˩ t͡ɕʰi̯ẽ˧˧ san˧˧ pɤ̞˨˦ u̯an˨˩ ʐən˩˧ , ʐən˩˧ kʰəu̯˦˩ mi˨˦ təu̯˨˩ t͡ɕʰi̯ẽ˩˧ sz̩˦˥ kai̯˦˥ ʐən˩˧ kʰəu̯˦˩ tai̯˨˩ i˨˦ t͡ɕʰi̯ẽ˧˧ u̯an˨˩ ʐən˩˧ i˦˩ san˩˩ ku̯ɤ̞˨˦ t͡ɕi̯a̠˧˧ t͡sən˧˧ u̯e̞i̯˨˩ li̯e̞˨˦ ti˩˩ ɤ̞˩˩ . təu̯˧˧ u̯e̞i̯˩˧ tai̯˩˧ pɤ̞˨˦ sz̩˨˩ , ʐən˩˧ kʰəu̯˦˩ t͡se̞i̯˦˥ to˧˧ t͡sən˩˧ sz̩˨˩ t͡sɤ̞˨˦ u̯e̞i̯˩˧ ɕin˧˧ pɤ̞˨˦ sz̩˨˩ .
湘语罗马字(Hsiang Loumodzr,LMD)是一种基于拉丁字母(Latin Alphabet)、用以表记各种湘语方言的拼音。它的主旨是侸湘语内部实现最大范围的兼容。	ɕi̯æn˧˧ y˦˩ lo˩˧ ma̠˦˩ t͡sz̩˨˩ ʃjˈæŋ lˈuːmɑːdzɚ , ˈɛɫ ˈɛm dˈiː sz̩˨˩ i˨˦ t͡ɕi˧˧ la̠˨˦ tin˧˧ t͡sz̩˨˩ mo˦˩ lˈæt̬ən ˈæɫfəbˌɛt , in˨˩ i˦˩ pi̯ɒu̯˦˩ t͡ɕi˦˥ ko˨˦ ɕi̯æn˧˧ y˦˩ ɸan˧˧ i̯ẽ˩˧ ti˨˦ in˧˧ . ti˨˦ t͡ɕy˦˩ sz̩˨˩ ɕi̯æn˧˧ y˦˩ le̞i̯˨˩ pu˨˩ sz̩˨˦ ɕi̯ẽ˨˩ t͡se̞i̯˦˥ tai̯˨˩ ɸan˦˥ u̯e̞i̯˩˧ ti˨˦ in˩˧ .
湘潭市（現xi'an2.dan2.shi3 老xiong2.den1.shi3），因爲盛產湘蓮、故而（現gu4.nian3 老gu4.yer4）又喊（又稱、別名）“蓮城（lian3.zhen3）”。是中國（現zhen1.gui2 老zhen1.guai2）湖南省裏頭（現li1.dou2 老li1.dei2）的一隻（yi2.zho2 一個）地級市。	ɕi̯æn˧˧ tan˩˧ sz̩˨˩ ɕi̯ẽ˨˩ ʃˈiː ˈæn ɤ̞˨˩ . dˈæn ɤ̞˨˩ . ʃˈiː san˧˧ lɒu̯˦˩ ʒˈɔːŋ ɤ̞˨˩ . dˈɛn i˨˦ . ʃˈiː san˧˧ , in˧˧ sən˦˥ t͡sʰan˦˩ ɕi̯æn˧˧ li̯ẽ˩˧ , ku˦˥ ɤ̞˩˧ ɕi̯ẽ˨˩ ɡˈuː sz̩˦˥ . nˈaᶦən san˧˧ lɒu̯˦˩ ɡˈuː sz̩˦˥ . jˈɝ sz̩˦˥ i̯əu̯˨˩ i̯əu̯˨˩ , pʰi̯e̞˨˦ min˩˧ li̯ẽ˩˧ t͡sən˩˧ ɫjˈɑːn san˧˧ . ʒˈɛn san˧˧ . sz̩˨˩ t͡sən˧˧ ku̯ɤ̞˨˦ ɕi̯ẽ˨˩ ʒˈɛn i˨˦ . ɡˈiː ɤ̞˨˩ lɒu̯˦˩ ʒˈɛn i˨˦ . ɡˈɑːaᶦ ɤ̞˨˩ ɸu˩˧ l̃an˩˧ sən˦˩ təu̯˩˧ ɕi̯ẽ˨˩ lˈiː i˨˦ . dˈuː ɤ̞˨˩ lɒu̯˦˩ lˈiː i˨˦ . dˈeᶦ ɤ̞˨˩ ti˨˦ i˨˦ t͡sa̠˨˦ jˈiː ɤ̞˨˩ . ʒˈoᶷ ɤ̞˨˩ i˨˦ ko˦˥ ti˨˩ t͡ɕi˨˦ sz̩˨˩ .
湘語是漢藏語系漢語亇一隻，是湖南省四大方言（贛語、湘語、西南官話、客家話）之一，又喊作湘方言。四川、重慶一帶橫直喊她做老湖廣話。主要亇使用人群是漢民族亇湖湘民系。英文裡頭有赫多喊法，像Hunanese，Xiang Chinese和噠Hsiang。語言學裡頭，一般把湘語喊做一隻獨立語言，中國裡頭湘語平常被喊做一隻方言塊。	ɕi̯æn˧˧ y˦˩ sz̩˨˩ t͡san˩˧ y˦˩ ɕi˦˥ y˦˩ i˨˦ t͡sa̠˨˦ , sz̩˨˩ ɸu˩˧ l̃an˩˧ sən˦˩ sz̩˦˥ tai̯˨˩ ɸan˧˧ i̯ẽ˩˧ y˦˩ , ɕi̯æn˧˧ y˦˩ , ɕi˧˧ l̃an˩˧ kõ˧˧ ɸa̠˨˩ , kʰɤ̞˨˦ t͡ɕi̯a̠˧˧ ɸa̠˨˩ t͡sz̩˧˧ i˨˦ , i̯əu̯˨˩ t͡so˨˦ ɕi̯æn˧˧ ɸan˧˧ i̯ẽ˩˧ . sz̩˦˥ t͡ɕʰy̯ẽ˧˧ , t͡ɕʰin˦˥ i˨˦ ɸən˩˧ t͡sz̩˨˦ t͡səu̯˦˥ lɒu̯˦˩ ɸu˩˧ ku̯an˦˩ ɸa̠˨˩ . t͡ɕy˦˩ i̯ɒu̯˧˧ sz̩˦˩ in˨˩ ʐən˩˧ sz̩˨˩ min˩˧ t͡sʰəu̯˨˦ ɸu˩˧ ɕi̯æn˧˧ min˩˧ ɕi˦˥ . in˧˧ u̯ən˩˧ li˦˩ təu̯˧ i̯əu̯˦˩ to˧˧ ɸa̠˨˦ , ɕi̯æn˦˥ hˈʌnənˌeᶦz , ʃˈiːʲɑːŋ t͡ʃaᶦnˈiːz xo˩˧ ta̠ ʃjˈæŋ . y˦˩ i̯ẽ˩˧ ɕi̯o˨˦ li˦˩ təu̯˧ , i˨˦ pa̠˦˩ ɕi̯æn˧˧ y˦˩ xan˦˩ t͡səu̯˦˥ i˨˦ t͡sa̠˨˦ təu̯˨˦ li˨˦ y˦˩ i̯ẽ˩˧ , t͡sən˧˧ ku̯ɤ̞˨˦ li˦˩ təu̯˧ ɕi̯æn˧˧ y˦˩ pin˩˧ san˩˧ pe̞i̯˨˩ xan˦˩ t͡səu̯˦˥ i˨˦ t͡sa̠˨˦ ɸan˧˧ i̯ẽ˩˧ kʰu̯ai̯˦˩ .
英國人亞當•斯密（Adam Smith）是公認個“經濟學之父”，其待1776年出版噠《國富論》啯本書（國語全名《國民財富的性質和原因的研究》）。《國富論》是近代經濟學個奠基之作，亦是資本主義自由經濟個理論基礎。爾個時候，亞當•斯密提出噠“一隻看不見個手”個概念，等於是，市場自動調節資源個分配。同時其主張政府莫做事，莫干涉經濟發展。	in˧˧ ku̯ɤ̞˨˦ ʐən˩˧ i̯a̠˦˥ tan˧˧ sz̩˧˧ mi˨˦ ˈæd̬əm smˈɪθ sz̩˨˩ kən˧˧ ʐən˨˩ ko˦˥ t͡ɕin˧˧ ɕi̯o˨˦ t͡sz̩˧˧ ɸu˦˥ , t͡ɕi˩˧ tai̯˦˥ i˨˦ t͡ɕʰi˨˦ t͡ɕʰi˨˦ ləu̯˨˦ n̠ʲi̯ẽ˩˧ t͡ɕʰy˨˦ pan˦˩ ta̠ ku̯ɤ̞˨˦ lən˦˥ pən˦˩ ɕy˧˧ ku̯ɤ̞˨˦ y˦˩ t͡ɕʰi̯ẽ˩˧ min˩˧ ku̯ɤ̞˨˦ min˩˧ t͡sai̯˩˧ ti˨˦ ɕin˦˥ t͡sz̩˨˦ xo˩˧ y̯ẽ˩˧ in˧˧ ti˨˦ n̠ʲi̯ẽ˧˧ . ku̯ɤ̞˨˦ lən˦˥ sz̩˨˩ t͡ɕin˨˩ tai̯˨˩ t͡ɕin˧˧ ɕi̯o˨˦ ko˦˥ t͡ɕi˧˧ t͡sz̩˧˧ t͡so˨˦ , i˨˦ sz̩˨˩ t͡ɕi˧˧ pən˦˩ t͡ɕy˦˩ n̠ʲi˦˥ t͡sz̩˨˩ i̯əu̯˩˧ t͡ɕin˧˧ ko˦˥ li˦˩ lən˦˥ t͡ɕi˧˧ . ɤ̞˦˩ ko˦˥ sz̩˩˧ xəu̯˧ , i̯a̠˦˥ tan˧˧ sz̩˧˧ mi˨˦ ti̯a̠˩˧ t͡ɕʰy˨˦ ta̠ i˨˦ t͡sa̠˨˦ kʰan˦˥ pu˨˦ t͡ɕi̯ẽ˦˥ ko˦˥ səu̯˦˩ ko˦˥ kʰai̯˦˥ n̠ʲi̯ẽ˨˩ , tən˦˩ sz̩˨˩ , sz̩˨˩ t͡san˩˧ t͡sz̩˨˩ tən˨˩ ti̯ɒu̯˩˧ t͡ɕi̯e̞˨˦ t͡sz̩˧˧ y̯ẽ˩˧ ko˦˥ ɸən˧˧ . tən˩˧ sz̩˩˧ t͡ɕi˩˧ t͡ɕy˦˩ t͡san˧˧ t͡sən˦˥ ɸu˦˩ mo˨˦ t͡səu̯˦˥ sz̩˨˩ , mo˨˦ kan˧˧ sɤ̞˨˦ t͡ɕin˧˧ ɸa̠˨˦ t͡sə̃˦˩ .
湖湘民系(英語：Hunanese)又喊做湘楚民系、瀟湘民系，是漢族亇一隻民系，主流源于春秋戰國時候亇楚國人（更早還可上溯到西元前11世紀長江中下游亇華夏、藏、緬、壯、泰、苗、瑤部落）跟“江西填湖廣”時期遷入湖南亇江西老表。嗰隻民系亇人民把社會賢達看得赫重，社會賢達在民眾肚裡往往有特別強亇號召力。	ɸu˩˧ ɕi̯æn˧˧ min˩˧ ɕi˦˥ in˧˧ y˦˩ , hˈʌnənˌeᶦz i̯əu̯˨˩ xan˦˩ t͡səu̯˦˥ ɕi̯æn˧˧ t͡sʰəu̯˦˩ min˩˧ ɕi˦˥ , ɕi̯æn˧˧ min˩˧ ɕi˦˥ , sz̩˨˩ t͡sʰəu̯˨˦ i˨˦ t͡sa̠˨˦ min˩˧ ɕi˦˥ , t͡ɕy˦˩ li̯əu̯˩˧ y̯ẽ˩˧ t͡ɕʰyn˧˧ t͡ɕʰi̯əu̯˧˧ t͡sə̃˦˥ ku̯ɤ̞˨˦ sz̩˩˧ xəu̯˧ t͡sʰəu̯˦˩ ku̯ɤ̞˨˦ ʐən˩˧ t͡sɒu̯˦˩ ɸan˩˧ kʰo˦˩ san˨˩ tɒu̯˦˥ ɕi˧˧ y̯ẽ˩˧ t͡ɕi̯ẽ˩˧ sz̩˨˦ i˨˦ sz̩˦˥ t͡san˩˧ t͡ɕi̯æn˧˧ t͡sən˧˧ xa̠˨˩ i̯əu̯˩˧ ɸa̠˩˧ ɕi̯a̠˦˥ , t͡san˩˧ , tʰai̯˦˥ , mi̯ɒu̯˩˧ , pu˨˩ lo˨˦ kən˧˧ t͡ɕi̯æn˧˧ ɕi˧˧ ti̯ẽ˩˧ ɸu˩˧ ku̯an˦˩ sz̩˩˧ t͡ɕi˩˧ t͡ɕʰi̯ẽ˧˧ y˨˦ ɸu˩˧ l̃an˩˧ t͡ɕi̯æn˧˧ ɕi˧˧ lɒu̯˦˩ pi̯ɒu̯˦˩ . t͡sa̠˨˦ min˩˧ ɕi˦˥ ʐən˩˧ min˩˧ pa̠˦˩ sɤ̞˦˥ ɸe̞i̯˨˩ ɕi̯ẽ˩˧ ta̠˨˦ kʰan˦˥ tɤ̞˨˦ , sɤ̞˦˥ ɸe̞i̯˨˩ ɕi̯ẽ˩˧ ta̠˨˦ təu̯˨˩ min˩˧ t͡sən˦˥ li˦˩ u̯an˦˩ u̯an˦˩ i̯əu̯˦˩ tʰɤ̞˨˦ pʰi̯e̞˨˦ t͡ɕi̯æn˩˧ xɒu̯˦˥ t͡sɒu̯˦˥ li˨˦ .
箕子朝鮮，韓國古代亇王朝，殷王族箕子做建國，在B.C 1122 - B.C 198。或者稱韓氏朝鮮。	t͡sz̩˦˩ t͡sɒu̯˧˧ ɕi̯ẽ˧˧ , xan˩˧ ku̯ɤ̞˨˦ ku˦˩ tai̯˨˩ u̯an˩˧ t͡sɒu̯˧˧ , u̯an˩˧ t͡sʰəu̯˨˦ t͡sz̩˦˩ t͡səu̯˦˥ t͡ɕi̯ẽ˦˥ ku̯ɤ̞˨˦ , təu̯˨˩ bˈiː . sˈiː i˨˦ t͡ɕʰi̯ẽ˧˧ i˨˦ pɤ̞˨˦ ɤ̞˩˩ sz̩˨˦ ɤ̞˨˩ bˈiː . sˈiː i˨˦ pɤ̞˨˦ t͡ɕi̯əu̯˦˩ sz̩˨˦ pa̠˨˦ . xo˨˦ t͡sɤ̞˦˩ xan˩˧ sz̩˦˥ t͡sɒu̯˧˧ ɕi̯ẽ˧˧ .
衛滿朝鮮，韓國古代亇王朝，遼東人衛滿做建國，在B.C 198 - B.C 108。或者稱衛氏朝鮮。	u̯e̞i̯˨˩ mõ˦˩ t͡sɒu̯˧˧ ɕi̯ẽ˧˧ , xan˩˧ ku̯ɤ̞˨˦ ku˦˩ tai̯˨˩ u̯an˩˧ t͡sɒu̯˧˧ , tən˧˧ ʐən˩˧ u̯e̞i̯˨˩ mõ˦˩ t͡səu̯˦˥ t͡ɕi̯ẽ˦˥ ku̯ɤ̞˨˦ , təu̯˨˩ bˈiː . sˈiː i˨˦ pɤ̞˨˦ t͡ɕi̯əu̯˦˩ sz̩˨˦ pa̠˨˦ bˈiː . sˈiː i˨˦ pɤ̞˨˦ lin˩˧ pa̠˨˦ . xo˨˦ t͡sɤ̞˦˩ u̯e̞i̯˨˩ sz̩˦˥ t͡sɒu̯˧˧ ɕi̯ẽ˧˧ .
京广铁路即京广线，是中国大陆一条从北京市通往广东省广州市的铁路，全长2284公里（丰台站至广州站），全线为 I 级双线电气化铁路，是中国重要的南北方向铁路干线之一，其连接了六座省会城市，以及数十座大中城市，并与多条铁路相接。	t͡ɕin˧˧ ku̯an˦˩ tʰi̯e̞˨˦ ləu̯˨˩ t͡ɕi˨˦ t͡ɕin˧˧ ku̯an˦˩ ɕi̯ẽ˦˥ , sz̩˨˩ t͡sən˧˧ ku̯ɤ̞˨˦ tai̯˨˩ ləu̯˨˦ i˨˦ ti̯ɒu̯˩˧ t͡sən˩˧ pɤ̞˨˦ t͡ɕin˧˧ sz̩˨˩ tʰən˧˧ u̯an˦˩ ku̯an˦˩ tən˧˧ sən˦˩ ku̯an˦˩ t͡səu̯˧˧ sz̩˨˩ ti˨˦ tʰi̯e̞˨˦ ləu̯˨˩ , t͡ɕʰi̯ẽ˩˧ t͡san˩˧ ɤ̞˨˩ t͡ɕʰi̯ẽ˧˧ ɤ̞˨˩ pɤ̞˨˦ pa̠˨˦ sz̩˨˦ sz̩˦˥ kən˧˧ li tai̯˩˧ t͡san˦˥ ku̯an˦˩ t͡səu̯˧˧ t͡san˦˥ , t͡ɕʰi̯ẽ˩˧ ɕi̯ẽ˦˥ u̯e̞i̯˩˧ ˈaᶦ t͡ɕi˨˦ ɕy̯æn˧˧ ɕi̯ẽ˦˥ ti̯ẽ˦˥ t͡ɕʰi˦˥ ɸa̠˦˥ tʰi̯e̞˨˦ ləu̯˨˩ , sz̩˨˩ t͡sən˧˧ ku̯ɤ̞˨˦ i̯ɒu̯˧˧ ti˨˦ l̃an˩˧ pɤ̞˨˦ ɸan˧˧ tʰi̯e̞˨˦ ləu̯˨˩ kan˧˧ ɕi̯ẽ˦˥ t͡sz̩˧˧ i˨˦ , t͡ɕi˩˧ li̯ẽ˩˧ t͡ɕi̯e̞˨˦ li̯ɒu̯˦˩ ləu̯˨˦ sən˦˩ ɸe̞i̯˨˩ t͡sən˩˧ sz̩˨˩ , i˦˩ t͡ɕi˨˦ səu̯˦˩ sz̩˨˦ tai̯˨˩ t͡sən˧˧ t͡sən˩˧ sz̩˨˩ , pin˦˥ y˦˩ to˧˧ ti̯ɒu̯˩˧ tʰi̯e̞˨˦ ləu̯˨˩ ɕi̯æn˧˧ t͡ɕi̯e̞˨˦ .
