1932, Լէյք Փլեսիտ, Միացեալ Նահանգներ. Երրորդ Ձմեռնային Ողիմպիական խաղերու փակում	hɑzɑɾ innhɑɾʏɾ jeɾesun jeɾɡu , lejkʰ pʰəlesid , miɑt͡sʰeɑl nɑhɑnkʰneɾ . jeɾɾoɾtʰ t͡sʰəmeɾnɑjin voʁimbiɑɡɑn χɑʁeɾu pʰɑɡum
1915, Համբարձում Պոյաճեան (Մեծն Մուրատ), հայ յեղափոխական գործիչ, Օսմանեան Խորհրդարանի երեսփոխան (ծն.՝ 1867)։ Եղբայրն է յեղափոխական գործիչ Ժիրայրի։	hɑzɑɾ innhɑɾʏɾ dɑsnhinkʰ , hɑmpʰɑɾt͡sʰum bojɑd͡ʒeɑn med͡zən muɾɑd , hɑj jeʁɑpʰoχɑɡɑn kʰoɾd͡zit͡ʃʰ , osmɑneɑn χoɾhɾtʰɑɾɑni jeɾespʰoχɑn d͡znə , hɑzɑɾ utʰhɑɾʏɾ vɑtʰsun jeotʰ . jeʁpʰɑjɾn e jeʁɑpʰoχɑɡɑn kʰoɾd͡zit͡ʃʰ ʒiɾɑjɾi .
52 (յիսուներկու)՝ զոյգ երկնիշ բնական թիւ մըն է 51-ի եւ 53-ի միջեւ	jisun jeɾɡu jisuneɾɡu , zojkʰ jeɾɡniʃ pʰənɑɡɑn tʰʏ mən e jisun meɡi jev jisun jeɾekʰi mit͡ʃʰev
22 Սեպտեմբեր 2015 թուականին յայտարարուեցաւ ալպոմին մասին։	kʰəsɑn jeɾɡu sebdempʰeɾ jeɾɡu hɑzɑɾ dɑsnhinkʰ tʰuɑɡɑnin jɑjdɑɾɑɾuet͡sʰɑv ɑlbomin mɑsin .
Ան կը մահանայ 1 Յուլիս 1936-ին, Երեւան․ կառավարութիւնը զինք կը պատուէ ազգային թաղումով։	ɑn ɡə mɑhɑnɑj meɡ julis hɑzɑɾ innhɑɾʏɾ jeɾesun vet͡sʰin , jeɾevɑn ɡɑɾɑvɑɾutʰʏnə zinkʰ ɡə bɑdue ɑzkʰɑjin tʰɑʁumov .
Հետաքրքրական է նաեւ զոյգ սիւնակ մը վերէն վար օրուան կարեւորագոյն իրադարձութեան վերաբերող նկարներու յատկացումը: Ընթերցողներուն ուշադրութիւնը կը կեդրոնանայ նկարներուն վրայ, որոնք երբեմն աւելի խօսուն կ'ըլլան, քան՝ գիրերը:	hedɑkʰɾkʰɾɑɡɑn e nɑev zojkʰ sʏnɑɡ mə veɾen vɑɾ oɾuɑn ɡɑɾevoɾɑkʰojn iɾɑtʰɑɾt͡sʰutʰeɑn veɾɑpʰeɾoʁ nəɡɑɾneɾu jɑdɡɑt͡sʰumə , əntʰeɾt͡sʰoʁneɾun uʃɑtʰɾutʰʏnə ɡə ɡetʰɾonɑnɑj nəɡɑɾneɾun vəɾɑj , voɾonkʰ jeɾpʰemn ɑveli χosun ɡə əllɑn , kʰɑn , kʰiɾeɾə ,
1969-ին «Հայաստանի վեց նկարիչները» ցուցահանդէս Մոսկուայի, Վոլկոկրադի, Ալմա-Աթայի մէջ (Ալեքսանդր Գրիգորեան, Յակոբ Յակոբեան, Մինաս Աւետիսեան, Գրիգոր Աղասեան, Վ. Կարապետեան, Գ. Գոջաբաշեան)	hɑzɑɾ innhɑɾʏɾ vɑtʰsun inin hɑjɑsdɑni vet͡sʰ nəɡɑɾit͡ʃʰneɾə t͡sʰut͡sʰɑhɑntʰes mosɡuɑji , volɡoɡɾɑtʰi , ɑlmɑ ɑtʰɑji met͡ʃʰ ɑlekʰsɑntʰəɾ kʰəɾikʰoɾeɑn , jɑɡopʰ jɑɡopʰeɑn , minɑs ɑvediseɑn , kʰəɾikʰoɾ ɑʁɑseɑn , və . ɡɑɾɑbedeɑn , kʰə . kʰot͡ʃʰɑpʰɑʃeɑn
Գանկի հարուած-վնասով կը յառաջանայ գանկային եւ ներքին ականջի ոսկրային կոտրուածք, որուն հետեւանքով տեղի կ՛ունենայ ուղեղաջուրի կուտակումը ներքին եւ միջին ականջներուն մէջ։ Ուղեղաջուրի կուտակումով կը բարձրանայ ականջախոռոչային ճնշումը, որ պատճառ կը դառնայ թմբկաթաղանթի ծակելուն եւ ուղեղաջուրի ականջահոսքին:	kʰɑnɡi hɑɾuɑd͡z vənɑsov ɡə jɑɾɑt͡ʃʰɑnɑj kʰɑnɡɑjin jev neɾkʰin ɑɡɑnt͡ʃʰi vosɡɾɑjin ɡodɾuɑd͡zkʰ , voɾun hedevɑnkʰov deʁi ɡə unenɑj uʁeʁɑt͡ʃʰuɾi ɡudɑɡumə neɾkʰin jev mit͡ʃʰin ɑɡɑnt͡ʃʰneɾun met͡ʃʰ . uʁeʁɑt͡ʃʰuɾi ɡudɑɡumov ɡə pʰɑɾt͡sʰɾɑnɑj ɑɡɑnt͡ʃʰɑχoɾot͡ʃʰɑjin d͡ʒənʃumə , voɾ bɑdd͡ʒɑɾ ɡə tʰɑɾnɑj tʰəmpʰɡɑtʰɑʁɑntʰi d͡zɑɡelun jev uʁeʁɑt͡ʃʰuɾi ɑɡɑnt͡ʃʰɑhoskʰin ,
Ով սուրբ Նշան տէրունական սեղան զառին զենման, բարեխաաեա ի մեծ ատեան, վասն Թումայ կաթողիկոսին եւ ծնողաց… Թվ. ՌՄԼ. (= 1781).	ov suɾpʰ nəʃɑn deɾunɑɡɑn seʁɑn zɑɾin zenmɑn , pʰɑɾeχɑɑeɑ i med͡z ɑdeɑn , vɑsən tʰumɑj ɡɑtʰoʁiɡosin jev d͡zənoʁɑt͡sʰ . tʰvə . ɾmlə . hɑzɑɾ jeotʰhɑɾʏɾ utʰsun meɡ .
Հատոր 1, Երեւան, Հայաստան, 1968, 560 էջ։	hɑdoɾ meɡ , jeɾevɑn , hɑjɑsdɑn , hɑzɑɾ innhɑɾʏɾ vɑtʰsun utʰ ɑmpʰoʁt͡ʃʰ hinkʰhɑɾʏɾ vɑtʰsun et͡ʃʰ .
1908-ի, Սահմանադրութեան հռչակումէն ետք, Գալուստ բանտէն ազատեցաւ։ Աննա Մայրիկ սահմանադրութենէն ետք, ոչ միայն շարունակեց իրենց շրջանները զինելու գործը՛ այլեւ տնտեսութիւնը քանդուած գիւղացիներուն նիւթապէս օգնեց։	hɑzɑɾ innhɑɾʏɾ utʰi , sɑhmɑnɑtʰɾutʰeɑn həɾt͡ʃʰɑɡumen jedkʰ , kʰɑlusd pʰɑnden ɑzɑdet͡sʰɑv . ɑnnɑ mɑjɾiɡ sɑhmɑnɑtʰɾutʰenen jedkʰ , vot͡ʃʰ miɑjn ʃɑɾunɑɡet͡sʰ iɾent͡sʰ ʃəɾt͡ʃʰɑnneɾə zinelu kʰoɾd͡zə ɑjlev dəndesutʰʏnə kʰɑntʰuɑd͡z kʰʏʁɑt͡sʰineɾun nʏtʰɑbes okʰnet͡sʰ .
1974 թուականին Աբարանի տարածքի հոգեւոր կարիքներու բաւարարումը հանձնուած է Տէր Յարութիւն քահանայ Եսաեանին։ Անոր մահէն ետք Աբարանի ծխական համայնքը եւ՛ կար, եւ՛ չկար։	hɑzɑɾ innhɑɾʏɾ jeotʰɑnɑsun t͡ʃʰoɾs tʰuɑɡɑnin ɑpʰɑɾɑni dɑɾɑd͡zkʰi hokʰevoɾ ɡɑɾikʰneɾu pʰɑvɑɾɑɾumə hɑnt͡sʰnuɑd͡z e deɾ jɑɾutʰʏn kʰɑhɑnɑj jesɑeɑnin . ɑnoɾ mɑhen jedkʰ ɑpʰɑɾɑni d͡zəχɑɡɑn hɑmɑjnkʰə jev ɡɑɾ , jev t͡ʃʰəɡɑɾ .
Ասունսիոն կը գտնուի Փարակուէյ գետի ձախ (արեւելք) կողմը, դէպի Ասունսիոն ծովածոց։ Ռոկէ Մարիանօ Ալոնսոյի քաղաքային սահմաններէն հիւսիս-արեւելք, արեւելեան կողմը կը գտնուին Լոկեն եւ Ֆերնանտո տէ լա Մորան, իսկ Հարաւը՝ Վիլլա Էլիսա Ամբարին:	ɑsunsion ɡə kʰədnui pʰɑɾɑɡuej kʰedi t͡sʰɑχ ɑɾevelkʰ ɡoʁmə , tʰebi ɑsunsion d͡zovɑd͡zot͡sʰ . ɾoɡe mɑɾiɑno ɑlonsoji kʰɑʁɑkʰɑjin sɑhmɑnneɾen hʏsis ɑɾevelkʰ , ɑɾeveleɑn ɡoʁmə ɡə kʰədnuin loɡen jev feɾnɑndo de lɑ moɾɑn , isɡ hɑɾɑvə , villɑ elisɑ ɑmpʰɑɾin ,
Ստորոգութիւն:Արագածոտնի մարզի յուշարձաններ	sdoɾokʰutʰʏn , ɑɾɑkʰɑd͡zodni mɑɾzi juʃɑɾt͡sʰɑnneɾ
«Դաշնակցական պատանիին գիրքը» Ա. եւ Բ. հատորներ (2003),	tʰɑʃnɑɡt͡sʰɑɡɑn bɑdɑniin kʰiɾkʰə ɑ . jev pʰə . hɑdoɾneɾ jeɾɡu hɑzɑɾ jeɾekʰ ,
Ընդհանուր անունները կամ հիպերնիմները բառեր են, որոնք աւելի լայն իմաստով կ'անուանեն առարկաները, կամ աւելի լայն իմաստ արտայայտելու համար կ'օգտագործեն բառի նեղ իմաստները։ Օրինակ «գազան» բառը ընդհանուր անուն կամ հիպերնիմ է «շուն» բառի համար, իսկ «շուն» բառն իր հերթին ընդհանուր անուն կամ հիպերնիմ է «պուլտոկ» եզրի համար։	əntʰhɑnuɾ ɑnunneɾə ɡɑm hibeɾnimneɾə pʰɑɾeɾ jen , voɾonkʰ ɑveli lɑjn imɑsdov ɡə ɑnuɑnen ɑɾɑɾɡɑneɾə , ɡɑm ɑveli lɑjn imɑsd ɑɾdɑjɑjdelu hɑmɑɾ ɡə okʰdɑkʰoɾd͡zen pʰɑɾi neʁ imɑsdneɾə . oɾinɑɡ kʰɑzɑn pʰɑɾə əntʰhɑnuɾ ɑnun ɡɑm hibeɾnim e ʃun pʰɑɾi hɑmɑɾ , isɡ ʃun pʰɑɾn iɾ heɾtʰin əntʰhɑnuɾ ɑnun ɡɑm hibeɾnim e buldoɡ jezɾi hɑmɑɾ .
2006, Աղէտներու ազդեցութեան նուազումը դպրոցներէն կը սկսի	jeɾɡu hɑzɑɾ vet͡sʰ , ɑʁedneɾu ɑztʰet͡sʰutʰeɑn nuɑzumə tʰəbɾot͡sʰneɾen ɡə sɡəsi
1966 թուականին կոչուած էր ստանձնելու Պէյրութի «Ազդակ» օրաթերթի խմբագրութիւնը, սակայն կը փակէ աչքերը յանկարծական մահուամբ 1966 թուականին:	hɑzɑɾ innhɑɾʏɾ vɑtʰsun vet͡sʰ tʰuɑɡɑnin ɡot͡ʃʰuɑd͡z eɾ sdɑnt͡sʰnelu bejɾutʰi ɑztʰɑɡ oɾɑtʰeɾtʰi χəmpʰɑkʰɾutʰʏnə , sɑɡɑjn ɡə pʰɑɡe ɑt͡ʃʰkʰeɾə jɑnɡɑɾd͡zɑɡɑn mɑhuɑmpʰ hɑzɑɾ innhɑɾʏɾ vɑtʰsun vet͡sʰ tʰuɑɡɑnin ,
1996-ին Սեպտեմբեր 20-ին, Հայաստանի Հանրապետութեան նախագահի հրամանագրով հետմահու արժանացած է «Հայաստանի ազգային հերոսի բարձրագոյն կոչման՝ «Հայրենիք» շքանշանին:	hɑzɑɾ innhɑɾʏɾ innsun vet͡sʰin sebdempʰeɾ kʰəsɑnin , hɑjɑsdɑni hɑnɾɑbedutʰeɑn nɑχɑkʰɑhi həɾɑmɑnɑkʰɾov hedmɑhu ɑɾʒɑnɑt͡sʰɑd͡z e hɑjɑsdɑni ɑzkʰɑjin heɾosi pʰɑɾt͡sʰɾɑkʰojn ɡot͡ʃʰmɑn , hɑjɾenikʰ ʃkʰɑnʃɑnin ,
Մատեան ողբերգութեան, Երեւան, 2011, 484 էջ:	mɑdeɑn voʁpʰeɾkʰutʰeɑn , jeɾevɑn , jeɾɡu hɑzɑɾ dɑsnmeɡ ɑmpʰoʁt͡ʃʰ t͡ʃʰoɾshɑɾʏɾ utʰsun t͡ʃʰoɾs et͡ʃʰ ,
Բաժանման եղանակներ։ Բաժանման եղանակները կը կիրառեն բազմակազմիչ համակարգերէն առանձին դեղանիւթերու անջատման համար։ Դեղագործական վերլուծման մէջ դեղանիւթերու խառնուրդներու բաժանման հանար առաւել յաճախ կ'օգտագործեն արտահանումի, գունագրանութեան եւ վայրաբերութեան եղանակները։	pʰɑʒɑnmɑn jeʁɑnɑɡneɾ . pʰɑʒɑnmɑn jeʁɑnɑɡneɾə ɡə ɡiɾɑɾen pʰɑzmɑɡɑzmit͡ʃʰ hɑmɑɡɑɾkʰeɾen ɑɾɑnt͡sʰin tʰeʁɑnʏtʰeɾu ɑnt͡ʃʰɑdmɑn hɑmɑɾ . tʰeʁɑkʰoɾd͡zɑɡɑn veɾlud͡zmɑn met͡ʃʰ tʰeʁɑnʏtʰeɾu χɑɾnuɾtʰneɾu pʰɑʒɑnmɑn hɑnɑɾ ɑɾɑvel jɑd͡ʒɑχ ɡə okʰdɑkʰoɾd͡zen ɑɾdɑhɑnumi , kʰunɑkʰɾɑnutʰeɑn jev vɑjɾɑpʰeɾutʰeɑn jeʁɑnɑɡneɾə .
Արեւմտահայաստանի Կորուստը եւ Անոր Պատասխանատուները (Գահիրէ-1970)	ɑɾevmdɑhɑjɑsdɑni ɡoɾusdə jev ɑnoɾ bɑdɑsχɑnɑduneɾə kʰɑhiɾe hɑzɑɾ innhɑɾʏɾ jeotʰɑnɑsun
1922-ին իր ուսումը աւարտելէ ետք, վերադարձած է Հալէպ եւ նուիրուած ուսուցչութեան։ Երկու տարի տնօրէնութեան ու ուսուցչութեան զոյգ պաշտօններ վարած է Կիլիկեան Վարժարանին մէջ եւ ապա ուսուցիչ նշանակուած Հայկազեան Վարժարանի։	hɑzɑɾ innhɑɾʏɾ kʰəsɑn jeɾɡukʰin iɾ usumə ɑvɑɾdele jedkʰ , veɾɑtʰɑɾt͡sʰɑd͡z e hɑleb jev nuiɾuɑd͡z usut͡sʰt͡ʃʰutʰeɑn . jeɾɡu dɑɾi dənoɾenutʰeɑn u usut͡sʰt͡ʃʰutʰeɑn zojkʰ bɑʃdonneɾ vɑɾɑd͡z e ɡiliɡeɑn vɑɾʒɑɾɑnin met͡ʃʰ jev ɑbɑ usut͡sʰit͡ʃʰ nəʃɑnɑɡuɑd͡z hɑjɡɑzeɑn vɑɾʒɑɾɑni .
Զելմերլովը ունի մէկ կրտսէր քոյր։ 2008-2011 թուականներուն լրատուամիջոցներու կողմէ աշխուժօրէն կը լուսաբանուէր անոր եւ շուէտացի բնորդ եւ երգչուհի Մարի Սերնեհոլտի սիրավէպը։ 26 Դեկտեմբեր 2004-ին Մոնսը իր ընտանիքի հետ Թայլանտի մէջ փրկուած է Հնդկաց ովկիանոսի մէջ տեղի ունեցած ցունամիէն ։	zelmeɾlovə uni meɡ ɡəɾdseɾ kʰojɾ . jeɾɡu hɑzɑɾ utʰ , jeɾɡu hɑzɑɾ dɑsnmeɡ tʰuɑɡɑnneɾun ləɾɑduɑmit͡ʃʰot͡sʰneɾu ɡoʁme ɑʃχuʒoɾen ɡə lusɑpʰɑnueɾ ɑnoɾ jev ʃuedɑt͡sʰi pʰənoɾtʰ jev jeɾkʰt͡ʃʰuhi mɑɾi seɾneholdi siɾɑvebə . kʰəsɑn vet͡sʰ tʰeɡdempʰeɾ jeɾɡu hɑzɑɾ t͡ʃʰoɾsin monsə iɾ əndɑnikʰi hed tʰɑjlɑndi met͡ʃʰ pʰəɾɡuɑd͡z e həntʰɡɑt͡sʰ ovɡiɑnosi met͡ʃʰ deʁi unet͡sʰɑd͡z t͡sʰunɑmien .
Թէյի միջազգային օր (), ամէն տարի՝ Դեկտեմբեր 15-ին , աշխարհի թէյ արտադրող առաջատար բոլոր երկրները կը նշեմ թէյի միջազգային օրը: Իւրայատուկ տօն թէյ սիրող մարդոց համար։	tʰeji mit͡ʃʰɑzkʰɑjin oɾ , ɑmen dɑɾi , tʰeɡdempʰeɾ dɑsnhinkʰin , ɑʃχɑɾhi tʰej ɑɾdɑtʰɾoʁ ɑɾɑt͡ʃʰɑdɑɾ pʰoloɾ jeɾɡɾneɾə ɡə nəʃem tʰeji mit͡ʃʰɑzkʰɑjin oɾə , ʏɾɑjɑduɡ don tʰej siɾoʁ mɑɾtʰot͡sʰ hɑmɑɾ .
Տէր Վահանի Թաղմանական կարգն ու վերջին օծումը կատարուած էՀալէպի մէջ, 1923-ին եւ մարմինը ամփոփուած՝ Հայոց Ազգային Գերեզմանատունը։	deɾ vɑhɑni tʰɑʁmɑnɑɡɑn ɡɑɾkʰən u veɾt͡ʃʰin od͡zumə ɡɑdɑɾuɑd͡z ehɑlebi met͡ʃʰ , hɑzɑɾ innhɑɾʏɾ kʰəsɑn jeɾekʰin jev mɑɾminə ɑmpʰopʰuɑd͡z , hɑjot͡sʰ ɑzkʰɑjin kʰeɾezmɑnɑdunə .
Վերոյիշեալ բարդութիւնները առաւելաբար կը պատահին մանուկներու, տարեցներու, շաքարախտաւորներու եւ սիրտի հիւանդութիւններ ունեցողներուն մօտ:	veɾojiʃeɑl pʰɑɾtʰutʰʏnneɾə ɑɾɑvelɑpʰɑɾ ɡə bɑdɑhin mɑnuɡneɾu , dɑɾet͡sʰneɾu , ʃɑkʰɑɾɑχdɑvoɾneɾu jev siɾdi hʏɑntʰutʰʏnneɾ unet͡sʰoʁneɾun mod ,
«Մեկութիւն խորհրդոյ պատարագին» երկը Լամբրոնացիի լաւագոյն մեկնութիւնն է։ Կարեւոր են նաեւ անոր թարգմանութիւնները, յատկապէս քաղաքացիական եւ զինուորական օրէնքները։ Հեղինակէն որոշ երկեր պահպանուած չեն։	meɡutʰʏn χoɾhɾtʰoj bɑdɑɾɑkʰin jeɾɡə lɑmpʰɾonɑt͡sʰii lɑvɑkʰojn meɡnutʰʏnn e . ɡɑɾevoɾ jen nɑev ɑnoɾ tʰɑɾkʰmɑnutʰʏnneɾə , jɑdɡɑbes kʰɑʁɑkʰɑt͡sʰiɑɡɑn jev zinuoɾɑɡɑn oɾenkʰneɾə . heʁinɑɡen voɾoʃ jeɾɡeɾ bɑhbɑnuɑd͡z t͡ʃʰen .
Մեսսին որոշ ժամանակ կը հանդիպէր Մաքարէնայ Լեմոսի՝ երիտասարդ արժանթինցի աղջկայ հետ, իր հայրենի Ռոքսարիոյ քաղաքէն։ Կը նշուէր, որ անոնց ծանոթացուցած էր աղջկան հայրը։ Մեսսին եւ Լեմոսը կը հանդիպէին Գերմանիոյ աշխարհի բաժակի ժամանակ։ Նախնին ան հարաբերութիւններ ունեցած է նաեւ արժանթինցի մոտել Լուչիանա Սալազարի հետ։	messin voɾoʃ ʒɑmɑnɑɡ ɡə hɑntʰibeɾ mɑkʰɑɾenɑj lemosi , jeɾidɑsɑɾtʰ ɑɾʒɑntʰint͡sʰi ɑʁt͡ʃʰɡɑj hed , iɾ hɑjɾeni ɾokʰsɑɾioj kʰɑʁɑkʰen . ɡə nəʃueɾ , voɾ ɑnont͡sʰ d͡zɑnotʰɑt͡sʰut͡sʰɑd͡z eɾ ɑʁt͡ʃʰɡɑn hɑjɾə . messin jev lemosə ɡə hɑntʰibein kʰeɾmɑnioj ɑʃχɑɾhi pʰɑʒɑɡi ʒɑmɑnɑɡ . nɑχnin ɑn hɑɾɑpʰeɾutʰʏnneɾ unet͡sʰɑd͡z e nɑev ɑɾʒɑntʰint͡sʰi model lut͡ʃʰiɑnɑ sɑlɑzɑɾi hed .
Պետական օգնութիւն ցոյց տալ արհաւիրքներուն տուժած աշխատաւոր դասակարգին,	bedɑɡɑn okʰnutʰʏn t͡sʰojt͡sʰ dɑl ɑɾhɑviɾkʰneɾun duʒɑd͡z ɑʃχɑdɑvoɾ tʰɑsɑɡɑɾkʰin ,
Ծաղկաձոր (Կեչառիս, Ծաղկոցաձոր, մինչեւ 1947 թ.՝ Դարաչիչակ), քաղաք Հայաստանի Կոտայքի մարզին մէջ, (Կեչառիս, մինչեւ 1947-ը՝ Թեղէնիսի արեւելեան լանջին։ Կլիման մեղմ է, առողջարար։ Քաղաքը կը գտնուի ծովի մակերեւոյթէն 1841 մ. բարձրութեան վրայ, մարզկեդրոնէն 6 քմ հիւսիս-արեւմուտք։ Նախապէս գիւղը ամառանոցավայր էր, ապա՝ աւան, 1958-էն՝ քաղաքատիպ աւան։	d͡zɑʁɡɑt͡sʰoɾ ɡet͡ʃʰɑɾis , d͡zɑʁɡot͡sʰɑt͡sʰoɾ , mint͡ʃʰev hɑzɑɾ innhɑɾʏɾ kʰɑɾɑsun jeotʰ tʰə , tʰɑɾɑt͡ʃʰit͡ʃʰɑɡ , kʰɑʁɑkʰ hɑjɑsdɑni ɡodɑjkʰi mɑɾzin met͡ʃʰ , ɡet͡ʃʰɑɾis , mint͡ʃʰev hɑzɑɾ innhɑɾʏɾ kʰɑɾɑsun jeotʰə , tʰeʁenisi ɑɾeveleɑn lɑnt͡ʃʰin . ɡəlimɑn meʁm e , ɑɾoʁt͡ʃʰɑɾɑɾ . kʰɑʁɑkʰə ɡə kʰədnui d͡zovi mɑɡeɾevojtʰen hɑzɑɾ utʰhɑɾʏɾ kʰɑɾɑsun meɡ metʰəɾ . pʰɑɾt͡sʰɾutʰeɑn vəɾɑj , mɑɾzɡetʰɾonen vet͡sʰ kʰmə hʏsis ɑɾevmudkʰ . nɑχɑbes kʰʏʁə ɑmɑɾɑnot͡sʰɑvɑjɾ eɾ , ɑbɑ , ɑvɑn , hɑzɑɾ innhɑɾʏɾ jisun utʰen , kʰɑʁɑkʰɑdib ɑvɑn .
Կարագի արատներ կը հանդիսանան նաեւ դառն համը, որ կ՛առաջանայ անասունին դառն խոտով կերակրելու կամ այլ պատճառներով։	ɡɑɾɑkʰi ɑɾɑdneɾ ɡə hɑntʰisɑnɑn nɑev tʰɑɾn hɑmə , voɾ ɡə ɑɾɑt͡ʃʰɑnɑj ɑnɑsunin tʰɑɾn χodov ɡeɾɑɡɾelu ɡɑm ɑjl bɑdd͡ʒɑɾneɾov .
Մենաբերդ, Բաշիւրդ (3230 մ․) եւ Մեծ Եղնախաղ (3042 մ․)՝ Եղնախաղի լեռնաշղթայի լեռնագագաթ, Հ․Հ․, Վրաստանի եւ Թուրքիոյ սահմանագծին։	menɑpʰeɾtʰ , pʰɑʃʏɾtʰ jeɾekʰ hɑzɑɾ jeɾɡuhɑɾʏɾ jeɾesun metʰəɾ jev med͡z jeʁnɑχɑʁ jeɾekʰ hɑzɑɾ kʰɑɾɑsun jeɾɡu metʰəɾ , jeʁnɑχɑʁi leɾnɑʃʁtʰɑji leɾnɑkʰɑkʰɑtʰ , hə hə , vəɾɑsdɑni jev tʰuɾkʰioj sɑhmɑnɑkʰd͡zin .
Արեւմտահայկական դիվիզիա, որուն կազմին մէջ էին՝	ɑɾevmdɑhɑjɡɑɡɑn tʰiviziɑ , voɾun ɡɑzmin met͡ʃʰ ein ,
2018 թ․ Մայիսէն սկսած` բուռն մասնակցութիւն ունեցած է Հայաստանի մէջ տեղի ունեցած «Իմ քայլը» շարժման։	jeɾɡu hɑzɑɾ dɑsnutʰ tʰə mɑjisen sɡəsɑd͡z pʰuɾn mɑsnɑɡt͡sʰutʰʏn unet͡sʰɑd͡z e hɑjɑsdɑni met͡ʃʰ deʁi unet͡sʰɑd͡z im kʰɑjlə ʃɑɾʒmɑn .
Քրիստինա Կորտես, Մոնթեպելլոյի քաղաքային խորհուրդի անդամ	kʰəɾisdinɑ ɡoɾdes , montʰebelloji kʰɑʁɑkʰɑjin χoɾhuɾtʰi ɑntʰɑm
Անմիջական դարմանամիջոցներ՝ հեղուկներու երակային ներարկում եւ արեան փոխներարկում.	ɑnmit͡ʃʰɑɡɑn tʰɑɾmɑnɑmit͡ʃʰot͡sʰneɾ , heʁuɡneɾu jeɾɑɡɑjin neɾɑɾɡum jev ɑɾeɑn pʰoχneɾɑɾɡum .
2000-էն ի վեր Ատենապետն է Հայ Աւետարանական Արմիս Մշակութային յանձնախումբին,Պէյրութ, Լիբանան,	jeɾɡu hɑzɑɾen i veɾ ɑdenɑbedən e hɑj ɑvedɑɾɑnɑɡɑn ɑɾmis məʃɑɡutʰɑjin jɑnt͡sʰnɑχumpʰin , bejɾutʰ , lipʰɑnɑn ,
Գիտութիւններու պատուաւոր տոքդոր (Հոնգ-քոնգի Գիտութիւններու եւ արհեստագիտութեան համալսարան, 2013)	kʰidutʰʏnneɾu bɑduɑvoɾ dokʰtʰoɾ honkʰ kʰonkʰi kʰidutʰʏnneɾu jev ɑɾhesdɑkʰidutʰeɑn hɑmɑlsɑɾɑn , jeɾɡu hɑzɑɾ dɑsneɾekʰ
Մարսելօն առաջին խաղը խաղցած է Պրազիլի ազգային հաւաքականի եւ Ուեյլսի ընկերական հանդիպման ժամանակ՝ 2006 թուականին։ Խաղը վերջացած է 2:0 հաշուով։ Այդ հանդիպման ժամանակ Մարսելօն ազգային հաւաքականի կազմին մէջ հարուածած է իր առաջին կօլը։ Ինչպէս ազգային հաւաքականին մէջ, այնպէս ալ Ռէալին մէջ խաղցած է ձախ կողմին վրայ՝ Ռոպերթօ Գառլոսի ազգային հաւաքականը ձգելէ ետք։	mɑɾselon ɑɾɑt͡ʃʰin χɑʁə χɑʁt͡sʰɑd͡z e bəɾɑzili ɑzkʰɑjin hɑvɑkʰɑɡɑni jev uejlsi ənɡeɾɑɡɑn hɑntʰibmɑn ʒɑmɑnɑɡ , jeɾɡu hɑzɑɾ vet͡sʰ tʰuɑɡɑnin . χɑʁə veɾt͡ʃʰɑt͡sʰɑd͡z e jeɾɡu , zəɾo hɑʃuov . ɑjtʰ hɑntʰibmɑn ʒɑmɑnɑɡ mɑɾselon ɑzkʰɑjin hɑvɑkʰɑɡɑni ɡɑzmin met͡ʃʰ hɑɾuɑd͡zɑd͡z e iɾ ɑɾɑt͡ʃʰin ɡolə . int͡ʃʰbes ɑzkʰɑjin hɑvɑkʰɑɡɑnin met͡ʃʰ , ɑjnbes ɑl ɾeɑlin met͡ʃʰ χɑʁt͡sʰɑd͡z e t͡sʰɑχ ɡoʁmin vəɾɑj , ɾobeɾtʰo kʰɑɾlosi ɑzkʰɑjin hɑvɑkʰɑɡɑnə t͡sʰəkʰele jedkʰ .
Ժողովուրդին սիրած աղօթքի պահն է, Աստուծոյ հետ զրուցելու ժամը, մանաւանդ երբ Գրիգոր Նարեկացին է յիշեցնողը «Ընկալ քաղցրութեամբ, Տէր Աստուած հզօր, զդառնացողիս զաղաչանս»: Նարեկացիին խնդրանքները կը շարունակուին։ Քիչ ետք Ներսէս Շնորհալին կը խօսի իր «Հաւատով խոստովանիմ» 24 տուներէ բաղկացած սքանչելի աղօթքով։	ʒoʁovuɾtʰin siɾɑd͡z ɑʁotʰkʰi bɑhən e , ɑsdud͡zoj hed zəɾut͡sʰelu ʒɑmə , mɑnɑvɑntʰ jeɾpʰ kʰəɾikʰoɾ nɑɾeɡɑt͡sʰin e jiʃet͡sʰnoʁə ənɡɑl kʰɑʁt͡sʰɾutʰeɑmpʰ , deɾ ɑsduɑd͡z həzoɾ , zətʰɑɾnɑt͡sʰoʁis zɑʁɑt͡ʃʰɑns , nɑɾeɡɑt͡sʰiin χəntʰɾɑnkʰneɾə ɡə ʃɑɾunɑɡuin . kʰit͡ʃʰ jedkʰ neɾses ʃənoɾhɑlin ɡə χosi iɾ hɑvɑdov χosdovɑnim kʰəsɑn t͡ʃʰoɾs duneɾe pʰɑʁɡɑt͡sʰɑd͡z skʰɑnt͡ʃʰeli ɑʁotʰkʰov .
Ապրիլ 2012–ին համալսարանի կառավարման խորհուրդը յայտարարած է, որ 2014–էն բոլոր աւարտական դասընթացները անգլերէն լեզուով կ'ուսուցանուին ։	ɑbɾil jeɾɡu hɑzɑɾ dɑsneɾɡu in hɑmɑlsɑɾɑni ɡɑɾɑvɑɾmɑn χoɾhuɾtʰə jɑjdɑɾɑɾɑd͡z e , voɾ jeɾɡu hɑzɑɾ dɑsnt͡ʃʰoɾs en pʰoloɾ ɑvɑɾdɑɡɑn tʰɑsəntʰɑt͡sʰneɾə ɑnkʰleɾen lezuov ɡə usut͡sʰɑnuin .
1975-ին իբրեւ գեղարուեստական պատասխանատու ընկերակցած է Համազգայինի պարախումբին, որ կը մասնակցէր ՔՈՆՖՈԼԱՆ-ի (Ֆրանսա) միջազգային փառատօնին ։ 1977-ին նոյն խումբին հետ ելոյթներ կ՚ունենայ Քուէյթ եւ Պարսկաստան։ 1978-ին Ծնծղայ մանկական երգչախումբի երգացանկի պատրաստութեան, եղանակներու դաշնաւորման ու գործիքաւորման աշխատանքը կատարած է։	hɑzɑɾ innhɑɾʏɾ jeotʰɑnɑsun hinkʰin ipʰɾev kʰeʁɑɾuesdɑɡɑn bɑdɑsχɑnɑdu ənɡeɾɑɡt͡sʰɑd͡z e hɑmɑzkʰɑjini bɑɾɑχumpʰin , voɾ ɡə mɑsnɑɡt͡sʰeɾ kʰonfolɑn i fəɾɑnsɑ mit͡ʃʰɑzkʰɑjin pʰɑɾɑdonin . hɑzɑɾ innhɑɾʏɾ jeotʰɑnɑsun jeotʰin nojn χumpʰin hed jelojtʰneɾ ɡə unenɑj kʰuejtʰ jev bɑɾsɡɑsdɑn . hɑzɑɾ innhɑɾʏɾ jeotʰɑnɑsun utʰin d͡zənd͡zʁɑj mɑnɡɑɡɑn jeɾkʰt͡ʃʰɑχumpʰi jeɾkʰɑt͡sʰɑnɡi bɑdɾɑsdutʰeɑn , jeʁɑnɑɡneɾu tʰɑʃnɑvoɾmɑn u kʰoɾd͡zikʰɑvoɾmɑn ɑʃχɑdɑnkʰə ɡɑdɑɾɑd͡z e .
Արեւելեան Հայաստանի՝ Ռուսաստանին միանալու արձագանգները հայ գրականութեան մէջ (1978),	ɑɾeveleɑn hɑjɑsdɑni , ɾusɑsdɑnin miɑnɑlu ɑɾt͡sʰɑkʰɑnkʰneɾə hɑj kʰəɾɑɡɑnutʰeɑn met͡ʃʰ hɑzɑɾ innhɑɾʏɾ jeotʰɑnɑsun utʰ ,
Յովսէփ Աղեքսանդրեան (անյայտ-1832) թուաբանագէտ	jovsepʰ ɑʁekʰsɑntʰɾeɑn ɑnjɑjd hɑzɑɾ utʰhɑɾʏɾ jeɾesun jeɾɡu tʰuɑpʰɑnɑkʰed
Հայ ժողովուրդի մեծ ողբերգութենէն ծնած, հայութեան վերապրումի ուղիներու անհանգիստ որոնող, Շահան Նաթալի հաստատած է, թէ հայ ազգը ո՛չ միայն խօսքով, այլ մանաւանդ գործով պէտք է տիրանայ ապրելու իր իրաւունքին: Իր աշխատութիւններով, «Թուրքիզմը Անկարայէն Պաքու Եւ Թուրքական Օրիանթասիոն», «Թուրքերը Եւ Մենք» , հարստացրած է հայ քաղաքական միտքի պատմութիւնը:	hɑj ʒoʁovuɾtʰi med͡z voʁpʰeɾkʰutʰenen d͡zənɑd͡z , hɑjutʰeɑn veɾɑbɾumi uʁineɾu ɑnhɑnkʰisd voɾonoʁ , ʃɑhɑn nɑtʰɑli hɑsdɑdɑd͡z e , tʰe hɑj ɑzkʰə vo t͡ʃʰə miɑjn χoskʰov , ɑjl mɑnɑvɑntʰ kʰoɾd͡zov bedkʰ e diɾɑnɑj ɑbɾelu iɾ iɾɑvunkʰin , iɾ ɑʃχɑdutʰʏnneɾov , tʰuɾkʰizmə ɑnɡɑɾɑjen bɑkʰu jev tʰuɾkʰɑɡɑn oɾiɑntʰɑsion , tʰuɾkʰeɾə jev menkʰ , hɑɾsdɑt͡sʰɾɑd͡z e hɑj kʰɑʁɑkʰɑɡɑn midkʰi bɑdmutʰʏnə ,
Արձագանգներ բաժանման մասին վաւերագրական ֆիլմ Նիկոսիայի բաժանման եւ կանաչ գիծին մասին։	ɑɾt͡sʰɑkʰɑnkʰneɾ pʰɑʒɑnmɑn mɑsin vɑveɾɑkʰɾɑɡɑn film niɡosiɑji pʰɑʒɑnmɑn jev ɡɑnɑt͡ʃʰ kʰid͡zin mɑsin .
Անանիա Շիրակացի ըլլալով հանճարեղ անձ մը գրած է բազմատեսակ գործեր՝	ɑnɑniɑ ʃiɾɑɡɑt͡sʰi əllɑlov hɑnd͡ʒɑɾeʁ ɑnt͡sʰ mə kʰəɾɑd͡z e pʰɑzmɑdesɑɡ kʰoɾd͡zeɾ ,
Գլխու ոջլոտութեան միակ ախտանշանը հետեւեալն է՝ գլխու, մօրուքի, յօնքերու եւ թարթիչներու սուր քերուըտուք։ Անոր ախտաճանաչումը կ՚ըլլայ տեսնելով ապրող ոջիլները եւ անոնց մոխրագոյն եւ կամ բաց սրճագոյն անիծները որոնք առաւելաբար եւ շատ դիւրութեամբ կը տեսնուին ծոծրակին վրայ եւ ականջներուն ետեւը։ Յաճախ վարակուած երեխային անկողինին, բարձին եւ սաւանին վրայ նշմարելի կ՚ըլլան ոջիլները եւ անոնց անիծները։	kʰəlχu vot͡ʃʰlodutʰeɑn miɑɡ ɑχdɑnʃɑnə hedeveɑln e , kʰəlχu , moɾukʰi , jonkʰeɾu jev tʰɑɾtʰit͡ʃʰneɾu suɾ kʰeɾuədukʰ . ɑnoɾ ɑχdɑd͡ʒɑnɑt͡ʃʰumə ɡə əllɑj desnelov ɑbɾoʁ vot͡ʃʰilneɾə jev ɑnont͡sʰ moχɾɑkʰojn jev ɡɑm pʰɑt͡sʰ səɾd͡ʒɑkʰojn ɑnid͡zneɾə voɾonkʰ ɑɾɑvelɑpʰɑɾ jev ʃɑd tʰʏɾutʰeɑmpʰ ɡə desnuin d͡zod͡zɾɑɡin vəɾɑj jev ɑɡɑnt͡ʃʰneɾun jedevə . jɑd͡ʒɑχ vɑɾɑɡuɑd͡z jeɾeχɑjin ɑnɡoʁinin , pʰɑɾt͡sʰin jev sɑvɑnin vəɾɑj nəʃmɑɾeli ɡə əllɑn vot͡ʃʰilneɾə jev ɑnont͡sʰ ɑnid͡zneɾə .
Հայաստանի խորհրդայնացումէն ետք, մինչ իր ընկերներէն շատեր կը փախչէին, ան նախընտրեց մնալ հայրենիք, իր սկաուտներուն մօտ, արհամարհելով իրեն սպառնացող վտանգը եւ ծանօթներու զգուշացումները ։ Հակառակ որ Վահան Չերազ շարքային դաշնակցական չէր, 1927 թուականին՝ զինք այդպէս զրպարտելով, Թիֆլիսի մէջ Բերիան անձամբ սպաննեց զինք ։	hɑjɑsdɑni χoɾhɾtʰɑjnɑt͡sʰumen jedkʰ , mint͡ʃʰ iɾ ənɡeɾneɾen ʃɑdeɾ ɡə pʰɑχt͡ʃʰein , ɑn nɑχəndɾet͡sʰ mənɑl hɑjɾenikʰ , iɾ sɡɑudneɾun mod , ɑɾhɑmɑɾhelov iɾen sbɑɾnɑt͡sʰoʁ vədɑnkʰə jev d͡zɑnotʰneɾu zəkʰuʃɑt͡sʰumneɾə . hɑɡɑɾɑɡ voɾ vɑhɑn t͡ʃʰeɾɑz ʃɑɾkʰɑjin tʰɑʃnɑɡt͡sʰɑɡɑn t͡ʃʰeɾ , hɑzɑɾ innhɑɾʏɾ kʰəsɑn jeotʰ tʰuɑɡɑnin , zinkʰ ɑjtʰbes zəɾbɑɾdelov , tʰiflisi met͡ʃʰ pʰeɾiɑn ɑnt͡sʰɑmpʰ sbɑnnet͡sʰ zinkʰ .
Պաղպաղակը հարուստ է փրոթիններով, ֆոսֆորով եւ երկաթով: Պաղպաղակը աւելի առողջապահական կը նկատուի, եթէ պատրաստուած է բնական պտուղներով, ոչ քիմիական նիւթերով եւ արհեստական գոյներով: Զայն յանձնարարելի չէ շաքարախտէ եւ գիրութենէ տառապողներուն:	bɑʁbɑʁɑɡə hɑɾusd e pʰəɾotʰinneɾov , fosfoɾov jev jeɾɡɑtʰov , bɑʁbɑʁɑɡə ɑveli ɑɾoʁt͡ʃʰɑbɑhɑɡɑn ɡə nəɡɑdui , jetʰe bɑdɾɑsduɑd͡z e pʰənɑɡɑn bəduʁneɾov , vot͡ʃʰ kʰimiɑɡɑn nʏtʰeɾov jev ɑɾhesdɑɡɑn kʰojneɾov , zɑjn jɑnt͡sʰnɑɾɑɾeli t͡ʃʰe ʃɑkʰɑɾɑχde jev kʰiɾutʰene dɑɾɑboʁneɾun ,
Քառասնօրեայ պատրաստութեան շրջանէ լրացնելէ ետք, Տէր Հայրը նշանակուած է Ս. Խաչ եկեղեցւոյ եւ անոր մարաշցի ծխական ժողովուրդին Հոգեւոր հովիւ։	kʰɑɾɑsnoɾeɑj bɑdɾɑsdutʰeɑn ʃəɾt͡ʃʰɑne ləɾɑt͡sʰnele jedkʰ , deɾ hɑjɾə nəʃɑnɑɡuɑd͡z e sə . χɑt͡ʃʰ jeɡeʁet͡sʰvoj jev ɑnoɾ mɑɾɑʃt͡sʰi d͡zəχɑɡɑn ʒoʁovuɾtʰin hokʰevoɾ hovʏ .
Բաժակակիր (6): 2009, 2010, 2011, 2012, 2014, 2015	pʰɑʒɑɡɑɡiɾ vet͡sʰ , jeɾɡu hɑzɑɾ inə ɑmpʰoʁt͡ʃʰ jeɾɡu hɑzɑɾ dɑsə , jeɾɡu hɑzɑɾ dɑsnmeɡ ɑmpʰoʁt͡ʃʰ jeɾɡu hɑzɑɾ dɑsneɾɡu , jeɾɡu hɑzɑɾ dɑsnt͡ʃʰoɾs ɑmpʰoʁt͡ʃʰ jeɾɡu hɑzɑɾ dɑsnhinkʰ
Համազգայինի Լեւոն Շանթ Մշակութային Կեդրոն	hɑmɑzkʰɑjini levon ʃɑntʰ məʃɑɡutʰɑjin ɡetʰɾon
Գերմանիոյ մէջ ռուսալեզու գաղթականներու լեզուն՝ ռուսերէն եւ գերմաներէն լեզուներու կեղծ-փիջին միախառնումը։	kʰeɾmɑnioj met͡ʃʰ ɾusɑlezu kʰɑʁtʰɑɡɑnneɾu lezun , ɾuseɾen jev kʰeɾmɑneɾen lezuneɾu ɡeʁd͡z pʰit͡ʃʰin miɑχɑɾnumə .
Քէստենեան Հրաչ, Պէյրութի Ամերիկեան Համալսարանէն Շրջանաարտ Եւ Մեծ Եղեռնին Նահատակուած Հայ Բժիշկներ, «Ազ­դակ», 01-11-2012	kʰesdeneɑn həɾɑt͡ʃʰ , bejɾutʰi ɑmeɾiɡeɑn hɑmɑlsɑɾɑnen ʃəɾt͡ʃʰɑnɑɑɾd jev med͡z jeʁeɾnin nɑhɑdɑɡuɑd͡z hɑj pʰəʒiʃɡneɾ , ɑz tʰɑɡ , meɡ , dɑsnmeɡ , jeɾɡu hɑzɑɾ dɑsneɾɡu
«Սեւ Ծովը Նոյնն է Միշտ (պատմուածքներ)», Պէյրութ, 1954։	sev d͡zovə nojnn e miʃd bɑdmuɑd͡zkʰneɾ , bejɾutʰ , hɑzɑɾ innhɑɾʏɾ jisun t͡ʃʰoɾs .
«Հայաստանի Գրողներու Զ. Համագումարը», Պէյրութ (1971), առանձնատիպ «Արարատ» օրաթերթի յօդուածաշարքէն,	hɑjɑsdɑni kʰəɾoʁneɾu zə . hɑmɑkʰumɑɾə , bejɾutʰ hɑzɑɾ innhɑɾʏɾ jeotʰɑnɑsun meɡ , ɑɾɑnt͡sʰnɑdib ɑɾɑɾɑd oɾɑtʰeɾtʰi jotʰuɑd͡zɑʃɑɾkʰen ,
1840-ին Մուհամմետ Ալիի դրամատիրութենէն ետք, Եգիպտոս կը բացուի արտասահմանեան դրամատիրութեան։ 1842-ին Եգիպտոսի մէջ կը տարածուին 1838-ի Անգլիա-թրքական պայմանագիրին պայմանները, որմով անգլիացիները կրնային ազատօրէն եգիպտական բամպակ ներածել իրնց արտադրողէն։	hɑzɑɾ utʰhɑɾʏɾ kʰɑɾɑsunin muhɑmmed ɑlii tʰəɾɑmɑdiɾutʰenen jedkʰ , jekʰibdos ɡə pʰɑt͡sʰui ɑɾdɑsɑhmɑneɑn tʰəɾɑmɑdiɾutʰeɑn . hɑzɑɾ utʰhɑɾʏɾ kʰɑɾɑsun jeɾɡukʰin jekʰibdosi met͡ʃʰ ɡə dɑɾɑd͡zuin hɑzɑɾ utʰhɑɾʏɾ jeɾesun utʰi ɑnkʰliɑ tʰəɾkʰɑɡɑn bɑjmɑnɑkʰiɾin bɑjmɑnneɾə , voɾmov ɑnkʰliɑt͡sʰineɾə ɡəɾnɑjin ɑzɑdoɾen jekʰibdɑɡɑn pʰɑmbɑɡ neɾɑd͡zel iɾnt͡sʰ ɑɾdɑtʰɾoʁen .
«Գեղեցիկ ապրելը չես արգելեր», 2008 * «Վանայ ծովուն արշալոյսը», 2011	kʰeʁet͡sʰiɡ ɑbɾelə t͡ʃʰes ɑɾkʰeleɾ , jeɾɡu hɑzɑɾ utʰ vɑnɑj d͡zovun ɑɾʃɑlojsə , jeɾɡu hɑzɑɾ dɑsnmeɡ
1885-1886 Գրիգորիս Արքեպիսկոպոս Ալեաթճեանը	hɑzɑɾ utʰhɑɾʏɾ utʰsun hinkʰ , hɑzɑɾ utʰhɑɾʏɾ utʰsun vet͡sʰ kʰəɾikʰoɾis ɑɾkʰebisɡobos ɑleɑtʰd͡ʒeɑnə
«Յոյսով եմ, որ մեր առջեւ Հայաստանի դռները պիտի բացուին, կարծեմ ժամանակն է» Լիբանանահայ երգիչ Վիգէն Տիշչէքէնեան	jojsov jem , voɾ meɾ ɑɾt͡ʃʰev hɑjɑsdɑni tʰəɾneɾə bidi pʰɑt͡sʰuin , ɡɑɾd͡zem ʒɑmɑnɑɡən e lipʰɑnɑnɑhɑj jeɾkʰit͡ʃʰ vikʰen diʃt͡ʃʰekʰeneɑn
Տարեցները հոգացող պետական հաստատութթիւնները:	dɑɾet͡sʰneɾə hokʰɑt͡sʰoʁ bedɑɡɑn hɑsdɑdutʰtʰʏnneɾə ,
Կոմիտասի անուան պետական լարային քառեակ, Հայաստանի առաջին քառեակներէն։ Հիմնադրուած է Մոսկուայի մէջ 1924 թուականին, տեղի կոնսերվադուարի հայ ուսանողներ Աւետ Գաբրիէլեանի (1-ին ջութակ), Լեւոն Օհանջանեանի (2-րդ ջութակ), Միքայէլ Տէրեանի (ալտ) եւ Սերկեյ Ասլամազեանի (թաւ ջութակ) նախաձեռնութեամբ (ղեկավար Ե. Գուզիկով)։	ɡomidɑsi ɑnuɑn bedɑɡɑn lɑɾɑjin kʰɑɾeɑɡ , hɑjɑsdɑni ɑɾɑt͡ʃʰin kʰɑɾeɑɡneɾen . himnɑtʰɾuɑd͡z e mosɡuɑji met͡ʃʰ hɑzɑɾ innhɑɾʏɾ kʰəsɑn t͡ʃʰoɾs tʰuɑɡɑnin , deʁi ɡonseɾvɑtʰuɑɾi hɑj usɑnoʁneɾ ɑved kʰɑpʰɾieleɑni meɡin t͡ʃʰutʰɑɡ , levon ohɑnt͡ʃʰɑneɑni jeɾɡɾoɾtʰ t͡ʃʰutʰɑɡ , mikʰɑjel deɾeɑni ɑld jev seɾɡej ɑslɑmɑzeɑni tʰɑv t͡ʃʰutʰɑɡ nɑχɑt͡sʰeɾnutʰeɑmpʰ ʁeɡɑvɑɾ je . kʰuziɡov .
Կը հետեւի զաւակին դասացուցակին եւ դասանիւթերուն:	ɡə hedevi zɑvɑɡin tʰɑsɑt͡sʰut͡sʰɑɡin jev tʰɑsɑnʏtʰeɾun ,
Երրորդ գիրքը, որ նուիրուած է Հայաստանի Դ.-Ե. դարերու պատմութեան, կ'աւարտի «ողբ»-ով, ուր հեղինակը կը սգայ հայոց թագաւորութեան անկումը եւ կը քննադատէ հայ հասարակութեան բացասական կողմերը:	jeɾɾoɾtʰ kʰiɾkʰə , voɾ nuiɾuɑd͡z e hɑjɑsdɑni tʰə . je . tʰɑɾeɾu bɑdmutʰeɑn , ɡə ɑvɑɾdi voʁpʰ ov , uɾ heʁinɑɡə ɡə skʰɑj hɑjot͡sʰ tʰɑkʰɑvoɾutʰeɑn ɑnɡumə jev ɡə kʰənnɑtʰɑde hɑj hɑsɑɾɑɡutʰeɑn pʰɑt͡sʰɑsɑɡɑn ɡoʁmeɾə ,
Քոլիսէոմը կիսաբոլորաձեւ էր եւ ունէր հարիւր ութսունութ մեթր երկարութիւն, հարիւր յիսունվեց մեթր լայնք եւ քառասունութ ու կէս մեթր բարձրութիւն, ուր ութսուն կարգ աստիճաններու վրայ կը տեղաւորուէին յիսունէն մինչեւ ութսուն հազար հանդիսատես:	kʰoliseomə ɡisɑpʰoloɾɑt͡sʰev eɾ jev uneɾ hɑɾʏɾ utʰsunutʰ metʰəɾ jeɾɡɑɾutʰʏn , hɑɾʏɾ jisunvet͡sʰ metʰəɾ lɑjnkʰ jev kʰɑɾɑsunutʰ u ɡes metʰəɾ pʰɑɾt͡sʰɾutʰʏn , uɾ utʰsun ɡɑɾkʰ ɑsdid͡ʒɑnneɾu vəɾɑj ɡə deʁɑvoɾuein jisunen mint͡ʃʰev utʰsun hɑzɑɾ hɑntʰisɑdes ,
Դ. դարուն, կը սկսի ծաղկիլ հոգեւոր դասը եւ կը ստեղծուին միաբանութիւններ։ Նոր աղանդներու ստեղծման միտումը այդ ատեն տեղի կ'ունենար Տիեզերական ժողովներուն կանոններու հետ համաձայնութեան կամ անհամաձայնութեան հիման վրայ։	tʰə . tʰɑɾun , ɡə sɡəsi d͡zɑʁɡil hokʰevoɾ tʰɑsə jev ɡə sdeʁd͡zuin miɑpʰɑnutʰʏnneɾ . noɾ ɑʁɑntʰneɾu sdeʁd͡zmɑn midumə ɑjtʰ ɑden deʁi ɡə unenɑɾ diezeɾɑɡɑn ʒoʁovneɾun ɡɑnonneɾu hed hɑmɑt͡sʰɑjnutʰeɑn ɡɑm ɑnhɑmɑt͡sʰɑjnutʰeɑn himɑn vəɾɑj .
2010-ին Իրան կը յայտարարէ Երրորդ սերունդի պատկանող Ֆաթէհ-110, որ շատ զարգացած էր եւ կը փորձարկուի Իրանի մէջ: Իրանի պաշտպանութեան նախարար Ահմատ Ֆահիթի կը յայտարարէ, թէ հրթիռին ճշգրտութիւնն ու պահեստային կարողութիւնները աւելցած են եւ իր միջակայքը 300 Քմ.-ը գերազանցած է։	jeɾɡu hɑzɑɾ dɑsin iɾɑn ɡə jɑjdɑɾɑɾe jeɾɾoɾtʰ seɾuntʰi bɑdɡɑnoʁ fɑtʰeh hɑɾʏɾ dɑsə , voɾ ʃɑd zɑɾkʰɑt͡sʰɑd͡z eɾ jev ɡə pʰoɾt͡sʰɑɾɡui iɾɑni met͡ʃʰ , iɾɑni bɑʃdbɑnutʰeɑn nɑχɑɾɑɾ ɑhmɑd fɑhitʰi ɡə jɑjdɑɾɑɾe , tʰe həɾtʰiɾin d͡ʒəʃkʰɾdutʰʏnn u bɑhesdɑjin ɡɑɾoʁutʰʏnneɾə ɑvelt͡sʰɑd͡z jen jev iɾ mit͡ʃʰɑɡɑjkʰə jeɾekʰhɑɾʏɾ kʰmə . ə kʰeɾɑzɑnt͡sʰɑd͡z e .
27 Յունիս ձեռագրագէտ-մատենագէտ, աղբիւրագէտ	kʰəsɑn jeotʰ junis t͡sʰeɾɑkʰɾɑkʰed mɑdenɑkʰed , ɑʁpʰʏɾɑkʰed
Ս. Ղազարու վանքի առաջնորդը եւ միաբանները նկատի ունենալով Յարութիւն եւ Գրիգոր իշխաններու խնդրանքները Մատին առաքելոյ վանքին թէմ կը յատկացնեն։	sə . ʁɑzɑɾu vɑnkʰi ɑɾɑt͡ʃʰnoɾtʰə jev miɑpʰɑnneɾə nəɡɑdi unenɑlov jɑɾutʰʏn jev kʰəɾikʰoɾ iʃχɑnneɾu χəntʰɾɑnkʰneɾə mɑdin ɑɾɑkʰeloj vɑnkʰin tʰem ɡə jɑdɡɑt͡sʰnen .
Կին Գրողներու Հետքերով . Շաքէ Վարսեան՝ Հայրենիքի Ձայնը	ɡin kʰəɾoʁneɾu hedkʰeɾov . ʃɑkʰe vɑɾseɑn , hɑjɾenikʰi t͡sʰɑjnə
Որոշ ժամանակ բնակեր է Սոֆիա, այնուհետեւ վերջնականապէս հաստատուեր է իր որդւոյն Արմէնին հետ Փարիզ, ուր ղեկավարեր է Նանսէնեան գրասենեակը եւ զբաղուեր գրական գործունէութեամբ:	voɾoʃ ʒɑmɑnɑɡ pʰənɑɡeɾ e sofiɑ , ɑjnuhedev veɾt͡ʃʰnɑɡɑnɑbes hɑsdɑdueɾ e iɾ voɾtʰvojn ɑɾmenin hed pʰɑɾiz , uɾ ʁeɡɑvɑɾeɾ e nɑnseneɑn kʰəɾɑseneɑɡə jev zəpʰɑʁueɾ kʰəɾɑɡɑn kʰoɾd͡zuneutʰeɑmpʰ ,
Ամենացած ջերմաստիճանը Հայաստանի Կոտայքի մարզին մէջ կը գրանցուի Աժդահակ լերան գագաթին։	ɑmenɑt͡sʰɑd͡z t͡ʃʰeɾmɑsdid͡ʒɑnə hɑjɑsdɑni ɡodɑjkʰi mɑɾzin met͡ʃʰ ɡə kʰəɾɑnt͡sʰui ɑʒtʰɑhɑɡ leɾɑn kʰɑkʰɑtʰin .
Իւրաքանչիւր երկրի մէջ Վիպապաշտ երաժշտութիւնը ունեցած է իւրայատուկ ազգային երանգ եւ երբեմն նոյն երկրին մէջ ձեւաւորուած են տարբեր ուղղութիւններ:	ʏɾɑkʰɑnt͡ʃʰʏɾ jeɾɡɾi met͡ʃʰ vibɑbɑʃd jeɾɑʒʃdutʰʏnə unet͡sʰɑd͡z e ʏɾɑjɑduɡ ɑzkʰɑjin jeɾɑnkʰ jev jeɾpʰemn nojn jeɾɡɾin met͡ʃʰ t͡sʰevɑvoɾuɑd͡z jen dɑɾpʰeɾ uʁʁutʰʏnneɾ ,
Դպրոցը հազիւ փակուած՝ տնօրէնը անվերադարձ կը ճամբորդէ: Հիմնադիր մարմինը, որը անկախ մարմին մը եղած է ոչ հաշուետու համայնքի ղեկավար մարմնին կ՚իյնայ նիւթական ծանր պարտաւորութեան տակ եւ ճարահատ կը դիմէ աջակցութեանը՝ օրուան եկեղեցական իշխանութեան:	tʰəbɾot͡sʰə hɑzʏ pʰɑɡuɑd͡z , dənoɾenə ɑnveɾɑtʰɑɾt͡sʰ ɡə d͡ʒɑmpʰoɾtʰe , himnɑtʰiɾ mɑɾminə , voɾə ɑnɡɑχ mɑɾmin mə jeʁɑd͡z e vot͡ʃʰ hɑʃuedu hɑmɑjnkʰi ʁeɡɑvɑɾ mɑɾmnin ɡə ijnɑj nʏtʰɑɡɑn d͡zɑnɾ bɑɾdɑvoɾutʰeɑn dɑɡ jev d͡ʒɑɾɑhɑd ɡə tʰime ɑt͡ʃʰɑɡt͡sʰutʰeɑnə , oɾuɑn jeɡeʁet͡sʰɑɡɑn iʃχɑnutʰeɑn ,
Ռուբէն Սեւակի անուան թանգարանի բացումը Մայր Աթոռ Սուրբ Էջմիածնում	ɾupʰen sevɑɡi ɑnuɑn tʰɑnkʰɑɾɑni pʰɑt͡sʰumə mɑjɾ ɑtʰoɾ suɾpʰ et͡ʃʰmiɑd͡znum
Սերգէյ Սուրէնի Ամիրխանեան (1962-1994), հայ ազատամարտիկ։	seɾkʰej suɾeni ɑmiɾχɑneɑn hɑzɑɾ innhɑɾʏɾ vɑtʰsun jeɾɡu , hɑzɑɾ innhɑɾʏɾ innsun t͡ʃʰoɾs , hɑj ɑzɑdɑmɑɾdiɡ .
Սալբի Գասպարեան ծնած է Հալէպ, Կարմուճցի ծնողներէ: Հալէպի Կիլիկեան Ճեմարանի եւ Հայ Աւետ. Բեթէլ Երկրդ. Վարժարանի բարձրագոյն կարգերուն կը դասաւանդէ անգլերէն լեզու:	sɑlpʰi kʰɑsbɑɾeɑn d͡zənɑd͡z e hɑleb , ɡɑɾmud͡ʒt͡sʰi d͡zənoʁneɾe , hɑlebi ɡiliɡeɑn d͡ʒemɑɾɑni jev hɑj ɑved . pʰetʰel jeɾɡɾtʰ . vɑɾʒɑɾɑni pʰɑɾt͡sʰɾɑkʰojn ɡɑɾkʰeɾun ɡə tʰɑsɑvɑntʰe ɑnkʰleɾen lezu ,
Հորմուզ Ասիան, Մերձաւոր Արեւելքը եւ Արեւելեան Ափրիկէն կապող փոխադրման հիմնական ուղին է: Հորմուզի նեղուցով շրջանառութեան ընդհատումը վնաս կը հասցնէ նաւթի համաշխարհային առեւտուրին, ինչպէս նաեւ առեւտրային Եւրոպա - Ասիա երթուղիներուն:	hoɾmuz ɑsiɑn , meɾt͡sʰɑvoɾ ɑɾevelkʰə jev ɑɾeveleɑn ɑpʰɾiɡen ɡɑboʁ pʰoχɑtʰɾmɑn himnɑɡɑn uʁin e , hoɾmuzi neʁut͡sʰov ʃəɾt͡ʃʰɑnɑɾutʰeɑn əntʰhɑdumə vənɑs ɡə hɑst͡sʰne nɑvtʰi hɑmɑʃχɑɾhɑjin ɑɾevduɾin , int͡ʃʰbes nɑev ɑɾevdɾɑjin jevɾobɑ ɑsiɑ jeɾtʰuʁineɾun ,
Մարզպետ (Ղազարոս Ղազարոսեան, 1878-1918). ­Մեծ Ե­ղեռ­նէն Մա­զա­պուրծ Հայ Բե­կոր­նե­րու Մե­ծա­վաս­տակ Փրկա­րա­րը Ն. Պէրպէրեան	mɑɾzbed ʁɑzɑɾos ʁɑzɑɾoseɑn , hɑzɑɾ utʰhɑɾʏɾ jeotʰɑnɑsun utʰ , hɑzɑɾ innhɑɾʏɾ dɑsnutʰ . med͡z je ʁeɾ nen mɑ zɑ buɾd͡z hɑj pʰe ɡoɾ ne ɾu me d͡zɑ vɑs dɑɡ pʰəɾɡɑ ɾɑ ɾə nə . beɾbeɾeɑn
Հաստատութենէն ներս երախտաւորը արդէն դարձած էր յարգուած անձնաւորութիւն մը, իր բացառիկ վարչական կարողութիւններուն համար, ինչպէս նաեւ՝ հաշուապահական բծախնդրութեան:	hɑsdɑdutʰenen neɾs jeɾɑχdɑvoɾə ɑɾtʰen tʰɑɾt͡sʰɑd͡z eɾ jɑɾkʰuɑd͡z ɑnt͡sʰnɑvoɾutʰʏn mə , iɾ pʰɑt͡sʰɑɾiɡ vɑɾt͡ʃʰɑɡɑn ɡɑɾoʁutʰʏnneɾun hɑmɑɾ , int͡ʃʰbes nɑev , hɑʃuɑbɑhɑɡɑn pʰəd͡zɑχntʰɾutʰeɑn ,
Աւանդական իւղաներկերը իւղ կը պահանջեն, որ միշտ կը կարծրանայ՝ ձեւաւորելով կայուն եւ անթափանց թաղանթ մը: Այս իւղերը կը կոչուին չորցնող իւղեր եւ կը բնութագրուին ճարպաթթուներու բարձր մակարդակով։	ɑvɑntʰɑɡɑn ʏʁɑneɾɡeɾə ʏʁ ɡə bɑhɑnt͡ʃʰen , voɾ miʃd ɡə ɡɑɾd͡zɾɑnɑj , t͡sʰevɑvoɾelov ɡɑjun jev ɑntʰɑpʰɑnt͡sʰ tʰɑʁɑntʰ mə , ɑjs ʏʁeɾə ɡə ɡot͡ʃʰuin t͡ʃʰoɾt͡sʰnoʁ ʏʁeɾ jev ɡə pʰənutʰɑkʰɾuin d͡ʒɑɾbɑtʰtʰuneɾu pʰɑɾt͡sʰəɾ mɑɡɑɾtʰɑɡov .
Սենտուիչ՝ Սիոն լեռան վրայ. Երուսաղէմի օրէ օր նուազող հայ համայնքը Վերանորոգուում է Երուսաղէմի Սուրբ Յակոբեանց վանքը	senduit͡ʃʰ , sion leɾɑn vəɾɑj . jeɾusɑʁemi oɾe oɾ nuɑzoʁ hɑj hɑmɑjnkʰə veɾɑnoɾokʰuum e jeɾusɑʁemi suɾpʰ jɑɡopʰeɑnt͡sʰ vɑnkʰə
Ժիրայր Անանեան - «Տէ՛ր, Մի Թող Մեզ Անտէր»	ʒiɾɑjɾ ɑnɑneɑn de ɾə , mi tʰoʁ mez ɑndeɾ
Մայա Անճելուի ինքնակենսագրականներու գիրքերը կը ներկայացնեն անոր կեանքի տարբեր շրջանները՝ ըստ հրատարակման հերթականութեան.	mɑjɑ ɑnd͡ʒelui inkʰnɑɡensɑkʰɾɑɡɑnneɾu kʰiɾkʰeɾə ɡə neɾɡɑjɑt͡sʰnen ɑnoɾ ɡeɑnkʰi dɑɾpʰeɾ ʃəɾt͡ʃʰɑnneɾə , əsd həɾɑdɑɾɑɡmɑn heɾtʰɑɡɑnutʰeɑn .
հիւսիս եւ արեւելք՝ 2-րդ թաղ. Լէօբօլտշթաթ	hʏsis jev ɑɾevelkʰ , jeɾɡɾoɾtʰ tʰɑʁ . leopʰoldʃtʰɑtʰ
Օղակաձեւ զբօսայգիին հիմնական նպատակն է մայրաքաղաքին օդը մաքրել, առողջ միքրոկլիմա ստեղծել եւ	oʁɑɡɑt͡sʰev zəpʰosɑjkʰiin himnɑɡɑn nəbɑdɑɡən e mɑjɾɑkʰɑʁɑkʰin otʰə mɑkʰɾel , ɑɾoʁt͡ʃʰ mikʰɾoɡlimɑ sdeʁd͡zel jev
Աղքատ աղջիկը չի նմանիր իր շուրջը գտնուող մարդոց, որովհետեւ անոր հոգին մաքուր է հրեշտակի պէս:	ɑʁkʰɑd ɑʁt͡ʃʰiɡə t͡ʃʰi nəmɑniɾ iɾ ʃuɾt͡ʃʰə kʰədnuoʁ mɑɾtʰot͡sʰ , voɾovhedev ɑnoɾ hokʰin mɑkʰuɾ e həɾeʃdɑɡi bes ,
1911-ին ընդունուած է Փեթերսպուրկի համալսարան՝ մեթոտաբանութիւն սովորելու։ Մանտելշթամ իր առաջին բանաստեղծութիւնները հրատարակած է Ափոլոնի մէջ։	hɑzɑɾ innhɑɾʏɾ dɑsnmeɡin əntʰunuɑd͡z e pʰetʰeɾsbuɾɡi hɑmɑlsɑɾɑn , metʰodɑpʰɑnutʰʏn sovoɾelu . mɑndelʃtʰɑm iɾ ɑɾɑt͡ʃʰin pʰɑnɑsdeʁd͡zutʰʏnneɾə həɾɑdɑɾɑɡɑd͡z e ɑpʰoloni met͡ʃʰ .
Բրաբիոն նօտար հայ գրչուհիներէն ամենէն նշանաւորը եղած է։ Զինք կոչած են նաեւ Բրաբիոն Պոլսեցի, Բրաբիոն Պալաթեցի եւ այլ անուններով:	pʰəɾɑpʰion nodɑɾ hɑj kʰəɾt͡ʃʰuhineɾen ɑmenen nəʃɑnɑvoɾə jeʁɑd͡z e . zinkʰ ɡot͡ʃʰɑd͡z jen nɑev pʰəɾɑpʰion bolset͡sʰi , pʰəɾɑpʰion bɑlɑtʰet͡sʰi jev ɑjl ɑnunneɾov ,
Հակառակ այդ ժամանակ Գերմանիոյ մէջ իշխանութեան գլուխ չէին, Նազիներ ժապաւէնի ցուցադրութիւնը կանխելու համար շարժանկարի սրահները լեցուցին մուկերով։	hɑɡɑɾɑɡ ɑjtʰ ʒɑmɑnɑɡ kʰeɾmɑnioj met͡ʃʰ iʃχɑnutʰeɑn kʰəluχ t͡ʃʰein , nɑzineɾ ʒɑbɑveni t͡sʰut͡sʰɑtʰɾutʰʏnə ɡɑnχelu hɑmɑɾ ʃɑɾʒɑnɡɑɾi səɾɑhneɾə let͡sʰut͡sʰin muɡeɾov .
Ակնառու է Ալեքսանդր Թոփչեանի աւանդը թարգմանութեան ասպարէզին մէջ։ Իր շուրջ ութ տասնեակ թարգմանութիւններուն շնորհիւ հայ ընթերցողը ճանչցած է բազմաթիւ ֆրանսագիր հեղինակներու գրականութիւնը։	ɑɡnɑɾu e ɑlekʰsɑntʰəɾ tʰopʰt͡ʃʰeɑni ɑvɑntʰə tʰɑɾkʰmɑnutʰeɑn ɑsbɑɾezin met͡ʃʰ . iɾ ʃuɾt͡ʃʰ utʰ dɑsneɑɡ tʰɑɾkʰmɑnutʰʏnneɾun ʃənoɾhʏ hɑj əntʰeɾt͡sʰoʁə d͡ʒɑnt͡ʃʰt͡sʰɑd͡z e pʰɑzmɑtʰʏ fəɾɑnsɑkʰiɾ heʁinɑɡneɾu kʰəɾɑɡɑnutʰʏnə .
Անոր «Լալվարի որսը» քերթուածը տպագրուած է «Մուրճ» ամսագիրին մէջ՝ 1901 թուականին. յետագային այդ քերթուածը թարգմանուած է ռուսերէն եւ պարսկերէն լեզուներու: Նոյն այդ քերթուածին վրայ գրուած է օփերա եւ թատրերգութիւններ եւ նկարահանուած է ժապաւէն :	ɑnoɾ lɑlvɑɾi voɾsə kʰeɾtʰuɑd͡zə dəbɑkʰɾuɑd͡z e muɾd͡ʒ ɑmsɑkʰiɾin met͡ʃʰ , hɑzɑɾ innhɑɾʏɾ meɡ tʰuɑɡɑnin . jedɑkʰɑjin ɑjtʰ kʰeɾtʰuɑd͡zə tʰɑɾkʰmɑnuɑd͡z e ɾuseɾen jev bɑɾsɡeɾen lezuneɾu , nojn ɑjtʰ kʰeɾtʰuɑd͡zin vəɾɑj kʰəɾuɑd͡z e opʰeɾɑ jev tʰɑdɾeɾkʰutʰʏnneɾ jev nəɡɑɾɑhɑnuɑd͡z e ʒɑbɑven ,
Եուսեֆ Խալ հիմնադիրն ու խմբագրապետն է «Շը՛ըր» («Բանաստեղծութիւն») եռամսեայ հանդէսին, եւ ռահվիրան` արաբական արդի բանաստեղծութեան:	jeusef χɑl himnɑtʰiɾn u χəmpʰɑkʰɾɑbedən e ʃə əɾ pʰɑnɑsdeʁd͡zutʰʏn jeɾɑmseɑj hɑntʰesin , jev ɾɑhviɾɑn ɑɾɑpʰɑɡɑn ɑɾtʰi pʰɑnɑsdeʁd͡zutʰeɑn ,
1933-ին ունեցած է «Մանկական բոբոխ» էջը։ 1930-էն լոյս տեսած է որպէս «Վերածնունդ» հասարակական ֊քաղաքական եւ գրական լրագրի յաւելուած։ Խարազանած է հայ հասարակական կեանքի ստուերոտ կողմերը, պատկերած ժամանակի իրանահայ կեանքը, արտացոլած հասարակական հոսանքներու ձգտումներն ու տրամադրութիւնները։	hɑzɑɾ innhɑɾʏɾ jeɾesun jeɾekʰin unet͡sʰɑd͡z e mɑnɡɑɡɑn pʰopʰoχ et͡ʃʰə . hɑzɑɾ innhɑɾʏɾ jeɾesunen lojs desɑd͡z e voɾbes veɾɑd͡znuntʰ hɑsɑɾɑɡɑɡɑn kʰɑʁɑkʰɑɡɑn jev kʰəɾɑɡɑn ləɾɑkʰɾi jɑveluɑd͡z . χɑɾɑzɑnɑd͡z e hɑj hɑsɑɾɑɡɑɡɑn ɡeɑnkʰi sdueɾod ɡoʁmeɾə , bɑdɡeɾɑd͡z ʒɑmɑnɑɡi iɾɑnɑhɑj ɡeɑnkʰə , ɑɾdɑt͡sʰolɑd͡z hɑsɑɾɑɡɑɡɑn hosɑnkʰneɾu t͡sʰəkʰdumneɾn u dəɾɑmɑtʰɾutʰʏnneɾə .
Հաղարջը եփելու պարագային կը կորսնցնէ իր մէջ գտնուող կենսանիւթ Սէ.-ին մեծ մասը:	hɑʁɑɾt͡ʃʰə jepʰelu bɑɾɑkʰɑjin ɡə ɡoɾsnt͡sʰne iɾ met͡ʃʰ kʰədnuoʁ ɡensɑnʏtʰ se . in med͡z mɑsə ,
ԺԸ. դարուն մտած է Պայազիտի փաշայութեան մէջ։ Հետագային մինչեւ 1829 թէեւ կը մտնէր Էրզրումի փաշայութեան մէջ, բայց հարեւան (Մուշի, Սասունի) գաւառներու հետ ունէր կիսանկախ վիճակ։	ʒə . tʰɑɾun mədɑd͡z e bɑjɑzidi pʰɑʃɑjutʰeɑn met͡ʃʰ . hedɑkʰɑjin mint͡ʃʰev hɑzɑɾ utʰhɑɾʏɾ kʰəsɑn inə tʰeev ɡə mədneɾ eɾzɾumi pʰɑʃɑjutʰeɑn met͡ʃʰ , pʰɑjt͡sʰ hɑɾevɑn muʃi , sɑsuni kʰɑvɑɾneɾu hed uneɾ ɡisɑnɡɑχ vid͡ʒɑɡ .
Յովհաննիսեան 1976 թուականին Թիֆլիսի մէջ ստեղծած եւ ապա մինչեւ 1881 թուականը նախագահած է «Թիֆլիսի հայերէն գիրքերու հրատարակութեան ընկերութիւն»ը:	jovhɑnniseɑn hɑzɑɾ innhɑɾʏɾ jeotʰɑnɑsun vet͡sʰ tʰuɑɡɑnin tʰiflisi met͡ʃʰ sdeʁd͡zɑd͡z jev ɑbɑ mint͡ʃʰev hɑzɑɾ utʰhɑɾʏɾ utʰsun meɡ tʰuɑɡɑnə nɑχɑkʰɑhɑd͡z e tʰiflisi hɑjeɾen kʰiɾkʰeɾu həɾɑdɑɾɑɡutʰeɑn ənɡeɾutʰʏn ə ,
1292 թուականին զինք «ծեր» կոչած են, բայց անկէ 20 տարի ետք (1312-ին), ան եղած է Կիպրոս, ուր գացած էր էր Կիլիկիայէն՝ վտանգներէն նեղացած ։	hɑzɑɾ jeɾɡuhɑɾʏɾ innsun jeɾɡu tʰuɑɡɑnin zinkʰ d͡zeɾ ɡot͡ʃʰɑd͡z jen , pʰɑjt͡sʰ ɑnɡe kʰəsɑn dɑɾi jedkʰ hɑzɑɾ jeɾekʰhɑɾʏɾ dɑsneɾɡukʰin , ɑn jeʁɑd͡z e ɡibɾos , uɾ kʰɑt͡sʰɑd͡z eɾ eɾ ɡiliɡiɑjen , vədɑnkʰneɾen neʁɑt͡sʰɑd͡z .
«ժամանակակից արուեստը այդքա՞ն նախնական է։ », Քննադատութիւն, թ. 455, Ապրիլ 1985։	ʒɑmɑnɑɡɑɡit͡sʰ ɑɾuesdə ɑjtʰkʰɑ ? nə nɑχnɑɡɑn e , kʰənnɑtʰɑdutʰʏn , tʰə . t͡ʃʰoɾshɑɾʏɾ jisun hinkʰ , ɑbɾil hɑzɑɾ innhɑɾʏɾ utʰsun hinkʰ .
Պօղոսեան նաեւ «Գիտելիքներու համաշխարհային երկխօսութիւն» հիմնադրամի Գիտական խորհրդակցական խորհրդի անդամ է ։	boʁoseɑn nɑev kʰidelikʰneɾu hɑmɑʃχɑɾhɑjin jeɾɡχosutʰʏn himnɑtʰɾɑmi kʰidɑɡɑn χoɾhɾtʰɑɡt͡sʰɑɡɑn χoɾhɾtʰi ɑntʰɑm e .
Մայրութիւնը բնազդ է، իսկ հայրութւնը մշակոյթ։ Մայրութիւնը ստուգութիւն է, իսկ հայրութիւնը հաւանականութիւն է (կարելի բայց ոչ ստոյգ)։ Մայրութիւնը արմատական է կնոջ մէջ, իսկ հայրութիւնը ձեռքբերուած ճիւղ։	mɑjɾutʰʏnə pʰənɑztʰ e isɡ hɑjɾutʰvnə məʃɑɡojtʰ . mɑjɾutʰʏnə sdukʰutʰʏn e , isɡ hɑjɾutʰʏnə hɑvɑnɑɡɑnutʰʏn e ɡɑɾeli pʰɑjt͡sʰ vot͡ʃʰ sdojkʰ . mɑjɾutʰʏnə ɑɾmɑdɑɡɑn e ɡənot͡ʃʰ met͡ʃʰ , isɡ hɑjɾutʰʏnə t͡sʰeɾkʰpʰeɾuɑd͡z d͡ʒʏʁ .
Լերան վրայ կայ նաեւ «Աղրիողիտային կիրճը» (բառացի թարգմանութեամբ՝ վայրի նոխազին կիրճը), որ քարայծներու կարեւոր կենսավայր մըն է։	leɾɑn vəɾɑj ɡɑj nɑev ɑʁɾioʁidɑjin ɡiɾd͡ʒə pʰɑɾɑt͡sʰi tʰɑɾkʰmɑnutʰeɑmpʰ , vɑjɾi noχɑzin ɡiɾd͡ʒə , voɾ kʰɑɾɑjd͡zneɾu ɡɑɾevoɾ ɡensɑvɑjɾ mən e .
Անուշքայի մեկնաբանած երգը շահած է առաջին մրցանակ, եւ ըստ այդ մրցանակին պայմանին, Եգիպտոսի ռատիոյի եւ պատկերասփիւռի ընկերութիւնը հովանաւորած է Անուշքայի առաջին երգերուն ձայնագրութիւնը պատկերասփիւռի համար, ինչպէս նաեւ՝ պատկերասփիւռային «Արաբերէնի ուսուցում» ծրագիրին համար նախատեսուած երգը: Ծրագիրը ղեկավարած է բեմադրիչ Ֆեհմի Ապտըլ Համիտ:	ɑnuʃkʰɑji meɡnɑpʰɑnɑd͡z jeɾkʰə ʃɑhɑd͡z e ɑɾɑt͡ʃʰin məɾt͡sʰɑnɑɡ , jev əsd ɑjtʰ məɾt͡sʰɑnɑɡin bɑjmɑnin , jekʰibdosi ɾɑdioji jev bɑdɡeɾɑspʰʏɾi ənɡeɾutʰʏnə hovɑnɑvoɾɑd͡z e ɑnuʃkʰɑji ɑɾɑt͡ʃʰin jeɾkʰeɾun t͡sʰɑjnɑkʰɾutʰʏnə bɑdɡeɾɑspʰʏɾi hɑmɑɾ , int͡ʃʰbes nɑev , bɑdɡeɾɑspʰʏɾɑjin ɑɾɑpʰeɾeni usut͡sʰum d͡zəɾɑkʰiɾin hɑmɑɾ nɑχɑdesuɑd͡z jeɾkʰə , d͡zəɾɑkʰiɾə ʁeɡɑvɑɾɑd͡z e pʰemɑtʰɾit͡ʃʰ fehmi ɑbdəl hɑmid ,
Կանուխ տարիքէն աշխատակցած է իր ծննդավայրի «Վան-Տոսպ» ու «Աշխատանք» թերթերուն՝ սէրն ու պարզ մարդոց տառապանքը երգող գողտրիկ բանաստեղծութիւններով։	ɡɑnuχ dɑɾikʰen ɑʃχɑdɑɡt͡sʰɑd͡z e iɾ d͡zənntʰɑvɑjɾi vɑn dosb u ɑʃχɑdɑnkʰ tʰeɾtʰeɾun , seɾn u bɑɾz mɑɾtʰot͡sʰ dɑɾɑbɑnkʰə jeɾkʰoʁ kʰoʁdɾiɡ pʰɑnɑsdeʁd͡zutʰʏnneɾov .
Սվազի կարը ունի խաչասեղ լիցք եւ հարթակար: Կը գործածեն ճերմակ կամ բնական գոյնի կտաւ, որոնց ծակտիկները կարելի ըլլայ հաշուել, քանի որ համրանքի վրայ հիմնուած է, եւ երկու երեսները պէտք է ըլլան նման:	səvɑzi ɡɑɾə uni χɑt͡ʃʰɑseʁ lit͡sʰkʰ jev hɑɾtʰɑɡɑɾ , ɡə kʰoɾd͡zɑd͡zen d͡ʒeɾmɑɡ ɡɑm pʰənɑɡɑn kʰojni ɡədɑv , voɾont͡sʰ d͡zɑɡdiɡneɾə ɡɑɾeli əllɑj hɑʃuel , kʰɑni voɾ hɑmɾɑnkʰi vəɾɑj himnuɑd͡z e , jev jeɾɡu jeɾesneɾə bedkʰ e əllɑn nəmɑn ,
13 Սեպտեմբեր 2020-ին, տուրմի այս նշանաւոր վաճառանիշը բացումը կը կատարէ տուրմի յատկացուած իր թանգարանին: Այս «Տուրմի տան» 1500 քառակուսի մեծ տարածքին վրայ սրահներուն մէջ այցելուները կրնան ծանօթանալ տուրմի 5000 տարուան պատմութեան, ինչպէս նաեւ անոր պատրաստութեան բոլոր գաղտնիքներուն:	dɑsneɾekʰ sebdempʰeɾ jeɾɡu hɑzɑɾ kʰəsɑnin , duɾmi ɑjs nəʃɑnɑvoɾ vɑd͡ʒɑɾɑniʃə pʰɑt͡sʰumə ɡə ɡɑdɑɾe duɾmi jɑdɡɑt͡sʰuɑd͡z iɾ tʰɑnkʰɑɾɑnin , ɑjs duɾmi dɑn hɑzɑɾ hinkʰhɑɾʏɾ kʰɑɾɑɡusi med͡z dɑɾɑd͡zkʰin vəɾɑj səɾɑhneɾun met͡ʃʰ ɑjt͡sʰeluneɾə ɡəɾnɑn d͡zɑnotʰɑnɑl duɾmi hinkʰ hɑzɑɾ dɑɾuɑn bɑdmutʰeɑn , int͡ʃʰbes nɑev ɑnoɾ bɑdɾɑsdutʰeɑn pʰoloɾ kʰɑʁdnikʰneɾun ,
Մայքլ Վենտրիս (, ), անգլիացի բանասէր, դասականագէտ եւ ճարտարապետ, նաեւ` բազմալեզուեան:	mɑjkʰəl vendɾis , ɑnkʰliɑt͡sʰi pʰɑnɑseɾ , tʰɑsɑɡɑnɑkʰed jev d͡ʒɑɾdɑɾɑbed , nɑev pʰɑzmɑlezueɑn ,
Լաւագոյն շարադրում՝ Նենա Տանեվիչ եւ Մայքլ Չանտլըր․	lɑvɑkʰojn ʃɑɾɑtʰɾum , nenɑ dɑnevit͡ʃʰ jev mɑjkʰəl t͡ʃʰɑndləɾ
Յովհաննիսեան եղած է Հայաստանի Գիտութիւններու ազգային ակադեմիայի թղթակից անդամ, իսկ 1995-2006 թուականներուն՝ ակադեմիայի Արեւելագիտութեան կաճառի տնօրէն։	jovhɑnniseɑn jeʁɑd͡z e hɑjɑsdɑni kʰidutʰʏnneɾu ɑzkʰɑjin ɑɡɑtʰemiɑji tʰəʁtʰɑɡit͡sʰ ɑntʰɑm , isɡ hɑzɑɾ innhɑɾʏɾ innsun hinkʰ , jeɾɡu hɑzɑɾ vet͡sʰ tʰuɑɡɑnneɾun , ɑɡɑtʰemiɑji ɑɾevelɑkʰidutʰeɑn ɡɑd͡ʒɑɾi dənoɾen .
Անցեալին մարդ արարածը չէր ըմբռներ, որ կարելի է կրթել նաեւ խուլը, կոյրն ու համրը՝ իւրաքանչիւրը իր պէտքերուն եւ պայմաններուն համեմատ: Նման հաշմանդամութիւն ունեցող անձերը ընկերութեան մէջ ներգրաւելու ամէնէն առողջ եւ հիմնական ձեւը զանոնք կրթելն էր:	ɑnt͡sʰeɑlin mɑɾtʰ ɑɾɑɾɑd͡zə t͡ʃʰeɾ əmpʰɾneɾ , voɾ ɡɑɾeli e ɡəɾtʰel nɑev χulə , ɡojɾn u hɑmɾə , ʏɾɑkʰɑnt͡ʃʰʏɾə iɾ bedkʰeɾun jev bɑjmɑnneɾun hɑmemɑd , nəmɑn hɑʃmɑntʰɑmutʰʏn unet͡sʰoʁ ɑnt͡sʰeɾə ənɡeɾutʰeɑn met͡ʃʰ neɾkʰɾɑvelu ɑmenen ɑɾoʁt͡ʃʰ jev himnɑɡɑn t͡sʰevə zɑnonkʰ ɡəɾtʰeln eɾ ,
Անօթութիւն, երբ կարգ մը սննդարար նիւթեր կը պակսին արեան մէջէն, անօթութիւնը կը յայտնուի:	ɑnotʰutʰʏn , jeɾpʰ ɡɑɾkʰ mə sənntʰɑɾɑɾ nʏtʰeɾ ɡə bɑɡsin ɑɾeɑn met͡ʃʰen , ɑnotʰutʰʏnə ɡə jɑjdnui ,
Փարա-Ողիմպիական Խաղեր, մարզանքի միջազգային մրցաշարքեր, որոնց կը մասնակցին ֆիզիքական կամ մտային դժուարութիւններ կամ տկարութիւններ ունեցողները:	pʰɑɾɑ voʁimbiɑɡɑn χɑʁeɾ , mɑɾzɑnkʰi mit͡ʃʰɑzkʰɑjin məɾt͡sʰɑʃɑɾkʰeɾ , voɾont͡sʰ ɡə mɑsnɑɡt͡sʰin fizikʰɑɡɑn ɡɑm mədɑjin tʰəʒuɑɾutʰʏnneɾ ɡɑm dəɡɑɾutʰʏnneɾ unet͡sʰoʁneɾə ,
Օսմանեան նաւատորմի քայքայումը կը փրկէ յունական ապստամբութիւնը։ Իսկ Ֆրանսա, Նափոլէոնի պարտութենէն ետք, կը վերահաստատէ իր դիրքը Եւրոպայի մեծ ուժերուն միջեւ։	osmɑneɑn nɑvɑdoɾmi kʰɑjkʰɑjumə ɡə pʰəɾɡe junɑɡɑn ɑbsdɑmpʰutʰʏnə . isɡ fəɾɑnsɑ , nɑpʰoleoni bɑɾdutʰenen jedkʰ , ɡə veɾɑhɑsdɑde iɾ tʰiɾkʰə jevɾobɑji med͡z uʒeɾun mit͡ʃʰev .
Մարտիրոս Հախնազարեան, Էջմիածինի Գէորգեան ճեմարանէն շրջանաւարտ, Գերմանիոյ մէջ համալսարանական կրթութիւն ստացած: Ագուլիսի դպրոցի ուսուցիչ, հոգաբարձու եւ Գէորգեան ճեմարանի ուսուցիչ եւ աւագ վերակացու: Զոհուած է Ագուլիսի 24 Դեկտեմբեր 1919-ի կոտորածին:	mɑɾdiɾos hɑχnɑzɑɾeɑn , et͡ʃʰmiɑd͡zini kʰeoɾkʰeɑn d͡ʒemɑɾɑnen ʃəɾt͡ʃʰɑnɑvɑɾd , kʰeɾmɑnioj met͡ʃʰ hɑmɑlsɑɾɑnɑɡɑn ɡəɾtʰutʰʏn sdɑt͡sʰɑd͡z , ɑkʰulisi tʰəbɾot͡sʰi usut͡sʰit͡ʃʰ , hokʰɑpʰɑɾt͡sʰu jev kʰeoɾkʰeɑn d͡ʒemɑɾɑni usut͡sʰit͡ʃʰ jev ɑvɑkʰ veɾɑɡɑt͡sʰu , zohuɑd͡z e ɑkʰulisi kʰəsɑn t͡ʃʰoɾs tʰeɡdempʰeɾ hɑzɑɾ innhɑɾʏɾ dɑsnini ɡodoɾɑd͡zin ,
Ուսումնասիրութիւնները եւ փորձերը ապացուցած են, որ միայն ձայնագրուած խնդուքը լսելը կրնայ ծիծաղ յառաջացնել (այդ իսկ պատճառով պատկերասփիւռային հաղորդումներու մէջ խնդուք կը գործածեն): Ըստ մասնագէտներու, մարդիկ 30 անգամ աւելի յաճախ կը խնդան, երբ ուրիշ մը կայ իրենց մօտ, քան երբ առանձին են:	usumnɑsiɾutʰʏnneɾə jev pʰoɾt͡sʰeɾə ɑbɑt͡sʰut͡sʰɑd͡z jen , voɾ miɑjn t͡sʰɑjnɑkʰɾuɑd͡z χəntʰukʰə ləselə ɡəɾnɑj d͡zid͡zɑʁ jɑɾɑt͡ʃʰɑt͡sʰnel ɑjtʰ isɡ bɑdd͡ʒɑɾov bɑdɡeɾɑspʰʏɾɑjin hɑʁoɾtʰumneɾu met͡ʃʰ χəntʰukʰ ɡə kʰoɾd͡zɑd͡zen , əsd mɑsnɑkʰedneɾu , mɑɾtʰiɡ jeɾesun ɑnkʰɑm ɑveli jɑd͡ʒɑχ ɡə χəntʰɑn , jeɾpʰ uɾiʃ mə ɡɑj iɾent͡sʰ mod , kʰɑn jeɾpʰ ɑɾɑnt͡sʰin jen ,
Նաւագախումբը հիմնուած է 2004 թ.-ի աշնանը ՀԲԸՄ-ի կողմէ։ Ունէր 17 երաժիշտ, որոնցմէ 11-ը Երեւանէն էին, 6-ը՝ Ղարաբաղից։ Բացի համերգներով հանդէս գալէն, երաժիշտները երաժշտութիւն կը դասաւանդէին Շուշիի, Քաշաթաղի եւ Հադրութի երաժշտական դպրոցներուն մէջ։	nɑvɑkʰɑχumpʰə himnuɑd͡z e jeɾɡu hɑzɑɾ t͡ʃʰoɾs tʰə . i ɑʃnɑnə həpʰəm i ɡoʁme . uneɾ dɑsneotʰ jeɾɑʒiʃd , voɾont͡sʰme dɑsnmeɡə jeɾevɑnen ein , vet͡sʰə , ʁɑɾɑpʰɑʁit͡sʰ . pʰɑt͡sʰi hɑmeɾkʰneɾov hɑntʰes kʰɑlen , jeɾɑʒiʃdneɾə jeɾɑʒʃdutʰʏn ɡə tʰɑsɑvɑntʰein ʃuʃii , kʰɑʃɑtʰɑʁi jev hɑtʰɾutʰi jeɾɑʒʃdɑɡɑn tʰəbɾot͡sʰneɾun met͡ʃʰ .
Ստորոգութիւն:Հնադարեան շրջաններ այբենական կարգով	sdoɾokʰutʰʏn , hənɑtʰɑɾeɑn ʃəɾt͡ʃʰɑnneɾ ɑjpʰenɑɡɑn ɡɑɾkʰov
Լիճերը կ'ունենան բազմազան ծագում. կարգ մը լիճեր ստեղծուած են սառցեայ շարժումներու, հրաբուխներու կամ երկրաշարժերու միջոցով, իսկ ուրիշները ալ՝ մարդոց կողմէ, ինչպէս ջրամբարները կամ արհեստական լիճերը ։	lid͡ʒeɾə ɡə unenɑn pʰɑzmɑzɑn d͡zɑkʰum . ɡɑɾkʰ mə lid͡ʒeɾ sdeʁd͡zuɑd͡z jen sɑɾt͡sʰeɑj ʃɑɾʒumneɾu , həɾɑpʰuχneɾu ɡɑm jeɾɡɾɑʃɑɾʒeɾu mit͡ʃʰot͡sʰov , isɡ uɾiʃneɾə ɑl , mɑɾtʰot͡sʰ ɡoʁme , int͡ʃʰbes t͡ʃʰəɾɑmpʰɑɾneɾə ɡɑm ɑɾhesdɑɡɑn lid͡ʒeɾə .
Մատենադարանին մէջ կը գտնուին Յովսէփի նկարազարդած ձեռագիրներէն երեքը՝ № 158 (1497), 3534 (1497) եւ 6326 (1499 )։ Կ'ենթադրուի, որ ան ծաղկած է նաեւ № 5398 Գանձարանը (ԺԵ․ դարու վերջ)։	mɑdenɑtʰɑɾɑnin met͡ʃʰ ɡə kʰədnuin jovsepʰi nəɡɑɾɑzɑɾtʰɑd͡z t͡sʰeɾɑkʰiɾneɾen jeɾekʰə , hɑɾʏɾ jisun utʰ hɑzɑɾ t͡ʃʰoɾshɑɾʏɾ innsun jeotʰ , jeɾekʰ hɑzɑɾ hinkʰhɑɾʏɾ jeɾesun t͡ʃʰoɾs hɑzɑɾ t͡ʃʰoɾshɑɾʏɾ innsun jeotʰ jev vet͡sʰ hɑzɑɾ jeɾekʰhɑɾʏɾ kʰəsɑn vet͡sʰ hɑzɑɾ t͡ʃʰoɾshɑɾʏɾ innsun inə . ɡə jentʰɑtʰɾui , voɾ ɑn d͡zɑʁɡɑd͡z e nɑev hinkʰ hɑzɑɾ jeɾekʰhɑɾʏɾ innsun utʰ kʰɑnt͡sʰɑɾɑnə ʒe tʰɑɾu veɾt͡ʃʰ .
Երկարատեւ-մնայուն փորհարութեան ախտաճանաչման համար կատարուելու են` կղկղանքի, արեան եւ մէզի տարրալուծարանային քննութիւններ, ինչպէս նաեւ` այլ քննութիւններ: Անոր դարմանումը կ'ըլլայ տալով առատ ջուր, բաւականաչափ նատրիոմ եւ կալիոմ, ինչպէս նաեւ`դարմանելով անոր հիմնական ախտապատճառը:	jeɾɡɑɾɑdev mənɑjun pʰoɾhɑɾutʰeɑn ɑχdɑd͡ʒɑnɑt͡ʃʰmɑn hɑmɑɾ ɡɑdɑɾuelu jen ɡəʁɡʁɑnkʰi , ɑɾeɑn jev mezi dɑɾɾɑlud͡zɑɾɑnɑjin kʰənnutʰʏnneɾ , int͡ʃʰbes nɑev ɑjl kʰənnutʰʏnneɾ , ɑnoɾ tʰɑɾmɑnumə ɡə əllɑj dɑlov ɑɾɑd t͡ʃʰuɾ , pʰɑvɑɡɑnɑt͡ʃʰɑpʰ nɑdɾiom jev ɡɑliom , int͡ʃʰbes nɑev tʰɑɾmɑnelov ɑnoɾ himnɑɡɑn ɑχdɑbɑdd͡ʒɑɾə ,
Խաղաղութեան համաշխարհային օրը աշխատանքային չէ Վատիկանի մէջ, իսկ Պրազիլի մէջ այն կը նշուի որպէս «Եղբայրութեան համաշխարհային օր» ։	χɑʁɑʁutʰeɑn hɑmɑʃχɑɾhɑjin oɾə ɑʃχɑdɑnkʰɑjin t͡ʃʰe vɑdiɡɑni met͡ʃʰ , isɡ bəɾɑzili met͡ʃʰ ɑjn ɡə nəʃui voɾbes jeʁpʰɑjɾutʰeɑn hɑmɑʃχɑɾhɑjin oɾ .
2010՝ «Չափումներ գիտութեան եւ տեխնիկայի մէջ։ Կամուրջ դէպի նորարարութիւն»	jeɾɡu hɑzɑɾ dɑsə , t͡ʃʰɑpʰumneɾ kʰidutʰeɑn jev deχniɡɑji met͡ʃʰ . ɡɑmuɾt͡ʃʰ tʰebi noɾɑɾɑɾutʰʏn
(1909–1910) - Եղիշէ Դուրեան Կոստանդնուպոլսեցի	hɑzɑɾ innhɑɾʏɾ inə , hɑzɑɾ innhɑɾʏɾ dɑsə jeʁiʃe tʰuɾeɑn ɡosdɑntʰnubolset͡sʰi
Վասիլի Սեմեօնովիչ Կրոսման, (12 Դեկտեմբեր 1905 – 14 Սեպտեմբեր 1964) սովետական գրող եւ լրագրող։	vɑsili semeonovit͡ʃʰ ɡəɾosmɑn , dɑsneɾɡu tʰeɡdempʰeɾ hɑzɑɾ innhɑɾʏɾ hinkʰ , dɑsnt͡ʃʰoɾs sebdempʰeɾ hɑzɑɾ innhɑɾʏɾ vɑtʰsun t͡ʃʰoɾs sovedɑɡɑn kʰəɾoʁ jev ləɾɑkʰɾoʁ .
Ստորոգութիւն:ԻԱ. դարու ամերիկացի գործարարներ	sdoɾokʰutʰʏn , iɑ . tʰɑɾu ɑmeɾiɡɑt͡sʰi kʰoɾd͡zɑɾɑɾneɾ
Ծնած է Երեւան։ Արմատները կը սերին Արեւմտեան Հայաստանէն։ 1915 թուականի Մեծ Եղեռնէն փրկուելով՝ Արմինէին մեծ պապերը` Փանոս Փանոսեան եւ Սուքիաս Խաչիկեան, հաստատուած են Լիբանան, ուր ալ ծնած են անոնց զաւակները` Արմինէին ծնողները, Գասպարը եւ Թագուհին։	d͡zənɑd͡z e jeɾevɑn . ɑɾmɑdneɾə ɡə seɾin ɑɾevmdeɑn hɑjɑsdɑnen . hɑzɑɾ innhɑɾʏɾ dɑsnhinkʰ tʰuɑɡɑni med͡z jeʁeɾnen pʰəɾɡuelov , ɑɾminein med͡z bɑbeɾə pʰɑnos pʰɑnoseɑn jev sukʰiɑs χɑt͡ʃʰiɡeɑn , hɑsdɑduɑd͡z jen lipʰɑnɑn , uɾ ɑl d͡zənɑd͡z jen ɑnont͡sʰ zɑvɑɡneɾə ɑɾminein d͡zənoʁneɾə , kʰɑsbɑɾə jev tʰɑkʰuhin .
Լիա Արշաւիրի Քամալեան (), հայ վիրուսաբան եւ իմունաբան էր։ Բժշկական գիտութիւններու դոկտորի աստիճան ստացած է 1968 թուականին, իսկ 1972 թուականին արժանացած է փրոֆեսորի կոչման։	liɑ ɑɾʃɑviɾi kʰɑmɑleɑn , hɑj viɾusɑpʰɑn jev imunɑpʰɑn eɾ . pʰəʒʃɡɑɡɑn kʰidutʰʏnneɾu tʰoɡdoɾi ɑsdid͡ʒɑn sdɑt͡sʰɑd͡z e hɑzɑɾ innhɑɾʏɾ vɑtʰsun utʰ tʰuɑɡɑnin , isɡ hɑzɑɾ innhɑɾʏɾ jeotʰɑnɑsun jeɾɡu tʰuɑɡɑnin ɑɾʒɑnɑt͡sʰɑd͡z e pʰəɾofesoɾi ɡot͡ʃʰmɑn .
Գայդար Ա., Թող լուսաւորէ, Երեւան, Հայպետհրատ, 1951, 25 էջ։	kʰɑjtʰɑɾ ɑ , tʰoʁ lusɑvoɾe , jeɾevɑn , hɑjbedhɾɑd , hɑzɑɾ innhɑɾʏɾ jisun meɡ ɑmpʰoʁt͡ʃʰ kʰəsɑn hinkʰ et͡ʃʰ .
Քլարնեթը ստեղծուած է տասնութերորդ դարու սկիզբը, Գերմանիոյ Նիւրնպերկ քաղաքին մէջ։ Որոշ պատմական աղբիւրներ անոր ստեղծման թուականը կը նշեն 1690, իսկ ուրիշ հետազօտողներ՝ 1710։	kʰəlɑɾnetʰə sdeʁd͡zuɑd͡z e dɑsnutʰeɾoɾtʰ tʰɑɾu sɡizpʰə , kʰeɾmɑnioj nʏɾnbeɾɡ kʰɑʁɑkʰin met͡ʃʰ . voɾoʃ bɑdmɑɡɑn ɑʁpʰʏɾneɾ ɑnoɾ sdeʁd͡zmɑn tʰuɑɡɑnə ɡə nəʃen hɑzɑɾ vet͡sʰhɑɾʏɾ innsun , isɡ uɾiʃ hedɑzodoʁneɾ , hɑzɑɾ jeotʰhɑɾʏɾ dɑsə .
Հայ Առաքելական Եկեղեցին Պայծառակերպութեան տօնը կը տօնէ Զատիկէն ետք տասնչորրորդ Կիրակին։ Ան Հայ Եկեղեցւոյ տօնացոյցի հինգ տաղաւար տօներէն մէկն է։ Ան կը կոչուի նաեւ Վարդավառ, հեթանոսական տօնակատարութիւն մը, որ Պայծառակերպութեան նշումը պաշտօնապէս փոխարինեց, բայց որուն կարգ մը սովորոյթներն ու աւանդութիւնները տակաւին կը պահուին քրիստոնեայ հայերու եւ իսլամ համշէնցիներու կողմէ։	hɑj ɑɾɑkʰelɑɡɑn jeɡeʁet͡sʰin bɑjd͡zɑɾɑɡeɾbutʰeɑn donə ɡə done zɑdiɡen jedkʰ dɑsnt͡ʃʰoɾɾoɾtʰ ɡiɾɑɡin . ɑn hɑj jeɡeʁet͡sʰvoj donɑt͡sʰojt͡sʰi hinkʰ dɑʁɑvɑɾ doneɾen meɡən e . ɑn ɡə ɡot͡ʃʰui nɑev vɑɾtʰɑvɑɾ , hetʰɑnosɑɡɑn donɑɡɑdɑɾutʰʏn mə , voɾ bɑjd͡zɑɾɑɡeɾbutʰeɑn nəʃumə bɑʃdonɑbes pʰoχɑɾinet͡sʰ , pʰɑjt͡sʰ voɾun ɡɑɾkʰ mə sovoɾojtʰneɾn u ɑvɑntʰutʰʏnneɾə dɑɡɑvin ɡə bɑhuin kʰəɾisdoneɑj hɑjeɾu jev islɑm hɑmʃent͡sʰineɾu ɡoʁme .
135°-ի են կանոնաւոր ութանկիւնիին ներսի անկիւնները	hɑɾʏɾ jeɾesun hinkʰ ɑsdid͡ʒɑni jen ɡɑnonɑvoɾ utʰɑnɡʏniin neɾsi ɑnɡʏnneɾə
177° է կանոնաւոր 120-անկիւնիի ներսի անկիւններէն ամեն մին	hɑɾʏɾ jeotʰɑnɑsun jeotʰ ɑsdid͡ʒɑn e ɡɑnonɑvoɾ hɑɾʏɾ kʰəsɑnɑnɡʏnii neɾsi ɑnɡʏnneɾen ɑmen min
Արեգակէն միջին հեռաւորութիւնը 5.23 աստղագիտական միաւոր (ա.մ.) է, առաւելագոյն մոտեցումը 4.59 ա.մ. է, հեռացումը՝ 5,87 ա.մ.։ Արեգակի շուրջ մեկ ամբողջական պտոյտ կ'ընէ 4374.82 երկրային օրուան, իր ուղեծիրով միջինը 0,08 աստիճան/օր արագութեամբ շարժուելով։ Աստեղնեակի ուղեծիրի եւ խաւարածիրի հարթութիւնները իրար հետ կը կազմեն 24.19° անկիւն։	ɑɾekʰɑɡen mit͡ʃʰin heɾɑvoɾutʰʏnə hinkʰ ɑmpʰoʁt͡ʃʰ kʰəsɑn jeɾekʰ ɑsdʁɑkʰidɑɡɑn miɑvoɾ ɑ . mə . e , ɑɾɑvelɑkʰojn modet͡sʰumə t͡ʃʰoɾs ɑmpʰoʁt͡ʃʰ jisun inə ɑsdʁɑkʰidɑɡɑn miɑvoɾ e , heɾɑt͡sʰumə , hinkʰ ɑmpʰoʁt͡ʃʰ utʰsun jeotʰ ɑsdʁɑkʰidɑɡɑn miɑvoɾ . ɑɾekʰɑɡi ʃuɾt͡ʃʰ meɡ ɑmpʰoʁt͡ʃʰɑɡɑn bədojd ɡə əne t͡ʃʰoɾs hɑzɑɾ jeɾekʰhɑɾʏɾ jeotʰɑnɑsun t͡ʃʰoɾs ɑmpʰoʁt͡ʃʰ utʰsun jeɾɡu jeɾɡɾɑjin oɾuɑn , iɾ uʁed͡ziɾov mit͡ʃʰinə zəɾo ɑmpʰoʁt͡ʃʰ zəɾo utʰ ɑsdid͡ʒɑn oɾ ɑɾɑkʰutʰeɑmpʰ ʃɑɾʒuelov . ɑsdeʁneɑɡi uʁed͡ziɾi jev χɑvɑɾɑd͡ziɾi hɑɾtʰutʰʏnneɾə iɾɑɾ hed ɡə ɡɑzmen kʰəsɑn t͡ʃʰoɾs ɑmpʰoʁt͡ʃʰ dɑsninə ɑsdid͡ʒɑn ɑnɡʏn .
Արեւելահայերէն Ուիքիփետիան է որ կը կոչուի հայերէն Վիքիպեդիա - հիմնուած Յունուար 2003-ին	ɑɾevelɑhɑjeɾen uikʰipʰediɑn e voɾ ɡə ɡot͡ʃʰui hɑjeɾen vikʰibetʰiɑ himnuɑd͡z junuɑɾ jeɾɡu hɑzɑɾ jeɾekʰin
Արեւմտահայերէն Ուիքիփետիան - հիմնուած Ապրիլ 2019-ին	ɑɾevmdɑhɑjeɾen uikʰipʰediɑn himnuɑd͡z ɑbɾil jeɾɡu hɑzɑɾ dɑsninin
(239) Ատրասթէա (), աստղակերպ աստղակերպներու հիմնական գօտիին մէջ։ Յայտնաբերուած է 18 Օգոստոս 1884-ին Եոհան Փալիսայի կողմէ Վիեննայի մէջ ։	jeɾɡuhɑɾʏɾ jeɾesun inə ɑdɾɑstʰeɑ , ɑsdʁɑɡeɾb ɑsdʁɑɡeɾbneɾu himnɑɡɑn kʰodiin met͡ʃʰ . jɑjdnɑpʰeɾuɑd͡z e dɑsnutʰ okʰosdos hɑzɑɾ utʰhɑɾʏɾ utʰsun t͡ʃʰoɾsin jeohɑn pʰɑlisɑji ɡoʁme viennɑji met͡ʃʰ .
Երգը մտաւ Մեծն Բրիտանիոյ երգացանկին երկրորդ դիրքը Շէիբ Օֆ Եու էն ետ։ Երգը ծախուած է 445,000 անգամ Մեծն Բրիտանիոյ մէջ մինջեւ ապրիլ 2017։ Իրլանտիոյ մէջ դարձաւ թիւ մէկ երգը երգաձանկին վրայ։	jeɾkʰə mədɑv med͡zən pʰəɾidɑnioj jeɾkʰɑt͡sʰɑnɡin jeɾɡɾoɾtʰ tʰiɾkʰə ʃeipʰ of jeu en jed . jeɾkʰə d͡zɑχuɑd͡z e t͡ʃʰoɾshɑɾʏɾ kʰɑɾɑsun hinkʰ hɑzɑɾ ɑnkʰɑm med͡zən pʰəɾidɑnioj met͡ʃʰ mint͡ʃʰev ɑbɾil jeɾɡu hɑzɑɾ dɑsneotʰ . iɾlɑndioj met͡ʃʰ tʰɑɾt͡sʰɑv tʰʏ meɡ jeɾkʰə jeɾkʰɑt͡sʰɑnɡin vəɾɑj .
11 Սեպտեմբերի Ահաբեկչական Յարձակումներ (երբեմն կ'անուանին նաեւ պարզապէս 11 Սեպտեմբեր կամ 9/11), 11 Սեպտեմբեր 2001-ին իսլամական «Ալ Քայիտա» ահաբեկչական կազմակերպութեան կողմէն իրականացուած շարք մը ահաբեկչական յարձակումներն էին Նիու Յորքի մէջ, Միացեալ Նահանգներ։	dɑsnmeɡ sebdempʰeɾi ɑhɑpʰeɡt͡ʃʰɑɡɑn jɑɾt͡sʰɑɡumneɾ jeɾpʰemn ɡə ɑnuɑnin nɑev bɑɾzɑbes dɑsnmeɡ sebdempʰeɾ ɡɑm inə dɑsnmeɡ , dɑsnmeɡ sebdempʰeɾ jeɾɡu hɑzɑɾ meɡin islɑmɑɡɑn ɑl kʰɑjidɑ ɑhɑpʰeɡt͡ʃʰɑɡɑn ɡɑzmɑɡeɾbutʰeɑn ɡoʁmen iɾɑɡɑnɑt͡sʰuɑd͡z ʃɑɾkʰ mə ɑhɑpʰeɡt͡ʃʰɑɡɑn jɑɾt͡sʰɑɡumneɾn ein niu joɾkʰi met͡ʃʰ , miɑt͡sʰeɑl nɑhɑnkʰneɾ .
17/29 Մարտ, Յոնիական Ծովուն կղզիները վերջնանապէս Յունաստանին կը միանան	dɑsneotʰ kʰəsɑn inə mɑɾd , joniɑɡɑn d͡zovun ɡəʁzineɾə veɾt͡ʃʰnɑnɑbes junɑsdɑnin ɡə miɑnɑn
33⅓ պտ/վրկ-ը ձայնասկաւառակներէն մեծ մասի պտտման արագութիւնն է	jeɾesun jeɾekʰ meɡ jeɾekʰ bdə vɾɡə ə t͡sʰɑjnɑsɡɑvɑɾɑɡneɾen med͡z mɑsi bəddmɑn ɑɾɑkʰutʰʏnn e
2011 . միայն 1-երով գրառուող ամսաթիւ՝ 11.11.11	jeɾɡu hɑzɑɾ dɑsnmeɡ . miɑjn meɡeɾov kʰəɾɑɾuoʁ ɑmsɑtʰʏ , dɑsnmeɡ . dɑsnmeɡ . dɑsnmeɡ
օրուան ամսաթիւի գրառումը՝ 11.02.2011 ետադարձ թիւ է	oɾuɑn ɑmsɑtʰʏi kʰəɾɑɾumə , dɑsnmeɡ . jeɾɡu . jeɾɡu hɑzɑɾ dɑsnmeɡ jedɑtʰɑɾt͡sʰ tʰʏ e
2008՝ Տոու Ճոնսի արդիւնաբերական գործակիցը օրը կ'աւարտէ 7.87% անկումով	jeɾɡu hɑzɑɾ utʰ , dou d͡ʒonsi ɑɾtʰʏnɑpʰeɾɑɡɑn kʰoɾd͡zɑɡit͡sʰə oɾə ɡə ɑvɑɾde jeotʰ ɑmpʰoʁt͡ʃʰ utʰsun jeotʰ doɡos ɑnɡumov
Ռիւկուն Արեգակի շուրջը 0.96÷1.41 ԱՄ հեռաւորութեան մէկ ամբողջ պտոյտ կը գործէ 474 օրուան ընթացքին: Ուղեծիրի երկարացածութեան շնորհիւ կ'անցնի Վեներայի ուղեծիրէն դուրս:	ɾʏɡun ɑɾekʰɑɡi ʃuɾt͡ʃʰə zəɾo ɑmpʰoʁt͡ʃʰ innsun vet͡sʰ , meɡ ɑmpʰoʁt͡ʃʰ kʰɑɾɑsun meɡ ɑm heɾɑvoɾutʰeɑn meɡ ɑmpʰoʁt͡ʃʰ bədojd ɡə kʰoɾd͡ze t͡ʃʰoɾshɑɾʏɾ jeotʰɑnɑsun t͡ʃʰoɾs oɾuɑn əntʰɑt͡sʰkʰin , uʁed͡ziɾi jeɾɡɑɾɑt͡sʰɑd͡zutʰeɑn ʃənoɾhʏ ɡə ɑnt͡sʰni veneɾɑji uʁed͡ziɾen tʰuɾs ,
բերկրալի թիւ է՝ կը բաժնուէ իր նիշերու գումարին 364:13=28	pʰeɾɡɾɑli tʰʏ e , ɡə pʰɑʒnue iɾ niʃeɾu kʰumɑɾin jeɾekʰhɑɾʏɾ vɑtʰsun t͡ʃʰoɾs , dɑsneɾekʰ hɑvɑsɑɾ kʰəsɑn utʰ
2008 . 37 ածխահատներ ուքրաինական ածխահանքի մէջ տեղի ունեցած պայթիւնի զոհ դարձած են	jeɾɡu hɑzɑɾ utʰ . jeɾesun jeotʰ ɑd͡zχɑhɑdneɾ ukʰɾɑinɑɡɑn ɑd͡zχɑhɑnkʰi met͡ʃʰ deʁi unet͡sʰɑd͡z bɑjtʰʏni zoh tʰɑɾt͡sʰɑd͡z jen
25 Ապրիլ, 2017-ին Հալէպի Պետական համալսարանի, Բժշկական կաճառի «Ալ Րազի» սրահին մէջ, տեղի ունեցաւ Հալէպի հայ համայնքի արուեստագէտ Զաւէն Պարտագճեանի, 100+ Պահանջքի խորհրդանիշը «Հալածուած Ժողովուրդներու» 1915 - 2017 խորագրով նկարչական ցուցահանդէսը:	kʰəsɑn hinkʰ ɑbɾil , jeɾɡu hɑzɑɾ dɑsneotʰin hɑlebi bedɑɡɑn hɑmɑlsɑɾɑni , pʰəʒʃɡɑɡɑn ɡɑd͡ʒɑɾi ɑl ɾɑzi səɾɑhin met͡ʃʰ , deʁi unet͡sʰɑv hɑlebi hɑj hɑmɑjnkʰi ɑɾuesdɑkʰed zɑven bɑɾdɑkʰd͡ʒeɑni , hɑɾʏɾ bɑhɑnt͡ʃʰkʰi χoɾhɾtʰɑniʃə hɑlɑd͡zuɑd͡z ʒoʁovuɾtʰneɾu hɑzɑɾ innhɑɾʏɾ dɑsnhinkʰ , jeɾɡu hɑzɑɾ dɑsneotʰ χoɾɑkʰɾov nəɡɑɾt͡ʃʰɑɡɑn t͡sʰut͡sʰɑhɑntʰesə ,
2002 . Սպանիոյ մեջ ազգային փեսեթ արժոյթին կը փոխարինէ € եւրոն	jeɾɡu hɑzɑɾ jeɾɡu . sbɑnioj met͡ʃʰ ɑzkʰɑjin pʰesetʰ ɑɾʒojtʰin ɡə pʰoχɑɾine jevɾon
1810 , մարդահամարի տուեալներով ՄՆ-ու բնակչութիւնը կազմեցաւ 7 239 881 հոգի, որմէ սեւերը՝ 1 377 808 (19%)	hɑzɑɾ utʰhɑɾʏɾ dɑsə , mɑɾtʰɑhɑmɑɾi dueɑlneɾov mnə u pʰənɑɡt͡ʃʰutʰʏnə ɡɑzmet͡sʰɑv jeotʰ milion jeɾɡuhɑɾʏɾ jeɾesun inə hɑzɑɾ utʰhɑɾʏɾ utʰsun meɡ hokʰi , voɾme seveɾə , meɡ milion jeɾekʰhɑɾʏɾ jeotʰɑnɑsun jeotʰ hɑzɑɾ utʰhɑɾʏɾ utʰ dɑsninə doɡos
առաջին չորս ամբողջ թիւերու գումարի քառակուսին է՝ (1 + 2 + 3 + 4)²	ɑɾɑt͡ʃʰin t͡ʃʰoɾs ɑmpʰoʁt͡ʃʰ tʰʏeɾu kʰumɑɾi kʰɑɾɑɡusin e , meɡ jeɾɡu jeɾekʰ t͡ʃʰoɾs
երկու հարազատ պարզ թիւերու գումար է՝ 100=47+53	jeɾɡu hɑɾɑzɑd bɑɾz tʰʏeɾu kʰumɑɾ e , hɑɾʏɾ hɑvɑsɑɾ kʰɑɾɑsun jeotʰ jisun jeɾekʰ
առաջին ինը պարզ թիւերու գումարն է՝ 100 = 2 + 3 + 5 + 7 + 11 + 13 + 17 + 19 + 23	ɑɾɑt͡ʃʰin inə bɑɾz tʰʏeɾu kʰumɑɾn e , hɑɾʏɾ hɑvɑsɑɾ jeɾɡu jeɾekʰ hinkʰ jeotʰ dɑsnmeɡ dɑsneɾekʰ dɑsneotʰ dɑsninə kʰəsɑn jeɾekʰ
չորս յաջորդական խորանարդներու գումարն է 1³ + 2³ + 3³ + 4³	t͡ʃʰoɾs jɑt͡ʃʰoɾtʰɑɡɑn χoɾɑnɑɾtʰneɾu kʰumɑɾn e meɡ jeɾekʰ jeɾɡu jeɾekʰ jeɾekʰ jeɾekʰ t͡ʃʰoɾs jeɾekʰ
100 % ()՝ հարաւքորէական տղաներու փոփ խումբ մըն է	hɑɾʏɾ doɡos , hɑɾɑvkʰoɾeɑɡɑn dəʁɑneɾu pʰopʰ χumpʰ mən e
Հ.Օ.Մ.-ի Ա.Մ.Ն. Արեւելեան Շրջան.- ԳԵՂԱՆԿԱՐՉԱԿԱՆ ԳՈՐԾԵՐՈՒ ՑՈՒՑԱՀԱՆԴԷՍ-ՎԱՃԱՌՔ	hə . o . mə . i ɑ . mə . nə . ɑɾeveleɑn ʃəɾt͡ʃʰɑn . kʰeʁɑnɡɑɾt͡ʃʰɑɡɑn kʰoɾd͡zeɾu t͡sʰut͡sʰɑhɑntʰes vɑd͡ʒɑɾkʰ
Ճափոն՝ Պետականութեան օր (Ք.ա. 11 Փետրուար 660-ին առաջին Ճիմմու կայսեր թագադրութիւնը)	d͡ʒɑpʰon , bedɑɡɑnutʰeɑn oɾ kʰəɾisdose ɑɾɑt͡ʃʰ dɑsnmeɡ pʰedɾuɑɾ vet͡sʰhɑɾʏɾ vɑtʰsunin ɑɾɑt͡ʃʰin d͡ʒimmu ɡɑjseɾ tʰɑkʰɑtʰɾutʰʏnə
1872, Գէորգ Ծ. Վ. Թուրեան, (անյայտ կորսուած 1915-ին), հոգեւորական, կրթական մշակ	hɑzɑɾ utʰhɑɾʏɾ jeotʰɑnɑsun jeɾɡu , kʰeoɾkʰ d͡zə . və . tʰuɾeɑn , ɑnjɑjd ɡoɾsuɑd͡z hɑzɑɾ innhɑɾʏɾ dɑsnhinkʰin , hokʰevoɾɑɡɑn , ɡəɾtʰɑɡɑn məʃɑɡ
13 Փետրուար՝ Գէորգ Ծ. Վ. Թուրեան, (անյայտ կորսուած 1915-ին), հոգեւորական, կրթական մշակ	dɑsneɾekʰ pʰedɾuɑɾ , kʰeoɾkʰ d͡zə . və . tʰuɾeɑn , ɑnjɑjd ɡoɾsuɑd͡z hɑzɑɾ innhɑɾʏɾ dɑsnhinkʰin , hokʰevoɾɑɡɑn , ɡəɾtʰɑɡɑn məʃɑɡ
24 Մարտ՝ Նիկոլ Աղբալեան (մ․ 1947), գրագէտ, մանկավարժ, Հայաստանի Առաջին Հանրապետութեան խորհրդարանի անդամ եւ Հ.Յ. Դաշնակցութեան փայլուն գաղափարախօս	kʰəsɑn t͡ʃʰoɾs mɑɾd , niɡol ɑʁpʰɑleɑn mə hɑzɑɾ innhɑɾʏɾ kʰɑɾɑsun jeotʰ , kʰəɾɑkʰed , mɑnɡɑvɑɾʒ , hɑjɑsdɑni ɑɾɑt͡ʃʰin hɑnɾɑbedutʰeɑn χoɾhɾtʰɑɾɑni ɑntʰɑm jev hə . jə . tʰɑʃnɑɡt͡sʰutʰeɑn pʰɑjlun kʰɑʁɑpʰɑɾɑχos
Ք.ա. 3761՝ հրէական օրացոյցի համաձայն աշխարհի ստեղծման օրն է	kʰəɾisdose ɑɾɑt͡ʃʰ jeɾekʰ hɑzɑɾ jeotʰhɑɾʏɾ vɑtʰsun meɡ , həɾeɑɡɑn oɾɑt͡sʰojt͡sʰi hɑmɑt͡sʰɑjn ɑʃχɑɾhi sdeʁd͡zmɑn oɾn e
մ.թ.ա. 85 թուականէն Մեծն Տիգրանը կրած է «արքայից արքայ» տիտղոսը	meɾ tʰuɑɾɡutʰenen ɑɾɑt͡ʃʰ utʰsun hinkʰ tʰuɑɡɑnen med͡zən dikʰɾɑnə ɡəɾɑd͡z e ɑɾkʰɑjit͡sʰ ɑɾkʰɑj didʁosə
Ատլանտիտի գտնուելու վայրի մասին նախնիներու ցուցմունքները յայտնի չեն։ Ըստ Բլաթոնի, կղզին կը գտնուի Հերկուլեսեան սիւներուն արեւմուտքը, Ատլանտա սարի առջեւէն։ Սաստիկ երկրաշարժի ժամանակ, որ կ'ուղեկցուէր ջրհեղեղով, կղզին իր ողջ բնակչութեամբ մէկ օրուան մէջ մնաց ջուրի տակ։ Բլաթոնը կը նշէ մ.թ.ա. 9500 թուականը որպէս աղետի ժամանակաշրջան։	ɑdlɑndidi kʰədnuelu vɑjɾi mɑsin nɑχnineɾu t͡sʰut͡sʰmunkʰneɾə jɑjdni t͡ʃʰen . əsd pʰəlɑtʰoni , ɡəʁzin ɡə kʰədnui heɾɡuleseɑn sʏneɾun ɑɾevmudkʰə , ɑdlɑndɑ sɑɾi ɑɾt͡ʃʰeven . sɑsdiɡ jeɾɡɾɑʃɑɾʒi ʒɑmɑnɑɡ , voɾ ɡə uʁeɡt͡sʰueɾ t͡ʃʰəɾheʁeʁov , ɡəʁzin iɾ voʁt͡ʃʰ pʰənɑɡt͡ʃʰutʰeɑmpʰ meɡ oɾuɑn met͡ʃʰ mənɑt͡sʰ t͡ʃʰuɾi dɑɡ . pʰəlɑtʰonə ɡə nəʃe meɾ tʰuɑɾɡutʰenen ɑɾɑt͡ʃʰ inə hɑzɑɾ hinkʰhɑɾʏɾ tʰuɑɡɑnə voɾbes ɑʁedi ʒɑmɑnɑɡɑʃɾt͡ʃʰɑn .
Արձանին պողպատեայ կմախքին կշիռքն է 125 թոն, 2,57 մ.մ. հաստութեամբ: Պղնձեայ թիթեղներուն ընդհանուր ծանրութիւնն է 31 թոն։ Պատուանդանին հիմքէն մինչեւ ջահին ծայրը հեռաւորութիւնը 93 մեթր է, բուն արձանին բարձրութիւնը՝ 46 մեթր։	ɑɾt͡sʰɑnin boʁbɑdeɑj ɡəmɑχkʰin ɡəʃiɾkʰən e hɑɾʏɾ kʰəsɑn hinkʰ tʰon , jeɾɡu ɑmpʰoʁt͡ʃʰ jisun jeotʰ metʰəɾ . mə . hɑsdutʰeɑmpʰ , bəʁnt͡sʰeɑj tʰitʰeʁneɾun əntʰhɑnuɾ d͡zɑnɾutʰʏnn e jeɾesun meɡ tʰon . bɑduɑntʰɑnin himkʰen mint͡ʃʰev t͡ʃʰɑhin d͡zɑjɾə heɾɑvoɾutʰʏnə innsun jeɾekʰ metʰəɾ e , pʰun ɑɾt͡sʰɑnin pʰɑɾt͡sʰɾutʰʏnə , kʰɑɾɑsun vet͡sʰ metʰəɾ .
Ալաշկերտը Հայաստանի հնագոյն բնակավայրերէն է։ Անիկա գոյութիւն ունի ուրարտական ժամանակներէն սկսեալ՝ Ք.Ա. 8-րդ դարէն։	ɑlɑʃɡeɾdə hɑjɑsdɑni hənɑkʰojn pʰənɑɡɑvɑjɾeɾen e . ɑniɡɑ kʰojutʰʏn uni uɾɑɾdɑɡɑn ʒɑmɑnɑɡneɾen sɡəseɑl , kʰəɾisdose ɑɾɑt͡ʃʰ utʰeɾoɾtʰ tʰɑɾen .
Զաւէն Պարտաքճեան (ծն․՝ 30 Մարտ 1948, Հալէպ, Սուրիա), երկրաչափ՝ ճարտարագէտ, արուեստագէտ, գեղանկարիչ։	zɑven bɑɾdɑkʰd͡ʒeɑn d͡znə , jeɾesun mɑɾd hɑzɑɾ innhɑɾʏɾ kʰɑɾɑsun utʰ , hɑleb , suɾiɑ , jeɾɡɾɑt͡ʃʰɑpʰ , d͡ʒɑɾdɑɾɑkʰed , ɑɾuesdɑkʰed , kʰeʁɑnɡɑɾit͡ʃʰ .
Պարտաքճեան ծնած է 30 Մարտ 1948-ին, Հալէպ, Սուրիա: Նախնական Ուսումը ստացած է Մխիթարեան վարժարանէն ներս:	bɑɾdɑkʰd͡ʒeɑn d͡zənɑd͡z e jeɾesun mɑɾd hɑzɑɾ innhɑɾʏɾ kʰɑɾɑsun utʰin , hɑleb , suɾiɑ , nɑχnɑɡɑn usumə sdɑt͡sʰɑd͡z e məχitʰɑɾeɑn vɑɾʒɑɾɑnen neɾs ,
1970-ին աւարտած է Քարէն Եփփէ Ազգային ճեմարանը:	hɑzɑɾ innhɑɾʏɾ jeotʰɑnɑsunin ɑvɑɾdɑd͡z e kʰɑɾen jepʰpʰe ɑzkʰɑjin d͡ʒemɑɾɑnə ,
1979-ին Աւարտած է Հալէպի Պետական Համալսարանի ճարտարագիտութեան կաճառը եւ միաժամանակ վարած է համալսարանի գեղանկարչական ցուցահանդէսներու րնղհանուր պատասխանատուի պաշտօնը 1974-1978։	hɑzɑɾ innhɑɾʏɾ jeotʰɑnɑsun inin ɑvɑɾdɑd͡z e hɑlebi bedɑɡɑn hɑmɑlsɑɾɑni d͡ʒɑɾdɑɾɑkʰidutʰeɑn ɡɑd͡ʒɑɾə jev miɑʒɑmɑnɑɡ vɑɾɑd͡z e hɑmɑlsɑɾɑni kʰeʁɑnɡɑɾt͡ʃʰɑɡɑn t͡sʰut͡sʰɑhɑntʰesneɾu ɾənʁhɑnuɾ bɑdɑsχɑnɑdui bɑʃdonə hɑzɑɾ innhɑɾʏɾ jeotʰɑnɑsun t͡ʃʰoɾs , hɑzɑɾ innhɑɾʏɾ jeotʰɑnɑsun utʰ .
1974-էն սկսեալ եղած է գծագրութեան ուսուցիչ Քարէն Եփփէ Ազգային ճեմարանին մէջ, ինչպէս նաեւ իր աշխոյժ մասնակցութիւնը բերած է Հալէպի Սարեան ակադեմիային մէջ:	hɑzɑɾ innhɑɾʏɾ jeotʰɑnɑsun t͡ʃʰoɾsen sɡəseɑl jeʁɑd͡z e kʰəd͡zɑkʰɾutʰeɑn usut͡sʰit͡ʃʰ kʰɑɾen jepʰpʰe ɑzkʰɑjin d͡ʒemɑɾɑnin met͡ʃʰ , int͡ʃʰbes nɑev iɾ ɑʃχojʒ mɑsnɑɡt͡sʰutʰʏnə pʰeɾɑd͡z e hɑlebi sɑɾeɑn ɑɡɑtʰemiɑjin met͡ʃʰ ,
Միջինը 500 մ եւ աւելի տրամագիծով աստեղնեակի մը բախումը երկիր մոլորակին հնարաւոր է շուրջ 130 000 տարին անգամ մը: Ներկայիս ճշգրիտ հաշուարկներով Պէնուի բախումը 0.037% հաւանականութիւնով տեղի պիտի ունենայ 2175 եւ 2196 թուականներուն միջեւ :	mit͡ʃʰinə hinkʰhɑɾʏɾ metʰəɾ jev ɑveli dəɾɑmɑkʰid͡zov ɑsdeʁneɑɡi mə pʰɑχumə jeɾɡiɾ moloɾɑɡin hənɑɾɑvoɾ e ʃuɾt͡ʃʰ hɑɾʏɾ jeɾesun hɑzɑɾ dɑɾin ɑnkʰɑm mə , neɾɡɑjis d͡ʒəʃkʰɾid hɑʃuɑɾɡneɾov benui pʰɑχumə zəɾo ɑmpʰoʁt͡ʃʰ zəɾo jeɾesun jeotʰ doɡos hɑvɑnɑɡɑnutʰʏnov deʁi bidi unenɑj jeɾɡu hɑzɑɾ hɑɾʏɾ jeotʰɑnɑsun hinkʰ jev jeɾɡu hɑzɑɾ hɑɾʏɾ innsun vet͡sʰ tʰuɑɡɑnneɾun mit͡ʃʰev ,
1953՝ 6,8 Ռիխթըրի ուժգնութեամբ երկրաշարժ մը կը ցնցէ Քեֆալոնիա եւ Զաքինթոս կղզիները	hɑzɑɾ innhɑɾʏɾ jisun jeɾekʰ , vet͡sʰ ɑmpʰoʁt͡ʃʰ utʰ ɾiχtʰəɾi uʒkʰnutʰeɑmpʰ jeɾɡɾɑʃɑɾʒ mə ɡə t͡sʰənt͡sʰe kʰefɑloniɑ jev zɑkʰintʰos ɡəʁzineɾə
Մայիս 21՝ Ռուսիոյ Կայսրութենէ 1,5 մլն չերքէսներու տեղահանութեան սկիզբը դէպի Օսմանեան Կայսրութիւն	mɑjis kʰəsɑn meɡ , ɾusioj ɡɑjsɾutʰene meɡ ɑmpʰoʁt͡ʃʰ hinkʰ milion t͡ʃʰeɾkʰesneɾu deʁɑhɑnutʰeɑn sɡizpʰə tʰebi osmɑneɑn ɡɑjsɾutʰʏn
1895․ Սեպտեմբերէն թուրքերը Հայկական բարձրաւանդակին տարածքին ջարդերու կը ձեռնարկեն՝ Տրապիզոն, Բաբերդ, Էրզրում, Երզնկա, Պիթլիս, Տիարպէքիր, Խարբերդ, Սվազ, Մարաշ, Ուրֆա եւ Այնթապ։ Մօտաւորապէս 300․000 հայեր կը կը կոտորուին, 100.000 բռնի կը տեղափոխուին, կ՛աւերուին 2․500 հայկական գիւղեր, իսկ 100.000 հայեր Պատմական Հայաստանէն կ՛արտագաղթեն։	hɑzɑɾ utʰhɑɾʏɾ innsun hinkʰ sebdempʰeɾen tʰuɾkʰeɾə hɑjɡɑɡɑn pʰɑɾt͡sʰɾɑvɑntʰɑɡin dɑɾɑd͡zkʰin t͡ʃʰɑɾtʰeɾu ɡə t͡sʰeɾnɑɾɡen , dəɾɑbizon , pʰɑpʰeɾtʰ , eɾzɾum , jeɾznɡɑ , bitʰlis , diɑɾbekʰiɾ , χɑɾpʰeɾtʰ , səvɑz , mɑɾɑʃ , uɾfɑ jev ɑjntʰɑb . modɑvoɾɑbes jeɾekʰhɑɾʏɾ zəɾo hɑjeɾ ɡə ɡə ɡodoɾuin , hɑɾʏɾ ɑmpʰoʁt͡ʃʰ zəɾo zəɾo zəɾo pʰəɾni ɡə deʁɑpʰoχuin , ɡə ɑveɾuin jeɾɡu hinkʰhɑɾʏɾ hɑjɡɑɡɑn kʰʏʁeɾ , isɡ hɑɾʏɾ ɑmpʰoʁt͡ʃʰ zəɾo zəɾo zəɾo hɑjeɾ bɑdmɑɡɑn hɑjɑsdɑnen ɡə ɑɾdɑkʰɑʁtʰen .
1867 . Միացեալ Նահանգները 7.2 միլիոն տոլլարով Ռուսիայէն կը գնեն Ալեասքան	hɑzɑɾ utʰhɑɾʏɾ vɑtʰsun jeotʰ . miɑt͡sʰeɑl nɑhɑnkʰneɾə jeotʰ ɑmpʰoʁt͡ʃʰ jeɾɡu milion dollɑɾov ɾusiɑjen ɡə kʰənen ɑleɑskʰɑn
1929. Ալբերտ Ազարեան, Խորհրդային Հայաստանի մարմնամարզիկ, օղակներու վարժութեան ախոյեան ու մասնագէտ, մարմնամարզութեան զանազան վարժութիւններու քանիցս ախոյեան	hɑzɑɾ innhɑɾʏɾ kʰəsɑn inə . ɑlpʰeɾd ɑzɑɾeɑn , χoɾhɾtʰɑjin hɑjɑsdɑni mɑɾmnɑmɑɾziɡ , oʁɑɡneɾu vɑɾʒutʰeɑn ɑχojeɑn u mɑsnɑkʰed , mɑɾmnɑmɑɾzutʰeɑn zɑnɑzɑn vɑɾʒutʰʏnneɾu kʰɑnit͡sʰs ɑχojeɑn
1988. Փարիզ-Պերսիի Օմնիսփոր մարզադաշտին մէջ տեղի կ՛ ունենայ Մարդու Իրաւունքներ, Հի՛մա շարժումին նուիրուած համաշխարհային շրջապտոյտին բ․ համերգը	hɑzɑɾ innhɑɾʏɾ utʰsun utʰ . pʰɑɾiz beɾsii omnispʰoɾ mɑɾzɑtʰɑʃdin met͡ʃʰ deʁi ɡə unenɑj mɑɾtʰu iɾɑvunkʰneɾ , hi mɑ ʃɑɾʒumin nuiɾuɑd͡z hɑmɑʃχɑɾhɑjin ʃəɾt͡ʃʰɑbdojdin pʰə hɑmeɾkʰə
1988. Փարիզ-Պերսիի Օմնիսփոր մարզադաշտին մէջ տեղի կ՛ ունենան Մարդու Իրաւունքներ, Հի՛մա շարժումին նուիրուած համաշխարհային շրջապտոյտին բ․ եւ գ․ համերգները	hɑzɑɾ innhɑɾʏɾ utʰsun utʰ . pʰɑɾiz beɾsii omnispʰoɾ mɑɾzɑtʰɑʃdin met͡ʃʰ deʁi ɡə unenɑn mɑɾtʰu iɾɑvunkʰneɾ , hi mɑ ʃɑɾʒumin nuiɾuɑd͡z hɑmɑʃχɑɾhɑjin ʃəɾt͡ʃʰɑbdojdin pʰə jev kʰə hɑmeɾkʰneɾə
1988. Պուտափեշտի (Հունգարիա) Ֆերենց Փուշքաս մարզադաշտին (Նեփսթատիոն) մէջ տեղի կ՛ ունենայ Մարդու Իրաւունքներ, Հի՛մա շարժումին նուիրուած համաշխարհային շրջապտոյտին 4-րդ համերգը	hɑzɑɾ innhɑɾʏɾ utʰsun utʰ . budɑpʰeʃdi hunkʰɑɾiɑ feɾent͡sʰ pʰuʃkʰɑs mɑɾzɑtʰɑʃdin nepʰstʰɑdion met͡ʃʰ deʁi ɡə unenɑj mɑɾtʰu iɾɑvunkʰneɾ , hi mɑ ʃɑɾʒumin nuiɾuɑd͡z hɑmɑʃχɑɾhɑjin ʃəɾt͡ʃʰɑbdojdin t͡ʃʰoɾɾoɾtʰ hɑmeɾkʰə
6-7 սեպտեմբեր 1955. Պոլսոյ յոյները զոհ գացին թուրքական պետութեան հրահրած ամբոխային լայնածաւալ խժդժութեանց ։	vet͡sʰ , jeotʰ sebdempʰeɾ hɑzɑɾ innhɑɾʏɾ jisun hinkʰ . bolsoj jojneɾə zoh kʰɑt͡sʰin tʰuɾkʰɑɡɑn bedutʰeɑn həɾɑhɾɑd͡z ɑmpʰoχɑjin lɑjnɑd͡zɑvɑl χəʒtʰʒutʰeɑnt͡sʰ .
1887. Մարք Շակալ, ֆրանսացի նկարիչ (մահ.՝ 1985)	hɑzɑɾ utʰhɑɾʏɾ utʰsun jeotʰ . mɑɾkʰ ʃɑɡɑl , fəɾɑnsɑt͡sʰi nəɡɑɾit͡ʃʰ mɑh , hɑzɑɾ innhɑɾʏɾ utʰsun hinkʰ
1936. Նիքոս Քսիլուրիս, (մ․՝ 1980) յոյն երաժիշտ եւ ժողովրդական, արուեստական ու հասարակական երգերու մեկնաբանող	hɑzɑɾ innhɑɾʏɾ jeɾesun vet͡sʰ . nikʰos kʰəsiluɾis , mə , hɑzɑɾ innhɑɾʏɾ utʰsun jojn jeɾɑʒiʃd jev ʒoʁovɾtʰɑɡɑn , ɑɾuesdɑɡɑn u hɑsɑɾɑɡɑɡɑn jeɾkʰeɾu meɡnɑpʰɑnoʁ
1988. Թորինոյի Ողիմպիական մարզադաշտին մէջ տեղի կ՛ ունենայ Մարդու Իրաւունքներ, Հի՛մա շարժումին նուիրուած համաշխարհային շրջապտոյտին 5-րդ համերգը	hɑzɑɾ innhɑɾʏɾ utʰsun utʰ . tʰoɾinoji voʁimbiɑɡɑn mɑɾzɑtʰɑʃdin met͡ʃʰ deʁi ɡə unenɑj mɑɾtʰu iɾɑvunkʰneɾ , hi mɑ ʃɑɾʒumin nuiɾuɑd͡z hɑmɑʃχɑɾhɑjin ʃəɾt͡ʃʰɑbdojdin hinkʰeɾoɾtʰ hɑmeɾkʰə
1980-1985 թթ. կը պաշտօնավարէ Հալէպին եւ Քարէն Եփփէ Ազգային Ճեմարանին մէջ որպէս արուեստի ուսուցիչ դասաւանդելով նկարչութիւն եւ ձեռարուեստ:	hɑzɑɾ innhɑɾʏɾ utʰsun , hɑzɑɾ innhɑɾʏɾ utʰsun hinkʰ tʰtʰə . ɡə bɑʃdonɑvɑɾe hɑlebin jev kʰɑɾen jepʰpʰe ɑzkʰɑjin d͡ʒemɑɾɑnin met͡ʃʰ voɾbes ɑɾuesdi usut͡sʰit͡ʃʰ tʰɑsɑvɑntʰelov nəɡɑɾt͡ʃʰutʰʏn jev t͡sʰeɾɑɾuesd ,
1-1-9-ը կարգ մը երկիրներուն մէջ տագնապի հեռախօսն է	meɡ , meɡ inə ɡɑɾkʰ mə jeɾɡiɾneɾun met͡ʃʰ dɑkʰnɑbi heɾɑχosən e
կը ստացուի 2-էն մինչեւ 13-ը եղած պարզ թիւերու կիրառումով՝ 155=2²+3!+5!+7²-11-13	ɡə sdɑt͡sʰui jeɾɡukʰen mint͡ʃʰev dɑsneɾekʰə jeʁɑd͡z bɑɾz tʰʏeɾu ɡiɾɑɾumov , hɑɾʏɾ jisun hinkʰ hɑvɑsɑɾ jeɾɡu jeɾɡu jeɾekʰ ! hinkʰ ! jeotʰ jeɾɡu dɑsnmeɡ , dɑsneɾekʰ
1932, Կարէն Տեմիրճեան, հայ քաղաքական եւ պետական գործիչ, ՀԿԿ կենտկոմի առաջին քարտուղար (1974–1988), ՀՀ Ազգային ժողովի նախագահ (1999), Հայաստանի Ազգային հերոս (1999, յետմահու) (մահ․՝ 1999)։	hɑzɑɾ innhɑɾʏɾ jeɾesun jeɾɡu , ɡɑɾen demiɾd͡ʒeɑn , hɑj kʰɑʁɑkʰɑɡɑn jev bedɑɡɑn kʰoɾd͡zit͡ʃʰ , hɡɡə ɡendɡomi ɑɾɑt͡ʃʰin kʰɑɾduʁɑɾ hɑzɑɾ innhɑɾʏɾ jeotʰɑnɑsun t͡ʃʰoɾs , hɑzɑɾ innhɑɾʏɾ utʰsun utʰ , hhə ɑzkʰɑjin ʒoʁovi nɑχɑkʰɑh hɑzɑɾ innhɑɾʏɾ innsun inə , hɑjɑsdɑni ɑzkʰɑjin heɾos hɑzɑɾ innhɑɾʏɾ innsun inə , jedmɑhu mɑh , hɑzɑɾ innhɑɾʏɾ innsun inə .
Օգոստոս 26-27՝ Քրաքաթաու հրաբուխի ժայթքումը	okʰosdos kʰəsɑn vet͡sʰ , kʰəsɑn jeotʰ , kʰəɾɑkʰɑtʰɑu həɾɑpʰuχi ʒɑjtʰkʰumə
Ապրիլ 6-16՝ առաջին Ողիմպիական խաղերը Յունաստանի մայրաքաղաք Աթէնքին մէջ	ɑbɾil vet͡sʰ , dɑsnvet͡sʰ , ɑɾɑt͡ʃʰin voʁimbiɑɡɑn χɑʁeɾə junɑsdɑni mɑjɾɑkʰɑʁɑkʰ ɑtʰenkʰin met͡ʃʰ
1948՝ Խոսրով Հարութիւնեան պետական գործիչ, 1992-93 թթ. եղած է Հայաստանի Հանրապետութեան վարչապետ	hɑzɑɾ innhɑɾʏɾ kʰɑɾɑsun utʰ , χosɾov hɑɾutʰʏneɑn bedɑɡɑn kʰoɾd͡zit͡ʃʰ , hɑzɑɾ innhɑɾʏɾ innsun jeɾɡu , innsun jeɾekʰ tʰtʰə . jeʁɑd͡z e hɑjɑsdɑni hɑnɾɑbedutʰeɑn vɑɾt͡ʃʰɑbed
1814-1864 թուականներու Կովկասեան պատերազմի զոհերու յիշատակի օր	hɑzɑɾ utʰhɑɾʏɾ dɑsnt͡ʃʰoɾs , hɑzɑɾ utʰhɑɾʏɾ vɑtʰsun t͡ʃʰoɾs tʰuɑɡɑnneɾu ɡovɡɑseɑn bɑdeɾɑzmi zoheɾu jiʃɑdɑɡi oɾ
1917 , Միացեալ նահանգները Վիրճինեան կղզիներուն դիմաց $25 միլիոն վճարեցին Դանիոյ	hɑzɑɾ innhɑɾʏɾ dɑsneotʰ , miɑt͡sʰeɑl nɑhɑnkʰneɾə viɾd͡ʒineɑn ɡəʁzineɾun tʰimɑt͡sʰ kʰəsɑn hinkʰ milion dolɑɾ vəd͡ʒɑɾet͡sʰin tʰɑnioj
2000 . Պիլ Կէյթսը Մայքրըսոֆթի բաժնետոմսերու գիներու անկումի հետեւանքով կորսնցուց $ 12 պիլիոն	jeɾɡu hɑzɑɾ . bil ɡejtʰsə mɑjkʰɾəsoftʰi pʰɑʒnedomseɾu kʰineɾu ɑnɡumi hedevɑnkʰov ɡoɾsnt͡sʰut͡sʰ dɑsneɾɡu miliɑɾ dolɑɾ
Արամ Ա. Կաթողիկոսի Օծումը տեղի ունեցած է 1 Յուլիս 1995-ին, մասնակցութեամբ, պատմութեան մէջ առաջին անգամ ըլլալով, Հայ եկեղեցւոյ Նուիրապետական բոլոր Աթոռներու Գահակալներուն։	ɑɾɑm ɑ . ɡɑtʰoʁiɡosi od͡zumə deʁi unet͡sʰɑd͡z e meɡ julis hɑzɑɾ innhɑɾʏɾ innsun hinkʰin , mɑsnɑɡt͡sʰutʰeɑmpʰ , bɑdmutʰeɑn met͡ʃʰ ɑɾɑt͡ʃʰin ɑnkʰɑm əllɑlov , hɑj jeɡeʁet͡sʰvoj nuiɾɑbedɑɡɑn pʰoloɾ ɑtʰoɾneɾu kʰɑhɑɡɑlneɾun .
1812, Գաբրիէլ եպս. Այվազովսկի, եկեղեցական եւ հասարակական գործիչ, բանասէր-պատմաբան, մանկավարժ, թարգմանիչ։ Մխիթարեան միաբանութեան անդամ (1830), վարդապետ (1834), եպիսկոպոս (1867), արքեպիսկոպոս (1871)։ Ծովանկարիչ Յ. Այվազովսկիի եղբայրը (մահ.՝ 1880)։	hɑzɑɾ utʰhɑɾʏɾ dɑsneɾɡu , kʰɑpʰɾiel jebs . ɑjvɑzovsɡi , jeɡeʁet͡sʰɑɡɑn jev hɑsɑɾɑɡɑɡɑn kʰoɾd͡zit͡ʃʰ , pʰɑnɑseɾ bɑdmɑpʰɑn , mɑnɡɑvɑɾʒ , tʰɑɾkʰmɑnit͡ʃʰ . məχitʰɑɾeɑn miɑpʰɑnutʰeɑn ɑntʰɑm hɑzɑɾ utʰhɑɾʏɾ jeɾesun , vɑɾtʰɑbed hɑzɑɾ utʰhɑɾʏɾ jeɾesun t͡ʃʰoɾs , jebisɡobos hɑzɑɾ utʰhɑɾʏɾ vɑtʰsun jeotʰ , ɑɾkʰebisɡobos hɑzɑɾ utʰhɑɾʏɾ jeotʰɑnɑsun meɡ . d͡zovɑnɡɑɾit͡ʃʰ jə . ɑjvɑzovsɡii jeʁpʰɑjɾə mɑh , hɑzɑɾ utʰhɑɾʏɾ utʰsun .
1870, Վարդան Հացունի, կամ Հ. Վարդան Վ. Հացունի, ի ծնէ՝ Վարդան Սոմունճեան, հայ բանասէր, ազգագրագէտ (մահ․՝ 1944)։	hɑzɑɾ utʰhɑɾʏɾ jeotʰɑnɑsun , vɑɾtʰɑn hɑt͡sʰuni , ɡɑm hə . vɑɾtʰɑn və . hɑt͡sʰuni , i d͡zəne , vɑɾtʰɑn somund͡ʒeɑn , hɑj pʰɑnɑseɾ , ɑzkʰɑkʰɾɑkʰed mɑh , hɑzɑɾ innhɑɾʏɾ kʰɑɾɑsun t͡ʃʰoɾs .
101 րդ Ամենայն հայոց կաթողիկոսը 1629-էն մինչեւ 1632-ը Մովսէս Գ. եղած է	hɑɾʏɾ meɡ ɾtʰə ɑmenɑjn hɑjot͡sʰ ɡɑtʰoʁiɡosə hɑzɑɾ vet͡sʰhɑɾʏɾ kʰəsɑn inen mint͡ʃʰev hɑzɑɾ vet͡sʰhɑɾʏɾ jeɾesun jeɾɡukʰə movses kʰə . jeʁɑd͡z e
1885, Եզնիկ Քհնյ. Տէր Յակոբեան, հայ քահանայ (մահ.՝ 1974)։	hɑzɑɾ utʰhɑɾʏɾ utʰsun hinkʰ , jezniɡ kʰhnjə . deɾ jɑɡopʰeɑn , hɑj kʰɑhɑnɑj mɑh , hɑzɑɾ innhɑɾʏɾ jeotʰɑnɑsun t͡ʃʰoɾs .
14 Յուլիս 2014-ին կանոնաւորապէս սկսաւ գործել Հայ կաթողիկէ պատրիարքութեան Լոյս Զուարթ պատկերասփիւռի յայտագիրը։ Յայտագրի պատասխանատւն է հայր Վարդան վրդ. Գազանճեան, վարիչ խմբագիրը՝ Վարդան Թաշճեան։	dɑsnt͡ʃʰoɾs julis jeɾɡu hɑzɑɾ dɑsnt͡ʃʰoɾsin ɡɑnonɑvoɾɑbes sɡəsɑv kʰoɾd͡zel hɑj ɡɑtʰoʁiɡe bɑdɾiɑɾkʰutʰeɑn lojs zuɑɾtʰ bɑdɡeɾɑspʰʏɾi jɑjdɑkʰiɾə . jɑjdɑkʰɾi bɑdɑsχɑnɑdvən e hɑjɾ vɑɾtʰɑn vɾtʰə . kʰɑzɑnd͡ʒeɑn , vɑɾit͡ʃʰ χəmpʰɑkʰiɾə , vɑɾtʰɑn tʰɑʃd͡ʒeɑn .
