Ti sistema a GNU/Linux ket maysa a version ti sistema a nakabasar iti GNU a Linux.	tˈi sistˈɛma ʔˈa ɡnˈu lˈinuks kˈɛt mˈajsa ʔˈa bˈɛɾsjon tˈi sistˈɛma ʔˈa nakabˈasaɾ ʔˈiti ɡnˈu ʔˈa lˈinuks .
1961 – Gary Cooper, Amerikano nga aktor (naipasngay 1901)	saŋaɾˈibo kˈɛt sjˈam ʔˈa ɡasˈut kˈɛt ʔinnˈɛm ʔˈa pˈulo kˈɛt mˈajsa ɡˈaɾj koʔˈopɛɾ , ʔamɛɾikˈano ŋˈa ʔˈaktoɾ naʔipˈasŋaj saŋaɾˈibo kˈɛt sjˈam ʔˈa ɡasˈut kˈɛt mˈajsa
Ti 1999 ket maysa a kadawyan a tawen a nangrugi iti aldaw ti Biernes iti kalendario a Gregoriano.	tˈi saŋaɾˈibo kˈɛt sjˈam ʔˈa ɡasˈut kˈɛt sjˈam ʔˈa pˈulo kˈɛt sjˈam kˈɛt mˈajsa ʔˈa kadˈawjan ʔˈa tawˈɛn ʔˈa naŋɾˈuɡi ʔˈiti ʔaldˈaw tˈi bjˈɛɾnɛs ʔˈiti kalɛndˈaɾjo ʔˈa ɡɾɛɡoɾjˈano .
Oryza brachyantha (FF) – tropikal nga Aprika	ʔˈoɾjsa bɾakhjˈantha pp tɾopˈikal ŋˈa ʔapɾˈika
Kategoria:Dagiti pagilian ken teritorio nga agsasao ti Danes	katɛɡˈoɾja , daɡˈiti paɡˈiljan kˈɛn tɛɾitˈoɾjo ŋˈa ʔaɡsasˈaʔo tˈi dˈanɛs
Ti New Corella ket maysa a maika-2 a klase nga ili iti probinsia ti Davao del Norte iti Filipinas.	tˈi nˈɛw koɾˈɛlla kˈɛt mˈajsa ʔˈa maʔˈika dwˈa ʔˈa klˈasɛ ŋˈa ʔˈili ʔˈiti pɾobˈinsja tˈi dabˈaʔo dˈɛl nˈoɾtɛ ʔˈiti pilipˈinas .
Ti ket maysa a prepektura iti Hapon a mabirukan idiay isla iti Shikoku. Ti kapitoliona ket ti siudad iti Tokushima.	tˈi kˈɛt mˈajsa ʔˈa pɾɛpɛktˈuɾa ʔˈiti hˈapon ʔˈa mabiɾˈukan ʔidjˈaj ʔˈisla ʔˈiti shikˈoku . tˈi kapitoljˈona kˈɛt tˈi sjudˈad ʔˈiti tokushˈima .
Riley-Smith, Jonathan. Dagiti Krusada: Maysa a Pakasaritaan (2005) pakabuklan ken testo a panagbiruk	ɾilˈɛjʔsmith , honˈathan . daɡˈiti kɾusˈada , mˈajsa ʔˈa pakasaɾitˈaan dwaɾˈibo kˈɛt lˈima pakabˈuklan kˈɛn tˈɛsto ʔˈa panaɡbˈiɾuk
Grover, David H. 1992 Dagiti KOmersio a Barko ti Amerikano idiay Yangtze, 1920–1941. Wesport, Conn.: Praeger Publishers.	ɡɾˈobɛɾ , dˈabid h . saŋaɾˈibo kˈɛt sjˈam ʔˈa ɡasˈut kˈɛt sjˈam ʔˈa pˈulo kˈɛt dwˈa daɡˈiti komˈɛɾsjo ʔˈa bˈaɾko tˈi ʔamɛɾikˈano ʔidjˈaj jˈaŋtsɛ , saŋaɾˈibo kˈɛt sjˈam ʔˈa ɡasˈut kˈɛt dwapˈulo ʔaɡiŋɡˈana ʔˈiti saŋaɾˈibo kˈɛt sjˈam ʔˈa ɡasˈut kˈɛt ʔˈuppat ʔˈa pˈulo kˈɛt mˈajsa . wˈɛspoɾt , kˈonn , pɾaʔˈɛɡɛɾ publˈishɛɾs .
Kategoria:Dagiti Aprikano-Amerikano a kumakanta	katɛɡˈoɾja , daɡˈiti ʔapɾikanoʔamɛɾikˈano ʔˈa kumakˈanta
katoliko nga Ensiklopedia: Es-estado ti Papa, paset 3: Pannakarebba ti Bisantino a Bileg idiay Tengnga nga Italia	katolˈiko ŋˈa ʔɛnsiklopˈɛdja , ʔɛsʔɛstˈado tˈi pˈapa , pˈasɛt tˈallo , pannakaɾˈɛbba tˈi bisantˈino ʔˈa bˈilɛɡ ʔidjˈaj tˈɛŋŋa ŋˈa ʔitˈalja
Republika Tignay Blng. 10360: “Dolumento ti Linteg ti Probinsia ti Davao Occidental”	ɾɛpublˈika tˈiɡnaj bˈilaŋ saŋapˈulo ʔˈa ɾˈibo kˈɛt talloɡˈasut kˈɛt ʔinnˈɛm ʔˈa pˈulo , dolumˈɛnto tˈi lˈintɛɡ tˈi pɾobˈinsja tˈi dabˈaʔo ʔokkidˈɛntal
Ti Bulkan Kanlaon, naipaletra pay a kas ti Kanla-on wenno Canlaon, ket maysa nga aktibo a bulkan idiay Isla ti Negros ti tengnga a Filipinas. Ti estratobulkan ket askawenna dagiti probinsia ti Negros Occidental ken Negros Oriental, iti agarup a ti abagatan a daya ti Siudad ti Bacolod, ti kapitolio ken ti kaaduan ti populasion a siudad ti Negros Occidental.	tˈi bˈulkan kanlˈaʔon , naʔipalˈɛtɾa pˈaj ʔˈa kˈas tˈi kanlˈaʔon wɛnnˈo kanlˈaʔon , kˈɛt mˈajsa ŋˈa ʔaktˈibo ʔˈa bˈulkan ʔidjˈaj ʔˈisla tˈi nˈɛɡɾos tˈi tˈɛŋŋa ʔˈa pilipˈinas . tˈi ʔɛstɾatobˈulkan kˈɛt ʔaskawˈɛnna daɡˈiti pɾobˈinsja tˈi nˈɛɡɾos ʔokkidˈɛntal kˈɛn nˈɛɡɾos ʔoɾjˈɛntal , ʔˈiti ʔaɡˈaɾup ʔˈa tˈi ʔabaɡˈatan ʔˈa dˈaja tˈi sjudˈad tˈi bakˈolod , tˈi kapitˈoljo kˈɛn tˈi kaʔˈadwan tˈi populˈasjon ʔˈa sjudˈad tˈi nˈɛɡɾos ʔokkidˈɛntal .
ket dagiti pagalagadan a paralelo (amianan ket abagatn ti ekuador) a ti gantingan ti proyeksion ket agpayso;	kˈɛt daɡˈiti paɡalaɡˈadan ʔˈa paɾalˈɛlo ʔamjˈanan kˈɛt ʔabˈaɡatn tˈi ʔɛkwˈadoɾ ʔˈa tˈi ɡantˈiŋan tˈi pɾojˈɛksjon kˈɛt ʔaɡpˈajso ,
Ti maika-79 a meridiano daya ket mangporma ti nalatak a sirkulo a kakuyogna ti maika-101 a meridiano laud.	tˈi maʔˈika pitopˈulo kˈɛt sjˈam ʔˈa mɛɾidjˈano dˈaja kˈɛt maŋpˈoɾma tˈi nalˈatak ʔˈa siɾkˈulo ʔˈa kakujˈoɡna tˈi maʔˈika saŋaɡˈasut kˈɛt mˈajsa ʔˈa mɛɾidjˈano lˈaʔud .
Ti Lao, kasla met dagiti sabali a pagsasao idiay Laos, ket naisurat iti maysa nga abugida a sinuratan a Lao. Uray no awan ti opisial a pagalagadan, ti dialekto a Vientiane ket nagbalin nga isun ti de facto a pagalagadan.	tˈi lˈaʔo , kˈasla mˈɛt daɡˈiti sabˈali ʔˈa paɡsasˈaʔo ʔidjˈaj lˈaʔos , kˈɛt naʔisˈuɾat ʔˈiti mˈajsa ŋˈa ʔabuɡˈida ʔˈa sinuɾˈatan ʔˈa lˈaʔo . ʔˈuɾaj nˈo ʔawˈan tˈi ʔopˈisjal ʔˈa paɡalaɡˈadan , tˈi djalˈɛkto ʔˈa bjɛntjˈanɛ kˈɛt naɡbˈalin ŋˈa ʔˈisun tˈi dˈɛ pˈakto ʔˈa paɡalaɡˈadan .
Rōmaji sōdan shitsu - aglaon iti maysa nga adu ket husto nga urnong dagiti material a mainaig iti rōmaji, mairaman dagiti pagalagadan dagiti dokumento ken dagiti bersion ti HTML dagiti kasisigud a diksionario ti Hepburn.	ɾomˈahi sˈodan shˈit͡su ʔaɡlˈaʔon ʔˈiti mˈajsa ŋˈa ʔˈadu kˈɛt hˈusto ŋˈa ʔˈuɾnoŋ daɡˈiti matˈɛɾjal ʔˈa maʔinˈaʔiɡ ʔˈiti ɾomˈahi , maʔiɾˈaman daɡˈiti paɡalaɡˈadan daɡˈiti dokumˈɛnto kˈɛn daɡˈiti bˈɛɾsjon tˈi html daɡˈiti kasisˈiɡud ʔˈa diksjonˈaɾjo tˈi hˈɛpbuɾn .
Kategoria:Dagiti bagi ti danum ti Eritrea	katɛɡˈoɾja , daɡˈiti bˈaɡi tˈi danˈum tˈi ʔɛɾitɾˈɛʔa
Agatateng dagiti Kanakanavu kadagiti dua a purok ti Manga ken Takanua idiay Distrito ti Namasia (dati nga Ili ti Sanmin), Kaohsiung.	ʔaɡatˈatɛŋ daɡˈiti kanakanˈabu kadaɡˈiti dwˈa ʔˈa pˈuɾok tˈi mˈaŋa kˈɛn takˈanwa ʔidjˈaj distɾˈito tˈi namˈasja dˈati ŋˈa ʔˈili tˈi sˈanmin , kaʔˈohsjuŋ .
Ti probinsia ket addaan iti kalawa iti 147,307 km² nga addaan iti nairehistro a populasion iti 4,395,983 manipud iti sesno idi 2010. Dagiti grupo ti etniko ket mairaman ti Dayak, Malayo, Insik, Habanes, Bugis, ken Madures. Ti kadian a karkulo ti populasion (manipud idi Enero 2014) ket 4,546,439.	tˈi pɾobˈinsja kˈɛt ʔaddˈaʔan ʔˈiti kalˈawa ʔˈiti saŋaɡˈasut kˈɛt ʔˈuppat ʔˈa pˈulo kˈɛt pˈito ʔˈa ɾˈibo kˈɛt talloɡˈasut kˈɛt pˈito kwadɾˈado kilomˈɛtɾo ŋˈa ʔaddˈaʔan ʔˈiti naʔiɾɛhˈistɾo ʔˈa populˈasjon ʔˈiti ʔˈuppat ʔˈa ɾˈiwɾiw kˈɛt talloɡˈasut kˈɛt sjˈam ʔˈa pˈulo kˈɛt lˈima ʔˈa ɾˈibo kˈɛt sjˈam ʔˈa ɡasˈut kˈɛt walopˈulo kˈɛt tˈallo manˈipud ʔˈiti sˈɛsno ʔˈidi dwaɾˈibo kˈɛt saŋapˈulo . daɡˈiti ɡɾˈupo tˈi ʔɛtnˈiko kˈɛt maʔiɾˈaman tˈi dˈajak , malˈajo , ʔˈinsik , habˈanɛs , bˈuɡis , kˈɛn madˈuɾɛs . tˈi kˈadjan ʔˈa kaɾkˈulo tˈi populˈasjon manˈipud ʔˈidi ʔɛnˈɛɾo dwaɾˈibo kˈɛt saŋapˈulo kˈɛt ʔˈuppat kˈɛt ʔˈuppat ʔˈa ɾˈiwɾiw kˈɛt limaɡˈasut kˈɛt ʔˈuppat ʔˈa pˈulo kˈɛt ʔinnˈɛm ʔˈa ɾˈibo kˈɛt ʔˈuppat ʔˈa ɡasˈut kˈɛt tallopˈulo kˈɛt sjˈam .
Ti pagsasao nga Andarum ket ti pagsasao a Ramu ti Papua Baro a Guinea. No maikuyog iti asideg a kabagian a Kanggape, adda dagiti nga agsasao idi 1981.	tˈi paɡsasˈaʔo ŋˈa ʔandˈaɾum kˈɛt tˈi paɡsasˈaʔo ʔˈa ɾˈamu tˈi pˈapwa baɾˈo ʔˈa ɡinˈɛʔa . nˈo maʔikˈujoɡ ʔˈiti ʔasˈidɛɡ ʔˈa kabˈaɡjan ʔˈa kaŋɡˈapɛ , addˈa daɡˈiti ŋˈa ʔaɡsasˈaʔo ʔˈidi saŋaɾˈibo kˈɛt sjˈam ʔˈa ɡasˈut kˈɛt walopˈulo kˈɛt mˈajsa .
Adda dagiti kognado a mangikapet kadagiti pagsasao ket dagiti sumaganad. Adda pay dagiti binulod a balikas a kadawyan iti Pyu.	addˈa daɡˈiti koɡnˈado ʔˈa maŋikˈapɛt kadaɡˈiti paɡsasˈaʔo kˈɛt daɡˈiti sumaɡˈanad . addˈa pˈaj daɡˈiti binˈulod ʔˈa balikˈas ʔˈa kadˈawjan ʔˈiti pjˈu .
Abril 1, 1948 – Nainkorporado ti parte ti Ili ti Makubetsu iti Purok ti Taisho ken Purok ti Sarabetsu, Distrito ti Kasai	ʔabɾˈil mˈajsa , saŋaɾˈibo kˈɛt sjˈam ʔˈa ɡasˈut kˈɛt ʔˈuppat ʔˈa pˈulo kˈɛt wˈalo naʔinkoɾpoɾˈado tˈi pˈaɾtɛ tˈi ʔˈili tˈi makubˈɛt͡su ʔˈiti pˈuɾok tˈi taʔˈisho kˈɛn pˈuɾok tˈi saɾabˈɛt͡su , distɾˈito tˈi kasˈaʔi
1914: Naiyakar ti kapitolio ti Subprepektura ti Mashike Subprefecture manipud iti Mashike iti Rumoi ken nabaliwan ti nagan ti Subprepektura ti Mashike iti Subprepektura ti Rumoi.	saŋaɾˈibo kˈɛt sjˈam ʔˈa ɡasˈut kˈɛt saŋapˈulo kˈɛt ʔˈuppat , naʔijˈakaɾ tˈi kapitˈoljo tˈi subpɾɛpɛktˈuɾa tˈi mashˈikɛ subpɾɛpɛktˈuɾɛ manˈipud ʔˈiti mashˈikɛ ʔˈiti ɾumˈoʔi kˈɛn nabalˈiwan tˈi nˈaɡan tˈi subpɾɛpɛktˈuɾa tˈi mashˈikɛ ʔˈiti subpɾɛpɛktˈuɾa tˈi ɾumˈoʔi .
Agdumaduma ti morolohia ti Malvales, nga agraman kadagiti bassit a kadawyan a pakailasinan. Kadagitoy a kaaduan a kadawyan a masarsarakan ket dagiti palmato, dagiti konado a sepalo, ken ti maysa a naiduma nga estruktura ken komposion iti kemikal dagiti bukel. Ti cortex ket masansan a naammurat, a naaramid iti naalumaymay a tuon ti ploema.	ʔaɡdumadˈuma tˈi moɾolˈohja tˈi malbˈalɛs , ŋˈa ʔaɡɾˈaman kadaɡˈiti bassˈit ʔˈa kadˈawjan ʔˈa pakaʔilasˈinan . kadaɡˈitoj ʔˈa kaʔˈadwan ʔˈa kadˈawjan ʔˈa masaɾsaɾˈakan kˈɛt daɡˈiti palmˈato , daɡˈiti konˈado ʔˈa sɛpˈalo , kˈɛn tˈi mˈajsa ʔˈa naʔidˈuma ŋˈa ʔɛstɾuktˈuɾa kˈɛn kompˈosjon ʔˈiti kɛmˈikal daɡˈiti bˈukɛl . tˈi kˈoɾtɛks kˈɛt masˈansan ʔˈa naʔammˈuɾat , ʔˈa naʔaɾˈamid ʔˈiti naʔalumˈajmaj ʔˈa twˈon tˈi ploʔˈɛma .
Ti Siayan ket addaan iti kangato iti 538 ft (164 m) ken nailista a kas maysa a di aktibo a bulkan babaen ti Instituto ti Filipinas iti Bulkanolohia ken Sismolohia.	tˈi sjˈajan kˈɛt ʔaddˈaʔan ʔˈiti kaŋˈato ʔˈiti limaɡˈasut kˈɛt tallopˈulo kˈɛt wˈalo pjˈɛ saŋaɡˈasut kˈɛt ʔinnˈɛm ʔˈa pˈulo kˈɛt ʔˈuppat mˈɛtɾo kˈɛn naʔilˈista ʔˈa kˈas mˈajsa ʔˈa dˈi ʔaktˈibo ʔˈa bˈulkan babˈaʔɛn tˈi ʔinstitˈuto tˈi pilipˈinas ʔˈiti bulkanolˈohja kˈɛn sismolˈohja .
Ti Miconia campii ket ti sebbangan ti mula iti pamilia ti Melastomataceae. Daytoy ket endemiko iti Ecuador. Ti masna a habitatna ket dagiti subtropikal wenno tropikal a nadam-eg a bakir ti bantay wenno dagiti subtropikal wenno tropikal a nangato a karuotan.	tˈi mikˈonja kˈampji kˈɛt tˈi sɛbbˈaŋan tˈi mˈula ʔˈiti pamˈilja tˈi mɛlastomatakɛʔˈaʔɛ . dˈajtoj kˈɛt ʔɛndɛmˈiko ʔˈiti ʔɛkwˈadoɾ . tˈi mˈasna ʔˈa habitˈatna kˈɛt daɡˈiti subtɾopˈikal wɛnnˈo tɾopˈikal ʔˈa nadˈamʔɛɡ ʔˈa bˈakiɾ tˈi bantˈaj wɛnnˈo daɡˈiti subtɾopˈikal wɛnnˈo tɾopˈikal ʔˈa naŋˈato ʔˈa kaɾwˈotan .
Ti Pouteria glauca ket ti sebbangan ti mula iti pamilia ti Sapotaceae. Daytoy ket endemiko iti Peru. Daytoy ket nailista a kas "madanar" iiti maipangta a sebbangan ti listaan iti kaatapan.	tˈi poʔutˈɛɾja ɡlaʔˈuka kˈɛt tˈi sɛbbˈaŋan tˈi mˈula ʔˈiti pamˈilja tˈi sapotakɛʔˈaʔɛ . dˈajtoj kˈɛt ʔɛndɛmˈiko ʔˈiti pˈɛɾu . dˈajtoj kˈɛt naʔilˈista ʔˈa kˈas madˈanaɾ jˈiti maʔipˈaŋta ʔˈa sɛbbˈaŋan tˈi listˈaʔan ʔˈiti kaʔatˈapan .
Ti Guihaiothamnus ket ti monotipiko a henero dagiti agsabsabong a mula iti pamilia ti Rubiaceae. Aglaon laeng ti henero ti maysa a sebbangan, viz. Guihaiothamnus acaulis, a mabirukan laeng iti Kondado ti Rongshui iti akin-abagatan a Tsina.	tˈi ɡihaʔiʔothˈamnus kˈɛt tˈi monotipˈiko ʔˈa hɛnˈɛɾo daɡˈiti ʔaɡsabsˈaboŋ ʔˈa mˈula ʔˈiti pamˈilja tˈi ɾubjakɛʔˈaʔɛ . ʔaɡlˈaʔon lˈaʔɛŋ tˈi hɛnˈɛɾo tˈi mˈajsa ʔˈa sɛbbˈaŋan , bˈis . ɡihaʔiʔothˈamnus ʔakaʔˈulis , ʔˈa mabiɾˈukan lˈaʔɛŋ ʔˈiti kondˈado tˈi ɾˈoŋshwi ʔˈiti ʔakinʔabaɡˈatan ʔˈa t͡sˈina .
Ti Uncaria gambir, ti gambier wenno gambir, ket ti sebbangan ti mula iti henero ti Uncaria a mabirukan iti Abagatan a daya nga Asia, a nangruna iti Malaysia ken Indonesia.	tˈi ʔunkˈaɾja ɡˈambiɾ , tˈi ɡˈambjɛɾ wɛnnˈo ɡˈambiɾ , kˈɛt tˈi sɛbbˈaŋan tˈi mˈula ʔˈiti hɛnˈɛɾo tˈi ʔunkˈaɾja ʔˈa mabiɾˈukan ʔˈiti ʔabaɡˈatan ʔˈa dˈaja ŋˈa ʔˈasja , ʔˈa naŋɾˈuna ʔˈiti malˈajsja kˈɛn ʔindonˈɛsja .
Mabirukan daytoy kadagiti biorehion ti Tengnga a Kimberley, Dampierland, Gulf Fall and Uplands, Akin-amianan a Kimberley, Ord Victoria Plain, Pine Creek, Victoria Bonaparte iti Akin-amianan a Teritorio.,	mabiɾˈukan dˈajtoj kadaɡˈiti bjoɾˈɛhjon tˈi tˈɛŋŋa ʔˈa kimbˈɛɾlɛj , dampjˈɛɾland , ɡˈulp pˈall ʔˈand ʔˈuplands , ʔakinʔamjˈanan ʔˈa kimbˈɛɾlɛj , ʔˈoɾd biktˈoɾja plˈaʔin , pˈinɛ kɾˈɛʔɛk , biktˈoɾja bonapˈaɾtɛ ʔˈiti ʔakinʔamjˈanan ʔˈa tɛɾitˈoɾjo ,
Ti Chinese Filipino a bilyonaryo ken negosyante nga ni Lucio Tan ti gumatang iti daga idi 2007 ngem saan nga immay agyan iti lugar kada panagpasyar na idiay Baguio. Idi kas imbesna, pinareparar ken pinapintasna dayta babaen ti usto a panangmantener, ken inaramidna a pasyalan. Manipud idi, naiyawan ti balay para iti publiko.	tˈi khinˈɛsɛ pilipˈino ʔˈa biljonˈaɾjo kˈɛn nɛɡosjˈantɛ ŋˈa nˈi lˈukjo tˈan tˈi ɡumˈataŋ ʔˈiti daɡˈa ʔˈidi dwaɾˈibo kˈɛt pˈito ŋˈɛm sˈaan ŋˈa ʔˈimmaj ʔˈaɡjan ʔˈiti lˈuɡaɾ kˈada panaɡpˈasjaɾ nˈa ʔidjˈaj baɡjˈo . ʔˈidi kˈas ʔimbˈɛsna , pinaɾɛpˈaɾaɾ kˈɛn pinapintˈasna dˈajta babˈaʔɛn tˈi ʔˈusto ʔˈa panaŋmantˈɛnɛɾ , kˈɛn ʔinaɾamˈidna ʔˈa pasjˈalan . manˈipud ʔˈidi , naʔijˈawan tˈi balˈaj pˈaɾa ʔˈiti publˈiko .
Ti Aringay ket maysa nga ili iti probinsia ti La Union, Filipinas. Nailasin daytoy a kas maikadua a klase a munisipalidad. Nakadisso iti 16°Am 26', 120°Dy 21' (Am=amianan; Dy=daya). Nakaariping dagiti il-ili iti Caba ken Burgos idiay amianan, Agoo iti abagatan, dagiti banbantay iti Kordiliera Sentral iti daya, ken iti Baybay Abagatan a Tsína ti laud.	tˈi ʔaɾiŋɡˈaj kˈɛt mˈajsa ŋˈa ʔˈili ʔˈiti pɾobˈinsja tˈi lˈa ʔˈunjon , pilipˈinas . naʔilˈasin dˈajtoj ʔˈa kˈas maʔikˈadwa ʔˈa klˈasɛ ʔˈa munisipalˈidad . nakadˈisso ʔˈiti saŋapˈulo kˈɛt ʔinnˈɛm ɡɾˈado ʔˈam dwapˈulo kˈɛt ʔinnˈɛm ʔ , saŋaɡˈasut kˈɛt dwapˈulo ɡɾˈado dj dwapˈulo kˈɛt mˈajsa ʔ ʔˈam ʔamjˈanan , dj dˈaja . nakaʔaɾˈipiŋ daɡˈiti ʔilʔˈili ʔˈiti kˈaba kˈɛn bˈuɾɡos ʔidjˈaj ʔamjˈanan , ʔaɡˈoʔo ʔˈiti ʔabaɡˈatan , daɡˈiti banbˈantaj ʔˈiti koɾdiljˈɛɾa sˈɛntɾal ʔˈiti dˈaja , kˈɛn ʔˈiti baibˈai ʔabaɡˈatan ʔˈa t͡sˈina tˈi lˈaʔud .
Idi maika-18 a siglo, nagtipon iti Espania ken Pransia a nangsupiat iti Britania iti masasao a Pito a Tawen a Gubat. Sinakup dagiti Briton ti Manila idi 1762 ket daytoy ti nangsegged iti riribuk kadagiti probinsia iti amianan kas iti Ilokos ken Cagayan. Maigapu itoy, nakaro ti rurod ken gura dagiti gangganaet a Kastila.	ʔˈidi maʔˈika saŋapˈulo kˈɛt wˈalo ʔˈa sˈiɡlo , naɡtˈipon ʔˈiti ʔɛspˈanja kˈɛn pɾˈansja ʔˈa naŋsˈupjat ʔˈiti bɾitˈanja ʔˈiti masasˈaʔo ʔˈa pˈito ʔˈa tawˈɛn ʔˈa ɡubˈat . sinˈakup daɡˈiti bɾˈiton tˈi manˈila ʔˈidi saŋaɾˈibo kˈɛt pitoɡˈasut kˈɛt ʔinnˈɛm ʔˈa pˈulo kˈɛt dwˈa kˈɛt dˈajtoj tˈi naŋsˈɛɡɡɛd ʔˈiti ɾiɾˈibuk kadaɡˈiti pɾobˈinsja ʔˈiti ʔamjˈanan kˈas ʔˈiti ʔilˈokos kˈɛn kaɡajˈan . maʔiɡˈapu ʔˈitoj , nakˈaɾo tˈi ɾˈuɾod kˈɛn ɡˈuɾa daɡˈiti ɡaŋɡanˈaʔɛt ʔˈa kastˈila .
Maysa a gayyemna, ni Miguel Vicos, mestiso a Kastila ken Ilokano, ti nangbagkong ken ni Silang idi 1763 a nakatayanna. Binayadan iti Simbaan a Katoliko Romano ni Vicos a mangpatay ken ni Silang.	mˈajsa ʔˈa ɡajjˈɛmna , nˈi mˈiɡel bˈikos , mɛstˈiso ʔˈa kastˈila kˈɛn ʔilokˈano , tˈi naŋbˈaɡkoŋ kˈɛn nˈi sˈilaŋ ʔˈidi saŋaɾˈibo kˈɛt pitoɡˈasut kˈɛt ʔinnˈɛm ʔˈa pˈulo kˈɛt tˈallo ʔˈa nakatajˈanna . binajˈadan ʔˈiti simbˈaan ʔˈa katolˈiko ɾomˈano nˈi bˈikos ʔˈa maŋpˈataj kˈɛn nˈi sˈilaŋ .
Pinutarna ti "Sonata Do sostenido minor Opus 27/2" (Moonlight)	pinutˈaɾna tˈi sonˈata dˈo sostɛnˈido mˈinoɾ ʔˈopus dwapˈulo kˈɛt pˈito dwˈa moʔˈonliɡht
Madayaw a Produksion {Saan nga ofisial a nominasion, kuna iti Academia para ti 1928/29}	madˈajaw ʔˈa pɾodˈuksjon sˈaan ŋˈa ʔopˈisjal ʔˈa nominˈasjon , kˈuna ʔˈiti ʔakadˈɛmja pˈaɾa tˈi saŋaɾˈibo kˈɛt sjˈam ʔˈa ɡasˈut kˈɛt dwapˈulo kˈɛt wˈalo dwapˈulo kˈɛt sjˈam
Isuda a dua ti Karayan Magat ken Chico ket addaan kadagiti nawatiwat a pagayusan a luglugar a mangbukel ti agarup a 1/3 iti sibubukel a labneng.	isˈuda ʔˈa dwˈa tˈi kaɾˈajan mˈaɡat kˈɛn khˈiko kˈɛt ʔaddˈaʔan kadaɡˈiti nawatˈiwat ʔˈa paɡajˈusan ʔˈa luɡlˈuɡaɾ ʔˈa maŋbˈukɛl tˈi ʔaɡˈaɾup ʔˈa mˈajsa tˈallo ʔˈiti sibubˈukɛl ʔˈa lˈabnɛŋ .
No maipapan iti relihion, ipakita ti 2020 census para iti Religious Affiliation iti Rehion ti Ilocos a ti populasion ti sangakabbalayan ti La Union ket kaaduan a Kristiano, a dagiti Romano Katoliko ket buklen ti 16.0% ti populasion (695,867 a tattao). Ti Iglesia ni Cristo ket addaan iti 23,374 a miembro, ti Islam ket addaan iti 1,932 a sumursurot (15.49%), ken ti Budismo ket addaan iti 24.96%.	nˈo maʔipˈapan ʔˈiti ɾɛlˈihjon , ʔipakˈita tˈi dwaɾˈibo kˈɛt dwapˈulo kˈɛnsus pˈaɾa ʔˈiti ɾɛliɡjˈoʔus ʔappiljˈatjon ʔˈiti ɾˈɛhjon tˈi ʔilˈokos ʔˈa tˈi populˈasjon tˈi saŋakabbalˈajan tˈi lˈa ʔˈunjon kˈɛt kaʔˈadwan ʔˈa kɾistjˈano , ʔˈa daɡˈiti ɾomˈano katolˈiko kˈɛt bˈuklɛn tˈi saŋapˈulo kˈɛt ʔinnˈɛm pˈunto sˈɛɾo poɾsjˈɛnto tˈi populˈasjon ʔinnˈɛm ʔˈa ɡasˈut kˈɛt sjˈam ʔˈa pˈulo kˈɛt lˈima ʔˈa ɾˈibo kˈɛt waloɡˈasut kˈɛt ʔinnˈɛm ʔˈa pˈulo kˈɛt pˈito ʔˈa tattˈaʔo . tˈi ʔiɡlˈɛsja nˈi kɾˈisto kˈɛt ʔaddˈaʔan ʔˈiti dwapˈulo kˈɛt tˈallo ʔˈa ɾˈibo kˈɛt talloɡˈasut kˈɛt pitopˈulo kˈɛt ʔˈuppat ʔˈa mjˈɛmbɾo , tˈi ʔˈislam kˈɛt ʔaddˈaʔan ʔˈiti saŋaɾˈibo kˈɛt sjˈam ʔˈa ɡasˈut kˈɛt tallopˈulo kˈɛt dwˈa ʔˈa sumuɾsˈuɾot saŋapˈulo kˈɛt lˈima pˈunto ʔˈuppat sjˈam poɾsjˈɛnto , kˈɛn tˈi budˈismo kˈɛt ʔaddˈaʔan ʔˈiti dwapˈulo kˈɛt ʔˈuppat pˈunto sjˈam ʔinnˈɛm poɾsjˈɛnto .
Dagiti probinsia ti Rehion ti Ilocos ket isu ti naipakasaritaan a pagilian dagiti Ilokano a mairaman ti dati a Presidente ti Filipinas a ni Ferdinand Marcos. Dagiti Ilokano ket mangbukel iti 66% iti rehion, dagiti Pangasinense ket mangbukel iti 27%, ken dagiti Tgalog ket mangbukel iti e%.	daɡˈiti pɾobˈinsja tˈi ɾˈɛhjon tˈi ʔilˈokos kˈɛt isˈu tˈi naʔipakasaɾitˈaʔan ʔˈa paɡˈiljan daɡˈiti ʔilokˈano ʔˈa maʔiɾˈaman tˈi dˈati ʔˈa pɾɛsidˈɛntɛ tˈi pilipˈinas ʔˈa nˈi pɛɾdˈinand mˈaɾkos . daɡˈiti ʔilokˈano kˈɛt maŋbˈukɛl ʔˈiti ʔinnˈɛm ʔˈa pˈulo kˈɛt ʔinnˈɛm poɾsjˈɛnto ʔˈiti ɾˈɛhjon , daɡˈiti paŋasinˈɛnsɛ kˈɛt maŋbˈukɛl ʔˈiti dwapˈulo kˈɛt pˈito poɾsjˈɛnto , kˈɛn daɡˈiti tɡˈaloɡ kˈɛt maŋbˈukɛl ʔˈiti ʔˈɛ .
Ti pannakaiwarwaras ti tignay ti ekonomia iti rehion ket mabalin a makita manipud iti panagsingir ti rentas ti buis iti nailian a gobierno. Ti kaaduan kadagiti panagsingir ket agtaud manipud iti Pangasinan, a nangited ti 61% iti kadagupan.	tˈi pannakaʔiwaɾwˈaɾas tˈi tˈiɡnaj tˈi ʔɛkonˈomja ʔˈiti ɾˈɛhjon kˈɛt mabˈalin ʔˈa makˈita manˈipud ʔˈiti panaɡsˈiŋiɾ tˈi ɾˈɛntas tˈi bwˈis ʔˈiti naʔˈiljan ʔˈa ɡobjˈɛɾno . tˈi kaʔˈadwan kadaɡˈiti panaɡsˈiŋiɾ kˈɛt ʔaɡtˈaʔud manˈipud ʔˈiti paŋasˈinan , ʔˈa naŋˈitɛd tˈi ʔinnˈɛm ʔˈa pˈulo kˈɛt mˈajsa poɾsjˈɛnto ʔˈiti kadaɡˈupan .
Idi 1934, maysa a miembro ni Quirino iti delegasion a napan idiay Washington, D.C., nga indauluan ni Manuel Quezon, a nangipasa iti Tulag a Tydings-McDuffie iti Kongreso ti Estados Unidos. Daytoy a paglintegan ti nangisaad iti aldaw ti panagwaywayas iti Filipinas no dumteng ti 1945. Nagbalin nga opisial daytoy nga aldaw idi Hulio 4, 1946.	ʔˈidi saŋaɾˈibo kˈɛt sjˈam ʔˈa ɡasˈut kˈɛt tallopˈulo kˈɛt ʔˈuppat , mˈajsa ʔˈa mjˈɛmbɾo nˈi kiɾˈino ʔˈiti dɛlɛɡˈasjon ʔˈa nˈapan ʔidjˈaj washˈiŋton , d . k , ŋˈa ʔindaʔˈulwan nˈi mˈanwɛl kesˈon , ʔˈa naŋipˈasa ʔˈiti tˈulaɡ ʔˈa tjdiŋsʔmkdˈuppjɛ ʔˈiti koŋɾˈɛso tˈi ʔɛstˈados ʔunˈidos . dˈajtoj ʔˈa paɡlintˈɛɡan tˈi naŋisˈaʔad ʔˈiti ʔaldˈaw tˈi panaɡwajwˈajas ʔˈiti pilipˈinas nˈo dˈumtɛŋ tˈi saŋaɾˈibo kˈɛt sjˈam ʔˈa ɡasˈut kˈɛt ʔˈuppat ʔˈa pˈulo kˈɛt lˈima . naɡbˈalin ŋˈa ʔopˈisjal dˈajtoj ŋˈa ʔaldˈaw ʔˈidi hˈuljo ʔˈuppat , saŋaɾˈibo kˈɛt sjˈam ʔˈa ɡasˈut kˈɛt ʔˈuppat ʔˈa pˈulo kˈɛt ʔinnˈɛm .
Kuna ti 2004 nga Gallup poll, kas 44 porsiento dagiti Amerikano ket minagsimba uray maminsan laeng iti lawas. Daytoy ket kadkadaywan kadagiti agnaed ti makuna nga "bible belt" iti umabagatan ken agpatengnga nga es-estado iti E.U.A. Dagiti Baptista ket kadakkelan nga grupo idiay abagatan, santo dagiti Metodista. Dagiti Romano Katoliko ket kaaduan idiay amianan-daya.	kˈuna tˈi dwaɾˈibo kˈɛt ʔˈuppat ŋˈa ɡˈallup pˈoll , kˈas ʔˈuppat ʔˈa pˈulo kˈɛt ʔˈuppat poɾsjˈɛnto daɡˈiti ʔamɛɾikˈano kˈɛt minaɡsˈimba ʔˈuɾaj mamˈinsan lˈaʔɛŋ ʔˈiti lˈawas . dˈajtoj kˈɛt kadkadˈajwan kadaɡˈiti ʔaɡnˈaʔɛd tˈi makˈuna ŋˈa bˈiblɛ bˈɛlt ʔˈiti ʔumabaɡˈatan kˈɛn ʔaɡpatˈɛŋŋa ŋˈa ʔɛsʔɛstˈado ʔˈiti ʔˈɛ . ʔˈu . ʔˈa . daɡˈiti baptˈista kˈɛt kadakkˈɛlan ŋˈa ɡɾˈupo ʔidjˈaj ʔabaɡˈatan , sˈanto daɡˈiti mɛtodˈista . daɡˈiti ɾomˈano katolˈiko kˈɛt kaʔˈadwan ʔidjˈaj ʔamjananʔdˈaja .
Intuloy ni asawana a ni Gabriela Silang ti laban ni Diego ngem rinaut dagiti Kastila ket natiliw. Binitayda ni Gabriela agraman agsangagasut a kakaduana idi Septiembre 20, 1763 idiay tengnga ti Vigan.	ʔintˈuloj nˈi ʔasawˈana ʔˈa nˈi ɡabɾjˈɛla sˈilaŋ tˈi lˈaban nˈi djˈɛɡo ŋˈɛm ɾinˈaʔut daɡˈiti kastˈila kˈɛt natˈiliw . binitˈajda nˈi ɡabɾjˈɛla ʔaɡɾˈaman ʔaɡsaŋaɡˈasut ʔˈa kakadwˈana ʔˈidi sɛptjˈɛmbɾɛ dwapˈulo , saŋaɾˈibo kˈɛt pitoɡˈasut kˈɛt ʔinnˈɛm ʔˈa pˈulo kˈɛt tˈallo ʔidjˈaj tˈɛŋŋa tˈi bˈiɡan .
Makatawen kalpasan a pinagbalin ni Adelantado Miguel Lopez de Legazpi ti Manila a kabesera ti Filipinas idi Hunio 24, 1571, rinugian dagiti Kastila ti kolonisasion iti Amianan a Luzon "tapno mapalpaliwaan dagiti tattao iti dayta".	makatˈawɛn kalpˈasan ʔˈa pinaɡbˈalin nˈi ʔadɛlantˈado mˈiɡel lˈopɛs dˈɛ lɛɡˈaspi tˈi manˈila ʔˈa kabɛsˈɛɾa tˈi pilipˈinas ʔˈidi hˈunjo dwapˈulo kˈɛt ʔˈuppat , saŋaɾˈibo kˈɛt limaɡˈasut kˈɛt pitopˈulo kˈɛt mˈajsa , ɾinˈuɡjan daɡˈiti kastˈila tˈi kolonisˈasjon ʔˈiti ʔamjˈanan ʔˈa lˈuson tˈapno mapalpaliwˈaʔan daɡˈiti tattˈaʔo ʔˈiti dˈajta .
Dagiti bacteria iti kaaduan nga organismo it lubong, makita iti daga, danum, angin, ken kas sibibiag iti uneg ti nadumaduma nga ayup, mula, ken agsasabali nga organismo. Adu iti napeggad a makasakit. Kaaduan ken babassit unay, kas 0.5-5.0 μm iti kaatidogan, ngem adda met dagiti higante kasla iti Thiomargarita namibiensis ken Epulopiscium fishelsoni nga mabalinna labsan iti 0.5 mm.	daɡˈiti baktˈɛɾja ʔˈiti kaʔˈadwan ŋˈa ʔoɾɡanˈismo ʔˈit lˈuboŋ , makˈita ʔˈiti daɡˈa , danˈum , ʔˈaŋin , kˈɛn kˈas sibˈibjaɡ ʔˈiti ʔˈunɛɡ tˈi nadumadˈuma ŋˈa ʔˈajup , mˈula , kˈɛn ʔaɡsasabˈali ŋˈa ʔoɾɡanˈismo . ʔˈadu ʔˈiti napˈɛɡɡad ʔˈa makasˈakit . kaʔˈadwan kˈɛn babˈassit ʔˈunaj , kˈas sˈɛɾo pˈunto lˈima ʔaɡiŋɡˈana ʔˈiti lˈima pˈunto sˈɛɾo mi m ʔˈiti kaʔatidˈoɡan , ŋˈɛm addˈa mˈɛt daɡˈiti hiɡˈantɛ kˈasla ʔˈiti thjomaɾɡaɾˈita namibjˈɛnsis kˈɛn ʔɛpulopˈiskjum pishɛlsˈoni ŋˈa mabalˈinna lˈabsan ʔˈiti sˈɛɾo pˈunto lˈima milimˈɛtɾo .
Ti kolonisasion ti La Union iti Amerika ket nangrugi kalpasan ti Gubat ti Espaniol-Amerikano idi 1898 idi a ti Filipinas ket naited iti Estados Unidos babaen ti Tulag ti Paris. Kalpasan ti Gubat ti Filipino-Amerikano (1899-1902), ti La Union ket naorganisar manen babaen ti administrasion ti kolonia ti Amerika, a nangiturong kadagiti napateg a panagbalbaliw iti politika, ekonomia, ken kagimongan.	tˈi kolonisˈasjon tˈi lˈa ʔˈunjon ʔˈiti ʔamɛɾˈika kˈɛt naŋɾˈuɡi kalpˈasan tˈi ɡubˈat tˈi ʔɛspanjolʔamɛɾikˈano ʔˈidi saŋaɾˈibo kˈɛt waloɡˈasut kˈɛt sjˈam ʔˈa pˈulo kˈɛt wˈalo ʔˈidi ʔˈa tˈi pilipˈinas kˈɛt naʔˈitɛd ʔˈiti ʔɛstˈados ʔunˈidos babˈaʔɛn tˈi tˈulaɡ tˈi pˈaɾis . kalpˈasan tˈi ɡubˈat tˈi pilipinoʔamɛɾikˈano saŋaɾˈibo kˈɛt waloɡˈasut kˈɛt sjˈam ʔˈa pˈulo kˈɛt sjˈam ʔaɡiŋɡˈana ʔˈiti saŋaɾˈibo kˈɛt sjˈam ʔˈa ɡasˈut kˈɛt dwˈa , tˈi lˈa ʔˈunjon kˈɛt naʔoɾɡanˈisaɾ mˈanɛn babˈaʔɛn tˈi ʔadministɾˈasjon tˈi kolˈonja tˈi ʔamɛɾˈika , ʔˈa naŋitˈuɾoŋ kadaɡˈiti napˈatɛɡ ʔˈa panaɡbalbˈaliw ʔˈiti politˈika , ʔɛkonˈomja , kˈɛn kaɡimˈoŋan .
Ti Abagatan nga Aprika ket nairanggo a kas maysa a naitengngaan ti ngato ti matgedan nga ekomnomia babaen ti Banko ti Lubong. Adda daytoy ti kadakkelan nga ekonomia idiay Aprika, ken ti maika-28 a kadakkelan iti lubong. Agarup a pagkapat ti populasion ket awan trabahona ken agbibiag ti basbassit ngem US $1.25 ti maysa nga aldaw.	tˈi ʔabaɡˈatan ŋˈa ʔapɾˈika kˈɛt naʔiɾˈaŋɡo ʔˈa kˈas mˈajsa ʔˈa naʔitɛŋŋˈaʔan tˈi ŋˈato tˈi matɡˈɛdan ŋˈa ʔɛkomnˈomja babˈaʔɛn tˈi bˈanko tˈi lˈuboŋ . addˈa dˈajtoj tˈi kadakkˈɛlan ŋˈa ʔɛkonˈomja ʔidjˈaj ʔapɾˈika , kˈɛn tˈi maʔˈika dwapˈulo kˈɛt wˈalo ʔˈa kadakkˈɛlan ʔˈiti lˈuboŋ . ʔaɡˈaɾup ʔˈa paɡkˈapat tˈi populˈasjon kˈɛt ʔawˈan tɾabahˈona kˈɛn ʔaɡbˈibjaɡ tˈi basbˈassit ŋˈɛm ʔˈus mˈajsa pˈunto dwˈa lˈima dˈoljaɾ tˈi mˈajsa ŋˈa ʔaldˈaw .
Ti kultura nga Ilokano ket napno iti burburtia, dandaniw, pammagbaga, daldallot, salsala, bucanegan, ken sarsarita.	tˈi kultˈuɾa ŋˈa ʔilokˈano kˈɛt nˈapno ʔˈiti buɾbˈuɾtja , dandˈaniw , pammaɡbˈaɡa , daldˈallot , salsˈala , bukanˈɛɡan , kˈɛn saɾsaɾˈita .
Ti epiko a Biag ni Lam-ang ti nabati nga estoria a saan nalipatan dagiti Ilokano. Adu pay iti pampammati a naitawid iti Kailokuan ita, kas iti estoria ni Aran ken Angalo, ni Namarsua wenno Apo Lung-aw, a nangbukel iti lubong dagiti tao ken dadduma pay.	tˈi ʔɛpˈiko ʔˈa bjaɡ nˈi lˈamʔaŋ tˈi nabˈati ŋˈa ʔɛstˈoɾja ʔˈa sˈaan nalipˈatan daɡˈiti ʔilokˈano . ʔˈadu pˈaj ʔˈiti pampammˈati ʔˈa naʔitˈawid ʔˈiti kaʔilˈokwan ʔˈita , kˈas ʔˈiti ʔɛstˈoɾja nˈi ʔˈaɾan kˈɛn ʔaŋˈalo , nˈi namaɾswˈa wɛnnˈo ʔapˈo lˈuŋʔaw , ʔˈa naŋbˈukɛl ʔˈiti lˈuboŋ daɡˈiti tˈaʔo kˈɛn daddˈuma pˈaj .
ilocano.org - maysa a komunidad dagiti Ilokano	ʔilokˈano . ʔˈoɾɡ mˈajsa ʔˈa komunˈidad daɡˈiti ʔilokˈano
dadapilan.com - kangrunaan a portal ti literatura nga Iloko	dadapˈilan . kˈom kaŋɾunˈaʔan ʔˈa pˈoɾtal tˈi litɛɾatˈuɾa ŋˈa ʔilˈoko
Ti Ilocos Sur ket mabirukan iti igid a pantar iti Akin-amianan a Luzon. Nabeddengan babaen ti Ilocos Norte iti amianan, ti Abra iti amianan a daya, ti Mountain Province iti daya, ti Benguet iti abagtan a daya, ti La Union iti abagatan, ken ti Baybay Tsina iti laud. Ti kalawana a 2,579.58 kuadrado kilometro ket sakupen na ti agarup a 20.11% iti dagup a kalawa ti daga iti Rehion I.	tˈi ʔilˈokos sˈuɾ kˈɛt mabiɾˈukan ʔˈiti ʔˈiɡid ʔˈa pˈantaɾ ʔˈiti ʔakinʔamjˈanan ʔˈa lˈuson . nabɛddˈɛŋan babˈaʔɛn tˈi ʔilˈokos nˈoɾtɛ ʔˈiti ʔamjˈanan , tˈi ʔˈabɾa ʔˈiti ʔamjˈanan ʔˈa dˈaja , tˈi moʔuntˈaʔin pɾobˈinkɛ ʔˈiti dˈaja , tˈi bˈɛŋwɛt ʔˈiti ʔabˈaɡtan ʔˈa dˈaja , tˈi lˈa ʔˈunjon ʔˈiti ʔabaɡˈatan , kˈɛn tˈi baibˈai t͡sˈina ʔˈiti lˈaʔud . tˈi kalawˈana ʔˈa dwaɾˈibo kˈɛt limaɡˈasut kˈɛt pitopˈulo kˈɛt sjˈam pˈunto lˈima wˈalo kwadɾˈado kilomˈɛtɾo kˈɛt sakˈupɛn nˈa tˈi ʔaɡˈaɾup ʔˈa dwapˈulo pˈunto mˈajsa mˈajsa poɾsjˈɛnto ʔˈiti dˈaɡup ʔˈa kalˈawa tˈi daɡˈa ʔˈiti ɾˈɛhjon ʔˈi .
Amin nga porsiento ket nai-adjust kadagiti tattao nga saan manginagan iti relihionna, manipud 2.3% idi 1990 ket 5.4% idi 2001	ʔˈamin ŋˈa poɾsjˈɛnto kˈɛt naʔiʔˈadhust kadaɡˈiti tattˈaʔo ŋˈa sˈaan maŋinˈaɡan ʔˈiti ɾɛlihjˈonna , manˈipud dwˈa pˈunto tˈallo poɾsjˈɛnto ʔˈidi saŋaɾˈibo kˈɛt sjˈam ʔˈa ɡasˈut kˈɛt sjˈam ʔˈa pˈulo kˈɛt lˈima pˈunto ʔˈuppat poɾsjˈɛnto ʔˈidi dwaɾˈibo kˈɛt mˈajsa
Segun iti estadistika iti 2004 ti FAO, ti China ti agparparnuay iti 83% ti apit a kamote iti lubong babaen ti aganay 105,000,000 a tonelada a makali iti 4.9 milion nga ektaria a pagmulaan. Agarup kagudua ti apit a kamote dagiti Intsik ket maus-usar a pagpakan iti dingo.	sˈɛɡun ʔˈiti ʔɛstadistˈika ʔˈiti dwaɾˈibo kˈɛt ʔˈuppat tˈi pˈaʔo , tˈi khˈina tˈi ʔaɡpaɾpˈaɾnwaj ʔˈiti walopˈulo kˈɛt tˈallo poɾsjˈɛnto tˈi ʔˈapit ʔˈa kamˈotɛ ʔˈiti lˈuboŋ babˈaʔɛn tˈi ʔaɡˈanaj saŋaɡˈasut kˈɛt lˈima ʔˈa ɾˈiwɾiw ʔˈa tonɛlˈada ʔˈa makˈali ʔˈiti ʔˈuppat pˈunto sjˈam mˈiljon ŋˈa ʔɛktˈaɾja ʔˈa paɡmulˈaʔan . ʔaɡˈaɾup kaɡˈudwa tˈi ʔˈapit ʔˈa kamˈotɛ daɡˈiti ʔˈint͡sik kˈɛt maʔusʔˈusaɾ ʔˈa paɡpˈakan ʔˈiti dˈiŋo .
Gapu kadagiti epekto ti plata tektoniko, ti Taaw Pasipiko ket agdama a bumasbassit babaen ti agarup a maysa a pulgada iti tunggal maysa a tawen (2–3 cm/yr) kadagiti tallo a bangir, agarup nga agtengnga iti iti tinawen. Babaen iti pannakaigiddiat, ti Taaw Atlantiko ket dumakdakkel.	ɡˈapu kadaɡˈiti ʔɛpˈɛkto tˈi plˈata tɛktonˈiko , tˈi tˈaʔaw pasipˈiko kˈɛt ʔaɡdˈama ʔˈa bumasbˈassit babˈaʔɛn tˈi ʔaɡˈaɾup ʔˈa mˈajsa ʔˈa pulɡˈada ʔˈiti tˈuŋɡal mˈajsa ʔˈa tawˈɛn dwˈa ʔaɡiŋɡˈana ʔˈiti tˈallo sɛntimˈɛtɾo jɾ kadaɡˈiti tˈallo ʔˈa bˈaŋiɾ , ʔaɡˈaɾup ŋˈa ʔaɡtˈɛŋŋa ʔˈiti ʔˈiti tinˈawɛn . babˈaʔɛn ʔˈiti pannakaʔiɡˈiddjat , tˈi tˈaʔaw ʔatlantˈiko kˈɛt dumakdˈakkɛl .
Ti Cagayan ket maysa a probinsia iti Filipinas, iti Tanap ti Cagayan (Rehion II) iti Luzon. Masarakan iti amianan-a-daya a paset ti isla ti Luzon. Ti Siudad ti Tuguegarao ti kapitoliona. Paset met laeng ti Cagayan dagiti isla ti Babuyan iti amianan. Kaariping ti Cagayan dagiti probinsia ti Ilocos Norte ken Apayao iti laud, ken ti Kalinga ken Isabela iti abagatan.	tˈi kaɡajˈan kˈɛt mˈajsa ʔˈa pɾobˈinsja ʔˈiti pilipˈinas , ʔˈiti tˈanap tˈi kaɡajˈan ɾˈɛhjon dwˈa ʔˈiti lˈuson . masaɾˈakan ʔˈiti ʔamjananʔaʔdˈaja ʔˈa pˈasɛt tˈi ʔˈisla tˈi lˈuson . tˈi sjudˈad tˈi tuɡɛɡaɾˈaw tˈi kapitoljˈona . pˈasɛt mˈɛt lˈaʔɛŋ tˈi kaɡajˈan daɡˈiti ʔˈisla tˈi babˈujan ʔˈiti ʔamjˈanan . kaʔaɾˈipiŋ tˈi kaɡajˈan daɡˈiti pɾobˈinsja tˈi ʔilˈokos nˈoɾtɛ kˈɛn ʔapajˈaʔo ʔˈiti lˈaʔud , kˈɛn tˈi kalˈiŋa kˈɛn ʔisabˈɛla ʔˈiti ʔabaɡˈatan .
Dagiti kontribusion ti La Union iti arte ken kultura ti Pilipinas ket napateg, ta daytoy ti lugar a nakayanakan dagiti prominente a nailian a pigura a kas ti mannurat ken bayani iti Gubat Sangalubongan II a ni Manuel Arguilla ken ti Nailian nga Artista para iti Musika, ni Lucrecia Kasilag. Ti tawidda ket ad-adda pay a nangipaganetget ti kinabaknang ti kultura ken arte ti probinsia.	daɡˈiti kontɾibˈusjon tˈi lˈa ʔˈunjon ʔˈiti ʔˈaɾtɛ kˈɛn kultˈuɾa tˈi pilipˈinas kˈɛt napˈatɛɡ , tˈa dˈajtoj tˈi lˈuɡaɾ ʔˈa nakajanˈakan daɡˈiti pɾominˈɛntɛ ʔˈa naʔˈiljan ʔˈa piɡˈuɾa ʔˈa kˈas tˈi mannˈuɾat kˈɛn bajˈani ʔˈiti ɡubˈat saŋalubˈoŋan dwˈa ʔˈa nˈi mˈanwɛl ʔˈaɾɡilla kˈɛn tˈi naʔˈiljan ŋˈa ʔaɾtˈista pˈaɾa ʔˈiti musˈika , nˈi lukɾˈɛkja kasˈilaɡ . tˈi tawˈidda kˈɛt ʔadʔˈadda pˈaj ʔˈa naŋipaɡanˈɛtɡɛt tˈi kinabˈaknaŋ tˈi kultˈuɾa kˈɛn ʔˈaɾtɛ tˈi pɾobˈinsja .
Ti Nueva Vizcaya ket maysa a probinsia iti Filipinas a masarakan iti Tanap ti Cagayan (Rehion II) iti Luzon. Ti kapitoliona ket Bayombong. Kaarrubana dagiti probinsia ti Ifugao, Isabela, Quirino, Aurora, Nueva Ecija, Pangasinan ken Benguet.	tˈi nwˈɛba biskˈaja kˈɛt mˈajsa ʔˈa pɾobˈinsja ʔˈiti pilipˈinas ʔˈa masaɾˈakan ʔˈiti tˈanap tˈi kaɡajˈan ɾˈɛhjon dwˈa ʔˈiti lˈuson . tˈi kapitoljˈona kˈɛt bajˈomboŋ . kaʔaɾɾubˈana daɡˈiti pɾobˈinsja tˈi ʔipuɡˈaʔo , ʔisabˈɛla , kiɾˈino , ʔaʔuɾˈoɾa , nwˈɛba ʔɛkˈiha , paŋasˈinan kˈɛn bˈɛŋwɛt .
Ti Tanap ti Cagayan (Cagayan Valley) ket maysa kadagiti rehion ti Filipinas, a napusgan kas Rehion II wenno Rehion 02. Buklen ti lima a probinsia: Batanes, Cagayan, Isabela, Nueva Vizcaya, ken Quirino. Ti siudad ti Tuguegarao ti rehional a sentro ti Tanap ti Cagayan.	tˈi tˈanap tˈi kaɡajˈan kaɡajˈan bˈallɛj kˈɛt mˈajsa kadaɡˈiti ɾˈɛhjon tˈi pilipˈinas , ʔˈa napˈusɡan kˈas ɾˈɛhjon dwˈa wɛnnˈo ɾˈɛhjon dwˈa . bˈuklɛn tˈi lˈima ʔˈa pɾobˈinsja , batˈanɛs , kaɡajˈan , ʔisabˈɛla , nwˈɛba biskˈaja , kˈɛn kiɾˈino . tˈi sjudˈad tˈi tuɡɛɡaɾˈaw tˈi ɾɛhjˈonal ʔˈa sˈɛntɾo tˈi tˈanap tˈi kaɡajˈan .
Piesta ti Diro - Ti Diro ket Ilocano a sao a kaipapananna ti "honey" a mangirepresentar iti panagkaykaysa ken panagmaymaysa dagiti Bacnoteñans. "Maysa a Siudad, Maysa a Produkto" met daytoy ti Bacnotan iti sidong ti programa ti DTI. Dagiti opisial ken dagiti empleado manipud iti Head Office ken ti sanga ti Bacnotan ket nakipaset iti float parade ken nangibunong kadagiti regalo kadagiti residente.	pjˈɛsta tˈi dˈiɾo tˈi dˈiɾo kˈɛt ʔilokˈano ʔˈa sˈaʔo ʔˈa kaʔipapanˈanna tˈi hˈonɛj ʔˈa maŋiɾɛpɾɛsˈɛntaɾ ʔˈiti panaɡkajkˈajsa kˈɛn panaɡmajmˈajsa daɡˈiti baknotˈɛɲans . mˈajsa ʔˈa sjudˈad , mˈajsa ʔˈa pɾodˈukto mˈɛt dˈajtoj tˈi baknˈotan ʔˈiti sˈidoŋ tˈi pɾoɡɾˈama tˈi dtˈi . daɡˈiti ʔopˈisjal kˈɛn daɡˈiti ʔɛmplɛʔˈado manˈipud ʔˈiti hˈɛʔad ʔoppˈikɛ kˈɛn tˈi sˈaŋa tˈi baknˈotan kˈɛt nakipˈasɛt ʔˈiti plˈoʔat paɾˈadɛ kˈɛn naŋibˈunoŋ kadaɡˈiti ɾɛɡˈalo kadaɡˈiti ɾɛsidˈɛntɛ .
Paset iti maikadua a distrito ti La Union. Kuna ti senso 2010, 44,949 a tattao iti agnaed ti Aringay.	pˈasɛt ʔˈiti maʔikˈadwa ʔˈa distɾˈito tˈi lˈa ʔˈunjon . kˈuna tˈi sˈɛnso dwaɾˈibo kˈɛt saŋapˈulo , ʔˈuppat ʔˈa pˈulo kˈɛt ʔˈuppat ʔˈa ɾˈibo kˈɛt sjˈam ʔˈa ɡasˈut kˈɛt ʔˈuppat ʔˈa pˈulo kˈɛt sjˈam ʔˈa tattˈaʔo ʔˈiti ʔaɡnˈaʔɛd tˈi ʔaɾiŋɡˈaj .
Ken manipud pay ti Gresia, ni Pedanius Dioscorides, iti tengnga ti umuna a siglo, ket nagsurat ti De Materia Medica, ti lima a tomo nga ensiklopedia a maipanggep kadagiti yerba a medisina a nawatiwat a nabasbasa para kadagiti sumurok a 1,500 a tawtawen.	kˈɛn manˈipud pˈaj tˈi ɡɾˈɛsja , nˈi pɛdˈanjus djoskoɾˈidɛs , ʔˈiti tˈɛŋŋa tˈi ʔumˈuna ʔˈa sˈiɡlo , kˈɛt naɡsˈuɾat tˈi dˈɛ matˈɛɾja mɛdˈika , tˈi lˈima ʔˈa tˈomo ŋˈa ʔɛnsiklopˈɛdja ʔˈa maʔipˈaŋɡɛp kadaɡˈiti jˈɛɾba ʔˈa mɛdisˈina ʔˈa nawatˈiwat ʔˈa nabasbˈasa pˈaɾa kadaɡˈiti sumˈuɾok ʔˈa saŋaɾˈibo kˈɛt limaɡˈasut ʔˈa tawtˈawɛn .
Ti topograpia iti Ilocos Sur ket maysa a kalsa agdaldalluyon ken agtultulid nga addaan ti kangatu nga agdakiwas manipud ti 10 aginggana ti 1,700 a metro iti ngato ti patar ti baybay.	tˈi topoɡɾˈapja ʔˈiti ʔilˈokos sˈuɾ kˈɛt mˈajsa ʔˈa kˈalsa ʔaɡdaldallˈujon kˈɛn ʔaɡtultˈulid ŋˈa ʔaddˈaʔan tˈi kaŋˈatu ŋˈa ʔaɡdakˈiwas manˈipud tˈi saŋapˈulo ʔaɡiŋɡˈana tˈi saŋaɾˈibo kˈɛt pitoɡˈasut ʔˈa mˈɛtɾo ʔˈiti ŋˈato tˈi pˈataɾ tˈi baibˈai .
Iti 2007 a senso, ti populasion ti Ilocos Sur ket 632,255. Ti Vigan, ket addan ti populasion a 47,246. Ti kapusekan ti populasion ket ti Siudad ti Candon nga addan ti populasion a 56,270.	ʔˈiti dwaɾˈibo kˈɛt pˈito ʔˈa sˈɛnso , tˈi populˈasjon tˈi ʔilˈokos sˈuɾ kˈɛt ʔinnˈɛm ʔˈa ɡasˈut kˈɛt tallopˈulo kˈɛt dwˈa ʔˈa ɾˈibo kˈɛt dwaɡˈasut kˈɛt limapˈulo kˈɛt lˈima . tˈi bˈiɡan , kˈɛt ʔˈaddan tˈi populˈasjon ʔˈa ʔˈuppat ʔˈa pˈulo kˈɛt pˈito ʔˈa ɾˈibo kˈɛt dwaɡˈasut kˈɛt ʔˈuppat ʔˈa pˈulo kˈɛt ʔinnˈɛm . tˈi kapusˈɛkan tˈi populˈasjon kˈɛt tˈi sjudˈad tˈi kˈandon ŋˈa ʔˈaddan tˈi populˈasjon ʔˈa limapˈulo kˈɛt ʔinnˈɛm ʔˈa ɾˈibo kˈɛt dwaɡˈasut kˈɛt pitopˈulo .
Ti UTC+08:00 ket panangilasin para iti timbengan ti oras manipud ti UTC iti +08:00. Iti ISO 8601 ti mainaig nga oras ket maisuratto a kas .	tˈi ʔˈutk wˈalo , sˈɛɾo kˈɛt panaŋilˈasin pˈaɾa ʔˈiti timbˈɛŋan tˈi ʔˈoɾas manˈipud tˈi ʔˈutk ʔˈiti wˈalo , sˈɛɾo . ʔˈiti ʔˈiso waloɾˈibo kˈɛt ʔinnˈɛm ʔˈa ɡasˈut kˈɛt mˈajsa tˈi maʔinˈaʔiɡ ŋˈa ʔˈoɾas kˈɛt maʔisuɾˈatto ʔˈa kˈas .
Ti La Union (Ingles: Province of La Union; Filipino: Lalawigan ng La Union), ket maysa a probinsia iti igid ti baybay iti Filipinas a mabirukan iti Rehion ti Ilocos (Rehion I) iti Luzon isla ti Luzon. Ti kapitolio ti probinsia, ti Siudad ti San Fernando, ket isu ti kaaduan ti populasion a siudad iti La Union ken agserbi a kas ti rehional a sentro ti Rehion ti Ilocos.	tˈi lˈa ʔˈunjon ʔˈiŋlɛs , pɾobˈinkɛ ʔˈop lˈa ʔˈunjon , pilipˈino , lalawˈiɡan ŋ lˈa ʔˈunjon , kˈɛt mˈajsa ʔˈa pɾobˈinsja ʔˈiti ʔˈiɡid tˈi baibˈai ʔˈiti pilipˈinas ʔˈa mabiɾˈukan ʔˈiti ɾˈɛhjon tˈi ʔilˈokos ɾˈɛhjon ʔˈi ʔˈiti lˈuson ʔˈisla tˈi lˈuson . tˈi kapitˈoljo tˈi pɾobˈinsja , tˈi sjudˈad tˈi sˈan pɛɾnˈando , kˈɛt isˈu tˈi kaʔˈadwan tˈi populˈasjon ʔˈa sjudˈad ʔˈiti lˈa ʔˈunjon kˈɛn ʔaɡsˈɛɾbi ʔˈa kˈas tˈi ɾɛhjˈonal ʔˈa sˈɛntɾo tˈi ɾˈɛhjon tˈi ʔilˈokos .
Ti Rehion ti Ilocos (maaw-awagan pay iti Kailokuan ken Ilokandia) ket maysa kadagiti rehion ti Filipinas, a napusgan a kas Rehion I wenno Rehion 01. Buklen daytoy ti uppat a probinsia: Ilocos Norte, Ilocos Sur, La Union ken Pangasinan. Ti siudad ti San Fernando ti rehional a sentro ti Rehion ti Ilocos.	tˈi ɾˈɛhjon tˈi ʔilˈokos maʔawʔawˈaɡan pˈaj ʔˈiti kaʔilˈokwan kˈɛn ʔilokˈandja kˈɛt mˈajsa kadaɡˈiti ɾˈɛhjon tˈi pilipˈinas , ʔˈa napˈusɡan ʔˈa kˈas ɾˈɛhjon ʔˈi wɛnnˈo ɾˈɛhjon mˈajsa . bˈuklɛn dˈajtoj tˈi ʔˈuppat ʔˈa pɾobˈinsja , ʔilˈokos nˈoɾtɛ , ʔilˈokos sˈuɾ , lˈa ʔˈunjon kˈɛn paŋasˈinan . tˈi sjudˈad tˈi sˈan pɛɾnˈando tˈi ɾɛhjˈonal ʔˈa sˈɛntɾo tˈi ɾˈɛhjon tˈi ʔilˈokos .
Adda met dagiti moderno a presidente ti Repbulika ti Filipinas a patubo ti rehion: ni Elpidio Quirino, Ferdinand Marcos, ken ni Fidel V. Ramos.	addˈa mˈɛt daɡˈiti modˈɛɾno ʔˈa pɾɛsidˈɛntɛ tˈi ɾɛpbulˈika tˈi pilipˈinas ʔˈa patˈubo tˈi ɾˈɛhjon , nˈi ʔɛlpˈidjo kiɾˈino , pɛɾdˈinand mˈaɾkos , kˈɛn nˈi pˈidɛl b . ɾˈamos .
Ti karayan ket addaan iti pagattianan a lugar iti agarup a 27,300 km². kadagiti probinsia ti Apayao, Aurora, Cagayan, Ifugao, Isabela, Kalinga, Mountain Province, Nueva Vizcaya, ken Quirino.	tˈi kaɾˈajan kˈɛt ʔaddˈaʔan ʔˈiti paɡattjˈanan ʔˈa lˈuɡaɾ ʔˈiti ʔaɡˈaɾup ʔˈa dwapˈulo kˈɛt pˈito ʔˈa ɾˈibo kˈɛt talloɡˈasut kwadɾˈado kilomˈɛtɾo . kadaɡˈiti pɾobˈinsja tˈi ʔapajˈaʔo , ʔaʔuɾˈoɾa , kaɡajˈan , ʔipuɡˈaʔo , ʔisabˈɛla , kalˈiŋa , moʔuntˈaʔin pɾobˈinkɛ , nwˈɛba biskˈaja , kˈɛn kiɾˈino .
Tapno maibagnos ti panagpapadis ti rukrukod ti agduduma a rehion a heograpikal, adtoy ti listaan ti dagiti kalawa iti nagbabaetan ti 1 km² (100 ektarias) ken 10 km² (1000 ektarias).	tˈapno maʔibˈaɡnos tˈi panaɡpapˈadis tˈi ɾukɾˈukod tˈi ʔaɡdudˈuma ʔˈa ɾˈɛhjon ʔˈa hɛʔoɡɾapˈikal , ʔˈadtoj tˈi listˈaʔan tˈi daɡˈiti kalˈawa ʔˈiti naɡbabaʔˈɛtan tˈi mˈajsa kwadɾˈado kilomˈɛtɾo saŋaɡˈasut ʔɛktˈaɾjas kˈɛn saŋapˈulo kwadɾˈado kilomˈɛtɾo saŋaɾˈibo ʔɛktˈaɾjas .
Ti Soolohia (Griego zoion = ayup ken logia = agadal) ket isu iti siensia nga nga maipanggep iti pinagadal iti biolohia dagiti ay-ayup.	tˈi soʔolˈohja ɡɾjˈɛɡo soʔˈiʔon ʔˈajup kˈɛn lˈoɡja ʔaɡˈadal kˈɛt isˈu ʔˈiti sjˈɛnsja ŋˈa ŋˈa maʔipˈaŋɡɛp ʔˈiti pinaɡˈadal ʔˈiti bjolˈohja daɡˈiti ʔajʔˈajup .
Iti Mikrobiolohia (Griego: mikron = bassit ken lohia = agadal) ket isu iti siensia nga mangadal kadagiti parsua a bassi-utit, kas bakteria (Bakteriolohia), birus (Virolohia), ken parasitoco (Parasitolohia). Adalenna pay dagiti prokaryote ken simple a eukaryote.	ʔˈiti mikɾobjolˈohja ɡɾjˈɛɡo , mˈikɾon bassˈit kˈɛn lˈohja ʔaɡˈadal kˈɛt isˈu ʔˈiti sjˈɛnsja ŋˈa maŋˈadal kadaɡˈiti paɾswˈa ʔˈa bassiʔˈutit , kˈas baktˈɛɾja baktɛɾjolˈohja , bˈiɾus biɾolˈohja , kˈɛn paɾasitˈoko paɾasitolˈohja . ʔadalˈɛnna pˈaj daɡˈiti pɾokaɾjˈotɛ kˈɛn sˈimplɛ ʔˈa ʔɛʔukaɾjˈotɛ .
acre = 160 a kuadrado a perch wenno 43,560 a kuadrado a pie = 4046.8564224 a kuadrado a metro	ʔˈakɾɛ saŋaɡˈasut kˈɛt ʔinnˈɛm ʔˈa pˈulo ʔˈa kwadɾˈado ʔˈa pˈɛɾkh wɛnnˈo ʔˈuppat ʔˈa pˈulo kˈɛt tˈallo ʔˈa ɾˈibo kˈɛt limaɡˈasut kˈɛt ʔinnˈɛm ʔˈa pˈulo ʔˈa kwadɾˈado ʔˈa pjˈɛ ʔˈuppat ʔˈa ɾˈibo kˈɛt ʔˈuppat ʔˈa pˈulo kˈɛt ʔinnˈɛm . waloɾˈiwɾiw kˈɛt limaɡˈasut kˈɛt ʔinnˈɛm ʔˈa pˈulo kˈɛt ʔˈuppat ʔˈa ɾˈibo kˈɛt dwaɡˈasut kˈɛt dwapˈulo kˈɛt ʔˈuppat ʔˈa kwadɾˈado ʔˈa mˈɛtɾo
Idi un-unana, nagpatingga dagiti alpabeto nga Ingles, a nausar dagiti ubbing, saan a iti Z no di ket iti & wenno dagiti mainaig a tipograpiko a simbolo. Iti 1859 a nobelana nga Adam Bede, ni George Eliot ket nagitudo ti Z a sinurot ti & idi kinuna ti karakterna a ni Jacob Storey, "Impagarupna a naikabil [ti Z] tapno manggibus iti alpabeto laeng, nupay umdas met ti ampersand, iti ammona".	ʔˈidi ʔunʔunˈana , naɡpatˈiŋɡa daɡˈiti ʔalpabˈɛto ŋˈa ʔˈiŋlɛs , ʔˈa naʔˈusaɾ daɡˈiti ʔˈubbiŋ , sˈaan ʔˈa ʔˈiti s nˈo dˈi kˈɛt ʔˈiti kˈɛn wɛnnˈo daɡˈiti maʔinˈaʔiɡ ʔˈa tipoɡɾapˈiko ʔˈa simbˈolo . ʔˈiti saŋaɾˈibo kˈɛt waloɡˈasut kˈɛt limapˈulo kˈɛt sjˈam ʔˈa nobɛlˈana ŋˈa ʔˈadam bˈɛdɛ , nˈi ɡɛʔˈoɾɡɛ ʔˈɛljot kˈɛt naɡitˈudo tˈi s ʔˈa sinˈuɾot tˈi kˈɛn ʔˈidi kinˈuna tˈi kaɾaktˈɛɾna ʔˈa nˈi hˈakob stˈoɾɛj , ʔimpaɡaɾˈupna ʔˈa naʔikˈabil tˈi s tˈapno maŋɡˈibus ʔˈiti ʔalpabˈɛto lˈaʔɛŋ , nˈupaj ʔˈumdas mˈɛt tˈi ʔampˈɛɾsand , ʔˈiti ʔammˈona .
1961 Estoria ti Akinlaud a Bangir - Mirisch-B&P Enterprises, United Artists - Robert Wise	saŋaɾˈibo kˈɛt sjˈam ʔˈa ɡasˈut kˈɛt ʔinnˈɛm ʔˈa pˈulo kˈɛt mˈajsa ʔɛstˈoɾja tˈi ʔakinlˈaʔud ʔˈa bˈaŋiɾ mˈiɾiskhʔb kˈɛn p ʔɛntɛɾpɾˈisɛs , ʔunˈitɛd ʔˈaɾtist͡s ɾˈobɛɾt wˈisɛ
1996 Ti Pasiente nga English - J&M Entertainment, Miramax Films, Tiger Moth Productions - Saul Zaentz	saŋaɾˈibo kˈɛt sjˈam ʔˈa ɡasˈut kˈɛt sjˈam ʔˈa pˈulo kˈɛt ʔinnˈɛm tˈi pasjˈɛntɛ ŋˈa ʔˈɛŋlish h kˈɛn m ʔɛntɛɾtaʔˈinmɛnt , miɾˈamaks pˈilms , tˈiɡɛɾ mˈoth pɾodˈuktjons sˈaʔul sˈaʔɛnts
Mckinnon, Rowan, et al. Papua New Guinea & Solomon Islands (Country Travel Guide) (2008) pakabuklan ken panagbiruk iti teksto	mkkˈinnon , ɾˈowan , ʔˈɛt ʔˈal . pˈapwa nˈɛw ɡinˈɛʔa kˈɛn solˈomon ʔˈislands kˈoʔuntɾj tɾˈabɛl ɡidˈɛ dwaɾˈibo kˈɛt wˈalo pakabˈuklan kˈɛn panaɡbˈiɾuk ʔˈiti tˈɛksto
Daytoy a timbengan ket naus-usar idi idiay Is-isla ti Pitcairn aginggana idi Abril 26, 1998. Idi Abril 27 ti sona ti oras ket nabaliwan iti UTC−08, isu a kalapasan idi 23:59:59 daytoy ket nagbalin a 00:30:00.	dˈajtoj ʔˈa timbˈɛŋan kˈɛt naʔusʔˈusaɾ ʔˈidi ʔidjˈaj ʔisʔˈisla tˈi pitkˈaʔiɾn ʔaɡiŋɡˈana ʔˈidi ʔabɾˈil dwapˈulo kˈɛt ʔinnˈɛm , saŋaɾˈibo kˈɛt sjˈam ʔˈa ɡasˈut kˈɛt sjˈam ʔˈa pˈulo kˈɛt wˈalo . ʔˈidi ʔabɾˈil dwapˈulo kˈɛt pˈito tˈi sˈona tˈi ʔˈoɾas kˈɛt nabalˈiwan ʔˈiti ʔˈutk wˈalo , isˈu ʔˈa kalapˈasan ʔˈidi dwapˈulo kˈɛt tˈallo , limapˈulo kˈɛt sjˈam , limapˈulo kˈɛt sjˈam dˈajtoj kˈɛt naɡbˈalin ʔˈa sˈɛɾo , tallopˈulo , sˈɛɾo .
Ti UTC+05:40 ket sagpaminsan idi a naus-usar a kas panangipattapatta para iti Oras ti Nepal, a manipud idi 1986 ket naibatay iti medio nga oras ti Kathmandu , nga adda iti 85°19'D wenno 5:41:16.	tˈi ʔˈutk lˈima , ʔˈuppat ʔˈa pˈulo kˈɛt saɡpamˈinsan ʔˈidi ʔˈa naʔusʔˈusaɾ ʔˈa kˈas panaŋipattapˈatta pˈaɾa ʔˈiti ʔˈoɾas tˈi nˈɛpal , ʔˈa manˈipud ʔˈidi saŋaɾˈibo kˈɛt sjˈam ʔˈa ɡasˈut kˈɛt walopˈulo kˈɛt ʔinnˈɛm kˈɛt naʔibˈataj ʔˈiti mˈɛdjo ŋˈa ʔˈoɾas tˈi kathmˈandu , ŋˈa addˈa ʔˈiti walopˈulo kˈɛt lˈima ɡɾˈado saŋapˈulo kˈɛt sjˈam ʔd wɛnnˈo lˈima , ʔˈuppat ʔˈa pˈulo kˈɛt mˈajsa , saŋapˈulo kˈɛt ʔinnˈɛm .
Daytoy ket panangipattapatta ti medio nga oras ti Kathmandu, a 5:41:16 nga umun-una iti UTC.	dˈajtoj kˈɛt panaŋipattapˈatta tˈi mˈɛdjo ŋˈa ʔˈoɾas tˈi kathmˈandu , ʔˈa lˈima , ʔˈuppat ʔˈa pˈulo kˈɛt mˈajsa , saŋapˈulo kˈɛt ʔinnˈɛm ŋˈa ʔumunʔˈuna ʔˈiti ʔˈutk .
Ti pudno a sona ti oras ket GMT +0h 19 m 32.13s aginggana idi Marso 17, 1937, idi naipasimple iti GMT +0h 20 m. Idi sinakop ti Alemania ti Olanda iti Sangalubongan a Gubat II, naampon idi ti Oras ti Berlin, ken nagtultuloy a kastoyen manipud idin.	tˈi pudnˈo ʔˈa sˈona tˈi ʔˈoɾas kˈɛt ɡmt sˈɛɾo ʔˈoɾas saŋapˈulo kˈɛt sjˈam minˈuto tallopˈulo kˈɛt dwˈa pˈunto mˈajsa tˈallo sɛɡˈundo ʔaɡiŋɡˈana ʔˈidi mˈaɾso saŋapˈulo kˈɛt pˈito , saŋaɾˈibo kˈɛt sjˈam ʔˈa ɡasˈut kˈɛt tallopˈulo kˈɛt pˈito , ʔˈidi naʔipasˈimplɛ ʔˈiti ɡmt sˈɛɾo ʔˈoɾas dwapˈulo minˈuto . ʔˈidi sinˈakop tˈi ʔalɛmˈanja tˈi ʔolˈanda ʔˈiti saŋalubˈoŋan ʔˈa ɡubˈat dwˈa , naʔˈampon ʔˈidi tˈi ʔˈoɾas tˈi bˈɛɾlin , kˈɛn naɡtultˈuloj ʔˈa kastˈojɛn manˈipud ʔˈidin .
Ti maysa a maestra obra ni Juan Luna a tinawtawagan iti “¿A Do...Va la Nave?” ket nailako iti P46.8M iti maysa a pagtitinnawaran iti Makati.	tˈi mˈajsa ʔˈa maʔˈɛstɾa ʔˈobɾa nˈi hwˈan lˈuna ʔˈa tinawtawˈaɡan ʔˈiti ʔˈa dˈo . bˈa lˈa nˈabɛ ? kˈɛt naʔilˈako ʔˈiti p ʔˈuppat ʔˈa pˈulo kˈɛt ʔinnˈɛm pˈunto wˈalo m ʔˈiti mˈajsa ʔˈa paɡtitinnawˈaɾan ʔˈiti makˈati .
Manipud idi 2004, ti distrito ket addaan iti nakarkulo a populasion iti 18,996 ken ti maysa a densidad ti populasion iti 12.70a tattao tunggal maysa a km². Ti dagup a kalawa ket 1,495.78 km².	manˈipud ʔˈidi dwaɾˈibo kˈɛt ʔˈuppat , tˈi distɾˈito kˈɛt ʔaddˈaʔan ʔˈiti nakaɾkˈulo ʔˈa populˈasjon ʔˈiti saŋapˈulo kˈɛt wˈalo ʔˈa ɾˈibo kˈɛt sjˈam ʔˈa ɡasˈut kˈɛt sjˈam ʔˈa pˈulo kˈɛt ʔinnˈɛm kˈɛn tˈi mˈajsa ʔˈa dɛnsˈidad tˈi populˈasjon ʔˈiti saŋapˈulo kˈɛt dwˈa pˈunto pˈito sˈɛɾo ʔˈa tattˈaʔo tˈuŋɡal mˈajsa ʔˈa kwadɾˈado kilomˈɛtɾo . tˈi dˈaɡup ʔˈa kalˈawa kˈɛt saŋaɾˈibo kˈɛt ʔˈuppat ʔˈa ɡasˈut kˈɛt sjˈam ʔˈa pˈulo kˈɛt lˈima pˈunto pˈito wˈalo kwadɾˈado kilomˈɛtɾo .
Saan koma nga iyallilaw ti Golpo Shelikhov iti basbassit a Luek Shelikhov (Bukhta Shelikhova, 50.3764N, 155.62E), nga adda met iti Baybay ti Okhotsk iti akin-amianan a laud nga aplaya ti Isla Paramushir.	sˈaan kˈoma ŋˈa ʔijallˈilaw tˈi ɡˈolpo shɛlˈikhob ʔˈiti basbˈassit ʔˈa lwˈɛk shɛlˈikhob bˈukhta shɛlikhˈoba , limapˈulo . talloɾˈibo kˈɛt pitoɡˈasut kˈɛt ʔinnˈɛm ʔˈa pˈulo kˈɛt ʔˈuppat n , saŋaɡˈasut kˈɛt limapˈulo kˈɛt lˈima pˈunto ʔinnˈɛm dwˈa ʔˈɛ , ŋˈa addˈa mˈɛt ʔˈiti baibˈai tˈi ʔˈokhot͡sk ʔˈiti ʔakinʔamjˈanan ʔˈa lˈaʔud ŋˈa ʔaplˈaja tˈi ʔˈisla paɾamˈushiɾ .
Ti Hawai‘i wenno Hawaii, Hawai (iti pakasaritaan ket isu ti Is-isla ti Sandwich) ket ti purpuro dagiti Is-isla ti Hawaii iti Taaw Pasipiko. Ti Hawaii ti maika-50 nga estado ti Estados Unidos iti Amerika, iti pannakaawatna idi Agosto 21, 1959. Ti Honolulu ti kaddakelan a siudadna ket isu met ti kapitoliona.	tˈi hawˈaʔi ʔˈi wɛnnˈo hawaʔˈiʔi , hawˈaʔi ʔˈiti pakasaɾitˈaan kˈɛt isˈu tˈi ʔisʔˈisla tˈi sˈandwikh kˈɛt tˈi puɾpˈuɾo daɡˈiti ʔisʔˈisla tˈi hawaʔˈiʔi ʔˈiti tˈaʔaw pasipˈiko . tˈi hawaʔˈiʔi tˈi maʔˈika limapˈulo ŋˈa ʔɛstˈado tˈi ʔɛstˈados ʔunˈidos ʔˈiti ʔamɛɾˈika , ʔˈiti pannakaʔawˈatna ʔˈidi ʔaɡˈosto dwapˈulo kˈɛt mˈajsa , saŋaɾˈibo kˈɛt sjˈam ʔˈa ɡasˈut kˈɛt limapˈulo kˈɛt sjˈam . tˈi honolˈulu tˈi kaddakˈɛlan ʔˈa sjudˈadna kˈɛt isˈu mˈɛt tˈi kapitoljˈona .
Ti Hawai‘i ti kaudian a naawat kas estado ti kappon. No dagiti puli ti pagsasaritaan, ti Hawai‘i laeng ti kakaisuna nga estado nga addaan mayoria a grupo dagiti saan a puraw ken addaan iti kadakkelan a porsiento dagiti Asiano nga Amerikano.	tˈi hawˈaʔi ʔˈi tˈi kaʔˈudjan ʔˈa naʔˈawat kˈas ʔɛstˈado tˈi kˈappon . nˈo daɡˈiti pˈuli tˈi paɡsasaɾitˈaʔan , tˈi hawˈaʔi ʔˈi lˈaʔɛŋ tˈi kakaʔisˈuna ŋˈa ʔɛstˈado ŋˈa ʔaddˈaʔan majˈoɾja ʔˈa ɡɾˈupo daɡˈiti sˈaan ʔˈa pˈuɾaw kˈɛn ʔaddˈaʔan ʔˈiti kadakkˈɛlan ʔˈa poɾsjˈɛnto daɡˈiti ʔasjˈano ŋˈa ʔamɛɾikˈano .
Ti GNU ket maysa a rekursibo a pannakayababa ti termino a "GNU's Not UNIX." Ni Richard Stallman ti mabigbig a pannakaama daytoy.	tˈi ɡnˈu kˈɛt mˈajsa ʔˈa ɾɛkuɾsˈibo ʔˈa pannakajabˈaba tˈi tɛɾmˈino ʔˈa ɡnˈuʔs nˈot ʔˈuniks . nˈi ɾˈikhaɾd stˈallman tˈi mabˈiɡbiɡ ʔˈa pannakaʔˈama dˈajtoj .
Ti ekonomia ti Gambia ket kaaduan iti panagtalon, panagkalap, ken naipangpangruna iti turismo. Idi 2008, agarup a pagkatlo ti populasion ket agbibiagda iti baba ti linia ti kapanglaw iti sangalubongan iti US$1.25 iti tunggal maysa nga aldaw.	tˈi ʔɛkonˈomja tˈi ɡˈambja kˈɛt kaʔˈadwan ʔˈiti panaɡtˈalon , panaɡkˈalap , kˈɛn naʔipaŋpaŋɾˈuna ʔˈiti tuɾˈismo . ʔˈidi dwaɾˈibo kˈɛt wˈalo , ʔaɡˈaɾup ʔˈa paɡkˈatlo tˈi populˈasjon kˈɛt ʔaɡbibjˈaɡda ʔˈiti babˈa tˈi lˈinja tˈi kapˈaŋlaw ʔˈiti saŋalubˈoŋan ʔˈiti mˈajsa pˈunto dwˈa lˈima dˈoljaɾ tˈi ʔɛstˈados ʔunˈidos ʔˈiti tˈuŋɡal mˈajsa ŋˈa ʔaldˈaw .
Ti 2,6-Dimethoxybenzoquinone ket ti makasabidong a kemikal a mabirukan iti T. pulchra.	tˈi dwˈa , ʔinnˈɛm dimɛthoksjbɛnsokinˈonɛ kˈɛt tˈi makasabˈidoŋ ʔˈa kɛmˈikal ʔˈa mabiɾˈukan ʔˈiti t . pˈulkhɾa .
Iti Tsina, daytoy ket kadawyan a makunkuna a kas gangganaet a lychee (番荔枝) ken dagiti sabali pay a nagan 佛头果、释迦、释迦果、亚大菓子（naibagbaga para iti bunga）、亚大树（naibagbaga para kadagiti kayo）、林檎（Chaoshan）、唛螺陀（Guangxi）、洋波罗（Longzhou）、假波罗（Pinxiang Kapada dagiti Langka）、番鬼(红毛)荔枝（Dagiti lugar iti Kantones a Guangdong a mairaman ti Hong Kong, Macao ）、麻窝楂（Dehong）	ʔˈiti t͡sˈina , dˈajtoj kˈɛt kadˈawjan ʔˈa makunkˈuna ʔˈa kˈas ɡaŋɡanˈaʔɛt ʔˈa ljkhˈɛʔɛ fan˥˥ li˥˩ ʈ͡ʂʐ̩˥˥ kˈɛn daɡˈiti sabˈali pˈaj ʔˈa nˈaɡan fu˧˥ tʰoᵘ˧˥ kuo˨˩˦ ʂʐ̩˥˩ t͡ɕiɑ˥˥ ʂʐ̩˥˩ t͡ɕiɑ˥˥ kuo˨˩˦ jiɑ˥˩ tɑ˥˩ kuo˨˩˦ t͡sɹ̩ naʔibaɡbˈaɡa pˈaɾa ʔˈiti bˈuŋa jiɑ˥˩ tɑ˥˩ ʂu˥˩ naʔibaɡbˈaɡa pˈaɾa kadaɡˈiti kˈajo lin˧˥ t͡ɕʰin˧˥ khaʔˈoshan mɑ˥˩ luo˧˥ tʰuo˧˥ ɡwˈaŋksi jiɑŋ˧˥ po˥˥ luo˧˥ loŋshˈoʔu t͡ɕiɑ˨˩˦ po˥˥ luo˧˥ pˈinksjaŋ kapˈada daɡˈiti lˈaŋka fan˥˥ kueⁱ˨˩˦ xoŋ˧˥ mɑᵘ˧˥ li˥˩ ʈ͡ʂʐ̩˥˥ daɡˈiti lˈuɡaɾ ʔˈiti kantˈonɛs ʔˈa ɡwˈaŋdoŋ ʔˈa maʔiɾˈaman tˈi hˈoŋ kˈoŋ , makˈaʔo mɑ˧˥ wo˥˥ ʈ͡ʂɑ˥˥ dˈɛhoŋ
Xinhe 新合村 - Datiezhai 打铁寨、Changfajie 长发街: 50 nga agsasao	ksˈinhɛ ɕin˥˥ xɤ˧˥ t͡sʰuən˥˥ datjɛshˈaʔi tɑ˧˥ tʰiɛ˨˩˦ ʈ͡ʂaⁱ˥˩ khaŋpˈahjɛ ʈ͡ʂʰɑŋ˧˥ fɑ˥˩ t͡ɕiɛ˥˥ , limapˈulo ŋˈa ʔaɡsasˈaʔo
Xinhua 新华村 - Luowan 罗湾: 300; Kabao 卡保、Renshang 仁上: 160 nga agsasao	ksˈinhwa ɕin˥˥ xwɑ˧˥ t͡sʰuən˥˥ lwˈowan luo˧˥ wɑn˥˥ , talloɡˈasut , kabˈaʔo kʰɑ˧˥ pɑᵘ˨˩˦ ɾˈɛnshaŋ ʐən˧˥ ʂɑŋ˥˩ , saŋaɡˈasut kˈɛt ʔinnˈɛm ʔˈa pˈulo ŋˈa ʔaɡsasˈaʔo
Ili ti Zhelang 者浪乡: Zhezhai 者寨、Langrong 郎荣、Linghao 岭好	ʔˈili tˈi shˈɛlaŋ ʈ͡ʂɤ˨˩˦ lɑŋ˥˩ ɕiɑŋ˥˥ , shɛshˈaʔi ʈ͡ʂɤ˨˩˦ ʈ͡ʂaⁱ˥˩ lˈaŋɾoŋ lɑŋ˧˥ ʐoŋ˧˥ liŋhˈaʔo liŋ˧˥ xɑᵘ˨˩˦
