Á mánudag tilkynntu vísindamenn frá læknadeild Stanford-háskóla uppfinningu á nýju greiningartæki sem getur flokkað frumur eftir tegund: örlítill prentanleg flaga sem hægt er að framleiða með venjulegum bleksprautuprentara fyrir mögulega um eitt bandarískt sent stykkið.	ˈau mˈaunʏtaɣ tˈɪlcɪntʏ vˈisɪntamɛn frˈau lˈaihknateilt stˈanvɔrthauskoula ˈʏhpvɪniŋkʏ ˈau nˈijʏ krˈeiniŋkartaicɪ sˈɛm cˈɛtʏr flˈɔhkað frˈʏmʏr ˈɛftɪr tˈɛɣʏnt , ˈœrtlitɪtl prˈɛntanlɛɣ flˈaɣa sˈɛm hˈaixt ˈɛr ˈað frˈamleiða mˈɛð vˈɛnjʏlɛɣʏm plˈɛxsprøytʏprɛntara fˈɪrɪr mˈœɣʏlɛɣa ˈʏm ˈeiht pˈantarisxt sˈɛnt stˈɪhcɪð .
Við prófun á brunakerfi kom upp aflskortur sem leiddi til þess að öryggislokar opnuðust og jarðolía flæddi yfir í nágrenni dælustöðvar 9 í Fort Greely.	vˈɪð prˈouvʏn ˈau prˈʏnacɛrvɪ kˈɔm ˈʏhp ˈavlskɔrtʏr sˈɛm lˈeitɪ tˈɪl θˈɛs ˈað ˈœrɪcɪslɔkar ˈɔhpnʏðʏst ˈɔɣ jˈarðɔlija flˈaitɪ ˈɪvɪr ˈi nˈauɣrɛnɪ tˈailʏstœðvar nˈijʏ ˈi fˈɔrt krˈɛɛlɪ .
Lögreglan sagðist gruna að meintur vígamaður Daesh (ISIL) bæri ábyrgð á árásinni.	lˈœɣrɛɣlan sˈaɣðɪst krˈʏna ˈað mˈeintʏr vˈiɣamaðʏr tˈaɛsh ˈɪsɪl pˈairɪ ˈaupɪrkð ˈau ˈaurausɪnɪ .
Lögreglan sagðist gruna að meintur vígamaður Daesh (ISIL) bæri ábyrgð á árásinni.	lˈœɣrɛɣlan sˈaɣðɪst krˈʏna ˈað mˈeintʏr vˈiɣamaðʏr tˈaɛsh ˈɪsɪl pˈairɪ ˈaupɪrkð ˈau ˈaurausɪnɪ .
Ljósmyndarinn var fluttur á Ronald Reagan UCLA Medical Centeren þar lést hann í kjölfarið.	ljˈousmɪntarɪn vˈar flˈʏhtʏr ˈau rˈɔnalt rˈɛaɣan ˈʏkla mˈɛtɪkal kˈɛntɛrɛn θˈar ljˈɛst hˈan ˈi cˈœlvarɪð .
Hvert hof var með opinn hofgarð og síðan innri helgistað sem aðeins prestar máttu fara inn í.	kvˈɛrt hˈɔv vˈar mˈɛð ˈɔpɪn hˈɔfkarð ˈɔɣ sˈiðan ˈɪnrɪ hˈɛlcɪstað sˈɛm ˈaðeins prˈɛstar mˈauhtʏ fˈara ˈɪn ˈi .
Sjálfsþurftarbúskapur er landbúnaður til framleiðslu á nægum mat til að uppfylla þarfir bóndans og fjölskyldu hans.	sjˈaulfsθʏrftarpuskapʏr ˈɛr lˈantpunaðʏr tˈɪl frˈamleiðslʏ ˈau nˈaiɣʏm mˈat tˈɪl ˈað ˈʏhpvɪtla θˈarvɪr pˈountans ˈɔɣ fjˈœlscɪltʏ hˈans .
Murray tapaði fyrstu hrinu í oddalotu eftir að báðir héldu hverri uppgjöf í settinu.	mˈʏraɪ tˈapaðɪ fˈɪrstʏ rˈɪnʏ ˈi ˈɔtalɔtʏ ˈɛftɪr ˈað pˈauðɪr hjˈɛltʏ kvˈɛrɪ ˈʏhpcœv ˈi sˈɛhtɪnʏ .
Bachmann, sem vann óformlegu Ames-skoðanakönnunina í ágúst, ákvað að draga framboð sitt til baka.	pˈakhman , sˈɛm vˈan ˈouvɔrmlɛɣʏ ˈamɛsskɔðanakœnʏnɪna ˈi ˈauɣust , ˈaukvað ˈað trˈaɣa frˈampɔð sˈɪht tˈɪl pˈaka .
Yfirmaður skutluáætlunar NASA, N. Wayne Hale Jr., sagði að froðan hefði fallið "eftir þann tíma sem við höfum áhyggjur af."	ˈɪvɪrmaðʏr skˈʏhtlʏauaihtlʏnar nˈasa , n . vˈaɪnɛ hˈalɛ jr , sˈaɣðɪ ˈað frˈɔðan hˈɛvðɪ fˈatlɪð ˈɛftɪr θˈan tˈima sˈɛm vˈɪð hˈœvʏm ˈauhɪcʏr ˈav .
Ferðaskrifstofur bjóða yfirleitt pakkaferðir með morgunverði, flutningi til og frá flugvelli og jafnvel flug og hótel í sama pakka.	fˈɛrðaskrɪfstɔvʏr pjˈouða ˈɪvɪrtleiht pˈahkavɛrðɪr mˈɛð mˈɔrkʏnvɛrðɪ , flˈʏhtniŋcɪ tˈɪl ˈɔɣ frˈau flˈʏɣvɛtlɪ ˈɔɣ jˈapnvɛl flˈʏɣ ˈɔɣ hˈoutɛl ˈi sˈama pˈahka .
Loftop tanksins voru enn að leka frá því á miðvikudaginn, líklega vegna varmaútþenslu innan í tankinum.	lˈɔftɔp tˈauŋxsɪns vˈɔrʏ ˈɛn ˈað lˈɛka frˈau θvˈi ˈau mˈɪðvɪkʏtajɪn , lˈihklɛɣa vˈɛɣna vˈarmautθɛnslʏ ˈɪnan ˈi tˈauŋcɪnʏm .
Til dæmis til að skoða kastala í Loire-dalnum, heimsækja Rínardalinn eða fara í skemmtisiglingu til áhugaverðra borga við Dóná eða bátasiglingu niður Erie-skurðinn.	tˈɪl tˈaimɪs tˈɪl ˈað skˈɔða kˈastala ˈi lˈɔɪrɛtalnʏm , hˈeimsaica rˈinartalɪn ˈɛða fˈara ˈi scˈɛmtɪsɪɣliŋkʏ tˈɪl ˈauhʏɣavɛrðra pˈɔrka vˈɪð tˈounau ˈɛða pˈautasɪɣliŋkʏ nˈɪðʏr ˈɛrɪɛskʏrðɪn .
Þegar nemendur blogga "verða þeir að kynna sér betur umheiminn." Krafan um að fjalla um áhugasvið lesenda hvetur nemendur til að vera sniðugir og áhugaverðir (Toto, 2004).	θˈɛɣar nˈɛmɛntʏr plˈɔka vˈɛrða θˈeir ˈað cˈɪna sjˈɛr pˈɛtʏr ˈʏmheimɪn . krˈavan ˈʏm ˈað fjˈatla ˈʏm ˈauhʏɣasvɪð lˈɛsɛnta kvˈɛtʏr nˈɛmɛntʏr tˈɪl ˈað vˈɛra snˈɪðʏjɪr ˈɔɣ ˈauhʏɣavɛrðɪr tˈɔtɔ , tvˈœ θˈusʏnt ˈɔɣ fjˈourɪr .
Chambers fór í mál við Guð vegna "fjölda dauðsfalla, eyðileggingar og ógnunar margra milljóna jarðarbúa."	khˈampɛrs fˈour ˈi mˈaul vˈɪð kˈʏð vˈɛɣna fjˈœlta tˈøyðsvatla , ˈeiðɪlɛciŋkar ˈɔɣ ˈouɣnʏnar mˈarkra mˈɪtljouna jˈarðarpua .
Meindýr geta spillt mat, valdið ertingu eða í verstu tilvikum valdið ofnæmisviðbrögðum, dreift eitri eða smitað.	mˈeintir cˈɛta spˈɪtlt mˈat , vˈaltɪð ˈɛrtiŋkʏ ˈɛða ˈi vˈɛrstʏ tˈɪlvɪkʏm vˈaltɪð ˈɔpnaimɪsvɪðprœɣðʏm , trˈeift ˈeitrɪ ˈɛða smˈɪtað .
Þar sem sumarólympíuleikarnir voru haldnir í Tokyo 1964, verður hún eina borgin í Asíu sem hefur haldið leikana tvisvar.	θˈar sˈɛm sˈʏmaroulɪmpijʏleikartnɪr vˈɔrʏ hˈaltnɪr ˈi tˈɔcɪɔ ˈeiht θˈusʏnt nˈijʏ hˈʏntrʏð sˈɛkstijʏ ˈɔɣ fjˈourɪr , vˈɛrðʏr hˈun ˈeina pˈɔrcɪn ˈi ˈasijʏ sˈɛm hˈɛvʏr hˈaltɪð lˈeikana tvˈɪsvar .
Þar sem sumarólympíuleikarnir voru haldnir í Tokyo 1964, verður hún eina borgin í Asíu sem hefur haldið leikana tvisvar.	θˈar sˈɛm sˈʏmaroulɪmpijʏleikartnɪr vˈɔrʏ hˈaltnɪr ˈi tˈɔcɪɔ ˈeiht θˈusʏnt nˈijʏ hˈʏntrʏð sˈɛkstijʏ ˈɔɣ fjˈourɪr , vˈɛrðʏr hˈun ˈeina pˈɔrcɪn ˈi ˈasijʏ sˈɛm hˈɛvʏr hˈaltɪð lˈeikana tvˈɪsvar .
Tilkynnt var um að 9.400 heimili á svæðinu væru án rennandi vatns og u.þ.b. 100 heimili væru rafmagnslaus.	tˈɪlcɪnt vˈar ˈʏm ˈað nˈijʏ θˈusʏnt ˈɔɣ fjˈœɣʏr hˈʏntrʏð hˈeimɪlɪ ˈau svˈaiðɪnʏ vˈairʏ ˈaun rˈɛnantɪ vˈahtns ˈɔɣ ˈʏ . θ . p . ˈeiht hˈʏntrað hˈeimɪlɪ vˈairʏ rˈapmaɣnsløys .
Annar munur var sá að fátæka fólkið og konan átu sitjandi í stólum á meðan ríku mennirnir héldu matarveislur saman og flatmöguðu á meðan þeir neyttu matar síns.	ˈanar mˈʏnʏr vˈar sˈau ˈað fˈautaika fˈoulcɪð ˈɔɣ kˈɔnan ˈautʏ sˈɪtjantɪ ˈi stˈoulʏm ˈau mˈɛðan rˈikʏ mˈɛnɪrtnɪr hjˈɛltʏ mˈatarveislʏr sˈaman ˈɔɣ flˈahtmœɣʏðʏ ˈau mˈɛðan θˈeir nˈeihtʏ mˈatar sˈins .
Annað afmörkunarsvæði fyrir neðan geymana rúmar 104.500 tunnur og var ekki búið að fylla að öllu leyti.	ˈanað ˈapmœrkʏnarsvaiðɪ fˈɪrɪr nˈɛðan cˈeimana rˈumar ˈeiht hˈʏntrað ˈɔɣ fjˈœɣʏr θˈusʏnt ˈɔɣ fˈɪm hˈʏntrʏð tˈʏnʏr ˈɔɣ vˈar ˈɛhcɪ pˈuɪð ˈað fˈɪtla ˈað ˈœtlʏ lˈeitɪ .
Aftur hefur verið komið á fót efnahagslegum tengingum milli þessara tveggja hluta Moldóvu þrátt fyrir að pólitískar samningaviðræður hafi siglt í strand.	ˈaftʏr hˈɛvʏr vˈɛrɪð kˈɔmɪð ˈau fˈout ˈɛpnahaxslɛɣʏm tˈeiŋciŋkʏm mˈɪtlɪ θˈɛsara tvˈɛca lˈʏta mˈɔltouvʏ θrˈauht fˈɪrɪr ˈað pˈoulɪtiskar sˈamniŋkavɪðraiðʏr hˈavɪ sˈɪɣlt ˈi strˈant .
Halastjörnur gætu mögulega hafa flutt vatn til jarðarinnar ásamt lífrænu efni sem getur myndað prótín og verið uppspretta lífs.	hˈalastjœrtnʏr cˈaitʏ mˈœɣʏlɛɣa hˈava flˈʏht vˈahtn tˈɪl jˈarðarɪnar ˈausamt lˈivrainʏ ˈɛpnɪ sˈɛm cˈɛtʏr mˈɪntað prˈoutin ˈɔɣ vˈɛrɪð ˈʏhpsprɛhta lˈifs .
Ég bið fólk eingöngu um að koma fram við okkur á sama hátt og við komum fram við ykkur.	jˈɛɣ pˈɪð fˈoulk ˈeiŋkøyŋkʏ ˈʏm ˈað kˈɔma frˈam vˈɪð ˈɔhkʏr ˈau sˈama hˈauht ˈɔɣ vˈɪð kˈɔmʏm frˈam vˈɪð ˈɪhkʏr .
Ummælin, í beinni útsendingu í sjónvarpinu, var fyrsta tilvik þess að heimildarmenn frá Íran viðurkenni þá staðreynd að refsiaðgerðirnar skili einhverju.	ˈʏmailɪn , ˈi pˈeitnɪ ˈutsɛntiŋkʏ ˈi sjˈounvarpɪnʏ , vˈar fˈɪrsta tˈɪlvɪk θˈɛs ˈað hˈeimɪltarmɛn frˈau ˈiran vˈɪðʏrcɛnɪ θˈau stˈaðreint ˈað rˈɛfsɪaðcɛrðɪrtnar scˈɪlɪ ˈeinkvɛrjʏ .
Op hellisins voru nefnd "Systurnar sjö" og þau eru a.m.k. 100 til 250 metrar (328 til 820 fet) í þvermál.	ˈɔp hˈɛtlɪsɪns vˈɔrʏ nˈɛpnt sˈɪstʏrtnar sjˈœ ˈɔɣ θˈøy ˈɛrʏ ˈa . m . k . ˈeiht hˈʏntrað tˈɪl tvˈœ hˈʏntrʏð ˈɔɣ fˈɪmtijʏ mˈɛtrar θrjˈu hˈʏntrʏð tˈʏhtʏɣʏ ˈɔɣ ˈauhta tˈɪl ˈauhta hˈʏntrʏð ˈɔɣ tˈʏhtʏɣʏ fˈɛt ˈi θvˈɛrmaul .
Op hellisins voru nefnd "Systurnar sjö" og þau eru a.m.k. 100 til 250 metrar (328 til 820 fet) í þvermál.	ˈɔp hˈɛtlɪsɪns vˈɔrʏ nˈɛpnt sˈɪstʏrtnar sjˈœ ˈɔɣ θˈøy ˈɛrʏ ˈa . m . k . ˈeiht hˈʏntrað tˈɪl tvˈœ hˈʏntrʏð ˈɔɣ fˈɪmtijʏ mˈɛtrar θrjˈu hˈʏntrʏð tˈʏhtʏɣʏ ˈɔɣ ˈauhta tˈɪl ˈauhta hˈʏntrʏð ˈɔɣ tˈʏhtʏɣʏ fˈɛt ˈi θvˈɛrmaul .
Svæðið er einnig heimkynni fjölbreyttra dýra og fuglategunda.	svˈaiðɪð ˈɛr ˈeitnɪɣ hˈeimcɪnɪ fjˈœlpreihtra tˈira ˈɔɣ fˈʏɣlatɛɣʏnta .
Á sama hátt og París er fræg fyrir að vera höfuðborg tískunnar í nútímanum var Konstantínópel talin höfuðborg tískunnar þegar lénsskipulagið ríkti í Evrópu.	ˈau sˈama hˈauht ˈɔɣ pˈaris ˈɛr frˈaiɣ fˈɪrɪr ˈað vˈɛra hˈœvʏðpɔrk tˈiskʏnar ˈi nˈutimanʏm vˈar kˈɔnstantinoupɛl tˈalɪn hˈœvʏðpɔrk tˈiskʏnar θˈɛɣar ljˈɛnscɪpʏlajɪð rˈixtɪ ˈi ˈɛvroupʏ .
Jakkaföt eru hefðbundinn viðskiptafatnaður og samstarfsfélagar nota eftirnöfn eða starfsheiti sín á milli.	jˈahkavœt ˈɛrʏ hˈɛvðpʏntɪn vˈɪðscɪptavahtnaðʏr ˈɔɣ sˈamstarfsvjɛlaɣar nˈɔta ˈɛftɪrtnœpn ˈɛða stˈarfsheitɪ sˈin ˈau mˈɪtlɪ .
Hann sérhæfði sig í fæðingarlækningum og hóf störf við National Women-sjúkrahúsið í Auckland árið 1959.	hˈan sjˈɛrhaivðɪ sˈɪɣ ˈi fˈaiðiŋkartlaihkniŋkʏm ˈɔɣ hˈouv stˈœrv vˈɪð nˈatɪɔnal vˈɔmɛnsjukrahusɪð ˈi ˈøykhklant ˈaurɪð ˈeiht θˈusʏnt nˈijʏ hˈʏntrʏð fˈɪmtijʏ ˈɔɣ nˈijʏ .
Franska byltingin hvatti einnig margt annað kúgað verkalýðsfólk í öðru landi til að hefja sínar eigin byltingar.	frˈanska pˈɪltiŋcɪn kvˈahtɪ ˈeitnɪɣ mˈarxt ˈanað kˈuɣað vˈɛrkaliðsvoulk ˈi ˈœðrʏ lˈantɪ tˈɪl ˈað hˈɛvja sˈinar ˈeijɪn pˈɪltiŋkar .
Þær innihalda takmarkanir á fjárhagssviði og bann Evrópusambandsins við útflutningi á hráolíu, sem býr að baki 80% erlendra tekna íranska hagkerfisins.	θˈair ˈɪnɪhalta tˈahkmarkanɪr ˈau fjˈaurhaxsvɪðɪ ˈɔɣ pˈan ˈɛvroupʏsampantsɪns vˈɪð ˈutvlʏhtniŋcɪ ˈau rˈauɔlijʏ , sˈɛm pˈir ˈað pˈacɪ ˈauhtatijʏ prˈousɛnt ˈɛrtlɛntra tˈɛhkna ˈiranska hˈakcɛrvɪsɪns .
Aðrir valkostir sem tengjast lífritma fela í sér að drekka mikið magn af vökva (einkum vatn eða te, þekkt sem þvagörvandi) fyrir svefn og neyða mann til að fara á fætur og kasta vatni.	ˈaðrɪr vˈalkɔstɪr sˈɛm tˈeiŋcast lˈivrɪhtma fˈɛla ˈi sjˈɛr ˈað trˈɛhka mˈɪcɪð mˈaɣn ˈav vˈœkva ˈeiŋkʏm vˈahtn ˈɛða tˈɛ , θˈɛhxt sˈɛm θvˈaɣœrvantɪ fˈɪrɪr svˈɛpn ˈɔɣ nˈeiða mˈan tˈɪl ˈað fˈara ˈau fˈaitʏr ˈɔɣ kˈasta vˈahtnɪ .
Þegar snúið er heim eftir búsetu erlendis, hefur maður aðlagast nýrri menningu og glatað niður sumum fyrri venjum.	θˈɛɣar snˈuɪð ˈɛr hˈeim ˈɛftɪr pˈusɛtʏ ˈɛrtlɛntɪs , hˈɛvʏr mˈaðʏr ˈaðlaɣast nˈirɪ mˈɛniŋkʏ ˈɔɣ klˈatað nˈɪðʏr sˈʏmʏm fˈɪrɪ vˈɛnjʏm .
Námskeiðið stendur yfirleitt yfir í 2-5 daga og felur í sér hlutverkaleiki, mikla þjálfun í skyndihjálp og í sumum tilvikum vopnaþjálfun.	nˈaumsceiðɪð stˈɛntʏr ˈɪvɪrtleiht ˈɪvɪr ˈi tvˈeir tˈɪl fˈɪm tˈaɣa ˈɔɣ fˈɛlʏr ˈi sjˈɛr lˈʏtvɛrkaleicɪ , mˈɪhkla θjˈaulvʏn ˈi scˈɪntɪçaulp ˈɔɣ ˈi sˈʏmʏm tˈɪlvɪkʏm vˈɔhpnaθjaulvʏn .
Samkvæmt yfirmönnum þjóðgarðsins ber að halda a.m.k. 100 metra fjarlægð frá bjarndýrum og úlfum og 25 metra fjarlægð frá öllum öðrum villtum dýrum.	sˈamkvaimt ˈɪvɪrmœnʏm θjˈouðkarðsɪns pˈɛr ˈað hˈalta ˈa . m . k . ˈeiht hˈʏntrað mˈɛtra fjˈartlaiɣð frˈau pjˈartntirʏm ˈɔɣ ˈulvʏm ˈɔɣ tˈʏhtʏɣʏ ˈɔɣ fˈɪm mˈɛtra fjˈartlaiɣð frˈau ˈœtlʏm ˈœðrʏm vˈɪtltʏm tˈirʏm .
Vilji yfirvalda til útgáfu á vegabréfum þar sem kynið er ekki tilgreint (X) eða skjöl sem heimila það nafn og kyn sem óskað er eftir, er misjafn.	vˈɪljɪ ˈɪvɪrvalta tˈɪl ˈutkauvʏ ˈau vˈɛɣaprjɛvʏm θˈar sˈɛm cˈɪnɪð ˈɛr ˈɛhcɪ tˈɪlkreint ks ˈɛða scˈœl sˈɛm hˈeimɪla θˈað nˈapn ˈɔɣ cˈɪn sˈɛm ˈouskað ˈɛr ˈɛftɪr , ˈɛr mˈɪsjapn .
Í nýjustu mánaðarlegu skýrslu sinni greindi OPEC frá því að útflutningur á hráolíu hafi ekki verið minni í tvo áratugi, eða um 2,8 milljón tunnur á dag.	ˈi nˈijʏstʏ mˈaunaðartlɛɣʏ scˈirslʏ sˈɪnɪ krˈeintɪ ˈɔpɛk frˈau θvˈi ˈað ˈutvlʏhtniŋkʏr ˈau rˈauɔlijʏ hˈavɪ ˈɛhcɪ vˈɛrɪð mˈɪnɪ ˈi tvˈɔ ˈauratʏjɪ , ˈɛða ˈʏm tvˈeir kˈɔma ˈauhta mˈɪtljoun tˈʏnʏr ˈau tˈaɣ .
Ellsworth Land er svæðið sunnan við skagann sem liggur að Bellingshausen-hafi.	ˈɛtlsvɔrth lˈant ˈɛr svˈaiðɪð sˈʏnan vˈɪð skˈaɣan sˈɛm lˈɪkʏr ˈað pˈɛtliŋxshøysɛnhavɪ .
Tónleikaferðinni hefur verið aflýst eftir að söngvarinn Steven Tyler meiddist við að falla af sviðinu á tónleikum 5. ágúst.	tˈounleikavɛrðɪnɪ hˈɛvʏr vˈɛrɪð ˈavlist ˈɛftɪr ˈað sˈøyŋkvarɪn stˈɛvɛn tˈɪlɛr mˈeitɪst vˈɪð ˈað fˈatla ˈav svˈɪðɪnʏ ˈau tˈounleikʏm fˈɪmtɪ ˈauɣust .
Fyrir Ástrala er hugmyndin um flat white“ kaffi framandi. short black“ er espressó, cappuccino kemur með haug af rjóma (ekki froðu) og te er borið fram án mjólkur.	fˈɪrɪr ˈaustrala ˈɛr hˈʏɣmɪntɪn ˈʏm flˈat vhˈɪtɛ kˈavɪ frˈamantɪ . shˈɔrt plˈakk ˈɛr ˈɛsprɛsou , kˈahpʏkkɪnɔ cˈɛmʏr mˈɛð hˈøyɣ ˈav rjˈouma ˈɛhcɪ frˈɔðʏ ˈɔɣ tˈɛ ˈɛr pˈɔrɪð frˈam ˈaun mjˈoulkʏr .
Þó við hefðum kannast við flest af mat þeirra, áttu Rómverjar sér líka nokkuð af óvenjulegum veislumat, meðal annars villigölt, páfugl, snigla og eitt nagdýr sem heitir svefnmús.	θˈou vˈɪð hˈɛvðʏm kˈanast vˈɪð flˈɛst ˈav mˈat θˈeira , ˈauhtʏ rˈoumvɛrjar sjˈɛr lˈika nˈɔhkʏð ˈav ˈouvɛnjʏlɛɣʏm vˈeislʏmat , mˈɛðal ˈanars vˈɪtlɪɣœlt , pˈauvʏɣl , snˈɪɣla ˈɔɣ ˈeiht nˈaxtir sˈɛm hˈeitɪr svˈɛpnmus .
Mannfjöldinn þvingaði kóng og drottningu til að hafa vagngluggana alveg opna.	mˈanvjœltɪn θvˈiŋkaðɪ kˈouŋk ˈɔɣ trˈɔhtniŋkʏ tˈɪl ˈað hˈava vˈaɣŋklʏkana ˈalvɛɣ ˈɔhpna .
Mannfjöldinn þvingaði kóng og drottningu til að hafa vagngluggana alveg opna.	mˈanvjœltɪn θvˈiŋkaðɪ kˈouŋk ˈɔɣ trˈɔhtniŋkʏ tˈɪl ˈað hˈava vˈaɣŋklʏkana ˈalvɛɣ ˈɔhpna .
Æðsti leiðtogi landsins, Ayatollah Ali Khamenei, hefur lýst olíuhæði sem "gildru" frá því fyrir íslömsku byltingu Írans árið 1979 og að landið ætti að losa sig við hana.	ˈaiðstɪ lˈeiðtɔjɪ lˈantsɪns , ˈaɪatɔtlah ˈalɪ khˈamɛnei , hˈɛvʏr lˈist ˈɔlijʏhaiðɪ sˈɛm cˈɪltrʏ frˈau θvˈi fˈɪrɪr ˈislœmskʏ pˈɪltiŋkʏ ˈirans ˈaurɪð ˈeiht θˈusʏnt nˈijʏ hˈʏntrʏð sjˈœtijʏ ˈɔɣ nˈijʏ ˈɔɣ ˈað lˈantɪð ˈaihtɪ ˈað lˈɔsa sˈɪɣ vˈɪð hˈana .
Ef þú kynnir þér málfræðigrunninn geturðu lært mikið um persneska málfræði og öðlast aukinn skilning á orðasamböndum.	ˈɛv θˈu cˈɪnɪr θjˈɛr mˈaulvraiðɪɣrʏnɪn cˈɛtʏrðʏ lˈairt mˈɪcɪð ˈʏm pˈɛrsnɛska mˈaulvraiðɪ ˈɔɣ ˈœðlast ˈøycɪn scˈɪlniŋk ˈau ˈɔrðasampœntʏm .
Alþjóðleg viðskiptabönn hafa valdið því ekki er hægt að kaupa nýjar flugvélar.	ˈalθjouðlɛɣ vˈɪðscɪptapœn hˈava vˈaltɪð θvˈi ˈɛhcɪ ˈɛr hˈaixt ˈað kˈøypa nˈijar flˈʏɣvjɛlar .
Óstaðfest eru grunuð tilvik um H5N1 í Króatíu og Danmörku.	ˈoustaðvɛst ˈɛrʏ krˈʏnʏð tˈɪlvɪk ˈʏm h fˈɪm n ˈeitn ˈi krˈouatijʏ ˈɔɣ tˈanmœrkʏ .
Rústir af skólpkerfum hafa fundist í byggingum mínósku borganna Krít og Santorini á Grikklandi.	rˈustɪr ˈav skˈoulpcɛrvʏm hˈava fˈʏntɪst ˈi pˈɪciŋkʏm mˈinouskʏ pˈɔrkana krˈit ˈɔɣ sˈantɔrɪnɪ ˈau krˈɪhklantɪ .
Á undan Simpsons hafði Simon unnið í margvíslegum stöðum við gerð ýmissa þáttaraða.	ˈau ˈʏntan sˈɪmpsɔns hˈavðɪ sˈɪmɔn ˈʏnɪð ˈi mˈarkvislɛɣʏm stˈœðʏm vˈɪð cˈɛrð ˈimɪsa θˈauhtaraða .
Þessi kenning lýsir því að flest hulduefni í kringum vetrarbraut, sé staðsett í kringum hana sem einhvers konar geislabaugur og samanstandi af mörgum litlum ögnum.	θˈɛsɪ cˈɛniŋk lˈisɪr θvˈi ˈað flˈɛst hˈʏltʏɛpnɪ ˈi krˈiŋkʏm vˈɛtrarprøyt , sjˈɛ stˈaðsɛht ˈi krˈiŋkʏm hˈana sˈɛm ˈeinkvɛrs kˈɔnar cˈeislapøyɣʏr ˈɔɣ sˈamanstantɪ ˈav mˈœrkʏm lˈɪhtlʏm ˈœɣnʏm .
Sagan sem sýnd er í frönsku óperunni, eftir Camille Saint-Saens, er af listamanni "hvers líf snerist um ástina í garð eiturlyfja og Japan."	sˈaɣan sˈɛm sˈint ˈɛr ˈi frˈœnskʏ ˈoupɛrʏnɪ , ˈɛftɪr kˈamɪtlɛ sˈaɪntsaɛns , ˈɛr ˈav lˈɪstamanɪ kvˈɛrs lˈiv snˈɛrɪst ˈʏm ˈaustɪna ˈi kˈarð ˈeitʏrtlɪvja ˈɔɣ jˈapan .
Þetta staðfestir ekki aðeins það að minnsta kosti sumar risaeðlur hafi verið með fjaðrir, kenning sem þegar er útbreidd, heldur veitir upplýsingar sem steingervingar geta almennt ekki, svo sem lit og þrívíddarlögun.	θˈɛhta stˈaðvɛstɪr ˈɛhcɪ ˈaðeins θˈað ˈað mˈɪnsta kˈɔstɪ sˈʏmar rˈɪsaɛðlʏr hˈavɪ vˈɛrɪð mˈɛð fjˈaðrɪr , cˈɛniŋk sˈɛm θˈɛɣar ˈɛr ˈutpreit , hˈɛltʏr vˈeitɪr ˈʏhplisiŋkar sˈɛm stˈeiŋcɛrviŋkar cˈɛta ˈalmɛnt ˈɛhcɪ , svˈɔ sˈɛm lˈɪt ˈɔɣ θrˈivitartlœɣʏn .
Einn úr múgnum sveiflaði afskornu höfði af einum úr lífvarðasveit konungsins, sem var drepinn í Versölum, fyrir framan skelfingu lostna drottninguna.	ˈeitn ˈur mˈuɣnʏm svˈeivlaðɪ ˈafskɔrtnʏ hˈœvðɪ ˈav ˈeinʏm ˈur lˈivvarðasveit kˈɔnuŋxsɪns , sˈɛm vˈar trˈɛpɪn ˈi vˈɛrsœlʏm , fˈɪrɪr frˈaman scˈɛlviŋkʏ lˈɔshtna trˈɔhtniŋkʏna .
Þetta átti eftir að vara næstu 40 árin og yrði barist fyrir alvöru, af staðgönguherjum, á vígvöllum frá Afríku til Asíu, í Afganistan, Kúbu og víða annars staðar.	θˈɛhta ˈauhtɪ ˈɛftɪr ˈað vˈara nˈaistʏ fjˈœrʏtijʏ ˈaurɪn ˈɔɣ ˈɪrðɪ pˈarɪst fˈɪrɪr ˈalvœrʏ , ˈav stˈaðkøyŋkʏhɛrjʏm , ˈau vˈiɣvœtlʏm frˈau ˈavrikʏ tˈɪl ˈasijʏ , ˈi ˈafkanɪstan , kˈupʏ ˈɔɣ vˈiða ˈanars stˈaðar .
Prófaðu að nota hárblásara, ef hann er til taks, ef þú átt ekki straujárn eða ef þú vilt ekki ganga um í straujuðum sokkum.	prˈouvaðʏ ˈað nˈɔta hˈaurplausara , ˈɛv hˈan ˈɛr tˈɪl tˈaxs , ˈɛv θˈu ˈauht ˈɛhcɪ strˈøyjaurtn ˈɛða ˈɛv θˈu vˈɪlt ˈɛhcɪ kˈauŋka ˈʏm ˈi strˈøyjʏðʏm sˈɔhkʏm .
Mótmælin, sem voru stundum með ofbeldi, fóru af stað vegna þess að kosningar voru ekki haldnar, ákveðnar kosningar áttu að fara fram árið 2011.	mˈouhtmailɪn , sˈɛm vˈɔrʏ stˈʏntʏm mˈɛð ˈɔfpɛltɪ , fˈourʏ ˈav stˈað vˈɛɣna θˈɛs ˈað kˈɔsniŋkar vˈɔrʏ ˈɛhcɪ hˈaltnar , ˈaukvɛðnar kˈɔsniŋkar ˈauhtʏ ˈað fˈara frˈam ˈaurɪð tvˈœ θˈusʏnt ˈɔɣ ˈɛtlɛvʏ .
Mótmælin, sem voru stundum með ofbeldi, fóru af stað vegna þess að kosningar voru ekki haldnar, ákveðnar kosningar áttu að fara fram árið 2011.	mˈouhtmailɪn , sˈɛm vˈɔrʏ stˈʏntʏm mˈɛð ˈɔfpɛltɪ , fˈourʏ ˈav stˈað vˈɛɣna θˈɛs ˈað kˈɔsniŋkar vˈɔrʏ ˈɛhcɪ hˈaltnar , ˈaukvɛðnar kˈɔsniŋkar ˈauhtʏ ˈað fˈara frˈam ˈaurɪð tvˈœ θˈusʏnt ˈɔɣ ˈɛtlɛvʏ .
Við heimsóknir í munkaklaustur þurfa konur að vera í pilsum sem hylja hnén og hylja axlir sínar.	vˈɪð hˈeimsouhknɪr ˈi mˈuŋkahkløystʏr θˈʏrva kˈɔnʏr ˈað vˈɛra ˈi pˈɪlsʏm sˈɛm hˈɪlja njˈɛn ˈɔɣ hˈɪlja ˈakslɪr sˈinar .
Þar er gríðarlega mikið úrval af plöntum vegna fjölbreytileika í nærviðri, ólíkum jarðvegi og breytilegri hæð yfir sjávarmáli.	θˈar ˈɛr krˈiðartlɛɣa mˈɪcɪð ˈurval ˈav hplˈœntʏm vˈɛɣna fjˈœlpreitɪleika ˈi nˈairvɪðrɪ , ˈoulikʏm jˈarðvɛjɪ ˈɔɣ prˈeitɪlɛɣrɪ hˈaið ˈɪvɪr sjˈauvarmaulɪ .
Leyndarmálið að baki velgengni þeirra er hugmyndin um kima, sérstakt verk sem hver köttur ber ábyrg á sem hindrar að hann keppir við aðra.	lˈeintarmaulɪð ˈað pˈacɪ vˈɛlceiŋknɪ θˈeira ˈɛr hˈʏɣmɪntɪn ˈʏm cˈɪma , sjˈɛrstaxt vˈɛrk sˈɛm kvˈɛr kˈœhtʏr pˈɛr ˈaupɪrk ˈau sˈɛm hˈɪntrar ˈað hˈan cˈɛhpɪr vˈɪð ˈaðra .
Flest dauðsföll verða vegna þreytu við að reyna að synda á móto straumnum, en það kann að vera ekki mögulegt.	flˈɛst tˈøyðsvœtl vˈɛrða vˈɛɣna θrˈeitʏ vˈɪð ˈað rˈeina ˈað sˈɪnta ˈau mˈoutɔ strˈøymnʏm , ˈɛn θˈað kˈan ˈað vˈɛra ˈɛhcɪ mˈœɣʏlɛxt .
Flestar vinsælar siglingar um Eystrasaltið eru með lengri dvöl í Pétursborg í Rússlandi.	flˈɛstar vˈɪnsailar sˈɪɣliŋkar ˈʏm ˈeistrasaltɪð ˈɛrʏ mˈɛð lˈeiŋkrɪ tvˈœl ˈi pjˈɛtʏrspɔrk ˈi rˈuslantɪ .
Ferðaskrifskofur eru oft með samninga við tiltekinn hótel, þó einnig sé hægt að bóka annars skonar gistingu, eins og tjaldstæði, hjá ferðaskrifstofu.	fˈɛrðaskrɪfskɔvʏr ˈɛrʏ ˈɔft mˈɛð sˈamniŋka vˈɪð tˈɪltɛcɪn hˈoutɛl , θˈou ˈeitnɪɣ sjˈɛ hˈaixt ˈað pˈouka ˈanars skˈɔnar cˈɪstiŋkʏ , ˈeins ˈɔɣ tjˈaltstaiðɪ , çˈau fˈɛrðaskrɪfstɔvʏ .
Frumvarpið gerir kröfu um að ofbeldisfullir tölvuleikir sem seldir eru í Kaliforníu-ríki séu merktir límmiða sem á stendur 18 og verður þá sala á þeim til ólögráða einstaklinga refsiverð sem nemur 1000 USD fyrir hvert brot.	frˈʏmvarpɪð cˈɛrɪr krˈœvʏ ˈʏm ˈað ˈɔfpɛltɪsvʏtlɪr tˈœlvʏleicɪr sˈɛm sˈɛltɪr ˈɛrʏ ˈi kˈalɪvɔrtnijʏricɪ sjˈɛʏ mˈɛrxtɪr lˈimɪða sˈɛm ˈau stˈɛntʏr ˈautjaun ˈɔɣ vˈɛrðʏr θˈau sˈala ˈau θˈeim tˈɪl ˈoulœɣrauða ˈeinstahkliŋka rˈɛfsɪvɛrð sˈɛm nˈɛmʏr ˈeiht θˈusʏnt ˈʏst fˈɪrɪr kvˈɛrt prˈɔt .
Frumvarpið gerir kröfu um að ofbeldisfullir tölvuleikir sem seldir eru í Kaliforníu-ríki séu merktir límmiða sem á stendur 18 og verður þá sala á þeim til ólögráða einstaklinga refsiverð sem nemur 1000 USD fyrir hvert brot.	frˈʏmvarpɪð cˈɛrɪr krˈœvʏ ˈʏm ˈað ˈɔfpɛltɪsvʏtlɪr tˈœlvʏleicɪr sˈɛm sˈɛltɪr ˈɛrʏ ˈi kˈalɪvɔrtnijʏricɪ sjˈɛʏ mˈɛrxtɪr lˈimɪða sˈɛm ˈau stˈɛntʏr ˈautjaun ˈɔɣ vˈɛrðʏr θˈau sˈala ˈau θˈeim tˈɪl ˈoulœɣrauða ˈeinstahkliŋka rˈɛfsɪvɛrð sˈɛm nˈɛmʏr ˈeiht θˈusʏnt ˈʏst fˈɪrɪr kvˈɛrt prˈɔt .
Þegar um þrjár mínútur voru í geimskotið sáust einangrunarsvampar losna frá eldsneytisgeyminum á myndavél um borð.	θˈɛɣar ˈʏm θrjˈaur mˈinutʏr vˈɔrʏ ˈi cˈeimskɔtɪð sˈauʏst ˈeinauŋkrʏnarsvampar lˈɔsna frˈau ˈɛltsneitɪsceimɪnʏm ˈau mˈɪntavjɛl ˈʏm pˈɔrð .
Árlega slasast tugir gesta vegna þess að þeir halda ekki viðeigandi fjarlægð. Þessi dýr eru stór, villt og geta reynst hættuleg, því skal gefa þeim nægt rými.	ˈaurtlɛɣa slˈasast tˈʏjɪr cˈɛsta vˈɛɣna θˈɛs ˈað θˈeir hˈalta ˈɛhcɪ vˈɪðeiɣantɪ fjˈartlaiɣð . θˈɛsɪ tˈir ˈɛrʏ stˈour , vˈɪtlt ˈɔɣ cˈɛta rˈeinst hˈaihtʏlɛɣ , θvˈi skˈal cˈɛva θˈeim nˈaixt rˈimɪ .
Árlega slasast tugir gesta vegna þess að þeir halda ekki viðeigandi fjarlægð. Þessi dýr eru stór, villt og geta reynst hættuleg, því skal gefa þeim nægt rými.	ˈaurtlɛɣa slˈasast tˈʏjɪr cˈɛsta vˈɛɣna θˈɛs ˈað θˈeir hˈalta ˈɛhcɪ vˈɪðeiɣantɪ fjˈartlaiɣð . θˈɛsɪ tˈir ˈɛrʏ stˈour , vˈɪtlt ˈɔɣ cˈɛta rˈeinst hˈaihtʏlɛɣ , θvˈi skˈal cˈɛva θˈeim nˈaixt rˈimɪ .
Bestu merkin um innvortis eitrun getur verið tilvist opins íláts með lyfjum eða eitruðum efnum til heimilisnota.	pˈɛstʏ mˈɛrcɪn ˈʏm ˈɪnvɔrtɪs ˈeitrʏn cˈɛtʏr vˈɛrɪð tˈɪlvɪst ˈɔpɪns ˈilauts mˈɛð lˈɪvjʏm ˈɛða ˈeitrʏðʏm ˈɛpnʏm tˈɪl hˈeimɪlɪsnɔta .
Tömdum geitum var yfirleitt haldið í hjörðum sem ráfuðu um hæðir eða önnur beitilönd, oft og tíðum gætt af geitahirðum, sem voru oftar en ekki börn eða unglingar, svipað og hinir betur þekktu fjárhirðar. Þessum aðferðum er enn beitt í dag.	tˈœmtʏm cˈeitʏm vˈar ˈɪvɪrtleiht hˈaltɪð ˈi çˈœrðʏm sˈɛm rˈauvʏðʏ ˈʏm hˈaiðɪr ˈɛða ˈœnʏr pˈeitɪlœnt , ˈɔft ˈɔɣ tˈiðʏm cˈaiht ˈav cˈeitahɪrðʏm , sˈɛm vˈɔrʏ ˈɔftar ˈɛn ˈɛhcɪ pˈœrtn ˈɛða ˈuŋkliŋkar , svˈɪpað ˈɔɣ hˈɪnɪr pˈɛtʏr θˈɛhxtʏ fjˈaurhɪrðar . θˈɛsʏm ˈaðvɛrðʏm ˈɛr ˈɛn pˈeiht ˈi tˈaɣ .
Inntakskenningar ganga út á að finna út hvað kveikir í fólki eða höfðar til þeirra.	ˈɪntaxscɛniŋkar kˈauŋka ˈut ˈau ˈað fˈɪna ˈut kvˈað kvˈeicɪr ˈi fˈoulcɪ ˈɛða hˈœvðar tˈɪl θˈeira .
Sama hversu friðsæl þau líta út þá geta vísundar, elgir og birnir og næstum öll stór dýr ráðist á fólk.	sˈama kvˈɛrsʏ frˈɪðsail θˈøy lˈita ˈut θˈau cˈɛta vˈisʏntar , ˈɛlcɪr ˈɔɣ pˈɪrtnɪr ˈɔɣ nˈaistʏm ˈœtl stˈour tˈir rˈauðɪst ˈau fˈoulk .
Bandalagshermenn og afganski herinn mættu á staðinn og afmörkuðu svæðið og aðrar bandalagsflugvélar hafa verið sendar til aðstoðar.	pˈantalaxshɛrmɛn ˈɔɣ ˈafkanscɪ hˈɛrɪn mˈaihtʏ ˈau stˈaðɪn ˈɔɣ ˈapmœrkʏðʏ svˈaiðɪð ˈɔɣ ˈaðrar pˈantalaxsvlʏɣvjɛlar hˈava vˈɛrɪð sˈɛntar tˈɪl ˈaðstɔðar .
Stardust mun slá nýtt heimsmet því það verður hraðskreiðasta geimfarið sem lendir aftur á jörðinni. Metið sem var slegið var frá maí árið 1969 þegar Apollo X stjórnunareiningin sneri til baka.	stˈartʏst mˈʏn slˈau nˈiht hˈeimsmɛt θvˈi θˈað vˈɛrðʏr rˈaðskreiðasta cˈeimvarɪð sˈɛm lˈɛntɪr ˈaftʏr ˈau jˈœrðɪnɪ . mˈɛtɪð sˈɛm vˈar slˈɛjɪð vˈar frˈau mˈai ˈaurɪð ˈeiht θˈusʏnt nˈijʏ hˈʏntrʏð sˈɛkstijʏ ˈɔɣ nˈijʏ θˈɛɣar ˈapɔtlɔ ks stjˈourtnʏnareiniŋcɪn snˈɛrɪ tˈɪl pˈaka .
Huhne og Pryce koma fyrir héraðsdóm Westminster þann 16. febrúar.	hˈʏnɛ ˈɔɣ prˈɪkɛ kˈɔma fˈɪrɪr hjˈɛraðstoum vˈɛshtmɪnstɛr θˈan sˈɛkstauntɪ fˈɛpruar .
Adekoya var síðan leidd fyrir héraðsdóm Edinborgar ákærð fyrir að myrða son sinn.	ˈatɛkɔɪa vˈar sˈiðan lˈeit fˈɪrɪr hjˈɛraðstoum ˈɛtɪnpɔrkar ˈaucairð fˈɪrɪr ˈað mˈɪrða sˈɔn sˈɪn .
Trúlausir í kristnum löndum sem og þeir sem ekki eru kristnir á heimsvísu, hafa tileinkað sér margar hefðir í kringum hátíðarnar.	trˈuløysɪr ˈi krˈɪshtnʏm lˈœntʏm sˈɛm ˈɔɣ θˈeir sˈɛm ˈɛhcɪ ˈɛrʏ krˈɪshtnɪr ˈau hˈeimsvisʏ , hˈava tˈɪleiŋkað sjˈɛr mˈarkar hˈɛvðɪr ˈi krˈiŋkʏm hˈautiðartnar .
Læknasamtökin Mangola, Læknar án landamæra og Alþjóðaheilbrigðismálastofnunin segja að þetta sé versti faraldurinn sem skráður hefur verið í landinu.	lˈaihknasamtœcɪn mˈauŋkɔla , lˈaihknar ˈaun lˈantamaira ˈɔɣ ˈalθjouðaheilprɪɣðɪsmaulastɔpnʏnɪn sˈɛja ˈað θˈɛhta sjˈɛ vˈɛrstɪ fˈaraltʏrɪn sˈɛm skrˈauðʏr hˈɛvʏr vˈɛrɪð ˈi lˈantɪnʏ .
það mun færast yfir vesturströnd Norður-Kaliforníu og lýsa upp himininn frá Kaliforníu um miðbik Oregon og áfram um Nevada og Idaho og inn í Utah,“ sagði Tom Duxbury, verkefnastjóri Stardust.	θˈað mˈʏn fˈairast ˈɪvɪr vˈɛstʏrstrœnt nˈɔrðʏrkalɪvɔrtnijʏ ˈɔɣ lˈisa ˈʏhp hˈɪmɪnɪn frˈau kˈalɪvɔrtnijʏ ˈʏm mˈɪðpɪk ˈɔrɛɣɔn ˈɔɣ ˈauvram ˈʏm nˈɛvata ˈɔɣ ˈɪtahɔ ˈɔɣ ˈɪn ˈi ˈʏtah , sˈaɣðɪ tˈɔm tˈʏkspʏrɪ , vˈɛrcɛpnastjourɪ stˈartʏst .
Snjóíþróttir niður í móti, m.a. skíða og snjóbrettaiðkun, eru vinsælar íþróttir sem ganga út á að renna sér niður snæviþakið landslag á skíðum eða snjóbretti sem fest er við fæturna.	snjˈouiθrouhtɪr nˈɪðʏr ˈi mˈoutɪ , m . ˈa . scˈiða ˈɔɣ snjˈouprɛhtaɪðkʏn , ˈɛrʏ vˈɪnsailar ˈiθrouhtɪr sˈɛm kˈauŋka ˈut ˈau ˈað rˈɛna sjˈɛr nˈɪðʏr snˈaivɪθacɪð lˈantslaɣ ˈau scˈiðʏm ˈɛða snjˈouprɛhtɪ sˈɛm fˈɛst ˈɛr vˈɪð fˈaitʏrtna .
Starfsmenn verða oft að fá samþykki yfirmanns fyrir öllum ákvörðunum og ætlast er til að þeir hlýði fyrirmælum þeirra orðalaust.	stˈarfsmɛn vˈɛrða ˈɔft ˈað fˈau sˈamθɪhcɪ ˈɪvɪrmans fˈɪrɪr ˈœtlʏm ˈaukvœrðʏnʏm ˈɔɣ ˈaihtlast ˈɛr tˈɪl ˈað θˈeir lˈiðɪ fˈɪrɪrmailʏm θˈeira ˈɔrðaløyst .
Sundarbans þekur 3.850 km² svæði, þar af er um þriðjungur þakinn vatni/mýri.	sˈʏntarpans θˈɛkʏr θrjˈu θˈusʏnt ˈɔɣ ˈauhta hˈʏntrʏð ˈɔɣ fˈɪmtijʏ fˈɛrciloumɛtrar svˈaiðɪ , θˈar ˈav ˈɛr ˈʏm θrˈɪðjuŋkʏr θˈacɪn vˈahtnɪ mˈirɪ .
Þar sem svæðin eru strjálbýl og ljósmengun því yfirleitt ekki vandamál muntu einnig geta notið þess að horfa á stjörnurnar.	θˈar sˈɛm svˈaiðɪn ˈɛrʏ strjˈaulpil ˈɔɣ ljˈousmeiŋkʏn θvˈi ˈɪvɪrtleiht ˈɛhcɪ vˈantamaul mˈʏntʏ ˈeitnɪɣ cˈɛta nˈɔtɪð θˈɛs ˈað hˈɔrva ˈau stjˈœrtnʏrtnar .
Í gömlu Medina er auðvelt að finna staði sem selja hefðbundinn marokkóskan varning á borð við tagine-potta, leirmuni, leðurvörur, vatnspípur og skart, en allt er þetta gert fyrir ferðamenn.	ˈi kˈœmlʏ mˈɛtɪna ˈɛr ˈøyðvɛlt ˈað fˈɪna stˈaðɪ sˈɛm sˈɛlja hˈɛvðpʏntɪn mˈarɔhkouskan vˈartniŋk ˈau pˈɔrð vˈɪð tˈajɪnɛpɔhta , lˈeirmʏnɪ , lˈɛðʏrvœrʏr , vˈahtnspipʏr ˈɔɣ skˈart , ˈɛn ˈatlt ˈɛr θˈɛhta cˈɛrt fˈɪrɪr fˈɛrðamɛn .
Yfirvöld telja þetta vísbendingu um að tankar á staðnum sem innihalda úraneldsneyti séu hugsanlega að leka.	ˈɪvɪrvœlt tˈɛlja θˈɛhta vˈispɛntiŋkʏ ˈʏm ˈað tˈauŋkar ˈau stˈaðnʏm sˈɛm ˈɪnɪhalta ˈuranɛltsneitɪ sjˈɛʏ hˈʏxsanlɛɣa ˈað lˈɛka .
George W. Bush forseti Bandaríkjanna kom til Singapúr að morgni 16. nóvember, í upphafi vikulangrar ferðar sinnar um Asíu.	cˈɛɔrcɛ v . pˈʏsh fˈɔrsɛtɪ pˈantaricana kˈɔm tˈɪl sˈiŋkapur ˈað mˈɔrknɪ sˈɛkstauntɪ nˈouvɛmpɛr , ˈi ˈʏhphavɪ vˈɪkʏlauŋkrar fˈɛrðar sˈɪnar ˈʏm ˈasijʏ .
Magn innri friðar sem maður býr yfir fer öfugt saman við magn spennu í líkama og anda.	mˈaɣn ˈɪnrɪ frˈɪðar sˈɛm mˈaðʏr pˈir ˈɪvɪr fˈɛr ˈœvʏxt sˈaman vˈɪð mˈaɣn spˈɛnʏ ˈi lˈikama ˈɔɣ ˈanta .
Menning á japönskum vinnustöðum er stigskiptari og formlegri en vesturríkjamenn eiga að venjast.	mˈɛniŋk ˈau jˈapœnskʏm vˈɪnʏstœðʏm ˈɛr stˈɪxscɪptarɪ ˈɔɣ fˈɔrmlɛɣrɪ ˈɛn vˈɛstʏricamɛn ˈeiɣa ˈað vˈɛnjast .
Menning á japönskum vinnustöðum er stigskiptari og formlegri en vesturríkjamenn eiga að venjast.	mˈɛniŋk ˈau jˈapœnskʏm vˈɪnʏstœðʏm ˈɛr stˈɪxscɪptarɪ ˈɔɣ fˈɔrmlɛɣrɪ ˈɛn vˈɛstʏricamɛn ˈeiɣa ˈað vˈɛnjast .
Talsmaður Lækna án landamæra, Richard Veerman, sagði: "Angóla stefnir í versta faraldur sem áður hefur komið upp og ástandið er enn mjög slæmt í Angóla," sagði hann.	tˈalsmaðʏr lˈaihkna ˈaun lˈantamaira , rˈɪkhart vˈɛɛrman , sˈaɣðɪ , ˈauŋkoula stˈɛpnɪr ˈi vˈɛrsta fˈaraltʏr sˈɛm ˈauðʏr hˈɛvʏr kˈɔmɪð ˈʏhp ˈɔɣ ˈaustantɪð ˈɛr ˈɛn mjˈœɣ slˈaimt ˈi ˈauŋkoula , sˈaɣðɪ hˈan .
Fyrrverandi íhaldsstjórn Ástralíu neitaði að fullgilda Kýótó-samninginn og sagði hann skaða efnahaginn sem treysti á kolaútflutning á meðan lönd eins og Indland og Kína voru ekki bundin neinum losunarmarkmiðum.	fˈɪrvɛrantɪ ˈihaltstjourtn ˈaustralijʏ nˈeitaðɪ ˈað fˈʏtlcɪlta cˈioutousamniŋcɪn ˈɔɣ sˈaɣðɪ hˈan skˈaða ˈɛpnahajɪn sˈɛm trˈeistɪ ˈau kˈɔlautvlʏhtniŋk ˈau mˈɛðan lˈœnt ˈeins ˈɔɣ ˈɪntlant ˈɔɣ cˈina vˈɔrʏ ˈɛhcɪ pˈʏntɪn nˈeinʏm lˈɔsʏnarmarhkmɪðʏm .
Fyrrverandi íhaldsstjórn Ástralíu neitaði að fullgilda Kýótó-samninginn og sagði hann skaða efnahaginn sem treysti á kolaútflutning á meðan lönd eins og Indland og Kína voru ekki bundin neinum losunarmarkmiðum.	fˈɪrvɛrantɪ ˈihaltstjourtn ˈaustralijʏ nˈeitaðɪ ˈað fˈʏtlcɪlta cˈioutousamniŋcɪn ˈɔɣ sˈaɣðɪ hˈan skˈaða ˈɛpnahajɪn sˈɛm trˈeistɪ ˈau kˈɔlautvlʏhtniŋk ˈau mˈɛðan lˈœnt ˈeins ˈɔɣ ˈɪntlant ˈɔɣ cˈina vˈɔrʏ ˈɛhcɪ pˈʏntɪn nˈeinʏm lˈɔsʏnarmarhkmɪðʏm .
Fyrrverandi íhaldsstjórn Ástralíu neitaði að fullgilda Kýótó-samninginn og sagði hann skaða efnahaginn sem treysti á kolaútflutning á meðan lönd eins og Indland og Kína voru ekki bundin neinum losunarmarkmiðum.	fˈɪrvɛrantɪ ˈihaltstjourtn ˈaustralijʏ nˈeitaðɪ ˈað fˈʏtlcɪlta cˈioutousamniŋcɪn ˈɔɣ sˈaɣðɪ hˈan skˈaða ˈɛpnahajɪn sˈɛm trˈeistɪ ˈau kˈɔlautvlʏhtniŋk ˈau mˈɛðan lˈœnt ˈeins ˈɔɣ ˈɪntlant ˈɔɣ cˈina vˈɔrʏ ˈɛhcɪ pˈʏntɪn nˈeinʏm lˈɔsʏnarmarhkmɪðʏm .
"Við munum leitast við að draga úr losun koltvísýrings á hverja einingu landsframleiðslu um verulegt magn árið 2020 miðað við það sem var 2005," sagði Hu.	vˈɪð mˈʏnʏm lˈeitast vˈɪð ˈað trˈaɣa ˈur lˈɔsʏn kˈɔltvisiriŋxs ˈau kvˈɛrja ˈeiniŋkʏ lˈantsvramleiðslʏ ˈʏm vˈɛrʏlɛxt mˈaɣn ˈaurɪð tvˈœ θˈusʏnt ˈɔɣ tˈʏhtʏɣʏ mˈɪðað vˈɪð θˈað sˈɛm vˈar tvˈœ θˈusʏnt ˈɔɣ fˈɪm , sˈaɣðɪ hˈʏ .
"Við munum leitast við að draga úr losun koltvísýrings á hverja einingu landsframleiðslu um verulegt magn árið 2020 miðað við það sem var 2005," sagði Hu.	vˈɪð mˈʏnʏm lˈeitast vˈɪð ˈað trˈaɣa ˈur lˈɔsʏn kˈɔltvisiriŋxs ˈau kvˈɛrja ˈeiniŋkʏ lˈantsvramleiðslʏ ˈʏm vˈɛrʏlɛxt mˈaɣn ˈaurɪð tvˈœ θˈusʏnt ˈɔɣ tˈʏhtʏɣʏ mˈɪðað vˈɪð θˈað sˈɛm vˈar tvˈœ θˈusʏnt ˈɔɣ fˈɪm , sˈaɣðɪ hˈʏ .
Hugmyndin um það að vera á skíðum er mjög gömul. Hellamyndir sem sýna skíðamenn má finna frá því allt að 5000 f.Kr.	hˈʏɣmɪntɪn ˈʏm θˈað ˈað vˈɛra ˈau scˈiðʏm ˈɛr mjˈœɣ kˈœmʏl . hˈɛtlamɪntɪr sˈɛm sˈina scˈiðamɛn mˈau fˈɪna frˈau θvˈi ˈatlt ˈað fˈɪm θˈusʏnt f . kr .
Þetta er stærsta yfirtaka í sögu eBay.	θˈɛhta ˈɛr stˈairsta ˈɪvɪrtaka ˈi sˈœɣʏ ˈɛpaɪ .
Þetta er stærsta yfirtaka í sögu eBay.	θˈɛhta ˈɛr stˈairsta ˈɪvɪrtaka ˈi sˈœɣʏ ˈɛpaɪ .
Þetta er eins og meðferð við einkennum í mörgum tilfellum. Ef við viljum samt ekki tímabundna lausn, þá ættum við að leita að rót vandans og óvirkja hana.	θˈɛhta ˈɛr ˈeins ˈɔɣ mˈɛðvɛrð vˈɪð ˈeiŋcɛnʏm ˈi mˈœrkʏm tˈɪlvɛtlʏm . ˈɛv vˈɪð vˈɪljʏm sˈamt ˈɛhcɪ tˈimapʏntna lˈøysn , θˈau ˈaihtʏm vˈɪð ˈað lˈeita ˈað rˈout vˈantans ˈɔɣ ˈouvɪrca hˈana .
Margir hrynjandi taktar í lífeðlisfræði og hegðun reiða sig oft mikið á innræna hringrás og framleiðslu þeirra með lífklukkum.	mˈarcɪr rˈɪnjantɪ tˈaxtar ˈi lˈivɛðlɪsvraiðɪ ˈɔɣ hˈɛɣðʏn rˈeiða sˈɪɣ ˈɔft mˈɪcɪð ˈau ˈɪnraina rˈiŋkraus ˈɔɣ frˈamleiðslʏ θˈeira mˈɛð lˈifhklʏhkʏm .
Dæmi um það er stýring, áætlanagerð og verkröðun, getan til að svara greiningum og spurningum viðskiptavina, auk rithandar radd og andlitskennsla.	tˈaimɪ ˈʏm θˈað ˈɛr stˈiriŋk , ˈauaihtlanajɛrð ˈɔɣ vˈɛrkrœðʏn , cˈɛtan tˈɪl ˈað svˈara krˈeiniŋkʏm ˈɔɣ spˈʏrtniŋkʏm vˈɪðscɪptavɪna , ˈøyk rˈɪthantar rˈat ˈɔɣ ˈantlɪtscɛnsla .
Fyrirtækið vonast til að auka fjölbreytni í afkomuuppruna sínum og öðlast vinsældir á svæðum þar sem Skype hefur sterka stöðu, svo sem Kína, Austur-Evrópu og Brasilíu.	fˈɪrɪrtaicɪð vˈɔnast tˈɪl ˈað ˈøyka fjˈœlpreihtnɪ ˈi ˈafkɔmʏʏhprʏna sˈinʏm ˈɔɣ ˈœðlast vˈɪnsailtɪr ˈau svˈaiðʏm θˈar sˈɛm scˈɪpɛ hˈɛvʏr stˈɛrka stˈœðʏ , svˈɔ sˈɛm cˈina , ˈøystʏrɛvroupʏ ˈɔɣ prˈasɪlijʏ .
Nota mætti fjármagnið til að gera flóðvarnir fyrir hús, bæta vatnsstjórnun og auka í fjölbreytni í ræktun.	nˈɔta mˈaihtɪ fjˈaurmaɣnɪð tˈɪl ˈað cˈɛra flˈouðvartnɪr fˈɪrɪr hˈus , pˈaita vˈahtnstjourtnʏn ˈɔɣ ˈøyka ˈi fjˈœlpreihtnɪ ˈi rˈaixtʏn .
Par getur ákveðið að hvorki þeim né barni sé til hagsbóta að þau ali upp barn.	pˈar cˈɛtʏr ˈaukvɛðɪð ˈað kvˈɔrcɪ θˈeim njˈɛ pˈartnɪ sjˈɛ tˈɪl hˈaxspouta ˈað θˈøy ˈalɪ ˈʏhp pˈartn .
Lokaleikur raðarinnar verður leikinn á Ellis Park í Jóhannesarborg í næstu viku en þá mætir Springboks Ástralíu.	lˈɔkaleikʏr rˈaðarɪnar vˈɛrðʏr lˈeicɪn ˈau ˈɛtlɪs pˈark ˈi jˈouhanɛsarpɔrk ˈi nˈaistʏ vˈɪkʏ ˈɛn θˈau mˈaitɪr sprˈiŋkpɔxs ˈaustralijʏ .
Sagnfræðingar hafa áður gagnrýnt verklagsreglur FBI fyrir að leggja höfuðáherslu á auðleyst mál, sér í lagi eltingaleiki við stolna bíla, í því skyni að bæta árangurshlutfall stofnunarinnar.	sˈaɣnvraiðiŋkar hˈava ˈauðʏr kˈaɣnrint vˈɛrhklaxsrɛɣlʏr fpˈɪ fˈɪrɪr ˈað lˈɛca hˈœvʏðauhɛrslʏ ˈau ˈøyðleist mˈaul , sjˈɛr ˈi lˈajɪ ˈɛltiŋkaleicɪ vˈɪð stˈɔlna pˈila , ˈi θvˈi scˈɪnɪ ˈað pˈaita ˈaurauŋkʏrslʏtvatl stˈɔpnʏnarɪnar .
Sagnfræðingar hafa áður gagnrýnt verklagsreglur FBI fyrir að leggja höfuðáherslu á auðleyst mál, sér í lagi eltingaleiki við stolna bíla, í því skyni að bæta árangurshlutfall stofnunarinnar.	sˈaɣnvraiðiŋkar hˈava ˈauðʏr kˈaɣnrint vˈɛrhklaxsrɛɣlʏr fpˈɪ fˈɪrɪr ˈað lˈɛca hˈœvʏðauhɛrslʏ ˈau ˈøyðleist mˈaul , sjˈɛr ˈi lˈajɪ ˈɛltiŋkaleicɪ vˈɪð stˈɔlna pˈila , ˈi θvˈi scˈɪnɪ ˈað pˈaita ˈaurauŋkʏrslʏtvatl stˈɔpnʏnarɪnar .
Vísindamönnum hafa þann grun að Enceladus sé jarðfræðilega virkt og gæti verið upprunni hins ískalda E-hrings Satúrnusar.	vˈisɪntamœnʏm hˈava θˈan krˈʏn ˈað ˈeiŋkɛlatʏs sjˈɛ jˈarðvraiðɪlɛɣa vˈɪrxt ˈɔɣ cˈaitɪ vˈɛrɪð ˈʏhprʏnɪ hˈɪns ˈiskalta ˈɛriŋxs sˈaturtnʏsar .
Við lítum svo á að fósturforeldrakerfið sé öryggissvæði fyrir þessi börn.	vˈɪð lˈitʏm svˈɔ ˈau ˈað fˈoustʏrvɔrɛltracɛrvɪð sjˈɛ ˈœrɪcɪsvaiðɪ fˈɪrɪr θˈɛsɪ pˈœrtn .
Hin mjög svo misnotaða regla sem oft er höfð að háði um þriðjung er einföld viðmið um að skapa dýnamík á meðan haldið er í reglu í mynd.	hˈɪn mjˈœɣ svˈɔ mˈɪsnɔtaða rˈɛɣla sˈɛm ˈɔft ˈɛr hˈœvð ˈað hˈauðɪ ˈʏm θrˈɪðjuŋk ˈɛr ˈeinvœlt vˈɪðmɪð ˈʏm ˈað skˈapa tˈinamik ˈau mˈɛðan hˈaltɪð ˈɛr ˈi rˈɛɣlʏ ˈi mˈɪnt .
Árið 1895, eftir ósigur í fyrsta stríðinu á milli Kína og Japan (1894-1895), skrifaði Quing-ríkisstjórnin undir Shimonoseki-samkomulagið og afsalaði sér yfirráðum Taívan til Japan sem réð yfir eyjunni til ársins 1945.	ˈaurɪð ˈeiht θˈusʏnt ˈauhta hˈʏntrʏð nˈijʏtijʏ ˈɔɣ fˈɪm , ˈɛftɪr ˈousɪɣʏr ˈi fˈɪrsta strˈiðɪnʏ ˈau mˈɪtlɪ cˈina ˈɔɣ jˈapan ˈeiht θˈusʏnt ˈauhta hˈʏntrʏð nˈijʏtijʏ ˈɔɣ fjˈourɪr tˈɪl ˈeiht θˈusʏnt ˈauhta hˈʏntrʏð nˈijʏtijʏ ˈɔɣ fˈɪm , skrˈɪvaðɪ kˈʏiŋkricɪstjourtnɪn ˈʏntɪr shˈɪmɔnɔsɛcɪsamkɔmʏlajɪð ˈɔɣ ˈafsalaðɪ sjˈɛr ˈɪvɪrauðʏm tˈaivan tˈɪl jˈapan sˈɛm rjˈɛð ˈɪvɪr ˈeijʏnɪ tˈɪl ˈaursɪns ˈeiht θˈusʏnt nˈijʏ hˈʏntrʏð fjˈœrʏtijʏ ˈɔɣ fˈɪm .
Enceladus er sá hlutur sem endurkastar mest í sólkerfinu, eða um 90 prósent af því sólarljósi sem lendir á honum.	ˈeiŋkɛlatʏs ˈɛr sˈau lˈʏtʏr sˈɛm ˈɛntʏrkastar mˈɛst ˈi sˈoulcɛrvɪnʏ , ˈɛða ˈʏm nˈijʏtijʏ prˈousɛnt ˈav θvˈi sˈoulartljousɪ sˈɛm lˈɛntɪr ˈau hˈɔnʏm .
Upphaf Taívan má rekja aftur á 15. öld þegar evrópskir sjómenn sem áttu leið hjá skrásettu nafn eyjunnar sem Ilha Formosa, eða falleg eyja.	ˈʏhphav tˈaivan mˈau rˈɛca ˈaftʏr ˈau fˈɪmtaunta ˈœlt θˈɛɣar ˈɛvroupscɪr sjˈoumɛn sˈɛm ˈauhtʏ lˈeið çˈau skrˈausɛhtʏ nˈapn ˈeijʏnar sˈɛm ˈɪlha fˈɔrmɔsa , ˈɛða fˈatlɛɣ ˈeija .
Upphaf Taívan má rekja aftur á 15. öld þegar evrópskir sjómenn sem áttu leið hjá skrásettu nafn eyjunnar sem Ilha Formosa, eða falleg eyja.	ˈʏhphav tˈaivan mˈau rˈɛca ˈaftʏr ˈau fˈɪmtaunta ˈœlt θˈɛɣar ˈɛvroupscɪr sjˈoumɛn sˈɛm ˈauhtʏ lˈeið çˈau skrˈausɛhtʏ nˈapn ˈeijʏnar sˈɛm ˈɪlha fˈɔrmɔsa , ˈɛða fˈatlɛɣ ˈeija .
Gingrich hrósaði Santorum þegar niðurstöðurnar lágu fyrir en lét hvöss orð falla um Romney, sem hafði birt neikvæðar kosningaauglýsingar í Iowa gegn Gingrich.	cˈiŋkrɪkh rˈousaðɪ sˈantɔrʏm θˈɛɣar nˈɪðʏrstœðʏrtnar lˈauɣʏ fˈɪrɪr ˈɛn ljˈɛt kvˈœs ˈɔrð fˈatla ˈʏm rˈɔmnei , sˈɛm hˈavðɪ pˈɪrt nˈeikvaiðar kˈɔsniŋkaøyɣlisiŋkar ˈi ˈɪɔva cˈɛɣn cˈiŋkrɪkh .
Meðal tveggja vinsælla innihaldskenninga eru kenning Maslows um þarfapíramídann og tveggja þátta kenning Hertzbergs.	mˈɛðal tvˈɛca vˈɪnsaitla ˈɪnɪhaltscɛniŋka ˈɛrʏ cˈɛniŋk mˈaslɔvs ˈʏm θˈarvapiramitan ˈɔɣ tvˈɛca θˈauhta cˈɛniŋk hˈɛrtspɛrxs .
Einnig eru til málmblöndur sem innihalda lítið magn frumefna sem ekki eru málmar, eins og kolefni.	ˈeitnɪɣ ˈɛrʏ tˈɪl mˈaulmplœntʏr sˈɛm ˈɪnɪhalta lˈitɪð mˈaɣn frˈʏmɛpna sˈɛm ˈɛhcɪ ˈɛrʏ mˈaulmar , ˈeins ˈɔɣ kˈɔlɛpnɪ .
Hershey og Chase notuðu fögur eða veirur til að skeyta þeirra eigin DNA saman við bakteríu.	hˈɛrshei ˈɔɣ khˈasɛ nˈɔtʏðʏ fˈœɣʏr ˈɛða vˈeirʏr tˈɪl ˈað scˈeita θˈeira ˈeijɪn tnˈa sˈaman vˈɪð pˈaxtɛrijʏ .
Toppur turnsins var sérstakur helgidómur fyrir guðinn.	tˈɔhpʏr tˈʏrtnsɪns vˈar sjˈɛrstakʏr hˈɛlcɪtoumʏr fˈɪrɪr kˈʏðɪn .
Amazon-áin er 6.387 km (3.980 mílur). Vatni er safnað í hana úr þúsundum minni áa.	ˈamasɔnauɪn ˈɛr sˈɛks θˈusʏnt θrjˈu hˈʏntrʏð ˈauhtatijʏ ˈɔɣ sjˈœ cˈiloumɛtrar θrjˈu θˈusʏnt ˈɔɣ nˈijʏ hˈʏntrʏð ˈɔɣ ˈauhtatijʏ mˈilʏr . vˈahtnɪ ˈɛr sˈapnað ˈi hˈana ˈur θˈusʏntʏm mˈɪnɪ ˈaua .
Leikjafyrirtækið Konami skýrði frá því í dag í japönsku dagblaði að fyrirtækið muni ekki gefa út leikinn Six Days in Fallujah.	lˈeicavɪrɪrtaicɪð kˈɔnamɪ scˈirðɪ frˈau θvˈi ˈi tˈaɣ ˈi jˈapœnskʏ tˈakplaðɪ ˈað fˈɪrɪrtaicɪð mˈʏnɪ ˈɛhcɪ cˈɛva ˈut lˈeicɪn sˈɪks tˈaɪs ˈɪn fˈatlʏjah .
Leikjafyrirtækið Konami skýrði frá því í dag í japönsku dagblaði að fyrirtækið muni ekki gefa út leikinn Six Days in Fallujah.	lˈeicavɪrɪrtaicɪð kˈɔnamɪ scˈirðɪ frˈau θvˈi ˈi tˈaɣ ˈi jˈapœnskʏ tˈakplaðɪ ˈað fˈɪrɪrtaicɪð mˈʏnɪ ˈɛhcɪ cˈɛva ˈut lˈeicɪn sˈɪks tˈaɪs ˈɪn fˈatlʏjah .
Nokkrir íbúar Bishkek ásökuðu mótmælendur frá suðrinu um lögleysuna.	nˈɔhkrɪr ˈipuar pˈɪshcɛk ˈausœkʏðʏ mˈouhtmailɛntʏr frˈau sˈʏðrɪnʏ ˈʏm lˈœɣleisʏna .
Nokkrir íbúar Bishkek ásökuðu mótmælendur frá suðrinu um lögleysuna.	nˈɔhkrɪr ˈipuar pˈɪshcɛk ˈausœkʏðʏ mˈouhtmailɛntʏr frˈau sˈʏðrɪnʏ ˈʏm lˈœɣleisʏna .
Ekki er hægt að segja að þetta sé ódýrt: Yfirleitt má búast við að greiða allt að fjórum sinnum hærra verð en fyrir venjulegt viðskiptafarrými og ellefu sinnum hærra verð en fyrir fyrsta farrými!	ˈɛhcɪ ˈɛr hˈaixt ˈað sˈɛja ˈað θˈɛhta sjˈɛ ˈoutirt , ˈɪvɪrtleiht mˈau pˈuast vˈɪð ˈað krˈeiða ˈatlt ˈað fjˈourʏm sˈɪnʏm hˈaira vˈɛrð ˈɛn fˈɪrɪr vˈɛnjʏlɛxt vˈɪðscɪptavarimɪ ˈɔɣ ˈɛtlɛvʏ sˈɪnʏm hˈaira vˈɛrð ˈɛn fˈɪrɪr fˈɪrsta fˈarimɪ !
Sama gildir um herinn vegna þess að í stað þess að herflokkun sé byggð á stétt var hún nú byggð á hlaupvídd.	sˈama cˈɪltɪr ˈʏm hˈɛrɪn vˈɛɣna θˈɛs ˈað ˈi stˈað θˈɛs ˈað hˈɛrvlɔhkʏn sjˈɛ pˈɪkð ˈau stjˈɛht vˈar hˈun nˈu pˈɪkð ˈau lˈøypvit .
Schneider bar vitni í gegnum myndsendibúnað frá USAF-bækistöð í heimalandinu.	sknˈeitɛr pˈar vˈɪhtnɪ ˈi cˈɛɣnʏm mˈɪntsɛntɪpunað frˈau ˈʏsafpaicɪstœð ˈi hˈeimalantɪnʏ .
Því Montevideo er sunnan miðbaugs er sumar þar þegar vetur er á norðurhveli jarðar og öfugt.	θvˈi mˈɔntɛvɪtɛɔ ˈɛr sˈʏnan mˈɪðpøyxs ˈɛr sˈʏmar θˈar θˈɛɣar vˈɛtʏr ˈɛr ˈau nˈɔrðʏrkvɛlɪ jˈarðar ˈɔɣ ˈœvʏxt .
Sýndarfélagar í teymi eru oft tengiliðir fyrir raunhópinn sem er næst þeim.	sˈintarvjɛlaɣar ˈi tˈeimɪ ˈɛrʏ ˈɔft tˈeiŋcɪlɪðɪr fˈɪrɪr rˈøynhoupɪn sˈɛm ˈɛr nˈaist θˈeim .
Leikurinn er byggist á síðari orrustunni um Fallujah, sem var hræðilegur bardagi á milli bandarískra og íraskra hersveita.	lˈeikʏrɪn ˈɛr pˈɪcɪst ˈau sˈiðarɪ ˈɔrʏstʏnɪ ˈʏm fˈatlʏjah , sˈɛm vˈar rˈaiðɪlɛɣʏr pˈartajɪ ˈau mˈɪtlɪ pˈantariskra ˈɔɣ ˈiraskra hˈɛrsveita .
Leikurinn er byggist á síðari orrustunni um Fallujah, sem var hræðilegur bardagi á milli bandarískra og íraskra hersveita.	lˈeikʏrɪn ˈɛr pˈɪcɪst ˈau sˈiðarɪ ˈɔrʏstʏnɪ ˈʏm fˈatlʏjah , sˈɛm vˈar rˈaiðɪlɛɣʏr pˈartajɪ ˈau mˈɪtlɪ pˈantariskra ˈɔɣ ˈiraskra hˈɛrsveita .
Hinir ákærðu eru nefndir sem Baba Kanjar, Bhutha Kanjar, Rampro Kanjar, Gaza Kanjar og Vishnu Kanjar.	hˈɪnɪr ˈaucairðʏ ˈɛrʏ nˈɛpntɪr sˈɛm pˈapa kˈanjar , phˈʏtha kˈanjar , rˈamprɔ kˈanjar , kˈasa kˈanjar ˈɔɣ vˈɪsnʏ kˈanjar .
Kvendýrin eru yfirleitt nátengd hvort öðrum, enda stór fjölskylda samansett af systrum og dætrum.	kvˈɛntirɪn ˈɛrʏ ˈɪvɪrtleiht nˈauteiŋxt kvˈɔrt ˈœðrʏm , ˈɛnta stˈour fjˈœlscɪlta sˈamansɛht ˈav sˈɪstrʏm ˈɔɣ tˈaitrʏm .
Babýloníumenn byggðu fyrir hvern guð sinn aðalmusteri sem álitið var heimili guðsins.	pˈapilɔnijʏmɛn pˈɪkðʏ fˈɪrɪr kvˈɛrtn kˈʏð sˈɪn ˈaðalmʏstɛrɪ sˈɛm ˈaulɪtɪð vˈar hˈeimɪlɪ kˈʏðsɪns .
Vinnupallar geta verið bæði í sýndarheimi og raunheimum, m.ö.o. er kennari nokkurs konar vinnupallur en það á líka við um litla bréfaklemmukarlinn í Microsoft Office.	vˈɪnʏpatlar cˈɛta vˈɛrɪð pˈaiðɪ ˈi sˈintarheimɪ ˈɔɣ rˈøynheimʏm , m . ˈœ . ˈɔ . ˈɛr cˈɛnarɪ nˈɔhkʏrs kˈɔnar vˈɪnʏpatlʏr ˈɛn θˈað ˈau lˈika vˈɪð ˈʏm lˈɪhtla prjˈɛvahklɛmʏkartlɪn ˈi mˈɪkrɔsɔft ˈɔvɪkɛ .
ACMA uppgötvaði einnig að þó að myndbandinu hafi verið streymt á netinu hafði Big Brother ekki brotið gegn ritskoðunarlögum á netinu þar sem miðillinn hafði ekki verið vistaður á vefsíðu Big Brother.	ˈakma ˈʏhpkœtvaðɪ ˈeitnɪɣ ˈað θˈou ˈað mˈɪntpantɪnʏ hˈavɪ vˈɛrɪð strˈeimt ˈau nˈɛtɪnʏ hˈavðɪ pˈɪɣ prˈɔthɛr ˈɛhcɪ prˈɔtɪð cˈɛɣn rˈɪtskɔðʏnartlœɣʏm ˈau nˈɛtɪnʏ θˈar sˈɛm mˈɪðɪtlɪn hˈavðɪ ˈɛhcɪ vˈɛrɪð vˈɪstaðʏr ˈau vˈɛfsiðʏ pˈɪɣ prˈɔthɛr .
ACMA uppgötvaði einnig að þó að myndbandinu hafi verið streymt á netinu hafði Big Brother ekki brotið gegn ritskoðunarlögum á netinu þar sem miðillinn hafði ekki verið vistaður á vefsíðu Big Brother.	ˈakma ˈʏhpkœtvaðɪ ˈeitnɪɣ ˈað θˈou ˈað mˈɪntpantɪnʏ hˈavɪ vˈɛrɪð strˈeimt ˈau nˈɛtɪnʏ hˈavðɪ pˈɪɣ prˈɔthɛr ˈɛhcɪ prˈɔtɪð cˈɛɣn rˈɪtskɔðʏnartlœɣʏm ˈau nˈɛtɪnʏ θˈar sˈɛm mˈɪðɪtlɪn hˈavðɪ ˈɛhcɪ vˈɛrɪð vˈɪstaðʏr ˈau vˈɛfsiðʏ pˈɪɣ prˈɔthɛr .
Það hve fús stjórnvöld í öðrum löndum eru að taka þessi skjöl gildi er alveg eins breytilegt.	θˈað kvˈɛ fˈus stjˈourtnvœlt ˈi ˈœðrʏm lˈœntʏm ˈɛrʏ ˈað tˈaka θˈɛsɪ scˈœl cˈɪltɪ ˈɛr ˈalvɛɣ ˈeins prˈeitɪlɛxt .
Bretland dreifði tundurduflum á alþjóðlegu hafsvæði til að koma í veg fyrir skipaferðir inn á stór hafsvæði, sem olli jafnvel hlutlausum skipum mikilli hættu.	prˈɛhtlant trˈeivðɪ tˈʏntʏrtʏvlʏm ˈau ˈalθjouðlɛɣʏ hˈafsvaiðɪ tˈɪl ˈað kˈɔma ˈi vˈɛɣ fˈɪrɪr scˈɪpavɛrðɪr ˈɪn ˈau stˈour hˈafsvaiðɪ , sˈɛm ˈɔtlɪ jˈapnvɛl lˈʏhtløysʏm scˈɪpʏm mˈɪcɪtlɪ hˈaihtʏ .
Ekkert bendir hins vegar til þess að slíkt hafi valdið skemmdum á skutlunni.	ˈɛhcɛrt pˈɛntɪr hˈɪns vˈɛɣar tˈɪl θˈɛs ˈað slˈixt hˈavɪ vˈaltɪð scˈɛmtʏm ˈau skˈʏhtlʏnɪ .
Strandlengja North Shore (í North Harbor-hverfinu) liggur við Kyrrahafið og teygir sig frá Long Bay í norðri til Devonport í suðri.	strˈantleiŋca nˈɔrth shˈɔrɛ ˈi nˈɔrth hˈarpɔrkvɛrvɪnʏ lˈɪkʏr vˈɪð cˈɪrahavɪð ˈɔɣ tˈeijɪr sˈɪɣ frˈau lˈouŋk pˈaɪ ˈi nˈɔrðrɪ tˈɪl tˈɛvɔnpɔrt ˈi sˈʏðrɪ .
Fósturkerfi okkar er ætlað að veita örugg heimili, ástríka umönnunaraðila, stöðuga menntun og áreiðanlega heilsugæslu.	fˈoustʏrcɛrvɪ ˈɔhkar ˈɛr ˈaihtlað ˈað vˈeita ˈœrʏk hˈeimɪlɪ , ˈaustrika ˈʏmœnʏnaraðɪla , stˈœðʏɣa mˈɛntʏn ˈɔɣ ˈaureiðanlɛɣa hˈeilsʏjaislʏ .
Fósturkerfi okkar er ætlað að veita örugg heimili, ástríka umönnunaraðila, stöðuga menntun og áreiðanlega heilsugæslu.	fˈoustʏrcɛrvɪ ˈɔhkar ˈɛr ˈaihtlað ˈað vˈeita ˈœrʏk hˈeimɪlɪ , ˈaustrika ˈʏmœnʏnaraðɪla , stˈœðʏɣa mˈɛntʏn ˈɔɣ ˈaureiðanlɛɣa hˈeilsʏjaislʏ .
Samanburður á fólksfjölda sem kemur mörgum á óvart: Það búa fleiri blökkumenn af afrískum uppruna í Bandaríkjunum en sem nemur kanadískum ríkisborgurum.	sˈamanpʏrðʏr ˈau fˈoulxsvjœlta sˈɛm cˈɛmʏr mˈœrkʏm ˈau ˈouvart , θˈað pˈua flˈeirɪ plˈœhkʏmɛn ˈav ˈavriskʏm ˈʏhprʏna ˈi pˈantaricʏnʏm ˈɛn sˈɛm nˈɛmʏr kˈanatiskʏm rˈicɪspɔrkʏrʏm .
Útvarpsþjónustulögin veita reglugerð um efni á Netinu, til að efni geti talist efni á Netinu verður það efnislega að vera á netþjóni.	ˈutvarpsθjounʏstʏlœjɪn vˈeita rˈɛɣlʏjɛrð ˈʏm ˈɛpnɪ ˈau nˈɛtɪnʏ , tˈɪl ˈað ˈɛpnɪ cˈɛtɪ tˈalɪst ˈɛpnɪ ˈau nˈɛtɪnʏ vˈɛrðʏr θˈað ˈɛpnɪslɛɣa ˈað vˈɛra ˈau nˈɛtθjounɪ .
Árið 1956 flutti Slania til Svíþjóðar og þremur árum síðan hóf hann störf hjá sænsku póstþjónustunni og gerðist aðal leturgrafari stofnunarinnar.	ˈaurɪð ˈeiht θˈusʏnt nˈijʏ hˈʏntrʏð fˈɪmtijʏ ˈɔɣ sˈɛks flˈʏhtɪ slˈanɪa tˈɪl svˈiθjouðar ˈɔɣ θrˈɛmʏr ˈaurʏm sˈiðan hˈouv hˈan stˈœrv çˈau sˈainskʏ pˈoustθjounʏstʏnɪ ˈɔɣ cˈɛrðɪst ˈaðal lˈɛtʏrkravarɪ stˈɔpnʏnarɪnar .
Ólympíumót fatlaðra fer fram frá 24. ágúst til 5. september 2021. Ákveðnir viðburðir verða haldnir á öðrum stöðum um allt Japan.	ˈoulɪmpijʏmout fˈahtlaðra fˈɛr frˈam frˈau tˈʏhtʏɣastɪ ˈɔɣ fjˈourðɪ ˈauɣust tˈɪl fˈɪmtɪ sˈɛptɛmpɛr tvˈœ θˈusʏnt tˈʏhtʏɣʏ ˈɔɣ ˈeitn . ˈaukvɛðnɪr vˈɪðpʏrðɪr vˈɛrða hˈaltnɪr ˈau ˈœðrʏm stˈœðʏm ˈʏm ˈatlt jˈapan .
Ólympíumót fatlaðra fer fram frá 24. ágúst til 5. september 2021. Ákveðnir viðburðir verða haldnir á öðrum stöðum um allt Japan.	ˈoulɪmpijʏmout fˈahtlaðra fˈɛr frˈam frˈau tˈʏhtʏɣastɪ ˈɔɣ fjˈourðɪ ˈauɣust tˈɪl fˈɪmtɪ sˈɛptɛmpɛr tvˈœ θˈusʏnt tˈʏhtʏɣʏ ˈɔɣ ˈeitn . ˈaukvɛðnɪr vˈɪðpʏrðɪr vˈɛrða hˈaltnɪr ˈau ˈœðrʏm stˈœðʏm ˈʏm ˈatlt jˈapan .
Hu hvatti þróunarlönd "til að hætta að nota gömlu leiðina við að menga fyrst og þrífa síðan."	hˈʏ kvˈahtɪ θrˈouʏnartlœnt tˈɪl ˈað hˈaihta ˈað nˈɔta kˈœmlʏ lˈeiðɪna vˈɪð ˈað mˈeiŋka fˈɪrst ˈɔɣ θrˈiva sˈiðan .
Bandaríska sendiráðið í Naíróbí í Kenýa hefur sent frá sér viðvörun um að öfgamenn frá Sómalíu“ hafi hug á að hefja sjálfsmorðsárásir í Kenýa og Eþíópíu.	pˈantariska sˈɛntɪrauðɪð ˈi nˈairoupi ˈi cˈɛnia hˈɛvʏr sˈɛnt frˈau sjˈɛr vˈɪðvœrʏn ˈʏm ˈað ˈœfkamɛn frˈau sˈoumalijʏ hˈavɪ hˈʏɣ ˈau ˈað hˈɛvja sjˈaulfsmɔrðsaurausɪr ˈi cˈɛnia ˈɔɣ ˈɛθijoupijʏ .
Þar sem rúturnar sem ganga milli héraða eru oft fullar, er mælt með því að kaupa miða með nokkurra daga fyrirvara.	θˈar sˈɛm rˈutʏrtnar sˈɛm kˈauŋka mˈɪtlɪ hjˈɛraða ˈɛrʏ ˈɔft fˈʏtlar , ˈɛr mˈailt mˈɛð θvˈi ˈað kˈøypa mˈɪða mˈɛð nˈɔhkʏra tˈaɣa fˈɪrɪrvara .
Sumir staðir bjóða upp á gjaldfrjálsa áfenga drykki. Ölvun skerðir dómgreind og allir góðir fjárhættuspilarar þekkja mikilvægi þess að vera allsgáður.	sˈʏmɪr stˈaðɪr pjˈouða ˈʏhp ˈau cˈaltvrjaulsa ˈauveiŋka trˈɪhcɪ . ˈœlvʏn scˈɛrðɪr tˈoumkreint ˈɔɣ ˈatlɪr kˈouðɪr fjˈaurhaihtʏspɪlarar θˈɛhca mˈɪcɪlvaijɪ θˈɛs ˈað vˈɛra ˈatlskauðʏr .
Strendur Tamaki Drive eru við Waitemata-höfnina í fyrsta flokks úthverfum Mission Bay og St Heliers í Central Auckland.	strˈɛntʏr tˈamacɪ trˈɪvɛ ˈɛrʏ vˈɪð vˈaɪtɛmatahœpnɪna ˈi fˈɪrsta flˈɔhxs ˈutkvɛrvʏm mˈɪsɪɔn pˈaɪ ˈɔɣ st hˈɛlɪɛrs ˈi kˈɛntral ˈøykhklant .
Allir þeir sem hafa hug á að heimsækja land sem er flokkað sem átakasvæði verða að gangast undir sérstaka fagþjálfun.	ˈatlɪr θˈeir sˈɛm hˈava hˈʏɣ ˈau ˈað hˈeimsaica lˈant sˈɛm ˈɛr flˈɔhkað sˈɛm ˈautakasvaiðɪ vˈɛrða ˈað kˈauŋkast ˈʏntɪr sjˈɛrstaka fˈakθjaulvʏn .
Allir þeir sem hafa hug á að heimsækja land sem er flokkað sem átakasvæði verða að gangast undir sérstaka fagþjálfun.	ˈatlɪr θˈeir sˈɛm hˈava hˈʏɣ ˈau ˈað hˈeimsaica lˈant sˈɛm ˈɛr flˈɔhkað sˈɛm ˈautakasvaiðɪ vˈɛrða ˈað kˈauŋkast ˈʏntɪr sjˈɛrstaka fˈakθjaulvʏn .
Bandaríkjamenn segist hafa fengið upplýsingar frá ónefndum aðila sem sérstaklega nefnir notkun sjálfsmorðsárásarmanna til að sprengja "áberandi kennileiti" í Eþíópíu og Kenýa.	pˈantaricamɛn sˈɛjɪst hˈava fˈeiŋcɪð ˈʏhplisiŋkar frˈau ˈounɛpntʏm ˈaðɪla sˈɛm sjˈɛrstahklɛɣa nˈɛpnɪr nˈɔtkʏn sjˈaulfsmɔrðsaurausarmana tˈɪl ˈað sprˈeiŋca ˈaupɛrantɪ cˈɛnɪleitɪ ˈi ˈɛθijoupijʏ ˈɔɣ cˈɛnia .
Skyttur í meindýraeyðingarprófinu áttu að vera undir nánu eftirliti landvarða, þar sem fylgst var með prófinu og árangur þess var metinn.	scˈɪhtʏr ˈi mˈeintiraeiðiŋkarprouvɪnʏ ˈauhtʏ ˈað vˈɛra ˈʏntɪr nˈaunʏ ˈɛftɪrtlɪtɪ lˈantvarða , θˈar sˈɛm fˈɪlxst vˈar mˈɛð prˈouvɪnʏ ˈɔɣ ˈaurauŋkʏr θˈɛs vˈar mˈɛtɪn .
Þrátt fyrir enga flóðbylgjuógn fylltust íbúar skelfingu og fóru að yfirgefa vinnustaði sína og heimili.	θrˈauht fˈɪrɪr ˈeiŋka flˈouðpɪlcʏouɣn fˈɪtltʏst ˈipuar scˈɛlviŋkʏ ˈɔɣ fˈourʏ ˈað ˈɪvɪrcɛva vˈɪnʏstaðɪ sˈina ˈɔɣ hˈeimɪlɪ .
Sem dæmi gætu aðstæður verið aðrar fyrir bandaríska ríkisborgara í Miðausturlöndum heldur en Evrópubúa og Araba.	sˈɛm tˈaimɪ cˈaitʏ ˈaðstaiðʏr vˈɛrɪð ˈaðrar fˈɪrɪr pˈantariska rˈicɪspɔrkara ˈi mˈɪðøystʏrtlœntʏm hˈɛltʏr ˈɛn ˈɛvroupʏpua ˈɔɣ ˈarapa .
Sem dæmi gætu aðstæður verið aðrar fyrir bandaríska ríkisborgara í Miðausturlöndum heldur en Evrópubúa og Araba.	sˈɛm tˈaimɪ cˈaitʏ ˈaðstaiðʏr vˈɛrɪð ˈaðrar fˈɪrɪr pˈantariska rˈicɪspɔrkara ˈi mˈɪðøystʏrtlœntʏm hˈɛltʏr ˈɛn ˈɛvroupʏpua ˈɔɣ ˈarapa .
Löngu fyrir The Daily Show og The Colbert Report voru Heck og Johnson með í huga þátt sem myndi skopstæla fréttir og fréttaflutning. Þetta var námsárum þeirra við UW árið 1988.	lˈøyŋkʏ fˈɪrɪr thˈɛ tˈaɪlɪ shˈɔv ˈɔɣ thˈɛ kˈɔlpɛrt rˈɛpɔrt vˈɔrʏ hˈɛkk ˈɔɣ jˈɔnsɔn mˈɛð ˈi hˈʏɣa θˈauht sˈɛm mˈɪntɪ skˈɔpstaila frjˈɛhtɪr ˈɔɣ frjˈɛhtavlʏhtniŋk . θˈɛhta vˈar nˈaumsaurʏm θˈeira vˈɪð ˈʏv ˈaurɪð ˈeiht θˈusʏnt nˈijʏ hˈʏntrʏð ˈauhtatijʏ ˈɔɣ ˈauhta .
Crown Office, sem fer með ákæruvaldið, hefur sagt blaðamönnum að ekkert meira verði gefið upp að minnsta kosti fram að formlegri ákæru.	krˈɔvn ˈɔvɪkɛ , sˈɛm fˈɛr mˈɛð ˈaucairʏvaltɪð , hˈɛvʏr sˈaxt plˈaðamœnʏm ˈað ˈɛhcɛrt mˈeira vˈɛrðɪ cˈɛvɪð ˈʏhp ˈað mˈɪnsta kˈɔstɪ frˈam ˈað fˈɔrmlɛɣrɪ ˈaucairʏ .
Búist er við því að flestir miðar á viðburðinn muni kosta á milli 2.500 og 130.000 jen og venjulegir miðar muni kosta um 7.000 jen.	pˈuɪst ˈɛr vˈɪð θvˈi ˈað flˈɛstɪr mˈɪðar ˈau vˈɪðpʏrðɪn mˈʏnɪ kˈɔsta ˈau mˈɪtlɪ tvˈœ θˈusʏnt ˈɔɣ fˈɪm hˈʏntrʏð ˈɔɣ ˈeiht hˈʏntrað ˈɔɣ θrjˈautijʏ θˈusʏnt jˈɛn ˈɔɣ vˈɛnjʏlɛjɪr mˈɪðar mˈʏnɪ kˈɔsta ˈʏm sjˈœ θˈusʏnt jˈɛn .
Á einu ári getur sýktur einstaklingur smitað um 10 til 15 einstaklinga, ef hann kemst í nána snertingu við viðkomandi.	ˈau ˈeinʏ ˈaurɪ cˈɛtʏr sˈixtʏr ˈeinstahkliŋkʏr smˈɪtað ˈʏm tˈijʏ tˈɪl fˈɪmtaun ˈeinstahkliŋka , ˈɛv hˈan cˈɛmst ˈi nˈauna snˈɛrtiŋkʏ vˈɪð vˈɪðkɔmantɪ .
Í síðasta mánuði mælti forsetanefnd með því að CEP myndi láta af störfum sem hluti af aðgerðarpakka til að færa landið í átt að nýjum kosningum.	ˈi sˈiðasta mˈaunʏðɪ mˈailtɪ fˈɔrsɛtanɛpnt mˈɛð θvˈi ˈað kˈɛp mˈɪntɪ lˈauta ˈav stˈœrvʏm sˈɛm lˈʏtɪ ˈav ˈaðcɛrðarpahka tˈɪl ˈað fˈaira lˈantɪð ˈi ˈauht ˈað nˈijʏm kˈɔsniŋkʏm .
Hjólið hefur breytt heiminum á ótrúlegan hátt. Það stærsta sem hjólið hefur gert fyrir okkur er að veita okkur mun auðveldari og hraðari flutninga.	çˈoulɪð hˈɛvʏr prˈeiht hˈeimɪnʏm ˈau ˈoutrulɛɣan hˈauht . θˈað stˈairsta sˈɛm çˈoulɪð hˈɛvʏr cˈɛrt fˈɪrɪr ˈɔhkʏr ˈɛr ˈað vˈeita ˈɔhkʏr mˈʏn ˈøyðvɛltarɪ ˈɔɣ rˈaðarɪ flˈʏhtniŋka .
Frá stofnun hefur The Onion orðið að sannkölluðu stórveldi fyrir skopstælingu frétta, vefsíða sem fékk 5.000.000 einstaka gesti í októbermánuði, persónulegar auglýsingar, 24 tíma fréttanet, hlaðvarp og nýlega var hleypt af stokkunum heimsatlasi sem kallaður er Our Dumb World.	frˈau stˈɔpnʏn hˈɛvʏr thˈɛ ˈɔnɪɔn ˈɔrðɪð ˈað sˈauŋkœtlʏðʏ stˈourvɛltɪ fˈɪrɪr skˈɔpstailiŋkʏ frjˈɛhta , vˈɛfsiða sˈɛm fjˈɛhk fˈɪm mˈɪtljounɪr ˈeinstaka cˈɛstɪ ˈi ˈɔxtoupɛrmaunʏðɪ , pˈɛrsounʏlɛɣar ˈøyɣlisiŋkar , tˈʏhtʏɣʏ ˈɔɣ fjˈourɪr tˈima frjˈɛhtanɛt , lˈaðvarp ˈɔɣ nˈilɛɣa vˈar lˈeipt ˈav stˈɔhkʏnʏm hˈeimsahtlasɪ sˈɛm kˈatlaðʏr ˈɛr ˈɔʏr tˈʏmp vˈɔrtlt .
Helstu stafirnir sem ber að varast eru c og g, þar sem framburður þeirra er breytilegur eftir þeim sérhljóða sem kemur næst.	hˈɛlstʏ stˈavɪrtnɪr sˈɛm pˈɛr ˈað vˈarast ˈɛrʏ k ˈɔɣ k , θˈar sˈɛm frˈampʏrðʏr θˈeira ˈɛr prˈeitɪlɛɣʏr ˈɛftɪr θˈeim sjˈɛrljouða sˈɛm cˈɛmʏr nˈaist .
Helstu stafirnir sem ber að varast eru c og g, þar sem framburður þeirra er breytilegur eftir þeim sérhljóða sem kemur næst.	hˈɛlstʏ stˈavɪrtnɪr sˈɛm pˈɛr ˈað vˈarast ˈɛrʏ k ˈɔɣ k , θˈar sˈɛm frˈampʏrðʏr θˈeira ˈɛr prˈeitɪlɛɣʏr ˈɛftɪr θˈeim sjˈɛrljouða sˈɛm cˈɛmʏr nˈaist .
Samlyndi á vinnustað er lykilatriði, áhersla skal lögð á árangur hópa frekar en að hrósa árangri einstaklinga.	sˈamlɪntɪ ˈau vˈɪnʏstað ˈɛr lˈɪcɪlatrɪðɪ , ˈauhɛrsla skˈal lˈœɣð ˈau ˈaurauŋkʏr hˈoupa frˈɛkar ˈɛn ˈað rˈousa ˈaurauŋkrɪ ˈeinstahkliŋka .
Borgirnar Harappa og Mohenjo-daro voru með salerni með vatni í næstum hverju húsi sem tengd voru við háþróað skólpkerfi.	pˈɔrcɪrtnar hˈarahpa ˈɔɣ mˈɔhɛnjɔtarɔ vˈɔrʏ mˈɛð sˈalɛrtnɪ mˈɛð vˈahtnɪ ˈi nˈaistʏm kvˈɛrjʏ hˈusɪ sˈɛm tˈeiŋxt vˈɔrʏ vˈɪð hˈauθrouað skˈoulpcɛrvɪ .
Borgirnar Harappa og Mohenjo-daro voru með salerni með vatni í næstum hverju húsi sem tengd voru við háþróað skólpkerfi.	pˈɔrcɪrtnar hˈarahpa ˈɔɣ mˈɔhɛnjɔtarɔ vˈɔrʏ mˈɛð sˈalɛrtnɪ mˈɛð vˈahtnɪ ˈi nˈaistʏm kvˈɛrjʏ hˈusɪ sˈɛm tˈeiŋxt vˈɔrʏ vˈɪð hˈauθrouað skˈoulpcɛrvɪ .
Borgríki eru forverar þjóða. Siðmenning felur í sér þekkingu sem flyst á milli kynslóða, menningarlegt fótspor til lengri tíma og sanngjarna dreifingu.	pˈɔrkricɪ ˈɛrʏ fˈɔrvɛrar θjˈouða . sˈɪðmɛniŋk fˈɛlʏr ˈi sjˈɛr θˈɛhciŋkʏ sˈɛm flˈɪst ˈau mˈɪtlɪ cˈɪnslouða , mˈɛniŋkartlɛxt fˈoutspɔr tˈɪl lˈeiŋkrɪ tˈima ˈɔɣ sˈauŋcartna trˈeiviŋkʏ .
Tommy Dreamer sagði "1Luna var fyrsta Queen of Extreme. Fyrsti umboðsmaður minn. Luna féll frá nótt hinna tveggja tungla. Nokkuð einstakt, eins oghún. Sterk kona."	tˈɔmɪ trˈɛamɛr sˈaɣðɪ ˈeitn lˈʏna vˈar fˈɪrsta kˈʏɛɛn ˈɔv ˈɛkstrɛmɛ . fˈɪrstɪ ˈʏmpɔðsmaðʏr mˈɪn . lˈʏna fjˈɛtl frˈau nˈouht hˈɪna tvˈɛca tˈuŋkla . nˈɔhkʏð ˈeinstaxt , ˈeins ˈɔkhun . stˈɛrk kˈɔna .
Í þróunarlöndunum er sjaldan kvartað eins mikið undan vatnsgæðum eða brúm sem eru að hruni komnar.	ˈi θrˈouʏnartlœntʏnʏm ˈɛr sjˈaltan kvˈartað ˈeins mˈɪcɪð ˈʏntan vˈahtnscaiðʏm ˈɛða prˈum sˈɛm ˈɛrʏ ˈað rˈʏnɪ kˈɔmnar .
Þó mörg dýranna í garðinu séu vön því að sjá menn, eru villt dýr engu að síður villt og það má ekki gefa þeim að éta eða trufla þau.	θˈou mˈœrk tˈirana ˈi kˈarðɪnʏ sjˈɛʏ vˈœn θvˈi ˈað sjˈau mˈɛn , ˈɛrʏ vˈɪtlt tˈir ˈeiŋkʏ ˈað sˈiðʏr vˈɪtlt ˈɔɣ θˈað mˈau ˈɛhcɪ cˈɛva θˈeim ˈað jˈɛta ˈɛða trˈʏvla θˈøy .
Flugfélög gera sér grein fyrir að tiltekinn samfélagshópur er reiðubúinn að greiða hátt gjald fyrir forréttindin að ferðast hratt og í miklum þægindum.	flˈʏkvjɛlœɣ cˈɛra sjˈɛr krˈein fˈɪrɪr ˈað tˈɪltɛcɪn sˈamvjɛlaxshoupʏr ˈɛr rˈeiðʏpuɪn ˈað krˈeiða hˈauht cˈalt fˈɪrɪr fˈɔrjɛhtɪntɪn ˈað fˈɛrðast rˈaht ˈɔɣ ˈi mˈɪhklʏm θˈaijɪntʏm .
Flugfélög gera sér grein fyrir að tiltekinn samfélagshópur er reiðubúinn að greiða hátt gjald fyrir forréttindin að ferðast hratt og í miklum þægindum.	flˈʏkvjɛlœɣ cˈɛra sjˈɛr krˈein fˈɪrɪr ˈað tˈɪltɛcɪn sˈamvjɛlaxshoupʏr ˈɛr rˈeiðʏpuɪn ˈað krˈeiða hˈauht cˈalt fˈɪrɪr fˈɔrjɛhtɪntɪn ˈað fˈɛrðast rˈaht ˈɔɣ ˈi mˈɪhklʏm θˈaijɪntʏm .
Al Gore og Tommy Franks hershöfðingi lesa eftirlætis fyrirsagnirnar sínar (eftirlæti Gore er þegar The Onion tilkynnti um að hann og Tipper hefðu stundað besta kynlíf ævi sinnar eftir tap hans í kjörmannaráðinu árið 2000).	ˈal kˈɔrɛ ˈɔɣ tˈɔmɪ frˈauŋxs hˈɛrshœvðiŋcɪ lˈɛsa ˈɛftɪrtlaitɪs fˈɪrɪrsaɣnɪrtnar sˈinar ˈɛftɪrtlaitɪ kˈɔrɛ ˈɛr θˈɛɣar thˈɛ ˈɔnɪɔn tˈɪlcɪntɪ ˈʏm ˈað hˈan ˈɔɣ tˈɪhpɛr hˈɛvðʏ stˈʏntað pˈɛsta cˈɪnliv ˈaivɪ sˈɪnar ˈɛftɪr tˈap hˈans ˈi cˈœrmanarauðɪnʏ ˈaurɪð tvˈœ θˈusʏnt .
Al Gore og Tommy Franks hershöfðingi lesa eftirlætis fyrirsagnirnar sínar (eftirlæti Gore er þegar The Onion tilkynnti um að hann og Tipper hefðu stundað besta kynlíf ævi sinnar eftir tap hans í kjörmannaráðinu árið 2000).	ˈal kˈɔrɛ ˈɔɣ tˈɔmɪ frˈauŋxs hˈɛrshœvðiŋcɪ lˈɛsa ˈɛftɪrtlaitɪs fˈɪrɪrsaɣnɪrtnar sˈinar ˈɛftɪrtlaitɪ kˈɔrɛ ˈɛr θˈɛɣar thˈɛ ˈɔnɪɔn tˈɪlcɪntɪ ˈʏm ˈað hˈan ˈɔɣ tˈɪhpɛr hˈɛvðʏ stˈʏntað pˈɛsta cˈɪnliv ˈaivɪ sˈɪnar ˈɛftɪr tˈap hˈans ˈi cˈœrmanarauðɪnʏ ˈaurɪð tvˈœ θˈusʏnt .
Náttúrutengd ferðaþjónusta heillar fólk sem hefur áhuga á að heimsækja náttúrusvæði með það að markmiði að njóta náttúrunnar, þar á meðal dýra og gróðurlífs.	nˈauhturʏteiŋxt fˈɛrðaθjounʏsta hˈeitlar fˈoulk sˈɛm hˈɛvʏr ˈauhʏɣa ˈau ˈað hˈeimsaica nˈauhturʏsvaiðɪ mˈɛð θˈað ˈað mˈarhkmɪðɪ ˈað njˈouta nˈauhturʏnar , θˈar ˈau mˈɛðal tˈira ˈɔɣ krˈouðʏrtlifs .
Dæmi um slíkt er að ferðast, taka ljósmyndir og læra meira um órangútana á Borneó.	tˈaimɪ ˈʏm slˈixt ˈɛr ˈað fˈɛrðast , tˈaka ljˈousmɪntɪr ˈɔɣ lˈaira mˈeira ˈʏm ˈourauŋkutana ˈau pˈɔrtnɛou .
Xinhua tilkynnti að rannsakendur stjórnvalda hefðu fundið tvo ,svarta kassa'/flugrita á miðvikudaginn.	ksˈɪnhʏa tˈɪlcɪntɪ ˈað rˈansacɛntʏr stjˈourtnvalta hˈɛvðʏ fˈʏntɪð tvˈɔ , svˈarta kˈasa flˈʏɣrɪta ˈau mˈɪðvɪkʏtajɪn .
Xinhua tilkynnti að rannsakendur stjórnvalda hefðu fundið tvo ,svarta kassa'/flugrita á miðvikudaginn.	ksˈɪnhʏa tˈɪlcɪntɪ ˈað rˈansacɛntʏr stjˈourtnvalta hˈɛvðʏ fˈʏntɪð tvˈɔ , svˈarta kˈasa flˈʏɣrɪta ˈau mˈɪðvɪkʏtajɪn .
Leikur Suður-Afríka var ryðgaður gegn syðri systrum sínum en fór þó batnandi þegar leið á mótið.	lˈeikʏr sˈʏðʏravrika vˈar rˈɪðkaðʏr cˈɛɣn sˈɪðrɪ sˈɪstrʏm sˈinʏm ˈɛn fˈour θˈou pˈahtnantɪ θˈɛɣar lˈeið ˈau mˈoutɪð .
Leikur Suður-Afríka var ryðgaður gegn syðri systrum sínum en fór þó batnandi þegar leið á mótið.	lˈeikʏr sˈʏðʏravrika vˈar rˈɪðkaðʏr cˈɛɣn sˈɪðrɪ sˈɪstrʏm sˈinʏm ˈɛn fˈour θˈou pˈahtnantɪ θˈɛɣar lˈeið ˈau mˈoutɪð .
Læknir sem starfaði á barnaspítalanum í Pittsburgh, Pennsylvaníu verður ákærð fyrir morð af yfirlögðu ráði eftir að móðir hennar fannst látin í farangursgeymslu bíls hennar á miðvikudaginn, að sögn yfirvalda í Ohio.	lˈaihknɪr sˈɛm stˈarvaðɪ ˈau pˈartnaspitalanʏm ˈi pˈɪhtspʏrkh , pˈɛnsɪlvanijʏ vˈɛrðʏr ˈaucairð fˈɪrɪr mˈɔrð ˈav ˈɪvɪrtlœɣðʏ rˈauðɪ ˈɛftɪr ˈað mˈouðɪr hˈɛnar fˈanst lˈautɪn ˈi fˈarauŋkʏrsceimslʏ pˈils hˈɛnar ˈau mˈɪðvɪkʏtajɪn , ˈað sˈœɣn ˈɪvɪrvalta ˈi ˈɔhɪɔ .
Eftir viku af kosningaósigrum ræddi Bush við áhorfendur um aukin viðskiptaumsvif í Asíu.	ˈɛftɪr vˈɪkʏ ˈav kˈɔsniŋkaousɪɣrʏm rˈaitɪ pˈʏsh vˈɪð ˈauhɔrvɛntʏr ˈʏm ˈøycɪn vˈɪðscɪptøymsvɪv ˈi ˈasijʏ .
Margir höfunda þeirra hafa eftir þetta haft gríðarmikil áhrif á fréttaskopstælingarþætti Jon Stewart og Stephen Colbert.	mˈarcɪr hˈœvʏnta θˈeira hˈava ˈɛftɪr θˈɛhta hˈaft krˈiðarmɪcɪl ˈaurɪv ˈau frjˈɛhtaskɔpstailiŋkarθaihtɪ jˈɔn stˈɛvart ˈɔɣ stˈɛphɛn kˈɔlpɛrt .
Áform um bóluefni til dreifingar á þeim svæðum sem sögulega hafa orðið fyrir mestum áhrifum á þessu ári var seinkað vegna fjárskorts og lítillar forgangsröðunar miðað við aðra sjúkdóma.	ˈauvɔrm ˈʏm pˈoulʏɛpnɪ tˈɪl trˈeiviŋkar ˈau θˈeim svˈaiðʏm sˈɛm sˈœɣʏlɛɣa hˈava ˈɔrðɪð fˈɪrɪr mˈɛstʏm ˈaurɪvʏm ˈau θˈɛsʏ ˈaurɪ vˈar sˈeiŋkað vˈɛɣna fjˈaurskɔrts ˈɔɣ lˈitɪtlar fˈɔrkauŋxsrœðʏnar mˈɪðað vˈɪð ˈaðra sjˈuxtouma .
Þýskaland var sameiginlegur óvinur í seinni heimsstyrjöldinni, sem leiddi til samstarfs milli Sovétríkjanna og Bandaríkjanna. Þegar stríðinu lauk spruttu upp deilur vegna þess að kerfi, aðferðafræði og menning þeirra áttu illa saman.	θˈiskalant vˈar sˈameijɪnlɛɣʏr ˈouvɪnʏr ˈi sˈeitnɪ hˈeimstɪrjœltɪnɪ , sˈɛm lˈeitɪ tˈɪl sˈamstarfs mˈɪtlɪ sˈɔvjɛtricana ˈɔɣ pˈantaricana . θˈɛɣar strˈiðɪnʏ lˈøyk sprˈʏhtʏ ˈʏhp tˈeilʏr vˈɛɣna θˈɛs ˈað cˈɛrvɪ , ˈaðvɛrðavraiðɪ ˈɔɣ mˈɛniŋk θˈeira ˈauhtʏ ˈɪtla sˈaman .
Þetta veitir okkur mikið af upplýsingum og efni til að byggja upp hermilíkön sem hjálpa okkur að skilja ferla í huga okkar.	θˈɛhta vˈeitɪr ˈɔhkʏr mˈɪcɪð ˈav ˈʏhplisiŋkʏm ˈɔɣ ˈɛpnɪ tˈɪl ˈað pˈɪca ˈʏhp hˈɛrmɪlikœn sˈɛm çˈaulpa ˈɔhkʏr ˈað scˈɪlja fˈɛrtla ˈi hˈʏɣa ˈɔhkar .
Þetta er ekkert til að skammast sín fyrir: engin munur er á þessu og persónulegri hræðslu og óbeit á öðrum hlutum sem margir einstaklingar hafa.	θˈɛhta ˈɛr ˈɛhcɛrt tˈɪl ˈað skˈamast sˈin fˈɪrɪr , ˈeiŋcɪn mˈʏnʏr ˈɛr ˈau θˈɛsʏ ˈɔɣ pˈɛrsounʏlɛɣrɪ rˈaiðslʏ ˈɔɣ ˈoupeit ˈau ˈœðrʏm lˈʏtʏm sˈɛm mˈarcɪr ˈeinstahkliŋkar hˈava .
Yfirleitt heyrist mýkra hljóð þegar boganum er strokið upp á við en öflugra og skærara hljóð þegar boganum er strokið niður á við.	ˈɪvɪrtleiht hˈeirɪst mˈikra ljˈouð θˈɛɣar pˈɔɣanʏm ˈɛr strˈɔcɪð ˈʏhp ˈau vˈɪð ˈɛn ˈœvlʏɣra ˈɔɣ scˈairara ljˈouð θˈɛɣar pˈɔɣanʏm ˈɛr strˈɔcɪð nˈɪðʏr ˈau vˈɪð .
Nokkrar rútur ganga einnig í norðurátt til Hebron. Það er að finna hefðbundinn grafreit ættfeðra biblíunnar, Abrahams, Ísaks, Jakobs og eiginkvenna þeirra.	nˈɔhkrar rˈutʏr kˈauŋka ˈeitnɪɣ ˈi nˈɔrðʏrauht tˈɪl hˈɛprɔn . θˈað ˈɛr ˈað fˈɪna hˈɛvðpʏntɪn krˈavreit ˈaihtvɛðra pˈɪplijʏnar , ˈaprahams , ˈisaxs , jˈakɔps ˈɔɣ ˈeijiŋkvɛna θˈeira .
Mikið er um bækur og tímarit sem fjalla um líf í óbyggðum, en útgáfurit sem fjalla um stríðshrjáð svæði eru ekki svo mörg.	mˈɪcɪð ˈɛr ˈʏm pˈaikʏr ˈɔɣ tˈimarɪt sˈɛm fjˈatla ˈʏm lˈiv ˈi ˈoupɪkðʏm , ˈɛn ˈutkauvʏrɪt sˈɛm fjˈatla ˈʏm strˈiðsrjauð svˈaiðɪ ˈɛrʏ ˈɛhcɪ svˈɔ mˈœrk .
Listræni atburðurinn er líka hluti af herferð ráðhúss Búkarest þar sem markmiðið er að skapa að nýju ímynd rúmensku höfuðborgarinnar sem skapandi og litríkar stórborgar.	lˈɪstrainɪ ˈatpʏrðʏrɪn ˈɛr lˈika lˈʏtɪ ˈav hˈɛrvɛrð rˈauðhus pˈukarɛst θˈar sˈɛm mˈarhkmɪðɪð ˈɛr ˈað skˈapa ˈað nˈijʏ ˈimɪnt rˈumɛnskʏ hˈœvʏðpɔrkarɪnar sˈɛm skˈapantɪ ˈɔɣ lˈɪtrikar stˈourpɔrkar .
Gremja samfélagsins leiddi til núverandi viðleitni til að setja saman stefnu varðandi kynferðislegt efni fyrir síðuna sem hýsir milljónir miðla með opið leyfi.	krˈɛmja sˈamvjɛlaxsɪns lˈeitɪ tˈɪl nˈuvɛrantɪ vˈɪðleihtnɪ tˈɪl ˈað sˈɛtja sˈaman stˈɛpnʏ vˈarðantɪ cˈɪnvɛrðɪslɛxt ˈɛpnɪ fˈɪrɪr sˈiðʏna sˈɛm hˈisɪr mˈɪtljounɪr mˈɪðla mˈɛð ˈɔpɪð lˈeivɪ .
