18 godu symts irā laikavyds, kurs suocēs 1701 godā i tuoļuojuos da 1800 gods (īskaitūt) pa Gregora kalenderam.	ɔstɔnʲpatʲsʲmʲit ɡɔdu sɨmts iraː laikavɨts , kurs suɔt͡sʲæːs tɨukstuːʃa sʲæpʲtʲænʲi sɨmʲtʲi vʲiːnt͡s ɡɔdaː i tuɔlʲuɔjuɔs da tɨukstuːʃa ɔstɔnʲi sɨmʲtʲi ɡɔts iːskaituːt pa ɡræɡɔra kalʲænʲdʲæram .
1863 godā par Latgolu veļās puoļu bunta nūtikšonys.	tɨukstuːʃa ɔstɔnʲi sɨmʲtʲi sʲæʒʲdʲæsʲmʲit træis ɡɔdaː par ladɡɔlu vʲælʲaːs puɔlʲu bunta nuːtʲikʃɔnɨs .
Taids algoritms ir lītuots angļu volūdā, bet tū var lītuot ari cytuos volūduos - ari lels daudzums latvīšu (baļtīšu) i latgaļu vuordineicu sastateits lītojūt itū sprostū parādavuošonys principu.	taits alɡɔrʲitms ir lʲiːtuɔts anɡlʲu vɔluːdaː , bʲæt tuː var lʲiːtuɔt arʲi t͡sɨtuɔs vɔluːduɔs arʲi lʲæls daud͡zums ladʲvʲiːʃu balʲtʲiːʃu i ladɡalʲu vuɔrʲdʲinʲæit͡su sastatʲæits lʲiːtɔjuːt ituː sprɔstuː paraːdavuɔʃɔnɨs prinʲt͡sʲipu .
Andora (katalaņu: Principat d’Andorra, , praņcūzu: Principauté d'Andorre ), oficialai Andorys Principalitets (Principat d'Andorra, Principado de Andorra, Principauté d'Andorre) irā vaļsteiba Europā.	andɔra katalanʲu , prinʲt͡sʲipat dandɔrra , pranʲt͡suːzu , prinʲt͡sʲipautʲæ dandɔrræ , ɔfʲit͡sʲialai andɔrɨs prinʲt͡sʲipalʲitʲæts prinʲt͡sʲipat dandɔrra , prinʲt͡sʲipadɔ dʲæ andɔrra , prinʲt͡sʲipautʲæ dandɔrræ iraː valʲsʲtʲæiba æurɔpaː .
Jūrdžs beja muzikāls. Jis ir bejs dzīduotuojs, jam beja lobs bolss — tenors, partū jis vysur tika aicynuots i cīneits. 1910. godā Andryvs ar dzīduošonu pīsadaliejs pyrmajā skūluotūs latgaļu reikuotajā teatra izruodē sovā dzymtajā pogostā. Andryvs Jūrdžs prata spielēt ari kūkles. Jūrdžs leidz pošam vacumam beja bazneicys dzīduotuojs.	juːrt͡ʃs bʲæja muzʲikaːls . jis ir bʲæjs d͡zʲiːduɔtuɔjs , jam bʲæja lɔps bɔlss tʲænɔrs , partuː jis vɨsur tʲika ait͡sɨnuɔts i t͡sʲiːnʲæits . tɨukstuːʃa dʲævʲænʲi sɨmʲtʲi dʲæsʲmʲit ɡɔdaː andrɨws ar d͡zʲiːduɔʃɔnu pʲiːsadalʲiæjs pɨrmajaː skuːluɔtuːs ladɡalʲu rʲæikuɔtajaː tʲæatra izruɔdʲæː sɔvaː d͡zɨmtajaː pɔɡɔstaː . andrɨws juːrt͡ʃs prata sʲpʲiælʲæːt arʲi kuːkʲlʲæs . juːrt͡ʃs lʲæit͡s pɔʃam vat͡sumam bʲæja bazʲnʲæit͡sɨs d͡zʲiːduɔtuɔjs .
Zeimes(„Zīmes", dzeja i puorlykumi, 2005)	zʲæimʲæs zʲiːmʲæs , d͡zʲæja i puɔrlɨkumʲi , dʲivʲi tɨukstuːʃɨs pʲiːt͡sʲi
"Rīga ūdenī: latviešu dzejas izlase." (latviešu un vācu valodā, G. Zēhauza 2004),	rʲiːɡa uːdʲænʲiː , ladʲvʲiæʃu d͡zʲæjas izlasʲæ . ladʲvʲiæʃu un vaːt͡su valɔdaː , k . zʲæːxauza dʲivʲi tɨukstuːʃɨs t͡ʃʲætri ,
konkretu leidziekļu i projektu apleicei sorguot (pīvadumam, teirejūt iudiņus, atjaunynojūt dzeivinīku populacejis, puordorūt palīkus i leidz.);	kɔnkrætu lʲæid͡zʲiæklʲu i prɔjæktu apʲlʲæit͡sʲæi sɔrɡuɔt pʲiːvadumam , tʲæirʲæjuːt iudʲinʲus , atjaunɨnɔjuːt d͡zʲæivʲinʲiːku pɔpulat͡sʲæjis , puɔrdɔruːt palʲiːkus i lʲæit͡s ,
Pasaulī vys vēļ navā zynoms precizs auguoju škiru skaits, izškireigi tāmātuoji runoj ap daudzumu nu 287 000 da 422 000.	pasaulʲiː vɨs vʲæːlʲ navaː zɨnɔms præt͡sʲiss auɡuɔju ʃʲkʲiru skaits , isʲʃʲkʲirʲæiɡʲi taːmaːtuɔji runɔj ap daud͡zumu nu dʲivʲi sɨmʲtʲi ɔstɔnʲdʲæsʲmʲit sʲæpʲtʲænʲis tɨukstuːʃɨs da t͡ʃʲætri sɨmʲtʲi dʲiwʲdʲæsʲmʲit dʲivʲi tɨukstuːʃɨs .
Biznesa analitika — procesu, tehnologeju, pajiemīņu i leidziekļu kūpums, kurs ļaun pasajāmumam pīlaseit i izanalizēt informaceju ap sovu saimestiskū darbeibu, kab lobuok saprostu vysaidu faktoru ītaku iz uzjiemiejdarbeibys rezultatim i pījimtu pareizus sasprīdumus ap uzjiemiejdarbeibys tuoluoku raisteišonu.	bʲizʲnʲæsa analʲitʲika prɔt͡sʲæsu , tʲæxnɔlɔɡʲæju , pajiæmʲiːnʲu i lʲæid͡zʲiæklʲu kuːpums , kurs lʲaun pasajaːmumam pʲiːlasʲæit i izanalʲizʲæːt infɔrmat͡sʲæju ap sɔvu saimʲæsʲtʲiskuː darʲbʲæibu , kap lɔbuɔk saprɔstu vɨsaidu faktɔru iːtaku is uzʲjiæmʲiæjdarʲbʲæibɨs rʲæzultatʲim i pʲiːjimtu parʲæizus saspriːdumus ap uzʲjiæmʲiæjdarʲbʲæibɨs tuɔluɔku raisʲtʲæiʃɔnu .
Pīrakstejs stuošku lasejumu „Humoreskys” (1965), eseju gruomotys „Latgali politiskajuos patmaļuos” (1957), „Latgola, muna tāvzeme” (1984).	pʲiːrakʲsʲtʲæjs stuɔʃku lasʲæjumu xumɔrʲæskɨs tɨukstuːʃa dʲævʲænʲi sɨmʲtʲi sʲæʒʲdʲæsʲmʲit pʲiːt͡sʲi , æsʲæju ɡruɔmɔtɨs ladɡalʲi pɔlʲitʲiskajuɔs patmalʲuɔs tɨukstuːʃa dʲævʲænʲi sɨmʲtʲi pʲiːd͡zʲdʲæsʲmʲit sʲæpʲtʲænʲi , ladɡɔla , muna taːwʲzʲæmʲæ tɨukstuːʃa dʲævʲænʲi sɨmʲtʲi ɔstɔnʲdʲæsʲmʲit t͡ʃʲætri .
Caracal caracal schmitzi (Matschie, 1912)	t͡sarat͡sal t͡sarat͡sal sʲxʲmʲid͡zʲi matʲsʲxʲiæ , tɨukstuːʃa dʲævʲænʲi sɨmʲtʲi dʲiwpatʲsʲmʲit
Cylvāks, taksonomiskai Homo sapiens (latiņu volūdā: saprateigais cylvāks) irā vīneiguo dzeivuo škira Homo (cylvāku) giņtī.	t͡sɨlvaːks , taksɔnɔmʲiskai xɔmɔ sapʲiænt͡s latʲinʲu vɔluːdaː , sapratʲæiɡais t͡sɨlvaːks iraː vʲiːnʲæiɡuɔ d͡zʲæivuɔ ʃʲkʲira xɔmɔ t͡sɨlvaːku ɡʲinʲtʲiː .
Dadurekrans irā elektroniskys ītaisis ekrans, kurs var na tik paruodeit informaceju, a i juos dabuot.	dadurʲækrant͡s iraː ælʲæktrɔnʲiskɨs iːtaisʲis ækrant͡s , kurs var na tʲik paruɔdʲæit infɔrmat͡sʲæju , a i juɔs dabuɔt .
computer science: informatika > datorzineiba	t͡sɔmputʲær sʲt͡sʲiænʲt͡sʲæ , infɔrmatʲika datɔrʲzʲinʲæiba
subdirectory: zamapvuocs, zamdirektoreja	subʲdʲirʲæt͡stɔrɨ , zamabvuɔt͡ss , zamʲdʲirʲæktɔrʲæja
Krīvejā Daugova (Zapadnaja Dvina) caur kanalu saškierta ar Berezinys i Dnepra upem.	kriːvʲæjaː dauɡɔva zapadnaja dʲvʲina t͡saur kanalu saʃʲkʲiærta ar bʲærʲæzʲinɨs i dʲnʲæpra upʲæm .
1902 g. — pastateita Sv. Marejis katuoļu bazneica.	tɨukstuːʃa dʲævʲænʲi sɨmʲtʲi dʲivʲi k . pastatʲæita sf . marʲæjis katuɔlʲu bazʲnʲæit͡sa .
Fiteļbergs Gžegožs (Grzegorz Fitelberg) — puoļu dirigents i komponists, Mlada Polska bīdrys	fʲitʲælʲbʲærks ɡʲʒʲæɡɔʃs ɡrzʲæɡɔrs fʲitʲælʲbʲærk puɔlʲu dʲirʲiɡʲænts i kɔmpɔnʲists , mlada pɔlska bʲiːdrɨs
Daugpiļs nūvodtēmis i muokslys muzeja kuorms irā arhitekturys pīminieklis — stateits 1883 godā jugendstilī.	daukʲpʲilʲs nuːvɔtʲtʲæːmʲis i muɔkslɨs muzʲæja kuɔrms iraː arʲxʲitʲækturɨs pʲiːmʲinʲiækʲlʲis statʲæits tɨukstuːʃa ɔstɔnʲi sɨmʲtʲi ɔstɔnʲdʲæsʲmʲit træis ɡɔdaː juɡʲænʲtʲsʲtʲilʲiː .
spraust – spraudīšu i taipoš spraudīt – spraudīšu.	spraust spraudʲiːʃu i taipɔʃ spraudʲiːt spraudʲiːʃu .
1 eura (EUR) = apmāram 0,702804 latu (LVL);	vʲiːnt͡s æura æur apmaːram nulʲlʲæ sʲæpʲtʲænʲi sɨmʲtʲi dʲivʲi tɨukstuːʃɨs ɔstɔnʲi sɨmʲtʲi t͡ʃʲætri latu lwl ,
2009 - atvārsumi nu ukraiņu volūdys „Vējš no Ukrainas”	dʲivʲi tɨukstuːʃɨs dʲævʲænʲi advaːrsumʲi nu ukrainʲu vɔluːdɨs vʲæːjʃ nɔ ukrainas
Publiciejuse rokstus (aptuv. 1000) ap literaturys i kulturys vaicuojumim žurnalā „Karogs”, „Zeltene”, „Zvaigzne”, gazetā „Cīņa”, „Neatkarīgā Cīņa”, „Rīgai 800” u.c.	pubʲlʲit͡sʲiæjusʲæ rɔkstus aptuf . tɨukstuːʃa ap lʲitʲæraturɨs i kulturɨs vait͡suɔjumʲim ʒurnalaː karɔks , zʲælʲtʲænʲæ , zvaiɡʲzʲnʲæ , ɡazʲætaː t͡sʲiːnʲa , nʲæatkarʲiːɡaː t͡sʲiːnʲa , rʲiːɡai ɔstɔnʲi sɨmʲtʲi i t͡sɨtʲi .
Genovefa Barkovska (1935-2021) — Daugpiļs viesturneica, vīna nu golvonūs Latgolys tiemiešonys instituta aktivistu.	ɡʲænɔvʲæfa barkɔwska tɨukstuːʃa dʲævʲænʲi sɨmʲtʲi træizʲdʲæsʲmʲit pʲiːt͡sʲi , dʲivʲi tɨukstuːʃɨs dʲiwʲdʲæsʲmʲit vʲiːnt͡s daukʲpʲilʲs vʲiæsturʲnʲæit͡sa , vʲiːna nu ɡɔlvɔnuːs ladɡɔlɨs tʲiæmʲiæʃɔnɨs inʲsʲtʲituta akʲtʲivʲistu .
Graiži — sola Daugpiļs nūvoda Ombumuižys pogostā, iz vyds Putānu i Pītreišu solu. Solys centrā irā Graižu kolns, nu kura acim pasaruoda skaists vierīņs i kura viersyunē pastateits krysts.	ɡraiʒʲi sɔla daukʲpʲilʲs nuːvɔda ɔmbumuiʒɨs pɔɡɔstaː , is vɨts putaːnu i pʲiːtræiʃu sɔlu . sɔlɨs t͡sʲæntraː iraː ɡraiʒu kɔlnt͡s , nu kura at͡sʲim pasaruɔda skaists vʲiærʲiːnʲt͡sʲ i kura vʲiærsɨunʲæː pastatʲæits krɨsts .
Dzymuse 1935 g. apreļa 22 d. Sīnuojā. Beiguse Latvejis vaļstiskū universitetu (niu - Latvejis universitets) proteinu biokimejis atzarē. Tiemiejuse apopiloproteinu kimejis i piloproteinu metabolizma problemys. Nūstatejuse piloproteinu puormeju dobyskuos i eksperimentaluos naveseleibys, specializiejusēs fizikalajuos un fizikalai kimiskajuos proteinu analizēs.	d͡zɨmusʲæ tɨukstuːʃa dʲævʲænʲi sɨmʲtʲi træizʲdʲæsʲmʲit pʲiːt͡sʲi k . aprælʲa dʲiwʲdʲæsʲmʲit dʲivʲi t . sʲiːnuɔjaː . bʲæiɡusʲæ ladʲvʲæjis valʲsʲtʲiskuː unʲivʲærʲsʲitʲætu nʲiu ladʲvʲæjis unʲivʲærʲsʲitʲæts prɔtʲæinu bʲiɔkʲimʲæjis ad͡zarʲæː . tʲiæmʲiæjusʲæ apɔpʲilɔprɔtʲæinu kʲimʲæjis i pʲilɔprɔtʲæinu mʲætabɔlʲizma prɔbʲlʲæmɨs . nuːstatʲæjusʲæ pʲilɔprɔtʲæinu puɔrʲmʲæju dɔbɨskuɔs i ækʲsʲpʲærʲimʲæntaluɔs navʲæsʲælʲæibɨs , sʲpʲæt͡sʲialʲizʲiæjusʲæːs fʲizʲikalajuɔs un fʲizʲikalai kʲimʲiskajuɔs prɔtʲæinu analʲizʲæːs .
Mitiskums folklorā, literaturā, muokslā ("Mītiskais folklorā, literatūrā, mākslā", 1999);	mʲitʲiskums fɔlklɔraː , lʲitʲæraturaː , muɔkslaː mʲiːtʲiskais fɔlklɔraː , lʲitʲæratuːraː , maːkslaː , tɨukstuːʃa dʲævʲænʲi sɨmʲtʲi dʲævʲænʲdʲæsʲmʲit dʲævʲænʲi ,
Juoņs Eļksnis (dzims 1933 gods oktobra 21 d. Drycānu pogosta Asynovys solā) — Latgolys kulturys aktivists, zeimeigs latgalīšu gruomotlaidiejs, latgalīšu literaturys atdzimšonys vadynuotuojs.	juɔnʲt͡sʲ ælʲkʲsʲnʲis d͡zʲims tɨukstuːʃa dʲævʲænʲi sɨmʲtʲi træizʲdʲæsʲmʲit træis ɡɔts ɔktɔbra dʲiwʲdʲæsʲmʲit vʲiːnt͡s t . drɨt͡saːnu pɔɡɔsta asɨnɔvɨs sɔlaː ladɡɔlɨs kulturɨs akʲtʲivʲists , zʲæimʲæiks ladɡalʲiːʃu ɡruɔmɔtlaidʲiæjs , ladɡalʲiːʃu lʲitʲæraturɨs adʲd͡zʲimʃɔnɨs vadɨnuɔtuɔjs .
Da 1962 gods niulejuo Jākubmīsta teritorejā beja 2 atseviški mīsti — Jākubmīsts Daugovys kairajā molā i Krystapiļs Daugovys lobajā molā. Viesturē seņuok zynoma Krystapiļs, a mīsta tīseibu pyrmuo dabuoja Jākubmīsta daļa.	da tɨukstuːʃa dʲævʲænʲi sɨmʲtʲi sʲæʒʲdʲæsʲmʲit dʲivʲi ɡɔts nʲiulʲæjuɔ jaːkubʲmʲiːsta tʲærʲitɔrʲæjaː bʲæja dʲivʲi atʲsʲævʲiʃʲkʲi mʲiːsʲtʲi jaːkubʲmʲiːsts dauɡɔvɨs kairajaː mɔlaː i krɨstapʲilʲs dauɡɔvɨs lɔbajaː mɔlaː . vʲiæsturʲæː sʲænʲuɔk zɨnɔma krɨstapʲilʲs , a mʲiːsta tʲiːsʲæibu pɨrmuɔ dabuɔja jaːkubʲmʲiːsta dalʲa .
Praktikā vītā gegografiskuo termina „kaupris” cieški lītoj apzeimīni „kolns”. Geografejā raugoms atškiert obadivejus terminus:	prakʲtʲikaː vʲiːtaː ɡʲæɡɔɡrafʲiskuɔ tʲærʲmʲina kaupris t͡sʲiæʃʲkʲi lʲiːtɔj abʲzʲæimʲiːnʲi kɔlnt͡s . ɡʲæɔɡrafʲæjaː rauɡɔms atʲʃʲkʲiært ɔbadʲivʲæjus tʲærʲmʲinus ,
Konstaņtins Strods-Pleņcinīks (eistyn. vuordā: Konstaņtins Strods, 1908—1999) — poets, rakstinīks, rakstejs latgaļu i latvīšu volūduos.	kɔnstanʲtʲint͡s strɔts pʲlʲænʲt͡sʲinʲiːks æistɨn . vuɔrdaː , kɔnstanʲtʲint͡s strɔts , tɨukstuːʃa dʲævʲænʲi sɨmʲtʲi ɔstɔnʲi , tɨukstuːʃa dʲævʲænʲi sɨmʲtʲi dʲævʲænʲdʲæsʲmʲit dʲævʲænʲi pɔæts , rakʲsʲtʲinʲiːks , rakʲsʲtʲæjs ladɡalʲu i ladʲvʲiːʃu vɔluːduɔs .
Augšonys vīta — Kumbuļa muižys parkā, 60 m iz DV nu aplaistuos muižys piļs. Koordinatys: N 55°58'46,1" E 27°10'21,7".	aukʃɔnɨs vʲiːta kumbulʲa muiʒɨs parkaː , sʲæʒʲdʲæsʲmʲit mʲætri is tf nu aplaistuɔs muiʒɨs pʲilʲs . kɔɔrʲdʲinatɨs , n pʲiːd͡zʲdʲæsʲmʲit pʲiːt͡sʲi ɡradʲi pʲiːd͡zʲdʲæsʲmʲit ɔstɔnʲi t͡ʃʲætrudʲæsʲmʲit sʲæʃʲi vʲiːnt͡s æ dʲiwʲdʲæsʲmʲit sʲæpʲtʲænʲi ɡradʲi dʲæsʲmʲit dʲiwʲdʲæsʲmʲit vʲiːnt͡s sʲæpʲtʲænʲi .
Ūgļu - siņteze, generatoru gaza, koksa gaza	uːɡlʲu sʲinʲtʲæzʲæ , ɡʲænʲæratɔru ɡaza , kɔksa ɡaza
Laikvuordam irā treis konjugacejis aba personuošonys. Juos var nūstateit pa vysu treju pamatformu golyunem.	laiɡvuɔrdam iraː træis kɔnjuɡat͡sʲæjis aba pʲærsɔnuɔʃɔnɨs . juɔs var nuːstatʲæit pa vɨsu træju pamatfɔrmu ɡɔlɨunʲæm .
Najaukt ar Latvejis karūgu, kurs radeits, izlītojūt senejūs latgalīšu (senejūs latgaļu) karūga vuordysku aprakstejumu Livonejis Atskonu kronikā.	najaukt ar ladʲvʲæjis karuːɡu , kurs radʲæits , izʲlʲiːtɔjuːt sʲænʲæjuːs ladɡalʲiːʃu sʲænʲæjuːs ladɡalʲu karuːɡa vuɔrdɨsku aprakʲsʲtʲæjumu lʲivɔnʲæjis atskɔnu krɔnʲikaː .
Kaida izškireiba iz vyds volūdu i dialektu	kaida isʲʃʲkʲirʲæiba is vɨts vɔluːdu i dʲialʲæktu
Dekšņa kolns (Rēzeknis nūv. Kaunatys pog.) - 266,5 m a. j. leidz. – 34,9 m	dʲækʃnʲa kɔlnt͡s rʲæːzʲækʲnʲis nuːf . kaunatɨs pɔk . dʲivʲi sɨmʲtʲi sʲæʒʲdʲæsʲmʲit sʲæʃʲi pʲiːt͡sʲi mʲætri a . j . lʲæit͡s . træizʲdʲæsʲmʲit t͡ʃʲætri dʲævʲænʲi mʲætri
Latgolys demokratiskuo parteja davuse daudzi atspaida latgaliskuos kulturys raisteibai - atspaiduojuse gruomotu izlaisšonu latgaļu volūdā, latgaliskuos kulturys sariedīņus Daugpilī i cytur Latgolā.	ladɡɔlɨs dʲæmɔkratʲiskuɔ parʲtʲæja davusʲæ daud͡zʲi atspaida ladɡalʲiskuɔs kulturɨs raisʲtʲæibai atspaiduɔjusʲæ ɡruɔmɔtu izlaisʃɔnu ladɡalʲu vɔluːdaː , ladɡalʲiskuɔs kulturɨs sarʲiædʲiːnʲus daukʲpʲilʲiː i t͡sɨtur ladɡɔlaː .
Krystapiļs Svātuos Trejadeibys Romys katuoļu bazneica	krɨstapʲilʲs zvaːtuɔs træjadʲæibɨs rɔmɨs katuɔlʲu bazʲnʲæit͡sa
puordrūsynuot optimalu statiniskū (nacionalais-regionalais leidzīņs) i guliniskū (nacionalais leidzīņs i regionalais leidzīņs) integraceju iz vyds vysu regionalajā politikā, planaveibā i raisteibā pīsadolūšūs partneru;	puɔrdruːsɨnuɔt ɔpʲtʲimalu statʲinʲiskuː nat͡sʲiɔnalais rʲæɡʲiɔnalais lʲæid͡zʲiːnʲt͡sʲ i ɡulʲinʲiskuː nat͡sʲiɔnalais lʲæid͡zʲiːnʲt͡sʲ i rʲæɡʲiɔnalais lʲæid͡zʲiːnʲt͡sʲ inʲtʲæɡrat͡sʲæju is vɨts vɨsu rʲæɡʲiɔnalajaː pɔlʲitʲikaː , planavʲæibaː i raisʲtʲæibaː pʲiːsadɔluːʃuːs parʲtʲnʲæru ,
Nu 2004. goda 1. maja Latveja irā Europys Savīneibys, nu 2004. goda 29. marta Latveja irā NATO dalīnīkvaļsteiba i nu 2016. goda 2. jūnija Latveja irā ESAO.	nu dʲivʲi tɨukstuːʃɨs t͡ʃʲætri ɡɔda vʲiːnt͡s maja ladʲvʲæja iraː æurɔpɨs savʲiːnʲæibɨs , nu dʲivʲi tɨukstuːʃɨs t͡ʃʲætri ɡɔda dʲiwʲdʲæsʲmʲit dʲævʲænʲi marta ladʲvʲæja iraː natɔ dalʲiːnʲiːɡvalʲsʲtʲæiba i nu dʲivʲi tɨukstuːʃɨs sʲæʃpatʲsʲmʲit ɡɔda dʲivʲi juːnʲija ladʲvʲæja iraː æsaɔ .
Nu vacuos bazneicys irā sasaglobuojuši XVIII gs. biktssūls i 1793 goda klasicizma stiļā darynuota monstrace.	nu vat͡suɔs bazʲnʲæit͡sɨs iraː sasaɡlɔbuɔjuʃʲi ɔstɔnʲpatʲsʲmʲit ks . bʲiktssuːls i tɨukstuːʃa sʲæpʲtʲænʲi sɨmʲtʲi dʲævʲænʲdʲæsʲmʲit træis ɡɔda klasʲit͡sʲizma sʲtʲilʲaː darɨnuɔta mɔnstrat͡sʲæ .
Leopardus colocolo garleppi Matschie, 1912	lʲæɔpardus t͡sɔlɔt͡sɔlɔ ɡarʲlʲæpʲpʲi matʲsʲxʲiæ , tɨukstuːʃa dʲævʲænʲi sɨmʲtʲi dʲiwpatʲsʲmʲit
Leopardus pardalis nelsoni Goldman, 1925	lʲæɔpardus pardalʲis nʲælsɔnʲi ɡɔldman , tɨukstuːʃa dʲævʲænʲi sɨmʲtʲi dʲiwʲdʲæsʲmʲit pʲiːt͡sʲi
DNS analize paruoda, ka servalim irā jū sovpateiga seņču linija, kas pasaradusi nu tim pošim Felid dzeivnīkim, nu kuo ari Ļovs, i koč servalam daudz kūpeiga ar gepardu, dreižuok gepards irā jaunuoka senejūs servalu modifikaceja.	dnt͡s analʲizʲæ paruɔda , ka sʲærvalʲim iraː juː sɔwpatʲæiɡa sʲænʲt͡ʃu lʲinʲija , kas pasaradusʲi nu tʲim pɔʃʲim fʲælʲit d͡zʲæiwʲnʲiːkʲim , nu kuɔ arʲi lʲɔws , i kɔt͡ʃ sʲærvalam daut͡s kuːpʲæiɡa ar ɡʲæpardu , dræiʒuɔk ɡʲæparts iraː jaunuɔka sʲænʲæjuːs sʲærvalu mɔdʲifʲikat͡sʲæja .
Leptailurus serval pococki (Cabrera, 1910)	lʲæptailurus sʲærval pɔt͡sɔt͡sʲkʲi t͡sabræra , tɨukstuːʃa dʲævʲænʲi sɨmʲtʲi dʲæsʲmʲit
čiuļs: lejislatvīts (nalatgalīts); čiuļs voj ciuka - vysleidzaq (soka ap cylvāku, kurs nagavej)	t͡ʃʲiulʲs , lʲæjisladʲvʲiːts naladɡalʲiːts , t͡ʃʲiulʲs vɔj t͡sʲiuka vɨsʲlʲæid͡zak sɔka ap t͡sɨlvaːku , kurs naɡavʲæj
syuds: ..., lītuojūt kai saukumnīku, zeimoj negativū runuotuoja nūstotu pret runys prīškmatu	sɨuts , lʲiːtuɔjuːt kai saukumʲnʲiːku , zʲæimɔj nʲæɡatʲivuː runuɔtuɔja nuːstɔtu præt runɨs priːʃkmatu
Kanadys mežakačs () irā naleļs kaču saimis plieseigais zviers. Mežakačs dzeivoj Kanadā i Aļaskā.	kanadɨs mʲæʒakat͡ʃs iraː nalʲælʲs kat͡ʃu saimʲis pʲlʲiæsʲæiɡais zʲvʲiærs . mʲæʒakat͡ʃs d͡zʲæivɔj kanadaː i alʲaskaː .
Kimiska lītne — cīts, škeists ci gazeigs materials, sasadorūšs nu elementardaleņu i turūšs zynomys fizikaliskuos soveibys.	kʲimʲiska lʲiːtʲnʲæ t͡sʲiːts , ʃʲkʲæists t͡sʲi ɡazʲæiks matʲærʲials , sasadɔruːʃs nu ælʲæmʲæntardalʲænʲu i turuːʃs zɨnɔmɨs fʲizʲikalʲiskuɔs sɔvʲæibɨs .
Manuļs, Pallas, 1776 (; ; ) irā nalels kaču saimis (Felidae) plieseigais zviers. Manuli dzeivoj Azejā.	manulʲs , pallas , tɨukstuːʃa sʲæpʲtʲænʲi sɨmʲtʲi sʲæpʲtʲænʲdʲæsʲmʲit sʲæʃʲi , iraː nalʲæls kat͡ʃu saimʲis fʲælʲidaæ pʲlʲiæsʲæiɡais zʲvʲiærs . manulʲi d͡zʲæivɔj azʲæjaː .
Dzīvojot Latvijā, rakstniece publicējusies tikai latgaliski, trimdā rakstījusi un presē publicējusies gan latgaliski, gan latviešu literārajā valodā.	d͡zʲiːvɔjɔt ladʲvʲijaː , rakʲsʲtʲnʲiæt͡sʲæ pubʲlʲit͡sʲæːjusʲiæs tʲikai ladɡalʲisʲkʲi , trimdaː rakʲsʲtʲiːjusʲi un præsʲæː pubʲlʲit͡sʲæːjusʲiæs ɡan ladɡalʲisʲkʲi , ɡan ladʲvʲiæʃu lʲitʲæraːrajaː valɔdaː .
raksteja, raksteji, raksteja, rakstejom, rakstejot	rakʲsʲtʲæja , rakʲsʲtʲæji , rakʲsʲtʲæja , rakʲsʲtʲæjɔm , rakʲsʲtʲæjɔt
Mozais Līpkolns (Līpkolns, Līpukolns) — kaupris Latgolys augstainē, Dagdys nūvoda Aņdzeļu pogostā, Rāznys dobys parka teritorejā. Catūrtuo pa augstumam Latgolys regiona viersyune. Vyscaureigais (absolutais) augstums – 259 m augšuok jiuru leidzīņa. Samiereigais augstums – 63 m.	mɔzais lʲiːpkɔlnt͡s lʲiːpkɔlnt͡s , lʲiːpukɔlnt͡s kaupris ladɡɔlɨs aukstainʲæː , daɡdɨs nuːvɔda anʲd͡zʲælʲu pɔɡɔstaː , raːznɨs dɔbɨs parka tʲærʲitɔrʲæjaː . t͡satuːrtuɔ pa aukstumam ladɡɔlɨs rʲæɡʲiɔna vʲiærsɨunʲæ . vɨst͡saurʲæiɡais apsɔlutais aukstums dʲivʲi sɨmʲtʲi pʲiːd͡zʲdʲæsʲmʲit dʲævʲænʲi mʲætri aukʃuɔk jiuru lʲæid͡zʲiːnʲa . samʲiærʲæiɡais aukstums sʲæʒʲdʲæsʲmʲit træis mʲætri .
Miglinīks Pīters — ailinīks, ļaudyskais dareituojs, latgaļu atdzimšonys vadynuotuojs;	mʲiɡʲlʲinʲiːks pʲiːtʲærs ailʲinʲiːks , lʲaudɨskais darʲæituɔjs , ladɡalʲu adʲd͡zʲimʃɔnɨs vadɨnuɔtuɔjs ,
†Neofelis nebulosa brachyurus Swinhoe, 1862	nʲæɔfʲælʲis nʲæbulɔsa braxɨurus sʲwʲinxɔæ , tɨukstuːʃa ɔstɔnʲi sɨmʲtʲi sʲæʒʲdʲæsʲmʲit dʲivʲi
Studeju godūs aizadedzs ar viesturis tiemiešonu, Ernesta Brastiņa vodoms pīsadalejs Zemgolys piliskolnu aizmiereišonā. Piec studeju dzeivuojs Daugpilī, darejs Daugpiļs vaļstiskajā školuotuoju institutā par zeimiešonys docātuoju, taipoš Daugpiļs krīvu i boltkrīvu gimnazejuos par školuotuoju. Nu 1927 g. pīsadalejs paruodēs.	studʲæju ɡɔduːs aizadʲæt͡ss ar vʲiæsturʲis tʲiæmʲiæʃɔnu , ærʲnʲæsta brasʲtʲinʲa vɔdɔms pʲiːsadalʲæjs zʲæmɡɔlɨs pʲilʲiskɔlnu aizʲmʲiærʲæiʃɔnaː . pʲiæt͡s studʲæju d͡zʲæivuɔjs daukʲpʲilʲiː , darʲæjs daukʲpʲilʲs valʲsʲtʲiskajaː ʃkɔluɔtuɔju inʲsʲtʲitutaː par zʲæimʲiæʃɔnɨs dɔt͡saːtuɔju , taipɔʃ daukʲpʲilʲs kriːvu i bɔltkriːvu ɡʲimnazʲæjuɔs par ʃkɔluɔtuɔju . nu tɨukstuːʃa dʲævʲænʲi sɨmʲtʲi dʲiwʲdʲæsʲmʲit sʲæpʲtʲænʲi k . pʲiːsadalʲæjs paruɔdʲæːs .
Paremiologeja (latvīšu: paremioloģija) — filologejis i folkloristikys atzare, kura tiemej pīrunu. Termins cielīs nu greku vuordu paroimia (pīruna) i logos (vuords; tiemiešona; vuiceiba).	parʲæmʲiɔlɔɡʲæja ladʲvʲiːʃu , parʲæmʲiɔlɔɡʲija fʲilɔlɔɡʲæjis i fɔlklɔrʲisʲtʲikɨs ad͡zarʲæ , kura tʲiæmʲæj pʲiːrunu . tʲærʲmʲint͡s t͡sʲiælʲiːs nu ɡræku vuɔrdu parɔimʲia pʲiːruna i lɔɡɔs vuɔrts , tʲiæmʲiæʃɔna , vuit͡sʲæiba .
Petanku var kaitavuot sevkotrā laukumeņā: smiļkšuotā, gruntātā, žvyruotā i t. t. Pyrma kaitys suoku kaitaunīki aizzeimoj itū laukumeņu pa nūstateitajim mārim.	pʲætanku var kaitavuɔt sʲæwkɔtraː laukumʲænʲaː , sʲmʲilʲkʃuɔtaː , ɡruntaːtaː , ʒvɨruɔtaː i t . t . pɨrma kaitɨs suɔku kaitaunʲiːkʲi aizʲzʲæimɔj ituː laukumʲænʲu pa nuːstatʲæitajim maːrʲim .
Prionailurus bengalensis alleni Sody, 1949	priɔnailurus bʲænɡalʲænʲsʲis alʲlʲænʲi sɔdɨ , tɨukstuːʃa dʲævʲænʲi sɨmʲtʲi t͡ʃʲætrudʲæsʲmʲit dʲævʲænʲi
Prionailurus viverrinus (Bennett, 1833) (; ; ) — irā naleļs kaču saimis (Felidae) plieseigais zviers. Prionailurus viverrinus dzeivoj Denavydpustum Azejā .	priɔnailurus vʲivʲærrinus bʲænʲnʲætt , tɨukstuːʃa ɔstɔnʲi sɨmʲtʲi træizʲdʲæsʲmʲit træis , iraː nalʲælʲs kat͡ʃu saimʲis fʲælʲidaæ pʲlʲiæsʲæiɡais zʲvʲiærs . priɔnailurus vʲivʲærrinus d͡zʲæivɔj dʲænavɨtpustum azʲæjaː .
Kūpeigai jamūt, golvonuo izškireiba iz vyds pruottelefonu (komunikatoru) i plaukstinīku (PDA) irā funkceju pyrmaileigums:	kuːpʲæiɡai jamuːt , ɡɔlvɔnuɔ isʲʃʲkʲirʲæiba is vɨts pruɔtʲtʲælʲæfɔnu kɔmunʲikatɔru i plaukʲsʲtʲinʲiːku bda iraː funʲkʲt͡sʲæju pɨrmailʲæiɡums ,
Puma concolor (Linnaeus, 1771) (; ; ) — irā leļs kaču saimis (Felidae) plieseigais zviers. Puma concolor dzeivoj Dīnavyd Amerikā i Pūstum Amerikis dīnavydā .	puma t͡sɔnt͡sɔlɔr lʲinnaæus , tɨukstuːʃa sʲæpʲtʲænʲi sɨmʲtʲi sʲæpʲtʲænʲdʲæsʲmʲit vʲiːnt͡s , iraː lʲælʲs kat͡ʃu saimʲis fʲælʲidaæ pʲlʲiæsʲæiɡais zʲvʲiærs . puma t͡sɔnt͡sɔlɔr d͡zʲæivɔj dʲiːnavɨt amʲærʲikaː i puːstum amʲærʲikʲis dʲiːnavɨdaː .
Pyrmaviesturis terminu pyrmū reizi izlītuoja praņcīšu zininīki (praņciskai pré-historique) XIX gs. suokuos, apraksteidami atradīņus Dīnavydpraņcejis oluos. Ciļviecis pyrmaviesturis tiemej arheologeja, paleoantropologeja i jūs sūpluokatzaris.	pɨrmavʲiæsturʲis tʲærʲmʲinu pɨrmuː rʲæizʲi izʲlʲiːtuɔja pranʲt͡sʲiːʃu zʲinʲinʲiːkʲi pranʲt͡sʲiskai præ xʲistɔrʲikuæ dʲævʲænʲpatʲsʲmʲit ks . suɔkuɔs , aprakʲsʲtʲæidamʲi atradʲiːnʲus dʲiːnavɨtpranʲt͡sʲæjis ɔluɔs . t͡sʲilʲvʲiæt͡sʲis pɨrmavʲiæsturʲis tʲiæmʲæj arʲxʲæɔlɔɡʲæja , palʲæɔantrɔpɔlɔɡʲæja i juːs suːpluɔkad͡zarʲis .
Cyta acī smylgu redz, sovā bolkys naredz.	t͡sɨta at͡sʲiː smɨlɡu rʲæt͡s , sɔvaː bɔlkɨs narʲæt͡s .
P. MIglinīks ir publiciejs ari rokstus par Latgolys zemnīku gryutū stuovūkli i muižnīku nacylvieceibu tūreizejuos Pīterpiļs liberaluo vierzīņa krīvu aveizēs.	p . mʲiɡʲlʲinʲiːks ir pubʲlʲit͡sʲiæjs arʲi rɔkstus par ladɡɔlɨs zʲæmʲnʲiːku ɡrɨutuː stuɔvuːkʲlʲi i muiʒʲnʲiːku nat͡sɨlʲvʲiæt͡sʲæibu tuːrʲæizʲæjuɔs pʲiːtʲærʲpʲilʲs lʲibʲæraluɔ vʲiærʲzʲiːnʲa kriːvu avʲæizʲæːs .
Reiga (latvīšu: Rīga, līvu: Rīgõ) irā Latvejis golvysmīsts pi Daugovys ītakys Reigys leicī. Pats lelais finansu, ryupnīceibys i kulturys centrys Baļtejā i trešais pa lelumam mīsts (piec Pīterpiļs i Stokholma) Baļtejis jiurys regionā, zeimeiga jiuru ūsta.	rʲæiɡa ladʲvʲiːʃu , rʲiːɡa , lʲiːvu , rʲiːɡɔ iraː ladʲvʲæjis ɡɔlvɨsʲmʲiːsts pʲi dauɡɔvɨs iːtakɨs rʲæiɡɨs lʲæit͡sʲiː . pats lʲælais fʲinansu , rɨupʲnʲiːt͡sʲæibɨs i kulturɨs t͡sʲæntrɨs balʲtʲæjaː i træʃais pa lʲælumam mʲiːsts pʲiæt͡s pʲiːtʲærʲpʲilʲs i stɔkxɔlma balʲtʲæjis jiurɨs rʲæɡʲiɔnaː , zʲæimʲæiɡa jiuru uːsta .
Reitulatvejis zamaine () — reļjefa īleikums, apjamūšs Latgolys vokoru daļu i Sieleju, īīt Jākubmīsta, Modūnis, Leivuona, Preiļu, Rēzeknis, Bolvu i Oluksnys nūvodu teritorejuos.	rʲæituladʲvʲæjis zamainʲæ rʲælʲjæfa iːlʲæikums , apjamuːʃs ladɡɔlɨs vɔkɔru dalʲu i sʲiælʲæju , iːiːt jaːkubʲmʲiːsta , mɔduːnʲis , lʲæivuɔna , præilʲu , rʲæːzʲækʲnʲis , bɔlvu i ɔluksnɨs nuːvɔdu tʲærʲitɔrʲæjuɔs .
Roberts Ancāns nūmira 1982.goda 1.janvarī Ņujorkā. Apbedeits Ņujorkys štatā, Katskiļu bruoļu kapūs.	rɔbʲærts ant͡saːnt͡s nuːmʲira tɨukstuːʃa dʲævʲænʲi sɨmʲtʲi ɔstɔnʲdʲæsʲmʲit dʲivʲi ɡɔda vʲiːnt͡s janvarʲiː nʲujɔrkaː . abʲbʲædʲæits nʲujɔrkɨs ʃtataː , katʲsʲkʲilʲu bruɔlʲu kapuːs .
Tanys roksts (gabuli tana) (maļdivu volūdai, nu 17 gs., arabu ītakā)	tanɨs rɔksts ɡabulʲi tana malʲdʲivu vɔluːdai , nu sʲæpʲtʲænʲpatʲsʲmʲit ks , arabu iːtakaː
1698 - Pasvieteita Indreicys katuoļu bazneica, vacuokuo da šam zynomuo baroka laika kūka bazneica;	tɨukstuːʃa sʲæʃʲi sɨmʲtʲi dʲævʲænʲdʲæsʲmʲit ɔstɔnʲi pazʲvʲiætʲæita indræit͡sɨs katuɔlʲu bazʲnʲæit͡sa , vat͡suɔkuɔ da ʃam zɨnɔmuɔ barɔka laika kuːka bazʲnʲæit͡sa ,
Emre Belezolu (Emre Belözoğlu), Turcejis futbolists	æmræ bʲælʲæzɔlu æmræ bʲælɔzɔɡlu , turʲt͡sʲæjis fudbɔlʲists
Rāznys auguoji – nīdris, skūrstys, syurenis, laičinis, gleivenis, harys. Azarā sateikamys 27 zyvu škirys – zuši, karpys, peledis, raudys, asari, leidakys, repši, pliči, keiši, vīki i ct.	raːznɨs auɡuɔji nʲiːdris , skuːrstɨs , sɨurʲænʲis , lait͡ʃʲinʲis , ɡʲlʲæivʲænʲis , xarɨs . azaraː satʲæikamɨs dʲiwʲdʲæsʲmʲit sʲæpʲtʲænʲi zɨvu ʃʲkʲirɨs zuʃʲi , karpɨs , pʲælʲædʲis , raudɨs , asarʲi , lʲæidakɨs , rʲæpʲʃʲi , pʲlʲit͡ʃʲi , kʲæiʃʲi , vʲiːkʲi i t͡sɨtʲi .
1993. goda juļa 1. dīna – suoc dareit Rēzeknis augstskūla kai sovrūčs vuiceibys īstots.	tɨukstuːʃa dʲævʲænʲi sɨmʲtʲi dʲævʲænʲdʲæsʲmʲit træis ɡɔda julʲa vʲiːnt͡s dʲiːna suɔt͡s darʲæit rʲæːzʲækʲnʲis aukstskuːla kai sɔwruːt͡ʃs vuit͡sʲæibɨs iːstɔts .
Saulis kolni () irā kaupru puors Latgolys dīnavydūs, Latgolys augstainē, Kruoslovys nūvoda Kumbuļa pogostā, Kruoslovys—Dagdys ceļa reitu pusē, pi Dreidža azara. Vīna nu senejūs latgaļu pošsvareiguokūs svātvītu. Nūmīļuots turizma objekts (tok padūmu laikā panycynuots i itamā šaļtī aplaists).	saulʲis kɔlʲnʲi iraː kaupru puɔrs ladɡɔlɨs dʲiːnavɨduːs , ladɡɔlɨs aukstainʲæː , kruɔslɔvɨs nuːvɔda kumbulʲa pɔɡɔstaː , kruɔslɔvɨs daɡdɨs t͡sʲælʲa rʲæitu pusʲæː , pʲi dræid͡ʒa azara . vʲiːna nu sʲænʲæjuːs ladɡalʲu pɔʒzvarʲæiɡuɔkuːs zvaːdʲvʲiːtu . nuːmʲiːlʲuɔts turʲizma ɔbʲjækts tɔk paduːmu laikaː panɨt͡sɨnuɔts i itamaː ʃalʲtʲiː aplaists .
Šudiņ spanīšu volūdu kai pyrmū voi ūtrū volūdu runoj vydyskai (pa vysaidim apskaitīnim) 400 mln. ļaužu — Spanejā, kūna vysuos Latiņamerikys vaļsteibuos, Ekvatora Gvinejā Afrikā i cytur.	ʃudʲinʲ spanʲiːʃu vɔluːdu kai pɨrmuː vɔi uːtruː vɔluːdu runɔj vɨdɨskai pa vɨsaidʲim apskaitʲiːnʲim t͡ʃʲætri sɨmʲtʲi mʲilʲijɔnʲi lʲauʒu spanʲæjaː , kuːna vɨsuɔs latʲinʲamʲærʲikɨs valʲsʲtʲæibuɔs , æɡvatɔra ɡʲvʲinʲæjaː afrikaː i t͡sɨtur .
1881 g. - gimnazeja tyka par Stelenboša kolegeju.	tɨukstuːʃa ɔstɔnʲi sɨmʲtʲi ɔstɔnʲdʲæsʲmʲit vʲiːnt͡s k . ɡʲimnazʲæja tɨka par sʲtʲælʲænbɔʃa kɔlʲæɡʲæju .
ScaleMinor = unit:year increment:1000000 start:0 gridcolor:linegrey2	st͡salʲæmʲinɔr unʲit , ɨæar int͡sræmʲænt , vʲiːnt͡s mʲilʲjɔnt͡s start , nulʲlʲæ ɡritt͡sɔlɔr , lʲinʲæɡræɨ dʲivʲi
Sātparāds (; ; ) irā kasdīnys daguojumi, kurus ļauds dora sūpluok aizpeļnejamuo dorba, kab apmīreitu sovys vajadzeibys deļ puortykys, drēbu, dzeivuotovys i cytaida kasdīneiguo personiskuo komforta.	saːtparaːts , iraː kazʲdʲiːnɨs daɡuɔjumʲi , kurus lʲauts dɔra suːpluɔk aisʲpʲælʲnʲæjamuɔ dɔrba , kap apʲmʲiːrʲæitu sɔvɨs vajad͡zʲæibɨs dʲælʲ puɔrtɨkɨs , dræːbu , d͡zʲæivuɔtɔvɨs i t͡sɨtaida kazʲdʲiːnʲæiɡuɔ pʲærsɔnʲiskuɔ kɔmfɔrta .
1983.g. pījimts Ministru Padūmis lāmums par Uoraišu azara apmetnis saglobuošonu i parka-muzeja izveiduošonu ap itū azaru. Apleicīnē ir ap 15 svareigu atškireiga vacuma arheologiskūs pīminekļu.	tɨukstuːʃa dʲævʲænʲi sɨmʲtʲi ɔstɔnʲdʲæsʲmʲit træis k . pʲiːjimts mʲinʲistru paduːmʲis laːmums par uɔraiʃu azara apʲmʲætʲnʲis saɡlɔbuɔʃɔnu i parka muzʲæja izʲvʲæiduɔʃɔnu ap ituː azaru . apʲlʲæit͡sʲiːnʲæː ir ap pʲiːt͡spatʲsʲmʲit zvarʲæiɡu atʲʃʲkʲirʲæiɡa vat͡suma arʲxʲæɔlɔɡʲiskuːs pʲiːmʲinʲæklʲu .
7 garonys dūbis, kurys vērtinē stīpās 1 km garumā. Mežvydu ceļa D molā irā poša leluo dūbe – Valna pāds, juos garums 80 m, plotums 50 m, dziļums 8 m. Tuoļuok iz pūstumim cytys dūbis – Vierša līkne, Līpeņa, Ūgu pūreņš i ct.	sʲæpʲtʲænʲi ɡarɔnɨs duːbʲis , kurɨs vʲæːrʲtʲinʲæː sʲtʲiːpaːs vʲiːnt͡s kʲilɔmʲætrs ɡarumaː . mʲæʒvɨdu t͡sʲælʲa t mɔlaː iraː pɔʃa lʲæluɔ duːbʲæ valna paːts , juɔs ɡarums ɔstɔnʲdʲæsʲmʲit mʲætri , plɔtums pʲiːd͡zʲdʲæsʲmʲit mʲætri , d͡zʲilʲums ɔstɔnʲi mʲætri . tuɔlʲuɔk is puːstumʲim t͡sɨtɨs duːbʲis vʲiærʃa lʲiːkʲnʲæ , lʲiːpʲænʲa , uːɡu puːrʲænʲt͡ʃ i t͡sɨtʲi .
Pīvadumi: cylvāka veice iz dobu, laitiešonys veice iz uodu, zuoļu veice, saulis spaitu vieleiguo veice, apleicis trūkšņa navieleiguo veice iz veseleibu, Radioaktivuo spaitīņa vuodeiguo veice.	pʲiːvadumʲi , t͡sɨlvaːka vʲæit͡sʲæ is dɔbu , laitʲiæʃɔnɨs vʲæit͡sʲæ is uɔdu , zuɔlʲu vʲæit͡sʲæ , saulʲis spaitu vʲiælʲæiɡuɔ vʲæit͡sʲæ , apʲlʲæit͡sʲis truːkʃnʲa navʲiælʲæiɡuɔ vʲæit͡sʲæ is vʲæsʲælʲæibu , radʲiɔakʲtʲivuɔ spaitʲiːnʲa vuɔdʲæiɡuɔ vʲæit͡sʲæ .
Vītauts Mačerņs (; 1921 juņa m. 5 dīna — 1944 oktebra m. 7 dīna) beja lītaunīku ailinīks.	vʲiːtauts mat͡ʃʲærnʲt͡sʲ , tɨukstuːʃa dʲævʲænʲi sɨmʲtʲi dʲiwʲdʲæsʲmʲit vʲiːnt͡s junʲa m . pʲiːt͡sʲi dʲiːna tɨukstuːʃa dʲævʲænʲi sɨmʲtʲi t͡ʃʲætrudʲæsʲmʲit t͡ʃʲætri ɔkʲtʲæbra m . sʲæpʲtʲænʲi dʲiːna bʲæja lʲiːtaunʲiːku ailʲinʲiːks .
Romans Pīters Vylāns (1944). Gazetu Latgalīts (1921), Latgolys zemkūps (1925-1935) redaktors.	rɔmant͡s pʲiːtʲærs vɨlaːnt͡s tɨukstuːʃa dʲævʲænʲi sɨmʲtʲi t͡ʃʲætrudʲæsʲmʲit t͡ʃʲætri . ɡazʲætu ladɡalʲiːts tɨukstuːʃa dʲævʲænʲi sɨmʲtʲi dʲiwʲdʲæsʲmʲit vʲiːnt͡s , ladɡɔlɨs zʲæmkuːps tɨukstuːʃa dʲævʲænʲi sɨmʲtʲi dʲiwʲdʲæsʲmʲit pʲiːt͡sʲi , tɨukstuːʃa dʲævʲænʲi sɨmʲtʲi træizʲdʲæsʲmʲit pʲiːt͡sʲi rʲædaktɔrs .
2006 gods Leita mieneša 28 dīna — sataiseits pyrmais aizprasejums Vikipedejai latgaļu volūdā.	dʲivʲi tɨukstuːʃɨs sʲæʃʲi ɡɔts lʲæita mʲiænʲæʃa dʲiwʲdʲæsʲmʲit ɔstɔnʲi dʲiːna sataisʲæits pɨrmais aisprasʲæjums vʲikʲipʲædʲæjai ladɡalʲu vɔluːdaː .
Pādējuos W3C versejis irā HTML versija 4.01. Versejai HTML 5 irā skices statuss, bet puorsavierieji jau nazcik elementu nu HTML 5 atbolsta. Bejuši centīni HTML raksteit ari teirā XML sintaksē (a ne SGML) - itū projektu sauc XHTML (verseja XHTML 1.0).	paːdʲæːjuɔs w træis t͡s vʲærʲsʲæjis iraː xtml vʲærʲsʲija t͡ʃʲætri . vʲiːnt͡s . vʲærʲsʲæjai xtml pʲiːt͡sʲi iraː sʲkʲit͡sʲæs statuss , bʲæt puɔrsavʲiærʲiæji jau nasʲt͡sʲik ælʲæmʲæntu nu xtml pʲiːt͡sʲi adbɔlsta . bʲæjuʃʲi t͡sʲænʲtʲiːnʲi xtml rakʲsʲtʲæit arʲi tʲæiraː zml sʲintakʲsʲæː a nʲæ zɡml ituː prɔjæktu saut͡s sxtml vʲærʲsʲæja sxtml vʲiːnt͡s nulʲlʲæ .
Škūrsteišonys viesture (Browsing history) - saroksts, kur radzomi resursi, kas pīpraseiti ogruok.	ʃkuːrʲsʲtʲæiʃɔnɨs vʲiæsturʲæ brɔwʲsʲink xʲistɔrɨ sarɔksts , kur rad͡zɔmʲi rʲæsurʲsʲi , kas pʲiːprasʲæitʲi ɔɡruɔk .
Aļņu saime () sador nu 53 škirām. Zināmuokās škirys irā brīds, pūstumaļņs, meža koza. Aļņu soveiga pīzeime irā rogi, kuri aug tik tāvaiņīm, atskaitūt pūstumaļņus i iudiņsaļņus. Rogi kas gods tīk nūsvīsti, i kas gods ataug nu jauna.	alʲnʲu saimʲæ sadɔr nu pʲiːd͡zʲdʲæsʲmʲit træis ʃʲkʲiraːm . zʲinaːmuɔkaːs ʃʲkʲirɨs iraː briːts , puːstumalʲnʲt͡sʲ , mʲæʒa kɔza . alʲnʲu sɔvʲæiɡa pʲiːzʲæimʲæ iraː rɔɡʲi , kurʲi auk tʲik taːvainʲiːm , atskaituːt puːstumalʲnʲus i iudʲinʲsalʲnʲus . rɔɡʲi kas ɡɔts tʲiːk nuːzʲvʲiːsʲtʲi , i kas ɡɔts atauk nu jauna .
Čile () — vaļsteiba Latiņamerikā. Golvysmīsts — Santjago. Čile 756 102 km² pluotā dzeivoj vaira kai 18 milijoni dzeivuotuoju, i ite 37-tuo pa lelumam vaļsteiba pasaulī.	t͡ʃʲilʲæ valʲsʲtʲæiba latʲinʲamʲærʲikaː . ɡɔlvɨsʲmʲiːsts santjaɡɔ . t͡ʃʲilʲæ sʲæpʲtʲænʲi sɨmʲtʲi pʲiːd͡zʲdʲæsʲmʲit sʲæʃɨs tɨukstuːʃɨs sɨmts dʲivʲi ɡvadratʲkʲilɔmʲætri pluɔtaː d͡zʲæivɔj vaira kai ɔstɔnʲpatʲsʲmʲit mʲilʲijɔnʲi d͡zʲæivuɔtuɔju , i itʲæ træizʲdʲæsʲmʲit sʲæpʲtʲænʲi tuɔ pa lʲælumam valʲsʲtʲæiba pasaulʲiː .
Rēzeknes kultūras namam – 80 (latviskai)	rʲæːzʲækʲnʲæs kultuːras namam ɔstɔnʲdʲæsʲmʲit ladʲvʲiskai
Pūstum Amerikys i Centraluos Amerikys škirys	puːstum amʲærʲikɨs i t͡sʲæntraluɔs amʲærʲikɨs ʃʲkʲirɨs
Giņts Raudgolvys bezdeleigys Alopochelidon	ɡʲinʲts raudɡɔlvɨs bʲæzʲdʲælʲæiɡɨs alɔpɔxʲælʲidɔn
Akmiņkolna bezdeleiga Petrochelidon pyrrhonota	akʲmʲinʲkɔlna bʲæzʲdʲælʲæiɡa pʲætrɔxʲælʲidɔn pɨrrxɔnɔta
AS Preiļu sīrs ira vīneigais sīra atmejis „Čedars” pīgatavātuojs na tik Latvejā, bet i Baltejā. Cyta pasajāmuma produkceja ira: sīri „Baltija”, „Preilis” i bīzapīna sīreņi „Mazulis”.	as præilʲu sʲiːrs ira vʲiːnʲæiɡais sʲiːra atʲmʲæjis t͡ʃʲædars pʲiːɡatavaːtuɔjs na tʲik ladʲvʲæjaː , bʲæt i balʲtʲæjaː . t͡sɨta pasajaːmuma prɔdukʲt͡sʲæja ira , sʲiːrʲi balʲtʲija , præilʲis i bʲiːzapʲiːna sʲiːrʲænʲi mazulʲis .
Pagrauda (1999, autors i sastateituojs; latgalīšu jaunūs autoru ailis, O. Seiksta literaturkritiskuos esejis, poezejis atvārsumi nu anglīšu i lītaunīku volūdu)	paɡrauda tɨukstuːʃa dʲævʲænʲi sɨmʲtʲi dʲævʲænʲdʲæsʲmʲit dʲævʲænʲi , autɔrs i sastatʲæituɔjs , ladɡalʲiːʃu jaunuːs autɔru ailʲis , ɔ . sʲæiksta lʲitʲæraturkritʲiskuɔs æsʲæjis , pɔæzʲæjis advaːrsumʲi nu anʲɡʲlʲiːʃu i lʲiːtaunʲiːku vɔluːdu
Vuicejīs Maltys vydsškolā, beidzs Latvejis Universiteta Uorzemis volūdu fakuļtetu (1985), Ventspiļs augstškolā dabuojs puorvārsuoja specialiteta. Darejs laikrokstā Daugavpils Vēstnesis, laikroksta Diena Daugpiļs birojā, Daugpiļs mīsta pošvoldā. Dorbuojīs žurnalā Jaunuo dzeive, laikrokstā Latgolas Bolss. Latvejis Rakstinīku savīneibys bīdris nu 2006 gods. Div dāli (dveini).	vuit͡sʲæjiːs maltɨs vɨtsʃkɔlaː , bʲæit͡ss ladʲvʲæjis unʲivʲærʲsʲitʲæta uɔrʲzʲæmʲis vɔluːdu fakulʲtʲætu tɨukstuːʃa dʲævʲænʲi sɨmʲtʲi ɔstɔnʲdʲæsʲmʲit pʲiːt͡sʲi , vʲænʲtʲsʲpʲilʲs aukstʃkɔlaː dabuɔjs puɔrvaːrsuɔja sʲpʲæt͡sʲialʲitʲæta . darʲæjs laikrɔkstaː dauɡawʲpʲils vʲæːsʲtʲnʲæsʲis , laikrɔksta dʲiæna daukʲpʲilʲs bʲirɔjaː , daukʲpʲilʲs mʲiːsta pɔʒvɔldaː . dɔrbuɔjiːs ʒurnalaː jaunuɔ d͡zʲæivʲæ , laikrɔkstaː ladɡɔlas bɔlss . ladʲvʲæjis rakʲsʲtʲinʲiːku savʲiːnʲæibɨs bʲiːdris nu dʲivʲi tɨukstuːʃɨs sʲæʃʲi ɡɔts . dʲif daːlʲi dʲvʲæinʲi .
Zīmara pogosta teritoreju apkalpoj div posta atdalis Muoreņkolns (LV-4332) i Olyuksna-1 (LV-4301).	zʲiːmara pɔɡɔsta tʲærʲitɔrʲæju apkalpɔj dʲif pɔsta addalʲis muɔrʲænʲkɔlnt͡s lf t͡ʃʲætrɨs tɨukstuːʃɨs træis sɨmʲtʲi træizʲdʲæsʲmʲit dʲivʲi i ɔlɨuksna vʲiːnt͡s lf t͡ʃʲætrɨs tɨukstuːʃɨs træis sɨmʲtʲi vʲiːnt͡s .
Mūrmastinis krysta sāteņa - pastateita 1993 godā.	muːrmasʲtʲinʲis krɨsta saːtʲænʲa pastatʲæita tɨukstuːʃa dʲævʲænʲi sɨmʲtʲi dʲævʲænʲdʲæsʲmʲit træis ɡɔdaː .
Eži dzeivoj mežamoluos, kryumuojūs i cylvāka dzeivisvītu tyvumā — suodūs i parkūs. Nameiļoj dzeivuot slapņuos i volgonuos vītuos. Ezs nasabeist cylvāka i labi atguodoj vītys, kur jū dabaroj.	æʒʲi d͡zʲæivɔj mʲæʒamɔluɔs , krɨumuɔjuːs i t͡sɨlvaːka d͡zʲæivʲizʲvʲiːtu tɨvumaː suɔduːs i parkuːs . namʲæilʲɔj d͡zʲæivuɔt slapnʲuɔs i vɔlɡɔnuɔs vʲiːtuɔs . æss nasabʲæist t͡sɨlvaːka i labʲi adɡuɔdɔj vʲiːtɨs , kur juː dabarɔj .
Škilbānu muiža - pastateita 1856 godā, apleik muižys vierteigs parks;	ʃʲkʲilbaːnu muiʒa pastatʲæita tɨukstuːʃa ɔstɔnʲi sɨmʲtʲi pʲiːd͡zʲdʲæsʲmʲit sʲæʃʲi ɡɔdaː , apʲlʲæik muiʒɨs vʲiærʲtʲæiks parks ,
Pūstinis pogosts irā Kruoslovys nūvoda teritoriskais padalīņs Latgolā. Pogostā dora tautys noms, biblioteka i feļčeru punkts Pūstinis solā, klubs, feļčeru punkts, pansionats i dīnys centrys Skuku solā i biblioteka Joninu solā. 1999 godā Pūstinis poamatškolai daškiera Skuku suokuškolu, partū tān pogostā tik vīns vuiceibu īstots.	puːsʲtʲinʲis pɔɡɔsts iraː kruɔslɔvɨs nuːvɔda tʲærʲitɔrʲiskais padalʲiːnʲt͡sʲ ladɡɔlaː . pɔɡɔstaː dɔra tautɨs nɔms , bʲibʲlʲiɔtʲæka i fʲælʲt͡ʃʲæru punkts puːsʲtʲinʲis sɔlaː , klups , fʲælʲt͡ʃʲæru punkts , panʲsʲiɔnats i dʲiːnɨs t͡sʲæntrɨs skuku sɔlaː i bʲibʲlʲiɔtʲæka jɔnʲinu sɔlaː . tɨukstuːʃa dʲævʲænʲi sɨmʲtʲi dʲævʲænʲdʲæsʲmʲit dʲævʲænʲi ɡɔdaː puːsʲtʲinʲis pɔamatʃkɔlai daʃʲkʲiæra skuku suɔkuʃkɔlu , partuː taːn pɔɡɔstaː tʲik vʲiːnt͡s vuit͡sʲæibu iːstɔts .
Grybuli — sola Rēznis nūvoda Veremu pogostā.	ɡrɨbulʲi sɔla rʲæːzʲnʲis nuːvɔda vʲærʲæmu pɔɡɔstaː .
Saļņovys pogosta ļauds dzeivoj 51 soluos. Pošu leluos solys — Saļņova (pogosta centrys), Aizeļkšni, Kaupuži, Ruskulova.	salʲnʲɔvɨs pɔɡɔsta lʲauts d͡zʲæivɔj pʲiːd͡zʲdʲæsʲmʲit vʲiːnt͡s sɔluɔs . pɔʃu lʲæluɔs sɔlɨs salʲnʲɔva pɔɡɔsta t͡sʲæntrɨs , aizʲælʲkʲʃʲnʲi , kaupuʒʲi , ruskulɔva .
Botsvana () irā vaļsteiba Afrikā. Golvysmīsts — Gaborone. Puolejis 581 730 km² pluotā dzeivoj vaira kai 1.8 milijoni dzeivuotuoju, i ite 47-tuo pa lelumam vaļsteiba pasaulī.	bɔdzvana iraː valʲsʲtʲæiba afrikaː . ɡɔlvɨsʲmʲiːsts ɡabɔrɔnʲæ . puɔlʲæjis pʲiːt͡sʲi sɨmʲtʲi ɔstɔnʲdʲæsʲmʲit vʲiːna tɨukstuːʃa sʲæpʲtʲænʲi sɨmʲtʲi træizʲdʲæsʲmʲit ɡvadratʲkʲilɔmʲætri pluɔtaː d͡zʲæivɔj vaira kai vʲiːnt͡s ɔstɔnʲi mʲilʲijɔnʲi d͡zʲæivuɔtuɔju , i itʲæ t͡ʃʲætrudʲæsʲmʲit sʲæpʲtʲænʲi tuɔ pa lʲælumam valʲsʲtʲæiba pasaulʲiː .
Sulu (areļa) mieness — catūrtais goda mieness pa Juleja i Gregora kaleņderim i vīns nu četrim mienešim, kurā irā 30 dīnas.	sulu arʲælʲa mʲiænʲæss t͡satuːrtais ɡɔda mʲiænʲæss pa julʲæja i ɡræɡɔra kalʲænʲdʲærʲim i vʲiːnt͡s nu t͡ʃʲætrim mʲiænʲæʃʲim , kuraː iraː træizʲdʲæsʲmʲit dʲiːnas .
Kandova () — napalels mīsts Kūrzemis pūstumreitūs pi Abovys. Mīsta tīseibys daškiertys 1917 godā. Kandova irā Kandovys nūvoda centris. Dzeivuojamuo vīta dokumentūs jau pīraksteita 1230 godā.	kandɔva napalʲæls mʲiːsts kuːrʲzʲæmʲis puːstumræituːs pʲi abɔvɨs . mʲiːsta tʲiːsʲæibɨs daʃʲkʲiærtɨs tɨukstuːʃa dʲævʲænʲi sɨmʲtʲi sʲæpʲtʲænʲpatʲsʲmʲit ɡɔdaː . kandɔva iraː kandɔvɨs nuːvɔda t͡sʲæntris . d͡zʲæivuɔjamuɔ vʲiːta dɔkumʲæntuːs jau pʲiːrakʲsʲtʲæita tɨukstuːʃa dʲivʲi sɨmʲtʲi træizʲdʲæsʲmʲit ɡɔdaː .
Kumbuļa muiža i muižys suods - pa daļai izglobovuse viesturiskuo pīstateiba, kungu sāta sagrauduota Pyrmajūs psaualā vaidūs;	kumbulʲa muiʒa i muiʒɨs suɔts pa dalʲai izɡlɔbɔvusʲæ vʲiæsturʲiskuɔ pʲiːstatʲæiba , kunɡu saːta saɡrauduɔta pɨrmajuːs psaualaː vaiduːs ,
Saladuka - latgalīšu gavieņa laika iedīņs.	saladuka ladɡalʲiːʃu ɡavʲiænʲa laika iædʲiːnʲt͡sʲ .
Gavieņa laikā Latgolā batviņu virīni taisa bez galis: batviņus izvard i nūlaupej, sagrīž škēlem i salīk vyrtā atsaldātā iudinī. Itymā škeistumā īlīk nazcik maizis gorūzeņu deļ skuobuma i ryugšonys. Škeistumu tur muolinī pūdā, i par kaidom 24 stuņdem tys jau gotovs virīņs ar soldonskuobu garžu. Ād ar lizeikom, dakūzdami maizi. Kurūs nakurūs apvydūs itaida batviņu virīņa bez galis sauce Uboga asnis.	ɡavʲiænʲa laikaː ladɡɔlaː badʲvʲinʲu vʲirʲiːnʲi taisa bʲæs ɡalʲis , badʲvʲinʲus izvart i nuːlaupʲæj , saɡriːʃ ʃʲkʲæːlʲæm i salʲiːk vɨrtaː atsaldaːtaː iudʲinʲiː . itɨmaː ʃʲkʲæistumaː iːlʲiːk nasʲt͡sʲik maizʲis ɡɔruːzʲænʲu dʲælʲ skuɔbuma i rɨukʃɔnɨs . ʃʲkʲæistumu tur muɔlʲinʲiː puːdaː , i par kaidɔm dʲiwʲdʲæsʲmʲit t͡ʃʲætri stunʲdʲæm tɨs jau ɡɔtɔws vʲirʲiːnʲt͡sʲ ar sɔldɔnskuɔbu ɡarʒu . aːt ar lʲizʲæikɔm , dakuːzdamʲi maizʲi . kuruːs nakuruːs abvɨduːs itaida badʲvʲinʲu vʲirʲiːnʲa bʲæs ɡalʲis saut͡sʲæ ubɔɡa asʲnʲis .
Vīnu litri rudzu myltu īrauga izškeidynoj vīnā litrī iudiņa. Smolkai sagrīztu lašini sacap ar cybulim. Pa sevim izvard pupys, juos meikstys izgolda i īlīk iudiņa i īrauga maisīnī, dabuotū masu izvard i dalīk ar cybulim sacaptuo lašiņa. Padūd da goldam ar buļbem.	vʲiːnu lʲitri rud͡zu mɨltu iːrauɡa isʲʃʲkʲæidɨnɔj vʲiːnaː lʲitriː iudʲinʲa . smɔlkai saɡriːstu laʃʲinʲi sat͡sap ar t͡sɨbulʲim . pa sʲævʲim izvart pupɨs , juɔs mʲæikstɨs izɡɔlda i iːlʲiːk iudʲinʲa i iːrauɡa maisʲiːnʲiː , dabuɔtuː masu izvart i dalʲiːk ar t͡sɨbulʲim sat͡saptuɔ laʃʲinʲa . paduːt da ɡɔldam ar bulʲbʲæm .
Smolkai samoltus voi gleizdynuotus zierņu myltus pa mozam ber vardūšā iudinī i nūtaļ maisa, cikom sabīzēs. Tūlaik lej bļūdōs voi škeivūs i atsaļdej, sagrīž škēlem i ād, aplejūt ar lynsāklu oleju. Škēlis gona styngrys, juos var pajimt rūkā. Stuļči var ēst i syltu, i soltu.	smɔlkai samɔltus vɔi ɡʲlʲæizdɨnuɔtus zʲiærnʲu mɨltus pa mɔzam bʲær varduːʃaː iudʲinʲiː i nuːtalʲ maisa , t͡sʲikɔm sabʲiːzʲæːs . tuːlaik lʲæj blʲuːdɔːs vɔi ʃʲkʲæivuːs i atsalʲdʲæj , saɡriːʃ ʃʲkʲæːlʲæm i aːt , apʲlʲæjuːt ar lɨnsaːklu ɔlʲæju . ʃʲkʲæːlʲis ɡɔna stɨnɡrɨs , juɔs var pajimt ruːkaː . stulʲt͡ʃʲi var æːst i sɨltu , i sɔltu .
Studiņs aba studzine, aba steivineica - sakreciejs, sasteivynuots galis voi zivs izvyrums ar pīdavom, tradicionals latgaļu iedīņs. Parostai Latgolā studini taisa nu cyukys, teļa i vuškys kuoju i golvys dalis, tok, pīvadumam, pa Daugovys molai dzeivojūšī latgali tradicionalai vard studini i nu soma (Silurus glanis).	studʲinʲt͡sʲ aba stud͡zʲinʲæ , aba sʲtʲæivʲinʲæit͡sa sakræt͡sʲiæjs , sasʲtʲæivɨnuɔts ɡalʲis vɔi zʲiws izvɨrums ar pʲiːdavɔm , tradʲit͡sʲiɔnals ladɡalʲu iædʲiːnʲt͡sʲ . parɔstai ladɡɔlaː studʲinʲi taisa nu t͡sɨukɨs , tʲælʲa i vuʃkɨs kuɔju i ɡɔlvɨs dalʲis , tɔk , pʲiːvadumam , pa dauɡɔvɨs mɔlai d͡zʲæivɔjuːʃʲiː ladɡalʲi tradʲit͡sʲiɔnalai vart studʲinʲi i nu sɔma sʲilurus ɡlanʲis .
Aija Kukule — dzīduotuoja, muzykys školuotuoja;	aija kukulʲæ d͡zʲiːduɔtuɔja , muzɨkɨs ʃkɔluɔtuɔja ,
Modūnis nūvoda Kolsnovys pogostu i Ļaudūnis pogostu;	mɔduːnʲis nuːvɔda kɔlsnɔvɨs pɔɡɔstu i lʲauduːnʲis pɔɡɔstu ,
Pogosta teritoreju škārsoj vaļsteibys zeimebys autoceļš Leivuons-Preili (P63) i nazcik vītejuos zeimeibys celi. Dzeļžaceļa linejis pogosta teritoreju naškārsoj, tyvuokuo staceja "Leivuons" linejā Reiga-Daugpiļs 14 km nu pogosta centra.	pɔɡɔsta tʲærʲitɔrʲæju ʃkaːrsɔj valʲsʲtʲæibɨs zʲæimʲæbɨs autɔt͡sʲælʲʃ lʲæivuɔnt͡s præilʲi p sʲæʒʲdʲæsʲmʲit træis i nasʲt͡sʲik vʲiːtʲæjuɔs zʲæimʲæibɨs t͡sʲælʲi . d͡zʲælʲʒat͡sʲælʲa lʲinʲæjis pɔɡɔsta tʲærʲitɔrʲæju naʃkaːrsɔj , tɨvuɔkuɔ stat͡sʲæja lʲæivuɔnt͡s lʲinʲæjaː rʲæiɡa daukʲpʲilʲs t͡ʃʲætrupatʲsʲmʲit kʲilɔmʲætri nu pɔɡɔsta t͡sʲæntra .
Beļovys pogosts () irā Guļbinis nūvoda teritoriskais padalīņs Vydzemē. Pogosta centrys — Beļova.	bʲælʲɔvɨs pɔɡɔsts iraː ɡulʲbʲinʲis nuːvɔda tʲærʲitɔrʲiskais padalʲiːnʲt͡sʲ vɨd͡zʲæmʲæː . pɔɡɔsta t͡sʲæntrɨs bʲælʲɔva .
Aivīkstis pogosts () irā Pļaveņu nūvoda teritoriskais padalīņs Vydzemē. Pogosta centrys — Kryškolni.	aivʲiːkʲsʲtʲis pɔɡɔsts iraː plʲavʲænʲu nuːvɔda tʲærʲitɔrʲiskais padalʲiːnʲt͡sʲ vɨd͡zʲæmʲæː . pɔɡɔsta t͡sʲæntrɨs krɨʃkɔlʲnʲi .
Pīterpiļs aba Pīterburga, aba Sanktpeterburga () irā mīsts pūstumvokoru Krīvejā, Nevys upis greivā pi Baļtejis jiuru Suomu leiča, Leningrada apgabaļa centrys, ūtrais pa lielumam Krīvejis mīsts (piec Moskovys).	pʲiːtʲærʲpʲilʲs aba pʲiːtʲærburɡa , aba sanʲkʲtʲpʲætʲærburɡa iraː mʲiːsts puːstumvɔkɔru kriːvʲæjaː , nʲævɨs upʲis ɡræivaː pʲi balʲtʲæjis jiuru suɔmu lʲæit͡ʃa , lʲænʲinɡrada abɡabalʲa t͡sʲæntrɨs , uːtrais pa lʲiælumam kriːvʲæjis mʲiːsts pʲiæt͡s mɔskɔvɨs .
1903 g. — Pīterpilī nūtyka pyrmuo latgalīšu pareizraksteibys sprīža, kuramā atsasaceits nu nazcik puoliskūs grafikys elementu izlītuošonys.	tɨukstuːʃa dʲævʲænʲi sɨmʲtʲi træis k . pʲiːtʲærʲpʲilʲiː nuːtɨka pɨrmuɔ ladɡalʲiːʃu parʲæizrakʲsʲtʲæibɨs spriːʒa , kuramaː atsasat͡sʲæits nu nasʲt͡sʲik puɔlʲiskuːs ɡrafʲikɨs ælʲæmʲæntu izʲlʲiːtuɔʃɔnɨs .
1814 g. — Imperatoriskuo valeimuo biblioteka svieteigai atdareita vysim iņteresentim.	tɨukstuːʃa ɔstɔnʲi sɨmʲtʲi t͡ʃʲætrupatʲsʲmʲit k . imʲpʲæratɔrʲiskuɔ valʲæimuɔ bʲibʲlʲiɔtʲæka zʲvʲiætʲæiɡai addarʲæita vɨsʲim inʲtʲærʲæsʲænʲtʲim .
Krīvejis Nacionaluos bibliotekys oficialuo teiklavīta	kriːvʲæjis nat͡sʲiɔnaluɔs bʲibʲlʲiɔtʲækɨs ɔfʲit͡sʲialuɔ tʲæiklavʲiːta
Barto A. Brōleiši / tulkōja V. Daškeviča; zeimiejumi E. Grīnvaļda. — Moskova, 1936	bartɔ a . brɔːlʲæiʃʲi tulkɔːja f . daʃʲkʲævʲit͡ʃa , zʲæimʲiæjumʲi æ . ɡriːnvalʲda . mɔskɔva , tɨukstuːʃa dʲævʲænʲi sɨmʲtʲi træizʲdʲæsʲmʲit sʲæʃʲi
Draudzy voda pravests Viktors Petrovskis. Lelokī ticeigū svātki ir Lēldinis, Svāto Stanislava dīna o Svātos Annis dīna.	draud͡zɨ vɔda pravʲæsts vʲiktɔrs pʲætrɔwʲsʲkʲis . lʲælɔkʲiː tʲit͡sʲæiɡuː zvaːtʲkʲi ir lʲæːlʲdʲinʲis , zvaːtɔ stanʲislava dʲiːna ɔ zvaːtɔs anʲnʲis dʲiːna .
1996 - dorbu aizasuoc pyrmais demokratiski ībolsuotais Palestinys parlaments.	tɨukstuːʃa dʲævʲænʲi sɨmʲtʲi dʲævʲænʲdʲæsʲmʲit sʲæʃʲi dɔrbu aizasuɔt͡s pɨrmais dʲæmɔkratʲisʲkʲi iːbɔlsuɔtais palʲæsʲtʲinɨs parlamʲænts .
Svareņu pogosta ļauds dzeivoj 36 soluos. Pošu leluos solys — Svareni, Bunčova, Kairiši, Luoci, Panova.	zvarʲænʲu pɔɡɔsta lʲauts d͡zʲæivɔj træizʲdʲæsʲmʲit sʲæʃʲi sɔluɔs . pɔʃu lʲæluɔs sɔlɨs zvarʲænʲi , bunt͡ʃɔva , kairʲiʃʲi , luɔt͡sʲi , panɔva .
Lideja Jankovska - izsliva rūkdarbineica, nazcik paruožu dalineica.	lʲidʲæja jankɔwska isʲsʲlʲiva ruːɡdarʲbʲinʲæit͡sa , nasʲt͡sʲik paruɔʒu dalʲinʲæit͡sa .
Nierzys pogosts irā Ludzys nūvoda teritoriskais padalīņs Latgolā. Pogosta centrā dora tautys noms, biblioteka, feļčeru punkts i Nierzys pamatškola. Raipolē dora katuoļu bazneica.	nʲiærzɨs pɔɡɔsts iraː lud͡zɨs nuːvɔda tʲærʲitɔrʲiskais padalʲiːnʲt͡sʲ ladɡɔlaː . pɔɡɔsta t͡sʲæntraː dɔra tautɨs nɔms , bʲibʲlʲiɔtʲæka , fʲælʲt͡ʃʲæru punkts i nʲiærzɨs pamatʃkɔla . raipɔlʲæː dɔra katuɔlʲu bazʲnʲæit͡sa .
Vacatis pogosts irā Burtinīka nūvoda teritoriskais padalīņs Vydzemē. Pogosta centrys - Vacate.	vat͡satʲis pɔɡɔsts iraː burʲtʲinʲiːka nuːvɔda tʲærʲitɔrʲiskais padalʲiːnʲt͡sʲ vɨd͡zʲæmʲæː . pɔɡɔsta t͡sʲæntrɨs vat͡satʲæ .
Secis pogosts irā Jaunmeitovys nūvoda teritoriskais padalīņs Sielejā. Pogosta centrys - Sece.	sʲæt͡sʲis pɔɡɔsts iraː jaunʲmʲæitɔvɨs nuːvɔda tʲærʲitɔrʲiskais padalʲiːnʲt͡sʲ sʲiælʲæjaː . pɔɡɔsta t͡sʲæntrɨs sʲæt͡sʲæ .
Alsviķa pogosts () irā Olyuksnys nūvoda teritoriskais padalīņs Vydzemē. Pogosta centrys — Alsvikis.	alʲzʲvʲikʲa pɔɡɔsts iraː ɔlɨuksnɨs nuːvɔda tʲærʲitɔrʲiskais padalʲiːnʲt͡sʲ vɨd͡zʲæmʲæː . pɔɡɔsta t͡sʲæntrɨs alʲzʲvʲikʲis .
Vylpulkys pogosts irā Rūjīnys nūvoda teritoriskais padalīņs Vydzemē. Pogosta centrys - Vylpulka.	vɨlpulkɨs pɔɡɔsts iraː ruːjiːnɨs nuːvɔda tʲærʲitɔrʲiskais padalʲiːnʲt͡sʲ vɨd͡zʲæmʲæː . pɔɡɔsta t͡sʲæntrɨs vɨlpulka .
Solujuoņu pogosts irā Ribinišku nūvoda teritoriskais padalīņs Latgolā. Pogostā dora Sylajuoņu pamatškola, kulturys noms, biblioteka Sylajuoņu i Kotļarovys solā, feļčeru punkts. Pogosta centrys Solujuoni.	sɔlujuɔnʲu pɔɡɔsts iraː rʲibʲinʲiʃku nuːvɔda tʲærʲitɔrʲiskais padalʲiːnʲt͡sʲ ladɡɔlaː . pɔɡɔstaː dɔra sɨlajuɔnʲu pamatʃkɔla , kulturɨs nɔms , bʲibʲlʲiɔtʲæka sɨlajuɔnʲu i kɔtlʲarɔvɨs sɔlaː , fʲælʲt͡ʃʲæru punkts . pɔɡɔsta t͡sʲæntrɨs sɔlujuɔnʲi .
Ruguoju nūvods — Latvejis administrativai teritoriskais padalīņs Latgolā, sasadorūšs nu divu pogostu.	ruɡuɔju nuːvɔts ladʲvʲæjis adʲmʲinʲistratʲivai tʲærʲitɔrʲiskais padalʲiːnʲt͡sʲ ladɡɔlaː , sasadɔruːʃs nu dʲivu pɔɡɔstu .
Reitu pravoslavu bazneicā, kuramā lītoj Juleja kaleņderi, Leldīnis data saīt nu sulu mieneša 4 dīnys da lopu mieneša 8 dīnai. Tok izagoda i taidi godi, kod katuoļu, pravoslavu i staroveru Leldīne saīt vīnā datā.	rʲæitu pravɔslavu bazʲnʲæit͡saː , kuramaː lʲiːtɔj julʲæja kalʲænʲdʲærʲi , lʲælʲdʲiːnʲis data saiːt nu sulu mʲiænʲæʃa t͡ʃʲætri dʲiːnɨs da lɔpu mʲiænʲæʃa ɔstɔnʲi dʲiːnai . tɔk izaɡɔda i taidʲi ɡɔdʲi , kɔt katuɔlʲu , pravɔslavu i starɔvʲæru lʲælʲdʲiːnʲæ saiːt vʲiːnaː dataː .
Eversmuižys Svātuo Andryva Romys katuoļu bazneica	ævʲærsmuiʒɨs zvaːtuɔ andrɨva rɔmɨs katuɔlʲu bazʲnʲæit͡sa
Drypatys aba drypatuošona irā kaita, kuramā zynoms skaits kaitātuoju nūsagloboj apleicīnē i gaida, cikom jūs atrass (parostai) vīns ci vaira maklātuoju. Koleņ cyti kaitys dalinīki nūsagloboj, maklātuojs stuov zynomā vītā (pīvādumam, pi stulpa, kūka, styura) i aizagrīzs, nasavārdams daskaita da dasarunuotam skaitļam i tūreiz jau īt maklātu.	drɨpatɨs aba drɨpatuɔʃɔna iraː kaita , kuramaː zɨnɔms skaits kaitaːtuɔju nuːsaɡlɔbɔj apʲlʲæit͡sʲiːnʲæː i ɡaida , t͡sʲikɔm juːs atrass parɔstai vʲiːnt͡s t͡sʲi vaira maklaːtuɔju . kɔlʲænʲ t͡sɨtʲi kaitɨs dalʲinʲiːkʲi nuːsaɡlɔbɔj , maklaːtuɔjs stuɔf zɨnɔmaː vʲiːtaː pʲiːvaːdumam , pʲi stulpa , kuːka , stɨura i aizaɡriːss , nasavaːrdams daskaita da dasarunuɔtam skaitlʲam i tuːrʲæis jau iːt maklaːtu .
Pļaveņu nūvods — Latvejis administrativai teritoriskais padalīņs Vydzemē i pa daļai Latgolā (Gūsteni i daļa nu Aivīkstis pogosta), kas sasadora nu Pļaveņu mīsta i 3 pogostim.	plʲavʲænʲu nuːvɔts ladʲvʲæjis adʲmʲinʲistratʲivai tʲærʲitɔrʲiskais padalʲiːnʲt͡sʲ vɨd͡zʲæmʲæː i pa dalʲai ladɡɔlaː ɡuːsʲtʲænʲi i dalʲa nu aivʲiːkʲsʲtʲis pɔɡɔsta , kas sasadɔra nu plʲavʲænʲu mʲiːsta i træis pɔɡɔsʲtʲim .
Alšvangys nūvods () irā Latvejis administrativai teritoriskais padalīņs Kūrzemē, sasadorūšs nu vīna pogosta — Alšvangys pogosta.	alʒvanɡɨs nuːvɔts iraː ladʲvʲæjis adʲmʲinʲistratʲivai tʲærʲitɔrʲiskais padalʲiːnʲt͡sʲ kuːrʲzʲæmʲæː , sasadɔruːʃs nu vʲiːna pɔɡɔsta alʒvanɡɨs pɔɡɔsta .
Kaune () iraid Lītovys vaļsteibys ūtrs ļeluokais mīsts piec īdzeivuotuoju skaita ar 286 000 īdzeivuotuojim. Mīstā iraid Lītovys viesturisks ekonomiskais i poļitiskais centrs.	kaunʲæ irait lʲiːtɔvɨs valʲsʲtʲæibɨs uːtrs lʲæluɔkais mʲiːsts pʲiæt͡s iːd͡zʲæivuɔtuɔju skaita ar dʲivʲi sɨmʲtʲi ɔstɔnʲdʲæsʲmʲit sʲæʃɨs tɨukstuːʃɨs iːd͡zʲæivuɔtuɔjim . mʲiːstaː irait lʲiːtɔvɨs vʲiæsturʲisks ækɔnɔmʲiskais i pɔlʲitʲiskais t͡sʲæntrs .
Mėnuo Juodaragis (MJR; nu lītaunīku — 'Mieness malnrodzis') — Lītovā nūtīkūšs baltu kulturys, postfolka i aļternativuos muzykys festivals. 2013. godā festivals beja veļteits Latvejai i tymā cytā vydā uzastuoja latgalīšu muzykys grupa Green Novice. Bez muzikim festivalā dorbuoja omotnīki, muokslys dorbneicys, kinu i lekceju teļts.	mʲænuɔ juɔdaraɡʲis mjr , nu lʲiːtaunʲiːku mʲiænʲæss malnrɔd͡zʲis lʲiːtɔvaː nuːtʲiːkuːʃs baltu kulturɨs , pɔstfɔlka i alʲtʲærnatʲivuɔs muzɨkɨs fʲæsʲtʲivals . dʲivʲi tɨukstuːʃɨs træispatʲsʲmʲit ɡɔdaː fʲæsʲtʲivals bʲæja vʲælʲtʲæits ladʲvʲæjai i tɨmaː t͡sɨtaː vɨdaː uzastuɔja ladɡalʲiːʃu muzɨkɨs ɡrupa ɡrææn nɔvʲit͡sʲæ . bʲæs muzʲikʲim fʲæsʲtʲivalaː dɔrbuɔja ɔmɔtʲnʲiːkʲi , muɔkslɨs dɔrʲbʲnʲæit͡sɨs , kʲinu i lʲækʲt͡sʲæju tʲælʲts .
Specialōs pamatizgleiteibas programa izgleitojamajīm ar goreigos atteisteibas trauciejumim (IP kods: 21015811)	sʲpʲæt͡sʲialɔːs pamatʲizʲɡʲlʲæitʲæibas prɔɡrama izʲɡʲlʲæitɔjamajiːm ar ɡɔrʲæiɡɔs atʲtʲæisʲtʲæibas traut͡sʲiæjumʲim ip kɔts , dʲiwʲdʲæsʲmʲit vʲiːnt͡s mʲilʲjɔnt͡s pʲiːt͡spatʲsʲmʲit tɨukstuːʃɨs ɔstɔnʲi sɨmʲtʲi vʲiːnpatʲsʲmʲit
Padūmu Savīņeibys piedeigī godi. Divi bierneibys draugi īsaistuos mafejā i pīkreit puorvoduot narkotikys. Alans tīk siuteits uz Vidusazeju, kur jū apcītinoj miļiceja. Jis tīk nūteisuots par narkotiku puorvoduošonu uz 8 godim.	paduːmu savʲiːnʲæibɨs pʲiædʲæiɡʲiː ɡɔdʲi . dʲivʲi bʲiærʲnʲæibɨs drauɡʲi iːsaistuɔs mafʲæjaː i pʲiːkræit puɔrvɔduɔt narkɔtʲikɨs . alant͡s tʲiːk sʲiutʲæits us vʲidusazʲæju , kur juː apʲt͡sʲiːtʲinɔj mʲilʲit͡sʲæja . jis tʲiːk nuːtʲæisuɔts par narkɔtʲiku puɔrvɔduɔʃɔnu us ɔstɔnʲi ɡɔdʲim .
„Jevğēnijs Ļeonovs” teiklavītā kinopoisk.ru	jæwʲɡʲæːnʲijs lʲæɔnɔws tʲæiklavʲiːtaː kʲinɔpɔisk . ru
Linderhofys piļs (vuocu: Schloss Linderhof) - rokoko stila piļs Vuocejā, Bavārejis nūvodā. Calta Bavārejis karaļa Ļudviga II vaļdeišonys laikā.	lʲinʲdʲærxɔfɨs pʲilʲs vuɔt͡su , sxlɔss lʲinʲdʲærxɔf rɔkɔkɔ sʲtʲila pʲilʲs vuɔt͡sʲæjaː , bavaːrʲæjis nuːvɔdaː . t͡salta bavaːrʲæjis karalʲa lʲudʲvʲiɡa dʲivʲi valʲdʲæiʃɔnɨs laikaː .
Minhene acarūn aptuveni 50 kilometru ottuolumā iz zīmeļim nu Aļpim i tamdieļ mīsta apkuortnī bīžuok iraid ļeits i snīgs. Mīsts iraid 520 metrus vyrs juirys ļeimeņa.	mʲinʲxʲænʲæ at͡saruːn aptuvʲænʲi pʲiːd͡zʲdʲæsʲmʲit kʲilɔmʲætru ɔttuɔlumaː is zʲiːmʲælʲim nu alʲpʲim i tamʲdʲiælʲ mʲiːsta apkuɔrʲtʲnʲiː bʲiːʒuɔk irait lʲæits i sʲnʲiːks . mʲiːsts irait pʲiːt͡sʲi sɨmʲtʲi dʲiwʲdʲæsʲmʲit mʲætrus vɨrs juirɨs lʲæimʲænʲa .
Ļudvigs kļuva por karaļi 18 godu vacumā piec sova tāva nuovys. Juo vaļdeišonys laikā Bavāreja kļuva por daļu nu Vuocejis Impērejis. Jis beja ļels muokslys i muzykys cīņeituojs, i piec juo pasiutejuma Bavārejā tyka uzcaltys vairuokys piļs, kurys myusdīnuos iraid svareigi turisma objekti Bavārejā.	lʲudʲvʲiks klʲuva pɔr karalʲi ɔstɔnʲpatʲsʲmʲit ɡɔdu vat͡sumaː pʲiæt͡s sɔva taːva nuɔvɨs . juɔ valʲdʲæiʃɔnɨs laikaː bavaːrʲæja klʲuva pɔr dalʲu nu vuɔt͡sʲæjis imʲpʲæːrʲæjis . jis bʲæja lʲæls muɔkslɨs i muzɨkɨs t͡sʲiːnʲæituɔjs , i pʲiæt͡s juɔ pasʲiutʲæjuma bavaːrʲæjaː tɨka ust͡saltɨs vairuɔkɨs pʲilʲs , kurɨs mɨuzʲdʲiːnuɔs irait zvarʲæiɡʲi turʲisma ɔbʲjækʲtʲi bavaːrʲæjaː .
Maksimiļians I (; pīdzims 1756 goda lopu m. 27.d - nūmyrs 1825 goda leita m. 13.d) — beja Bavārejis eļektors nu 1799 ļeidz 1806 godam i Bavārejis karaļs nu 1806 ļeidz 1825 godam. Juo vaļdeišonys laikā Bavāreja nu eļektorata topa por karaļisti.	makʲsʲimʲilʲiant͡s i , pʲiːd͡zʲims tɨukstuːʃa sʲæpʲtʲænʲi sɨmʲtʲi pʲiːd͡zʲdʲæsʲmʲit sʲæʃʲi ɡɔda lɔpu m . dʲiwʲdʲæsʲmʲit sʲæpʲtʲænʲi t nuːmɨrs tɨukstuːʃa ɔstɔnʲi sɨmʲtʲi dʲiwʲdʲæsʲmʲit pʲiːt͡sʲi ɡɔda lʲæita m . træispatʲsʲmʲit t bʲæja bavaːrʲæjis ælʲæktɔrs nu tɨukstuːʃa sʲæpʲtʲænʲi sɨmʲtʲi dʲævʲænʲdʲæsʲmʲit dʲævʲænʲi lʲæit͡s tɨukstuːʃa ɔstɔnʲi sɨmʲtʲi sʲæʃʲi ɡɔdam i bavaːrʲæjis karalʲs nu tɨukstuːʃa ɔstɔnʲi sɨmʲtʲi sʲæʃʲi lʲæit͡s tɨukstuːʃa ɔstɔnʲi sɨmʲtʲi dʲiwʲdʲæsʲmʲit pʲiːt͡sʲi ɡɔdam . juɔ valʲdʲæiʃɔnɨs laikaː bavaːrʲæja nu ælʲæktɔrata tɔpa pɔr karalʲisʲtʲi .
Filmys darbeiba nūteik Krīvejis Impērejā 1866 godā, kod rakstnīks Fjodors Dostojevskis beja dažuodu personeigu gryuteibu vorā. Jis apglobova sīvu, beja poruodūs i eisā laika pūsmā rakstnīkam beja juopabeidz juo jaunuokais dorbs — „Spieļmaņs”.	fʲilmɨs darʲbʲæiba nuːtʲæik kriːvʲæjis imʲpʲæːrʲæjaː tɨukstuːʃa ɔstɔnʲi sɨmʲtʲi sʲæʒʲdʲæsʲmʲit sʲæʃʲi ɡɔdaː , kɔt rakʲsʲtʲnʲiːks fjɔdɔrs dɔstɔjæwʲsʲkʲis bʲæja daʒuɔdu pʲærsɔnʲæiɡu ɡrɨutʲæibu vɔraː . jis abɡlɔbɔva sʲiːvu , bʲæja pɔruɔduːs i æisaː laika puːsmaː rakʲsʲtʲnʲiːkam bʲæja juɔpabʲæit͡s juɔ jaunuɔkais dɔrps sʲpʲiælʲmanʲt͡sʲ .
Varang Nord — 2014. godā Daugovpilī dybynuota folkmetala grupa. Itamā šaļtī grupa izdavuse div pylna garuma studejis aļbumus i div mozaļbumus. 2019. goda augusta suokumā grupa uzvarēja pasauļa metalmuzykys konkursā Wacken Open Air.	varank nɔrt dʲivʲi tɨukstuːʃɨs t͡ʃʲætrupatʲsʲmʲit ɡɔdaː dauɡɔwʲpʲilʲiː dɨbɨnuɔta fɔlʲkʲmʲætala ɡrupa . itamaː ʃalʲtʲiː ɡrupa izdavusʲæ dʲif pɨlna ɡaruma studʲæjis alʲbumus i dʲif mɔzalʲbumus . dʲivʲi tɨukstuːʃɨs dʲævʲænʲpatʲsʲmʲit ɡɔda auɡusta suɔkumaː ɡrupa uzvarʲæːja pasaulʲa mʲætalmuzɨkɨs kɔnkursaː wat͡sʲkʲæn ɔpʲæn air .
Dīnavydu Koreja irā vīna nu mozuok religiskajom vaļsteibom pasaulī. Pa 2015 gods datim tik 46 % dzeivuotuoju īskaiteja sevi pi kaidys konkretys ticeibys:	dʲiːnavɨdu kɔrʲæja iraː vʲiːna nu mɔzuɔk rʲælʲiɡʲiskajɔm valʲsʲtʲæibɔm pasaulʲiː . pa dʲivʲi tɨukstuːʃɨs pʲiːt͡spatʲsʲmʲit ɡɔts datʲim tʲik t͡ʃʲætrudʲæsʲmʲit sʲæʃʲi prɔt͡sʲænʲtʲi d͡zʲæivuɔtuɔju iːskaitʲæja sʲævʲi pʲi kaidɨs kɔnkrætɨs tʲit͡sʲæibɨs ,
Jei rūbežoj ar Zemgolu vokorūs, Vydzemi pūstumūs, Latgolu reitūs, Boltkrīveju dīnavydreitūs i Lītovu dīnavydvokorūs.	jæi ruːbʲæʒɔj ar zʲæmɡɔlu vɔkɔruːs , vɨd͡zʲæmʲi puːstumuːs , ladɡɔlu rʲæituːs , bɔltkriːvʲæju dʲiːnavɨdræituːs i lʲiːtɔvu dʲiːnavɨdvɔkɔruːs .
Ruojis pogosts () irā Talsu nūvoda teritoriskais padalīņs Latvejā, Kūrzemē. Tei skoloj Reigys leics. Pogosta administrativais centrys irā Ruoja.	ruɔjis pɔɡɔsts iraː talsu nuːvɔda tʲærʲitɔrʲiskais padalʲiːnʲt͡sʲ ladʲvʲæjaː , kuːrʲzʲæmʲæː . tʲæi skɔlɔj rʲæiɡɨs lʲæit͡ss . pɔɡɔsta adʲmʲinʲistratʲivais t͡sʲæntrɨs iraː ruɔja .
Killing Machine (UK) / Hell Bent for Leather (US) (1978)	kʲilʲlʲink maxʲinʲæ uk xʲæll bʲænt fɔr lʲæatʲxʲær us tɨukstuːʃa dʲævʲænʲi sɨmʲtʲi sʲæpʲtʲænʲdʲæsʲmʲit ɔstɔnʲi
Boltkrīvu volūda ir bagota literatūras tradicija. Pīsporma zinōma teksts boltkrīvu volūdā ir nu 14. gadsimta. 19. un 20. gadsimtā boltkrīvu literatūra piedzēvoja uzplaukumu ar tādiem rakstnīkim kai Janka Kupala un Jakubs Kolas.	bɔltkriːvu vɔluːda ir baɡɔta lʲitʲæratuːras tradʲit͡sʲija . pʲiːspɔrma zʲinɔːma tʲæksts bɔltkriːvu vɔluːdaː ir nu t͡ʃʲætrupatʲsʲmʲit ɡatʲsʲimta . dʲævʲænʲpatʲsʲmʲit un dʲiwʲdʲæsʲmʲit ɡatʲsʲimtaː bɔltkriːvu lʲitʲæratuːra pʲiæd͡zʲæːvɔja usplaukumu ar taːdʲiæm rakʲsʲtʲnʲiːkʲim kai janka kupala un jakups kɔlas .
Ramones — 1974. godā dybynuota Amerikys grupa.	ramɔnʲæs tɨukstuːʃa dʲævʲænʲi sɨmʲtʲi sʲæpʲtʲænʲdʲæsʲmʲit t͡ʃʲætri ɡɔdaː dɨbɨnuɔta amʲærʲikɨs ɡrupa .
Eiropys Savīneiba (ES) irā 27 Eiropys vaļstu ekonomiskuo i politiskuo savīneiba. Nu 2024. goda ES īdzeivuotuoju skaits ir 449,2 miļjoni cylvāku.	æirɔpɨs savʲiːnʲæiba æs iraː dʲiwʲdʲæsʲmʲit sʲæpʲtʲænʲi æirɔpɨs valʲstu ækɔnɔmʲiskuɔ i pɔlʲitʲiskuɔ savʲiːnʲæiba . nu dʲivʲi tɨukstuːʃɨs dʲiwʲdʲæsʲmʲit t͡ʃʲætri ɡɔda æs iːd͡zʲæivuɔtuɔju skaits ir t͡ʃʲætri sɨmʲtʲi t͡ʃʲætrudʲæsʲmʲit dʲævʲænʲi dʲivʲi mʲilʲjɔnʲi t͡sɨlvaːku .
Senōk baltu volūdys breivai nūteiktōs teritorejās izplatiejās nu Baltijas jūrys leidz Pleskavai i vacuo Latgolai, bet ar laiku daļa izzuda, palyka tik latvīšu i lietuvīšu.	sʲænɔːk baltu vɔluːdɨs bræivai nuːtʲæiktɔːs tʲærʲitɔrʲæjaːs isplatʲiæjaːs nu balʲtʲijas juːrɨs lʲæit͡s pʲlʲæskavai i vat͡suɔ ladɡɔlai , bʲæt ar laiku dalʲa izzuda , palɨka tʲik ladʲvʲiːʃu i lʲiætuvʲiːʃu .
Magical Mystery Tour - lelbrytanejys grupys The Beatles deveitais albums. Izdūts 1967. goda 8. decembrī. Tys ir skaņu ceļš jūs trešajai kinai "Magical Mystery Tour".	maɡʲit͡sal mɨsʲtʲærɨ tɔur lʲælbrɨtanʲæjɨs ɡrupɨs tʲxʲæ bʲæatʲlʲæs dʲævʲæitais albums . izduːts tɨukstuːʃa dʲævʲænʲi sɨmʲtʲi sʲæʒʲdʲæsʲmʲit sʲæpʲtʲænʲi ɡɔda ɔstɔnʲi dʲæt͡sʲæmbriː . tɨs ir skanʲu t͡sʲælʲʃ juːs træʃajai kʲinai maɡʲit͡sal mɨsʲtʲærɨ tɔur .
Vysys Jegora Ļetova saraksteituos dzīsmis, izjemūt «Sāta pylna ar sūdim» gar Konstaņtīna Rjabīnova, «Sapuvuse jauneiba» gar Jegora Ļetova i Konstaņtīna Rjabīnova, «Sorkonais karūgs» gar Jegors Ļetova i Vadima Semernīna, i «Kars» gar Jegora Ļetova i Oļega Sudakova.	vɨsɨs jæɡɔra lʲætɔva sarakʲsʲtʲæituɔs d͡zʲiːsʲmʲis , izʲjæmuːt saːta pɨlna ar suːdʲim ɡar kɔnstanʲtʲiːna rjabʲiːnɔva , sapuvusʲæ jaunʲæiba ɡar jæɡɔra lʲætɔva i kɔnstanʲtʲiːna rjabʲiːnɔva , sɔrkɔnais karuːks ɡar jæɡɔrs lʲætɔva i vadʲima sʲæmʲærʲnʲiːna , i kars ɡar jæɡɔra lʲætɔva i ɔlʲæɡa sudakɔva .
Sielejā lein nūvoda daļa Daugovys kairuo molā: Akneišis pogosts, Akneišis mīsts, Asaris pogosts, Dygnuojis pogosts, Dunovys pogosts, Elkšņu pogosts, Gārsinis pogosts, Jākubmīsta vaļstmīsts (pa daļai), Kolna pogosts, Leimaņu pogosts, Ritis pogosts, Rubynu pogosts, Saukys pogosts, Sielpiļs pogosts, Solys pogosts, Uobeļu pogosts, Vīseitis mīsts, Vīseitis pogosts, i Zosa pogosts.	sʲiælʲæjaː lʲæin nuːvɔda dalʲa dauɡɔvɨs kairuɔ mɔlaː , akʲnʲæiʃʲis pɔɡɔsts , akʲnʲæiʃʲis mʲiːsts , asarʲis pɔɡɔsts , dɨɡnuɔjis pɔɡɔsts , dunɔvɨs pɔɡɔsts , ælkʃnʲu pɔɡɔsts , ɡaːrʲsʲinʲis pɔɡɔsts , jaːkubʲmʲiːsta valʲsʲtʲmʲiːsts pa dalʲai , kɔlna pɔɡɔsts , lʲæimanʲu pɔɡɔsts , rʲitʲis pɔɡɔsts , rubɨnu pɔɡɔsts , saukɨs pɔɡɔsts , sʲiælʲpʲilʲs pɔɡɔsts , sɔlɨs pɔɡɔsts , uɔbʲælʲu pɔɡɔsts , vʲiːsʲæitʲis mʲiːsts , vʲiːsʲæitʲis pɔɡɔsts , i zɔsa pɔɡɔsts .
Svātuo Gora pravaveru cierkva i veirīšu kļaštors	zvaːtuɔ ɡɔra pravavʲæru t͡sʲiærɡva i vʲæirʲiːʃu klʲaʃtɔrs
2025. goda Latvejis pošvoldu ībolsuošonuos Guļbinis nūvodā ībolsuoja 15 deputatus nu 5 parteju kaņdidatu sarokstim.	dʲivʲi tɨukstuːʃɨs dʲiwʲdʲæsʲmʲit pʲiːt͡sʲi ɡɔda ladʲvʲæjis pɔʒvɔldu iːbɔlsuɔʃɔnuɔs ɡulʲbʲinʲis nuːvɔdaː iːbɔlsuɔja pʲiːt͡spatʲsʲmʲit dʲæputatus nu pʲiːt͡sʲi parʲtʲæju kanʲdʲidatu sarɔkʲsʲtʲim .
2000 — Uzstuode atmiņa Jevgenīja "Mahno" Pjanova (1. majā) (klubs "Gaidārs", Omska)	dʲivʲi tɨukstuːʃɨs usstuɔdʲæ atʲmʲinʲa jæwʲɡʲænʲiːja maxnɔ pjanɔva vʲiːnt͡s majaː klups ɡaidaːrs , ɔmska
Māronuos jūstys koņtinentalais klimata tips. Vydyskuo temperatura janvara mienesī -7°C, juļa mienesī +17°C. krytuļu daudzums ap 650—700 mm godā. Snīgs turīs vydyskai 118 dīnu par godu. Kienejūšī vieji vosor — vokoru i dīnavydvokoru, zīm — dīnavydreitu i dīnavydu.	maːrɔnuɔs juːstɨs kɔnʲtʲinʲæntalais kʲlʲimata tʲips . vɨdɨskuɔ tʲæmʲpʲæratura janvara mʲiænʲæsʲiː sʲæpʲtʲænʲi ɡradʲi pa t͡sʲælʲsʲæja skɔlai , julʲa mʲiænʲæsʲiː sʲæpʲtʲænʲpatʲsʲmʲit ɡradʲi pa t͡sʲælʲsʲæja skɔlai . krɨtulʲu daud͡zums ap sʲæʃʲi sɨmʲtʲi pʲiːd͡zʲdʲæsʲmʲit , sʲæpʲtʲænʲi sɨmʲtʲi mm ɡɔdaː . sʲnʲiːks turʲiːs vɨdɨskai sɨmts ɔstɔnʲpatʲsʲmʲit dʲiːnu par ɡɔdu . kʲiænʲæjuːʃʲiː vʲiæji vɔsɔr vɔkɔru i dʲiːnavɨdvɔkɔru , zʲiːm dʲiːnavɨdræitu i dʲiːnavɨdu .
55° 53′ 0″ N (55,883333° N), 26° 32′ 0″ E (26,533333° E)	pʲiːd͡zʲdʲæsʲmʲit pʲiːt͡sʲi ɡradʲi pʲiːd͡zʲdʲæsʲmʲit træis nulʲlʲæ n pʲiːd͡zʲdʲæsʲmʲit pʲiːt͡sʲi ɔstɔnʲi sɨmʲtʲi ɔstɔnʲdʲæsʲmʲit træis tɨukstuːʃɨs træis sɨmʲtʲi træizʲdʲæsʲmʲit træis ɡradʲi n , dʲiwʲdʲæsʲmʲit sʲæʃʲi ɡradʲi træizʲdʲæsʲmʲit dʲivʲi nulʲlʲæ æ dʲiwʲdʲæsʲmʲit sʲæʃʲi pʲiːt͡sʲi sɨmʲtʲi træizʲdʲæsʲmʲit træis tɨukstuːʃɨs træis sɨmʲtʲi træizʲdʲæsʲmʲit træis ɡradʲi æ
Klimats Daugpilī leidzeigs kai cytur Latgolā i koņtinentaluoks kai cytūs Latvejis regionūs. Vysuzamuokuo Daugpilī registrātuo temperatura beja — 43° C, vysuaugstuokuo +36° C.	kʲlʲimats daukʲpʲilʲiː lʲæid͡zʲæiks kai t͡sɨtur ladɡɔlaː i kɔnʲtʲinʲæntaluɔks kai t͡sɨtuːs ladʲvʲæjis rʲæɡʲiɔnuːs . vɨsuzamuɔkuɔ daukʲpʲilʲiː rʲæɡʲistraːtuɔ tʲæmʲpʲæratura bʲæja t͡ʃʲætrudʲæsʲmʲit træis ɡradʲi pa t͡sʲælʲsʲæja skɔlai , vɨsuaukstuɔkuɔ træizʲdʲæsʲmʲit sʲæʃʲi ɡradʲi pa t͡sʲælʲsʲæja skɔlai .
Ola irā 1 km iz DV nu Rasnupļu solys, Zušupeitis lobuos molys pīslaitē pret Opinku piliskolnu. Koordinatys: N 56°42'19,8" E 27°22'00,4". Preteimā upis molā – Opinku piliskolns.	ɔla iraː vʲiːnt͡s kʲilɔmʲætrs is tf nu rasnuplʲu sɔlɨs , zuʃupʲæitʲis lɔbuɔs mɔlɨs pʲiːslaitʲæː præt ɔpʲinku pʲilʲiskɔlnu . kɔɔrʲdʲinatɨs , n pʲiːd͡zʲdʲæsʲmʲit sʲæʃʲi ɡradʲi t͡ʃʲætrudʲæsʲmʲit dʲivʲi dʲævʲænʲpatʲsʲmʲit ɔstɔnʲi æ dʲiwʲdʲæsʲmʲit sʲæpʲtʲænʲi ɡradʲi dʲiwʲdʲæsʲmʲit dʲivʲi nulʲlʲæ t͡ʃʲætri . prætʲæimaː upʲis mɔlaː ɔpʲinku pʲilʲiskɔlnt͡s .
228 dīnys augš Reigys byun Atlaņtejis okeana gaisa masys. Saulis speidiešonys maksimums byun juļa mieneša 22 dīnā — 56,4°, a minimums — tik 9,6° augšuok horizonta. Deļtuo ka gods muokuļojums zeimeigs, vosor saule speid vydyskai 54—57% dīnys, a zīmā tik 14—25%. Vydyskai saule par godu Reigā speid 1812 stuņdis — julī vydyskai 282 stuņdis, a dekabrī — 25 stuņdis.	dʲivʲi sɨmʲtʲi dʲiwʲdʲæsʲmʲit ɔstɔnʲi dʲiːnɨs aukʃ rʲæiɡɨs bɨun atlanʲtʲæjis ɔkʲæana ɡaisa masɨs . saulʲis sʲpʲæidʲiæʃɔnɨs makʲsʲimums bɨun julʲa mʲiænʲæʃa dʲiwʲdʲæsʲmʲit dʲivʲi dʲiːnaː pʲiːd͡zʲdʲæsʲmʲit sʲæʃʲi t͡ʃʲætri ɡradʲi , a mʲinʲimums tʲik dʲævʲænʲi sʲæʃʲi ɡradʲi aukʃuɔk xɔrʲizɔnta . dʲælʲtuɔ ka ɡɔts muɔkulʲɔjums zʲæimʲæiks , vɔsɔr saulʲæ sʲpʲæit vɨdɨskai pʲiːd͡zʲdʲæsʲmʲit t͡ʃʲætri , pʲiːd͡zʲdʲæsʲmʲit sʲæpʲtʲænʲi prɔt͡sʲænʲtʲi dʲiːnɨs , a zʲiːmaː tʲik t͡ʃʲætrupatʲsʲmʲit , dʲiwʲdʲæsʲmʲit pʲiːt͡sʲi prɔt͡sʲænʲtʲi . vɨdɨskai saulʲæ par ɡɔdu rʲæiɡaː sʲpʲæit tɨukstuːʃa ɔstɔnʲi sɨmʲtʲi dʲiwpatʲsʲmʲit stunʲdʲis julʲiː vɨdɨskai dʲivʲi sɨmʲtʲi ɔstɔnʲdʲæsʲmʲit dʲivʲi stunʲdʲis , a dʲækabriː dʲiwʲdʲæsʲmʲit pʲiːt͡sʲi stunʲdʲis .
1725 godā jezuitu dokumentūs pasaruoda pyrmais latgaļu teksts — dasagrīzšona „svātajam kūkam” līpai.	tɨukstuːʃa sʲæpʲtʲænʲi sɨmʲtʲi dʲiwʲdʲæsʲmʲit pʲiːt͡sʲi ɡɔdaː jæzuitu dɔkumʲæntuːs pasaruɔda pɨrmais ladɡalʲu tʲæksts dasaɡriːsʃɔna zvaːtajam kuːkam lʲiːpai .
1730 godā izdrukavuota pyrmuo latgaļu gruomota, kas leidz myusu dīnom navā izaglobuojuse	tɨukstuːʃa sʲæpʲtʲænʲi sɨmʲtʲi træizʲdʲæsʲmʲit ɡɔdaː izdrukavuɔta pɨrmuɔ ladɡalʲu ɡruɔmɔta , kas lʲæit͡s mɨusu dʲiːnɔm navaː izaɡlɔbuɔjusʲæ
1750 godā Vilnē izdrukavuota J.A.Hilzena gruomota Inflanty	tɨukstuːʃa sʲæpʲtʲænʲi sɨmʲtʲi pʲiːd͡zʲdʲæsʲmʲit ɡɔdaː vʲilʲnʲæː izdrukavuɔta j . a . xʲilʲzʲæna ɡruɔmɔta inflantɨ
1753 godā izdrukavuoti Evangelia Toto Anno (t.s. „Osyuna evaņgeleji”). Irā izaglobuojuši. Plaši lītuota gruomota Latgolys katuoļu bazneicuos da poš 20 godu symta. Latgalīšu raksteibys normativais paraugs.	tɨukstuːʃa sʲæpʲtʲænʲi sɨmʲtʲi pʲiːd͡zʲdʲæsʲmʲit træis ɡɔdaː izdrukavuɔtʲi ævanʲɡʲælʲia tɔtɔ annɔ t . s . ɔsɨuna ævanʲɡʲælʲæji . iraː izaɡlɔbuɔjuʃʲi . plaʃʲi lʲiːtuɔta ɡruɔmɔta ladɡɔlɨs katuɔlʲu bazʲnʲæit͡suɔs da pɔʃ dʲiwʲdʲæsʲmʲit ɡɔdu sɨmta . ladɡalʲiːʃu rakʲsʲtʲæibɨs nɔrmatʲivais parauks .
1755 godā iz Kruoslovu atsaucami lacaristi goreigajam seminaram īstateit i paturēt. Stotoma niulejuo bazneica (dabeigta 1767 godā)	tɨukstuːʃa sʲæpʲtʲænʲi sɨmʲtʲi pʲiːd͡zʲdʲæsʲmʲit pʲiːt͡sʲi ɡɔdaː is kruɔslɔvu atsaut͡samʲi lat͡sarʲisʲtʲi ɡɔrʲæiɡajam sʲæmʲinaram iːstatʲæit i paturʲæːt . stɔtɔma nʲiulʲæjuɔ bazʲnʲæit͡sa dabʲæikta tɨukstuːʃa sʲæpʲtʲænʲi sɨmʲtʲi sʲæʒʲdʲæsʲmʲit sʲæpʲtʲænʲi ɡɔdaː
1757 godā dorbu suoc Kruoslovys bazneickungu seminareja — sova laika pyrmais augstuokais vuiceibys īstots Latvejā (dareja da 1844 godam, sagatavādams 253 bazneickungus). Seminarejā vuica i latgaļu volūdu.	tɨukstuːʃa sʲæpʲtʲænʲi sɨmʲtʲi pʲiːd͡zʲdʲæsʲmʲit sʲæpʲtʲænʲi ɡɔdaː dɔrbu suɔt͡s kruɔslɔvɨs bazʲnʲæit͡skunɡu sʲæmʲinarʲæja sɔva laika pɨrmais aukstuɔkais vuit͡sʲæibɨs iːstɔts ladʲvʲæjaː darʲæja da tɨukstuːʃa ɔstɔnʲi sɨmʲtʲi t͡ʃʲætrudʲæsʲmʲit t͡ʃʲætri ɡɔdam , saɡatavaːdams dʲivʲi sɨmʲtʲi pʲiːd͡zʲdʲæsʲmʲit træis bazʲnʲæit͡skunɡus . sʲæmʲinarʲæjaː vuit͡sa i ladɡalʲu vɔluːdu .
1761 godā Daugpiļs jezuitu škola puortaiseita par gimnazeju, 1767 godā pi juos īstateita teologejys klase katuoļu bazneickungim sagatavēt.	tɨukstuːʃa sʲæpʲtʲænʲi sɨmʲtʲi sʲæʒʲdʲæsʲmʲit vʲiːnt͡s ɡɔdaː daukʲpʲilʲs jæzuitu ʃkɔla puɔrtaisʲæita par ɡʲimnazʲæju , tɨukstuːʃa sʲæpʲtʲænʲi sɨmʲtʲi sʲæʒʲdʲæsʲmʲit sʲæpʲtʲænʲi ɡɔdaː pʲi juɔs iːstatʲæita tʲæɔlɔɡʲæjɨs klasʲæ katuɔlʲu bazʲnʲæit͡skunʲɡʲim saɡatavʲæːt .
2003/2004 g. sezonā komanda pīsadaleja valeimajā Reigys hokeja sasaveicīnī i treneru Sergeja Ivčenkys i Alekseja Rešetnikova vodoma izaceikstēja par čempionu titeli.	dʲivʲi tɨukstuːʃɨs træis dʲivʲi tɨukstuːʃɨs t͡ʃʲætri k . sʲæzɔnaː kɔmanda pʲiːsadalʲæja valʲæimajaː rʲæiɡɨs xɔkʲæja sasavʲæit͡sʲiːnʲiː i trænʲæru sʲærʲɡʲæja iwʲt͡ʃʲænkɨs i alʲækʲsʲæja rʲæʃʲætʲnʲikɔva vɔdɔma izat͡sʲæikʲsʲtʲæːja par t͡ʃʲæmʲpʲiɔnu tʲitʲælʲi .
2004/2005 g. sezonā puorsameja komandas sadors i treneri.	dʲivʲi tɨukstuːʃɨs t͡ʃʲætri dʲivʲi tɨukstuːʃɨs pʲiːt͡sʲi k . sʲæzɔnaː puɔrsamʲæja kɔmandas sadɔrs i trænʲærʲi .
2005/2006 g. sezonā pīsadaleja "Falck" valeimajā Latvejis Viersligys hokeja sasaveicīnī.	dʲivʲi tɨukstuːʃɨs pʲiːt͡sʲi dʲivʲi tɨukstuːʃɨs sʲæʃʲi k . sʲæzɔnaː pʲiːsadalʲæja falt͡sk valʲæimajaː ladʲvʲæjis vʲiærʲsʲlʲiɡɨs xɔkʲæja sasavʲæit͡sʲiːnʲiː .
2003/2004 g. valeimajā Reigys sasaveicīnī - 1 vīta	dʲivʲi tɨukstuːʃɨs træis dʲivʲi tɨukstuːʃɨs t͡ʃʲætri k . valʲæimajaː rʲæiɡɨs sasavʲæit͡sʲiːnʲiː vʲiːnt͡s vʲiːta
2004/2005 g. valeimajā Reigys sasaveicīnī - 2 vīta	dʲivʲi tɨukstuːʃɨs t͡ʃʲætri dʲivʲi tɨukstuːʃɨs pʲiːt͡sʲi k . valʲæimajaː rʲæiɡɨs sasavʲæit͡sʲiːnʲiː dʲivʲi vʲiːta
2005/2006 g. Latvejis Viersligā - 3 vīta	dʲivʲi tɨukstuːʃɨs pʲiːt͡sʲi dʲivʲi tɨukstuːʃɨs sʲæʃʲi k . ladʲvʲæjis vʲiærʲsʲlʲiɡaː træis vʲiːta
2006/2007 g. Latvejis viersligā - 5 vīta	dʲivʲi tɨukstuːʃɨs sʲæʃʲi dʲivʲi tɨukstuːʃɨs sʲæpʲtʲænʲi k . ladʲvʲæjis vʲiærʲsʲlʲiɡaː pʲiːt͡sʲi vʲiːta
07.02.1922.gods. Istodišonys Sapuļcys sēdē nūteik Satversmys ūtrys dalys apsprīsšona. Par deputata Fraņca Kempa prīšklykumu pi 115.panta, kas nūzeimej latvīšu volūdu, kai vaļsts volūdu („pi kam Latgolys apgabalā par oficialu volūdu teik skateita latgaļu vītruna”) balsoj tikai 18 cylvāki un jis nateik pījamts. Latgaļu parteju puorstuovi blokej Satversmys ūtrys dalys pījimšonu.	sʲæpʲtʲænʲi . dʲivʲi . tɨukstuːʃa dʲævʲænʲi sɨmʲtʲi dʲiwʲdʲæsʲmʲit dʲivʲi . ɡɔts . istɔdʲiʃɔnɨs sapulʲt͡sɨs sʲæːdʲæː nuːtʲæik sadʲvʲærsmɨs uːtrɨs dalɨs apspriːsʃɔna . par dʲæputata franʲt͡sa kʲæmpa priːʃklɨkumu pʲi sɨmts pʲiːt͡spatʲsʲmʲit panta , kas nuːzʲæimʲæj ladʲvʲiːʃu vɔluːdu , kai valʲsts vɔluːdu pʲi kam ladɡɔlɨs abɡabalaː par ɔfʲit͡sʲialu vɔluːdu tʲæik skatʲæita ladɡalʲu vʲiːtruna balsɔj tʲikai ɔstɔnʲpatʲsʲmʲit t͡sɨlvaːkʲi un jis natʲæik pʲiːjamts . ladɡalʲu parʲtʲæju puɔrstuɔvʲi blɔkʲæj sadʲvʲærsmɨs uːtrɨs dalɨs pʲiːjimʃɔnu .
Zeile P. Kaida latgalīšu generala pīmiņai. Tāvu zemes kalendars 1998. Rēzekne: LKC izdevnīceiba. 1997. 81.	zʲæilʲæ p . kaida ladɡalʲiːʃu ɡʲænʲærala pʲiːmʲinʲai . taːvu zʲæmʲæs kalʲændars tɨukstuːʃa dʲævʲænʲi sɨmʲtʲi dʲævʲænʲdʲæsʲmʲit ɔstɔnʲi . rʲæːzʲækʲnʲæ , lkt͡s izʲdʲæwʲnʲiːt͡sʲæiba . tɨukstuːʃa dʲævʲænʲi sɨmʲtʲi dʲævʲænʲdʲæsʲmʲit sʲæpʲtʲænʲi . ɔstɔnʲdʲæsʲmʲit vʲiːnt͡s .
Pīters Jurceņš (, 17.12.1932 — 18.02.2004) beja latgaļu ailinīks, rakstejs latgaļu i latvīšu volūduos.	pʲiːtʲærs jurʲt͡sʲænʲt͡ʃ , sʲæpʲtʲænʲpatʲsʲmʲit . dʲiwpatʲsʲmʲit . tɨukstuːʃa dʲævʲænʲi sɨmʲtʲi træizʲdʲæsʲmʲit dʲivʲi , ɔstɔnʲpatʲsʲmʲit . dʲivʲi . dʲivʲi tɨukstuːʃɨs t͡ʃʲætri bʲæja ladɡalʲu ailʲinʲiːks , rakʲsʲtʲæjs ladɡalʲu i ladʲvʲiːʃu vɔluːduɔs .
bar:1800 at: 832700 text: 0.83 shift:(0)	bar , tɨukstuːʃa ɔstɔnʲi sɨmʲtʲi at , ɔstɔnʲi sɨmʲtʲi træizʲdʲæsʲmʲit dʲivʲi tɨukstuːʃɨs sʲæpʲtʲænʲi sɨmʲtʲi tʲækst , nulʲlʲæ ɔstɔnʲdʲæsʲmʲit træis sʲxʲift , nulʲlʲæ
bar:1820 at: 1177500 text: 1.18 shift:(0)	bar , tɨukstuːʃa ɔstɔnʲi sɨmʲtʲi dʲiwʲdʲæsʲmʲit at , vʲiːnt͡s mʲilʲjɔnt͡s sɨmts sʲæpʲtʲænʲdʲæsʲmʲit sʲæpʲtʲænʲis tɨukstuːʃɨs pʲiːt͡sʲi sɨmʲtʲi tʲækst , vʲiːnt͡s ɔstɔnʲpatʲsʲmʲit sʲxʲift , nulʲlʲæ
bar:1840 at: 1445600 text: 1.45 shift:(0)	bar , tɨukstuːʃa ɔstɔnʲi sɨmʲtʲi t͡ʃʲætrudʲæsʲmʲit at , vʲiːnt͡s mʲilʲjɔnt͡s t͡ʃʲætri sɨmʲtʲi t͡ʃʲætrudʲæsʲmʲit pʲiːt͡sɨs tɨukstuːʃɨs sʲæʃʲi sɨmʲtʲi tʲækst , vʲiːnt͡s t͡ʃʲætrudʲæsʲmʲit pʲiːt͡sʲi sʲxʲift , nulʲlʲæ
bar:1860 at: 1746700 text: 1.75 shift:(0)	bar , tɨukstuːʃa ɔstɔnʲi sɨmʲtʲi sʲæʒʲdʲæsʲmʲit at , vʲiːnt͡s mʲilʲjɔnt͡s sʲæpʲtʲænʲi sɨmʲtʲi t͡ʃʲætrudʲæsʲmʲit sʲæʃɨs tɨukstuːʃɨs sʲæpʲtʲænʲi sɨmʲtʲi tʲækst , vʲiːnt͡s sʲæpʲtʲænʲdʲæsʲmʲit pʲiːt͡sʲi sʲxʲift , nulʲlʲæ
Aluviskuos nūsādys aba aluvejs (nu latiņu alluvius < alluere — 'skoluot, skoluotīs'; , alūvijs) — upmolu nūsādys, kurys sataisa i puornosoj nūtalejis voi laiceigys iudiņa straujis upu lejuos.	aluvʲiskuɔs nuːsaːdɨs aba aluvʲæjs nu latʲinʲu alluvʲius alluærʲæ skɔluɔt , skɔluɔtʲiːs , aluːvʲijs upmɔlu nuːsaːdɨs , kurɨs sataisa i puɔrnɔsɔj nuːtalʲæjis vɔi lait͡sʲæiɡɨs iudʲinʲa straujis upu lʲæjuɔs .
Daugpiļs dzeivuotuoju lelumam (>80%) dzymtuo volūda irā krīvu. Kasdīnā krīvyskai runoj na viņ krīvi, a i boltkrīvi, ukraini, puoli, žydi, taipoš lela daļa latgaļu. Cyti latgali kasdīnā runoj latgaliskai voi latvyskai.	daukʲpʲilʲs d͡zʲæivuɔtuɔju lʲælumam ɔstɔnʲdʲæsʲmʲit prɔt͡sʲænʲtʲi d͡zɨmtuɔ vɔluːda iraː kriːvu . kazʲdʲiːnaː kriːvɨskai runɔj na vʲinʲ kriːvʲi , a i bɔltkriːvʲi , ukrainʲi , puɔlʲi , ʒɨdʲi , taipɔʃ lʲæla dalʲa ladɡalʲu . t͡sɨtʲi ladɡalʲi kazʲdʲiːnaː runɔj ladɡalʲiskai vɔi ladvɨskai .
Nu šudīņdīnys Daugpiļs dzeivuotuoju latgaļu irā apmāram 15% (~16 tyukstūšys), tok latgalisku ciļmi tur labtik leluoks procents daugpilīšu.	nu ʃudʲiːnʲdʲiːnɨs daukʲpʲilʲs d͡zʲæivuɔtuɔju ladɡalʲu iraː apmaːram pʲiːt͡spatʲsʲmʲit prɔt͡sʲænʲtʲi apmaːram sʲæʃpatʲsʲmʲit tɨukstuːʃɨs , tɔk ladɡalʲisku t͡sʲilʲmʲi tur lapʲtʲik lʲæluɔks prɔt͡sʲænts daukʲpʲilʲiːʃu .
Canis himalayensis R. K. Aggarwal et al., 2007	t͡sanʲis xʲimalaɨænʲsʲis r . k . aɡɡarwal æt al , dʲivʲi tɨukstuːʃɨs sʲæpʲtʲænʲi
Caracal caracal nubica J. B. Fischer, 1921	t͡sarat͡sal t͡sarat͡sal nubʲit͡sa j . p . fʲisʲxʲær , tɨukstuːʃa dʲævʲænʲi sɨmʲtʲi dʲiwʲdʲæsʲmʲit vʲiːnt͡s
address: adress (veir.k.), e-mail address - e-posta adress	addræss , adræss vʲæir . k , æ mail addræss æ pɔsta adræss
Šudinejuos datu puorlaidys pyrmaguojiejs beja Morzis signalu syuteišona pa vodim, caur gaismys myrgu, radejis signalu atmejā i t. t. Tok Morzys signalu tehnologeja izaškir nu myslaiceiguos binariskuos datu puorlaidis - Morzys sistemā vajadzeigi vysaidi paužu garumi, kab informaceja byutu saprosta.	ʃudʲinʲæjuɔs datu puɔrlaidɨs pɨrmaɡuɔjiæjs bʲæja mɔrʲzʲis sʲiɡnalu sɨutʲæiʃɔna pa vɔdʲim , t͡saur ɡaismɨs mɨrɡu , radʲæjis sʲiɡnalu atʲmʲæjaː i t . t . tɔk mɔrzɨs sʲiɡnalu tʲæxnɔlɔɡʲæja izaʃʲkʲir nu mɨslait͡sʲæiɡuɔs bʲinarʲiskuɔs datu puɔrlaidʲis mɔrzɨs sʲisʲtʲæmaː vajad͡zʲæiɡʲi vɨsaidʲi pauʒu ɡarumʲi , kap infɔrmat͡sʲæja bɨutu saprɔsta .
1973 – 1997 - taisejuse literarūs i kulturys laidīņus televizejā: „Burtnieks”, „Avots”, rakstinīku portreti, TV aiļu teatris, TV pastatejumi (G.Janovskis „Heidelbergas naktis” u.c.)	tɨukstuːʃa dʲævʲænʲi sɨmʲtʲi sʲæpʲtʲænʲdʲæsʲmʲit træis , tɨukstuːʃa dʲævʲænʲi sɨmʲtʲi dʲævʲænʲdʲæsʲmʲit sʲæpʲtʲænʲi taisʲæjusʲæ lʲitʲæraruːs i kulturɨs laidʲiːnʲus tʲælʲævʲizʲæjaː , burʲtʲnʲiæks , avɔts , rakʲsʲtʲinʲiːku pɔrtrætʲi , tf ailʲu tʲæatris , tf pastatʲæjumʲi k . janɔwʲsʲkʲis xʲæidʲælʲbʲærɡas nakʲtʲis i t͡sɨtʲi .
Kalimahs (; * ap 310—305 g. p. Kr. Kirenē, † ap 240 g. p. Kr.) – vīns nu vysuzeimeigūs helenizma laiku senejūs greku ailinīku. Kalimahs raksteja elegejis, epigramys, epiliumus, himnys, taipoš ziniskys dobys dorbus. Kalimaha radīni pamatuši lelu ītaku iz romīšu poetim Ovideju, Katulu i vysucīšuok Sekstu Properceju.	kalʲimaxs , ap træis sɨmʲtʲi dʲæsʲmʲit , træis sɨmʲtʲi pʲiːt͡sʲi k . pɨrma krɨstus . kʲirʲænʲæː , ap dʲivʲi sɨmʲtʲi t͡ʃʲætrudʲæsʲmʲit k . pɨrma krɨstus vʲiːnt͡s nu vɨsuzʲæimʲæiɡuːs xʲælʲænʲizma laiku sʲænʲæjuːs ɡræku ailʲinʲiːku . kalʲimaxs rakʲsʲtʲæja ælʲæɡʲæjis , æpʲiɡramɨs , æpʲilʲiumus , xʲimnɨs , taipɔʃ zʲinʲiskɨs dɔbɨs dɔrbus . kalʲimaxa radʲiːnʲi pamatuʃʲi lʲælu iːtaku is rɔmʲiːʃu pɔætʲim ɔvʲidʲæju , katulu i vɨsut͡sʲiːʃuɔk sʲækstu prɔpʲærʲt͡sʲæju .
Ap 290 g. p. Kr. Kalimahs ass pamets Kirenu i laidīs da Aleksandrejai, kur nu reizis darejs par školuotuoju, piec dorbuojīs Ptolemaja II palacūs, taipoš darejs izslyvušajā Aleksandrejis bibliotekā.	ap dʲivʲi sɨmʲtʲi dʲævʲænʲdʲæsʲmʲit k . pɨrma krɨstus . kalʲimaxs ass pamʲæts kʲirʲænu i laidʲiːs da alʲæksandræjai , kur nu rʲæizʲis darʲæjs par ʃkɔluɔtuɔju , pʲiæt͡s dɔrbuɔjiːs ptɔlʲæmaja dʲivʲi palat͡suːs , taipɔʃ darʲæjs isslɨvuʃajaː alʲæksandræjis bʲibʲlʲiɔtʲækaː .
