Saellana urutan bâtowan awal tasèmpen, unit bâtowan bisa ngalami deformasi bân/otabâ metamorfosis. Deformasi biasana èkaollè karana lantaran dâri pamandâ’ân horizontal, eksistensi horizontal, otabâ ghulinah sisi-ka-sisi (strike-slip). cara struktural panèka umumma èkaè'aghi sareng bâtes konvergen, bâtes divergen, bân bâtes transformasi, è antara lempeng tektonik.	saəlana uɾutan bɤtɔwan awal tasɛmpən , unit bɤtɔwan bisa ŋalami dɨfɔɾmasi bɤn ɔtabɤ mətamɔɾfɔsis . dɨfɔɾmasi bijasana ɛkaɔlɛ kaɾana lantaɾan dɤɾi pamandɤ ɤn hɔɾizɔntal , əksistənsi hɔɾizɔntal , ɔtabɤ kʰulinah sisi ka sisi stɾikə slip . caɾa stɾuktuɾal panɛka umumːa ɛkaɛʔakʰi saɾəŋ bɤtəs kɔnvəɾɡɨn , bɤtəs divəɾɡɨn , bɤn bɤtəs tɾansfɔɾmasi , ɛ antaɾa ləmpəŋ təktɔnik .
Fahri ngallè ka Mesir bân ngaghungi tatangghâ nyamana Maria Girgis. Maria aghâmana Kristen Koptik, tapè èsto ḍâ’ ka Al-Qur’an bân ka Fahri. Ḍâri èsto dhâddhi trèsna. Maria lako nolès perasaanna è diari.	fahɾi ŋalɛ ka məsiɾ bɤn ŋakʰuŋi tataŋkʰɤ ɲamana maɾija ɡiɾɡis . maɾija akʰɤmana kɾistən kɔptik , tapɛ ɛstɔ ɖɤ ka al kuɾ an bɤn ka fahɾi . ɖɤɾi ɛstɔ tʰɤtʰːi tɾɛsna . maɾija lakɔ nɔlɛs pəɾasaʔanːa ɛ dijaɾi .
Cassanova Alfonso Nainggolan otabâ lebbi èkennal mènangka Cas (laèr è Jakarta, DKI Jakarta, 23 Mèi 1983) panèka sala sèttong panyanyi bân panolès laghu Indonèsia.	casːanɔva alfɔnsɔ naiŋɡulan ɔtabɤ ləbːi ɛkənːal mɛnaŋka cas laɛɾ ɛ ɟɤkaɾta , dki ɟɤkaɾta , duwɤ pɔlɔ bɤn təlɔ mɛi ɛbu bɤn saŋaʔ atɔs bɤn bɤluʔ pɔlɔ bɤn təlɔ panɛka sala sɛtːɔŋ paɲaɲi bɤn panɔlɛs lakʰu indunɛsija .
Bangkok Love Story, novel (Gramedia 1994)	bɤŋkɔk lɔvə stɔɾj , nɔvəl ɡɾɤmədija ɛbu bɤn saŋaʔ atɔs bɤn saŋaʔ pɔlɔ bɤn əmpaʔ
Kartini 2012: Kompolan puisi penyair binè' Indonèsia (Kosakatakita, 2012)	kaɾtini duwɤ ɛbu bɤn sapɔlɔ bɤn duwɤ , kɔmpɔlan puwisi pəɲaiɾ binɛʔ indunɛsija kɔsakatakita , duwɤ ɛbu bɤn sapɔlɔ bɤn duwɤ
Kepada Hujan di Bulan Purnama (Museum Rumah Budaya Tembi, 2018)	kəpadɤ huɟɤn di bulan puɾnama musəum ɾumah budɤja təmbi , duwɤ ɛbu bɤn sapɔlɔ bɤn bɤluʔ
K.H. Abdul Fatah - sè maddhek Ponḍhuk Pesantrèn Al-Fattah, Tulungagung	k . h . abdul fatah sɛ matʰːɨk pɔnʈʰuk pəsantɾɛn al fatːah , tuluŋaɡuŋ
Lèonika Sari Njoto Boedioetomo panèka orèng sè aghâbây aplikasi Reblood, perusahaan rintisan è bidang kabârâsân sè lasta informasi bân akses ghâbây orèng sè karep berri' dârâ. Lèonika apèlè adhâddhih sala èttong pabhilek Indonèsia dâlem Forbès 30 Under 30 Asia.	lɛjɔnika saɾi nɟutɔ buwədijɔwətɔmɔ panɛka ɔɾɛŋ sɛ akʰɤbɤj aplikasi ɾəbluʔɔt , pəɾusahaʔan ɾintisan ɛ bidɤŋ kabɤɾɤsɤn sɛ lasta infɔɾmasi bɤn aksəs kʰɤbɤj ɔɾɛŋ sɛ kaɾəp bɨɾiʔ dɤɾɤ . lɛjɔnika apɛlɛ atʰɤtʰːih sala ɛtːɔŋ papʰilək indunɛsija dɤləm fɔɾbɛs təlɔ pɔlɔ undɨɾ təlɔ pɔlɔ asija .
Nur Sutan Iskandar (lahèr è Sungai Batang, Somattra Bârâ', 3 Novèmber 1893 – wafat è Jakarta, 28 Novèmber 1975 ka omor 82 taon) panèka sala sèttong sastrawan bân panolès asal Indonèsia.	nuɾ sutan iskandɤɾ lahɛɾ ɛ suŋai bɤtaŋ , sɔmatːɾa bɤɾɤʔ , təlɔ nɔvɛmbɨɾ ɛbu bɤn bɤluʔ atɔs bɤn saŋaʔ pɔlɔ bɤn təlɔ wafat ɛ ɟɤkaɾta , duwɤ pɔlɔ bɤn bɤluʔ nɔvɛmbɨɾ ɛbu bɤn saŋaʔ atɔs bɤn pətːɔʔ pɔlɔ bɤn lɛmaʔ ka ɔmɔɾ bɤluʔ pɔlɔ bɤn duwɤ taɔn panɛka sala sɛtːɔŋ sastɾawan bɤn panɔlɛs asal indunɛsija .
Nyanyi Sunyi Seorang Bisu I (1995); èlarang Jaksa Agung, 1995.	ɲaɲi suɲi səwɔɾaŋ bisu i ɛbu bɤn saŋaʔ atɔs bɤn saŋaʔ pɔlɔ bɤn lɛmaʔ , ɛlaɾaŋ ɟɤksa aɡuŋ , ɛbu bɤn saŋaʔ atɔs bɤn saŋaʔ pɔlɔ bɤn lɛmaʔ .
Sa'ang asalla ḍâri Ghats Bârâ' è Naghârâ Bâgiyân Kerala, India sè è ḍissa' ghi' tombu aghâl è ghunong. Sa'ang ḍâpa' ka Asia Tèmor Lao' ra-kèra taon 100 sabelluna Masèhi sè èghibâ bi' orèng Hindu dhuli India. Ra-kèra è taon 1930, imigran Jeppang sè apelessèr lèbât Asia Tèmor Lao' malonta tamennan arèya ka naghârâ Brazil bâgiyân ḍâjâ sè pas dhâddhi tamennan sè ètamen .	saʔaŋ asala ɖɤɾi kʰɤts bɤɾɤʔ ɛ nakʰɤɾɤ bɤɡijɤn kəɾala , indija sɛ ɛ ɖisːaʔ kʰiʔ tɔmbu akʰɤl ɛ kʰunɔŋ . saʔaŋ ɖɤpaʔ ka asija tɛmɔɾ laɔʔ ɾa kɛɾa taɔn atɔs sabɨluna masɛhi sɛ ɛkʰibɤ biʔ ɔɾɛŋ hindu tʰuli indija . ɾa kɛɾa ɛ taɔn ɛbu bɤn saŋaʔ atɔs bɤn təlɔ pɔlɔ , imiɡɾɤn ɟɨpːaŋ sɛ apələsːɛɾ lɛbɤt asija tɛmɔɾ laɔʔ malɔnta tamənːan aɾɛja ka nakʰɤɾɤ bɾɤzil bɤɡijɤn ɖɤɟɤ sɛ pas tʰɤtʰːi tamənːan sɛ ɛtamən .
My Birthplace and Other Stories (carpan terjema'an dâlem bhâsa Inggris, Jakarta: Lontar, 2019).	mj biɾthplacə ant ɔthəɾ stɔɾijəs caɾpan təɾɟɨmaʔan dɤləm pʰɤsa iŋɡɾis , ɟɤkaɾta , lɔntaɾ , duwɤ ɛbu bɤn sapɔlɔ bɤn saŋaʔ .
Triwung Kidul panèka nyamah kelurahan è wilayah Kecamatan Kademangan, Kotta Probolinggo, Provinsi Jhâbâ Tèmor, Indonesia.	tɾiwuŋ kidul panɛka ɲamah kəluɾahan ɛ wilajah kəcamatan kadɨmaŋan , kɔtːa pɾɔbuliŋɡu , pɾɔvinsi cʰɤbɤ tɛmɔɾ , indunəsija .
Kulliyyah of Languages and Management (Fakultas Bhâsa bân Manajemen)	kulijːah ɔf laŋuwaɡɨs ant manaɡɨmənt fakultas pʰɤsa bɤn manaɟɨmən
Thong-cènthongan (Limnocharis flava) iyâ arèya tombuwân sè tamaso' ka ḍâlem famili Alismataceae. Tombuwân rabâ rèya bânnya' ètemmonè è sabâ bân tana salambânna. Biyasana thong-cènthongan arèya tombu abhâreng bi' ècèng ghunḍhung. Tombuwân arèya kappra èkaghâbây ghângan.	thɔŋ cɛnthɔŋan limnɔchaɾis flava ijɤ aɾɛja tɔmbuwɤn sɛ tamasɔʔ ka ɖɤləm famili alismatacəwaə . tɔmbuwɤn ɾabɤ ɾɛja bɤɲːaʔ ɛtəmːɔnɛ ɛ sabɤ bɤn tana salambɤnːa . bijasana thɔŋ cɛnthɔŋan aɾɛja tɔmbu apʰɤɾəŋ biʔ ɛcɛŋ kʰunʈʰuŋ . tɔmbuwɤn aɾɛja kapːɾa ɛkakʰɤbɤj kʰɤŋan .
Bèliz (bhâsa Inggris: Belize) panèka sala sèttong naghârâ è Amerika Tengnga. Embu' koṭṭana iyâ arèya Belmopan bân koṭṭa palèng rajâ iyâ arèya koṭṭa Belize. Loas bilajâhna iyâ arèya 22,966 km². Pendudukna iyâ arèya 419,199 (2020) bân kapadatan pendudukna 18 orèng per km².	bɛliz pʰɤsa iŋɡɾis , bɨlizə panɛka sala sɛtːɔŋ nakʰɤɾɤ ɛ aməɾika təŋŋa . əmbuʔ kɔʈːana ijɤ aɾɛja bɨlmɔpan bɤn kɔʈːa palɛŋ ɾaɟɤ ijɤ aɾɛja kɔʈːa bɨlizə . lɔwas bilaɟɤhna ijɤ aɾɛja duwɤ pɔlɔ bɤn duwɤ ɛbu bɤn saŋaʔ atɔs bɤn ənːəm pɔlɔ bɤn ənːəm kilɔmɛtəɾ pəɾsəɡi . pəndudukna ijɤ aɾɛja əmpaʔ atɔs bɤn sapɔlɔ bɤn saŋaʔ ɛbu bɤn atɔs bɤn saŋaʔ pɔlɔ bɤn saŋaʔ duwɤ ɛbu bɤn duwɤ pɔlɔ bɤn kapadɤtan pəndudukna sapɔlɔ bɤn bɤluʔ ɔɾɛŋ pəɾ kilɔmɛtəɾ pəɾsəɡi .
Emma Ermawati (laèr 6 Oktober 1976) panèka sala sèttong pamaèn badminton asal Indonèsia.	əmːa əɾmawati laɛɾ ənːəm ɔktɔbɨɾ ɛbu bɤn saŋaʔ atɔs bɤn pətːɔʔ pɔlɔ bɤn ənːəm panɛka sala sɛtːɔŋ pamaɛn bɤdmintɔn asal indunɛsija .
Ahèr ḍâri arèya, VOC sè ngaollè kamennangan kalabân è angka'na R. Wiroguno I (Mas Alur) sè dhâddhi Bupati Bhânyowangè pertama bân tandhâ ghâgghârrâ Karathon Blambangan. Tapè perlawanan sporadis rakyat Blambangan pagghun dhâddhi maskè VOC ella ngowasaè Blambangan. Bisa è abâs kalabân taḍâ' na pabrik ghulâ sè è pa jhâghâ bi' VOC bâkto rowa, bhidhâ kalabân kabhupatèn laènna è Jhâbâ Tèmor.	ahɛɾ ɖɤɾi aɾɛja , vɔc sɛ ŋaɔlɛ kamənːaŋan kalabɤn ɛ aŋkaʔna ɾ . wiɾɔɡunɔ i mas aluɾ sɛ tʰɤtʰːi bupati pʰɤɲɔwaŋɛ pəɾtama bɤn tantʰɤ kʰɤkʰːɤɾɤ kaɾathɔn blɤmbɤŋan . tapɛ pəɾlawanan spɔɾadis ɾakjat blɤmbɤŋan pakʰːun tʰɤtʰːi maskɛ vɔc əla ŋɔwasaɛ blɤmbɤŋan . bisa ɛ abɤs kalabɤn taɖɤʔ na pabɾik kʰulɤ sɛ ɛ pa cʰɤkʰɤ biʔ vɔc bɤktɔ ɾɔwa , pʰitʰɤ kalabɤn kapʰupatɛn laɛnːa ɛ cʰɤbɤ tɛmɔɾ .
Wâlli Aqthab otabhâ Wâlli Quthub, panèka pamimpin bân pangoasa para wâlli ḍâ’ sadhâjâ alam samâsta.	wɤli akthap ɔtapʰɤ wɤli kuthup , panɛka pamimpin bɤn paŋɔwasa paɾa wɤli ɖɤ satʰɤɟɤ alam samɤsta .
Ketatanegaraan Majapahit: sejarah (1962, 7 jilid)	kətatanəɡɤɾaʔan maɟɤpahit , səɟɤɾah ɛbu bɤn saŋaʔ atɔs bɤn ənːəm pɔlɔ bɤn duwɤ , pətːɔʔ ɟilit
Samarenna pan-berempan taon, rowa dhâddhi selebritis internet bân Kreator Konten, bhâkto ahèrra ollè ke'-lake' bân kenalan neng Aceh. Lake' kalahèran 4 Oktobèr 1994 kasèbbut anḍi' hajet kaangghuy ajâlennè kaodi'ân anyar long-polong calon binè (Ria Ricis) bân mabhâncar pangaterrona kaangghuy anèka.	samaɾənːa pan bɨɾəmpan taɔn , ɾɔwa tʰɤtʰːi sələbɾitis intəɾnət bɤn kɾəwatɔɾ kɔntən , pʰɤktɔ ahɛɾa ɔlɛ kəʔ lakəʔ bɤn kənalan nəŋ acəh . lakəʔ kalahɛɾan əmpaʔ ɔktɔbɛɾ ɛbu bɤn saŋaʔ atɔs bɤn saŋaʔ pɔlɔ bɤn əmpaʔ kasɛbːut anɖiʔ haɟɨt kaʔaŋkʰuj aɟɤlənːɛ kaɔdiʔɤn aɲaɾ lɔŋ pɔlɔŋ calɔn binɛ ɾija ɾicis bɤn mapʰɤncaɾ paŋatəɾɔna kaʔaŋkʰuj anɛka .
Anggota DPRD Sumbar sè parepaan ajabat samangkèn panèka hasèl Pemilu 2019 sè lantik ka 28 Agustus 2019. Komposisi anggota DPRD Sumbar pèriode 2019-2024 sè terḍiri ḍâri sanga’ partai politik kalabân partai Gerindra mènangka andhi’ korsè palèng bânnya’ panèka 14 korsè, èsosol bi’ partai Kaaḍilân Sejahtera, partai Dèmokrat, bân Partai Amanat Nasional sè bânsabbân andhi’ 10 korsè.	aŋɡuta dpɾt sumbɤɾ sɛ paɾəpaʔan aɟɤbɤt samaŋkɛn panɛka hasɛl pəmilu duwɤ ɛbu bɤn sapɔlɔ bɤn saŋaʔ sɛ lantik ka duwɤ pɔlɔ bɤn bɤluʔ aɡustus duwɤ ɛbu bɤn sapɔlɔ bɤn saŋaʔ . kɔmpɔsisi aŋɡuta dpɾt sumbɤɾ pɛɾijɔdɨ duwɤ ɛbu bɤn sapɔlɔ bɤn saŋaʔ sampɛʔ duwɤ ɛbu bɤn duwɤ pɔlɔ bɤn əmpaʔ sɛ təɾɖiɾi ɖɤɾi saŋa paɾtai pɔlitik kalabɤn paɾtai ɡɨɾindɾɤ mɛnaŋka antʰi kɔɾsɛ palɛŋ bɤɲːa panɛka sapɔlɔ bɤn əmpaʔ kɔɾsɛ , ɛsɔsɔl bi paɾtai kaʔaɖilɤn səɟɤhtəɾa , paɾtai dɛmɔkɾat , bɤn paɾtai amanat nasijɔnal sɛ bɤnsabːɤn antʰi sapɔlɔ kɔɾsɛ .
Buku Latihan Soal Mantappu Jiwa (2019), Gramedia Pustaka Utama, ISBN 978-602-06-3241-4 .	buku latihan sɔwal mantapːu ɟiwa duwɤ ɛbu bɤn sapɔlɔ bɤn saŋaʔ , ɡɾɤmədija pustaka utama , isbn saŋaʔ atɔs bɤn pətːɔʔ pɔlɔ bɤn bɤluʔ ənːəm atɔs bɤn duwɤ ənːəm təlɔ ɛbu bɤn duwɤ atɔs bɤn əmpaʔ pɔlɔ bɤn sətːɔŋ əmpaʔ .
Sekretaris Pribadi (Sespri) Kepala Staf Umum (Kasum) TNI (2010)	səkɾətaɾis pɾibɤdi səspɾi kəpala staf umum kasum tni duwɤ ɛbu bɤn sapɔlɔ
Guru rajhâ è bidang Tafsir è Fakultas Ushuluddin IAIN Syarif Hidayatullah Jakarta, 12 Januwari 2002.	ɡuɾu ɾacʰɤ ɛ bidɤŋ tafsiɾ ɛ fakultas ushuludːin ijain sjaɾif hidɤjatulah ɟɤkaɾta , sapɔlɔ bɤn duwɤ ɟɤnuwaɾi duwɤ ɛbu bɤn duwɤ .
jhângkep: ajhârbâ'aghi kabbhi fakta bân tongghâl otamana, bân ta' anḍi' pranala mèra sè bânnyak.	cʰɤŋkəp , acʰɤɾbɤʔakʰi kapʰːi fakta bɤn tɔŋkʰɤl ɔtamana , bɤn taʔ anɖiʔ pɾanala mɛɾa sɛ bɤɲːak .
Kabhupatèn Situbândâ Ḍâlem Angka 2017 (BPS)	kapʰupatɛn situbɤndɤ ɖɤləm aŋka duwɤ ɛbu bɤn sapɔlɔ bɤn pətːɔʔ bps
Sattè panèka jârèya kakanan se èghâbây ḍâri dhâghing sè èkerra’ nè’-kènnè’ bân ètojjhin kalabân lèntè ḍâuna nyior otabâ perrèng, lajhu èpangghâng ngangghuy marḍânah areng kajuh. Sattè èsajhi abhâreng palappa sè acem-macem taghântong bârnana resèp sattè. Dhâghing ka’angghuy aghâbay sattè aréya antarana dhâghing ajâm, embi’, sapè, bâbi, marmoci, jhârân, bân laèna.	satːɛ panɛka ɟɤɾɛja kakanan sə ɛkʰɤbɤj ɖɤɾi tʰɤkʰiŋ sɛ ɛkəɾa nɛ kɛnːɛ bɤn ɛtɔcʰːin kalabɤn lɛntɛ ɖɤuna ɲijɔɾ ɔtabɤ pəɾɛŋ , lacʰu ɛpaŋkʰɤŋ ŋaŋkʰuj maɾɖɤnah aɾəŋ kaɟuh . satːɛ ɛsacʰi apʰɤɾəŋ palapːa sɛ acəm macəm takʰɤntɔŋ bɤɾnana ɾəsɛp satːɛ . tʰɤkʰiŋ ka aŋkʰuj akʰɤbɤj satːɛ aɾeja antaɾana tʰɤkʰiŋ aɟɤm , əmbi , sapɛ , bɤbi , maɾmɔci , cʰɤɾɤn , bɤn laɛna .
PT Pertamina Training & Consulting - Jâsa pangembângan SDM, pangkajiân bân konsultasi kasisteman mènèjemen dâlâm rangka anunjang kagiadhân migas bân panas bhumi.	pt pəɾtamina tɾainiŋ bɤn cɔnsultiŋ ɟɤsa paŋəmbɤŋan sdm , paŋkaɟijɤn bɤn kɔnsultasi kasistəman mɛnɛɟɨmən dɤlɤm ɾaŋka anunɟɤŋ kaɡijatʰɤn miɡɤs bɤn panas pʰumi .
Neuropati perifer, atrofi optik, degenerssi spinal, aropaaghi efek dâri defiensi vitamin B12,	nəuɾɔpati pəɾifəɾ , atɾɔfi ɔptik , dɨɡɨnəɾsːi spinal , aɾɔpaʔakʰi əfək dɤɾi dɨfijənsi vitamin p sapɔlɔ bɤn duwɤ ,
È kapal perrang Eversten, Martha Christina Tiahahu aḍingghâl omor bân kalabhân pangormadhân militer, aba’ bâdhânna è sambi ka tasè’ Bhândâ, yakni èyantarana polo Buru bân Polo Manipa è tangghâl 2 Januari 1818. Ka’angguy ngormadhâghi jasa bân pangorbananna, Martha Christina Tiahahu èteptepaghi mènangka Pahlawan Kamarḍika'an Nasional ḍâri pamarènta Republik Indonesia.	ɛ kapal pəɾaŋ əvəɾstən , maɾtha chɾistina tijahahu aɖiŋkʰɤl ɔmɔɾ bɤn kalapʰɤn paŋɔɾmatʰɤn militəɾ , abɤ bɤtʰɤnːa ɛ sambi ka tasɛ pʰɤndɤ , jakni ɛjantaɾana pɔlɔ buɾu bɤn pɔlɔ manipa ɛ taŋkʰɤl duwɤ ɟɤnuwaɾi ɛbu bɤn bɤluʔ atɔs bɤn sapɔlɔ bɤn bɤluʔ . ka aŋɡuj ŋɔɾmatʰɤkʰi ɟɤsa bɤn paŋɔɾbɤnanːa , maɾtha chɾistina tijahahu ɛtəptəpakʰi mɛnaŋka pahlawan kamaɾɖikaʔan nasijɔnal ɖɤɾi pamaɾɛnta ɾəpublik indunəsija .
Rato Widarba andhi’ rajina empa’, sala settongnga nyamana Ragapadmi. è antarana empa' rajina, Ragapadmi panèka permaisuri sè palèng raddin. Tape, e settong are Raden Ayu Ragapadmi o-tao eserrang panyaket kole’ se jijik. Sakabbhina badanna etotobi ghâlimpo' sè èbâdâ'aghi bân makalowar bau jhuko'.	ɾatɔ widɤɾbɤ antʰi ɾaɟina əmpa , sala sətːɔŋŋa ɲamana ɾaɡɤpadmi . ɛ antaɾana əmpaʔ ɾaɟina , ɾaɡɤpadmi panɛka pəɾmaisuɾi sɛ palɛŋ ɾadːin . tapə , ə sətːɔŋ aɾə ɾadɨn aju ɾaɡɤpadmi ɔ taɔ əsəɾaŋ paɲakət kɔlə sə ɟiɟik . sakapʰːina bɤdɤnːa ətɔtɔbi kʰɤlimpɔʔ sɛ ɛbɤdɤʔakʰi bɤn makalɔwaɾ bɤu cʰukɔʔ .
Rizki Ridho amolèh amaèn bal-balan tèm U-19 Indonesia jhughèh dèddhi ketua tim U-19 è taon 2019. Selaèn ka'dissah Rizki Ridho Jughèh e tunjuk dèddhih bèk tenggha Timnas Indonesia kaagghuy alabèn tim-tim dèri nagerè laèn. è bhèktoh alabèn tim burundi Rizki Ridho bisah mencetak gol se pertama	ɾizki ɾitʰu amɔlɛh amaɛn bɤl bɤlan tɛm u sapɔlɔ bɤn saŋaʔ indunəsija cʰukʰɛh dɛtʰːi kətuwa tim u sapɔlɔ bɤn saŋaʔ ɛ taɔn duwɤ ɛbu bɤn sapɔlɔ bɤn saŋaʔ . səlaɛn kaʔdisːah ɾizki ɾitʰu ɟukʰɛh ə tunɟuk dɛtʰːih bɛk təŋkʰɤ timnas indunəsija kaʔakʰːuj alabɛn tim tim dɛɾi naɡɨɾɛ laɛn . ɛ pʰɛktɔh alabɛn tim buɾundi ɾizki ɾitʰu bisah məncətak ɡul sə pəɾtama
Bhângsa:Parnata Indonesia èpantar tor bisa è ghuna'aghi nalèka 2024	pʰɤŋsa , paɾnata indunəsija ɛpantaɾ tɔɾ bisa ɛ kʰunaʔakʰi nalɛka duwɤ ɛbu bɤn duwɤ pɔlɔ bɤn əmpaʔ
Abraham iyâ arèya nenek moyang ḍâri bhângsa Israèl. Abraham maana'aghi Ishak bân Ismael, Ishak maana'aghi Yakub (sè è sebbhut Israel). Yakub maana'aghi 1 Suku Israel sè noronaghi nabbhi-nabbhi (Musa ḍâri suku Lewi) bân raja-raja (Daud, Salomo ḍâri suku Yehuda), sampè' ḍâ' Mesias sè nyalamâttaghi. Abraham ḍhibi' iyâ arèya orèng Ibrani (katoronan Eber). Eber iyâ arèya kreppek ḍâri Sem, ana'na Nuh.	abɾɤham ijɤ aɾɛja nənək mɔjaŋ ɖɤɾi pʰɤŋsa isɾaɛl . abɾɤham maʔanaʔakʰi ishak bɤn ismaəl , ishak maʔanaʔakʰi jakup sɛ ɛ səpʰːut isɾaəl . jakup maʔanaʔakʰi sətːɔŋ suku isɾaəl sɛ nɔɾɔnakʰi napʰːi napʰːi musa ɖɤɾi suku ləwi bɤn ɾaɟɤ ɾaɟɤ dɤut , salɔmɔ ɖɤɾi suku jəhudɤ , sampɛʔ ɖɤʔ məsijas sɛ ɲalamɤtːakʰi . abɾɤham ʈʰibiʔ ijɤ aɾɛja ɔɾɛŋ ibɾɤni katɔɾɔnan əbɨɾ . əbɨɾ ijɤ aɾɛja kɾəpːək ɖɤɾi səm , anaʔna nuh .
Conto ḍâri cem-macem jhârbâna trèsna rèya amènḍhâna jhâ' trèsna saorèng emma' sè nyalèbbâ kalabân trèsna ḍâ' ka lakèna, sè kèya nyalèbbâ kalabân trèsna ḍâ' ka kakanan.	cɔntɔ ɖɤɾi cəm macəm cʰɤɾbɤna tɾɛsna ɾɛja amɛnʈʰɤna cʰɤʔ tɾɛsna saɔɾɛŋ əmːaʔ sɛ ɲalɛbːɤ kalabɤn tɾɛsna ɖɤʔ ka lakɛna , sɛ kɛja ɲalɛbːɤ kalabɤn tɾɛsna ɖɤʔ ka kakanan .
Molowagu iyâ arèya sala sèttong dhisa è Kacamadhân Batudaka, Tojo Una-Una, Kabhupatèn Tojo Una-Una, Propènsi Sulawesi Tengnga, Inḍonèsia.	mɔlɔwaɡu ijɤ aɾɛja sala sɛtːɔŋ tʰisa ɛ kacamatʰɤn bɤtudɤka , tɔɟu una una , kapʰupatɛn tɔɟu una una , pɾɔpɛnsi sulawəsi təŋŋa , inɖunɛsija .
Badan Amil Zakat Infaq & Sadaqah DKI Jakarta Èsèmpen 2008-12-16 è Wayback Machine.	bɤdɤn amil zakat infak bɤn sadɤkah dki ɟɤkaɾta ɛsɛmpən duwɤ ɛbu bɤn bɤluʔ sapɔlɔ bɤn duwɤ sapɔlɔ bɤn ənːəm ɛ wajbɤck machinə .
Yunani Mikenai: bhâsa sè ètotoraghi è peradaban Mikenai. bhâsa panèka èserrat ḍâlem aksara Linèar B è abad ka-16—12 SM.	junani mikənai , pʰɤsa sɛ ɛtɔtɔɾakʰi ɛ pəɾadɤbɤn mikənai . pʰɤsa panɛka ɛsəɾat ɖɤləm aksaɾa linɛjaɾ p ɛ abɤt ka sapɔlɔ bɤn ənːəm sapɔlɔ bɤn duwɤ sabɨlunːa masɛhi .
Imam Muslim sèḍhâ è arè Ahad sore, bân èkobhuragi è kampong Nasr Abad, sala sèttong daèra è loar Naisabur, neng arè Sennin, 25 Rejjhep 261 H/ Mèi 875 M. neng omor 55 taon.	imam muslim sɛʈʰɤ ɛ aɾɛ ahat sɔɾə , bɤn ɛkɔpʰuɾaɡi ɛ kampɔŋ nasɾ abɤt , sala sɛtːɔŋ dɤɛɾa ɛ lɔwaɾ naisabuɾ , nəŋ aɾɛ sənːin , duwɤ pɔlɔ bɤn lɛmaʔ ɾəcʰːɨp duwɤ atɔs bɤn ənːəm pɔlɔ bɤn sətːɔŋ h mɛi bɤluʔ atɔs bɤn pətːɔʔ pɔlɔ bɤn lɛmaʔ masɛhi . nəŋ ɔmɔɾ lɛmaʔ pɔlɔ bɤn lɛmaʔ taɔn .
Ollè dhâddhi, samangat ghâbây pangajhiyân èdorong sareng kasennengngan ghâbây dakwah, sè ghik bhuruh èkataowèh bân èkangartè sareng orèng Islam jhâ’ pangajhiyân akadhi panèka. Dhâddhi, pamator otabâ penceramah èsebbhut da’i otabâ mubaligh. È laèn maksod, amarghâ nyamana pengajhiyân, orèng sè ngajhâri otabâ sè aceramah jhughâ umumma èsebbhut kiyaèh.	ɔlɛ tʰɤtʰːi , samaŋat kʰɤbɤj paŋacʰijɤn ɛduɾɔŋ saɾəŋ kasənːəŋŋan kʰɤbɤj dɤkwah , sɛ kʰik pʰuɾuh ɛkataɔwɛh bɤn ɛkaŋaɾtɛ saɾəŋ ɔɾɛŋ islam cʰɤ paŋacʰijɤn akatʰi panɛka . tʰɤtʰːi , pamatɔɾ ɔtabɤ pəncəɾamah ɛsəpʰːut dɤ i ɔtabɤ mubɤlik . ɛ laɛn maksɔt , amaɾkʰɤ ɲamana pəŋacʰijɤn , ɔɾɛŋ sɛ ŋacʰɤɾi ɔtabɤ sɛ acəɾamah cʰukʰɤ umumːa ɛsəpʰːut kijaɛh .
Spinning the Semantic Web: Bringing the World Wide Web to Its Full Potential Tim Berners-Lee (Foreword), Dieter Fensel (Editor), James Hendler (Editor), Henry Lieberman (Editor), Wolfgang Wahlster (Editor) (The MIT Press, 2005) ISBN 0-262-56212-X	spinːiŋ thə səmantic wəp , bɾiŋiŋ thə wɔɾlt widɨ wəp tɔ its ful pɔtəntijal tim bɨɾnəɾs ləʔə fɔɾəwɔɾt , dijətəɾ fənsəl əditɔɾ , ɟɤməs həndlɨɾ əditɔɾ , hənɾj lijəbɨɾman əditɔɾ , wɔlfɡɤŋ wahlstəɾ əditɔɾ thə mit pɾəsː , duwɤ ɛbu bɤn lɛmaʔ isbn nɔla duwɤ atɔs bɤn ənːəm pɔlɔ bɤn duwɤ lɛmaʔ pɔlɔ bɤn ənːəm ɛbu bɤn duwɤ atɔs bɤn sapɔlɔ bɤn duwɤ z
Koloseum okoranna rajâ. Kalabân tèngghina 48 m, lanjhâng 188 m, lèbâr 156 m bân total arèa bhângonan sakètar 2,5 ha, Koloseum katon cè' rajâna bân lowas. Arèna panèka èghâbây ḍâri kaju sè okoranna 86 m x 54 m, bân ètotop beddhi. Bhângon elips otabâ bunter dâri Koloseum abâdâhaghi ka'angghuy nyegghâ para panampèl buru ka pengghirra bân ka'angghuy nyegghâ panonton ḍâri talèbât semma' ka pertunjukan.	kɔlɔsəum ɔkɔɾanːa ɾaɟɤ . kalabɤn tɛŋkʰina əmpaʔ pɔlɔ bɤn bɤluʔ mɛtəɾ , lancʰɤŋ atɔs bɤn bɤluʔ pɔlɔ bɤn bɤluʔ mɛtəɾ , lɛbɤɾ atɔs bɤn lɛmaʔ pɔlɔ bɤn ənːəm mɛtəɾ bɤn tɔtal aɾɛja pʰɤŋɔnan sakɛtaɾ duwɤ kɔma lɛmaʔ hɛktaɾ , kɔlɔsəum katɔn cɛʔ ɾaɟɤna bɤn lɔwas . aɾɛna panɛka ɛkʰɤbɤj ɖɤɾi kaɟu sɛ ɔkɔɾanːa bɤluʔ pɔlɔ bɤn ənːəm mɛtəɾ z lɛmaʔ pɔlɔ bɤn əmpaʔ mɛtəɾ , bɤn ɛtɔtɔp bɨtʰːi . pʰɤŋɔn əlips ɔtabɤ buntəɾ dɤɾi kɔlɔsəum abɤdɤhakʰi kaʔaŋkʰuj ɲəkʰːɤ paɾa panampɛl buɾu ka pəŋkʰiɾa bɤn kaʔaŋkʰuj ɲəkʰːɤ panɔntɔn ɖɤɾi talɛbɤt səmːaʔ ka pəɾtunɟukan .
Batak Mandailing otabâ Orèng Mandailing panèka aropa'aghi sala sèttong kalompo' ètnik pribumi sè ngennangè kennengngan è lao'na Propinsi Somattra Ḍâjâ. Èpon toman bâḍâ è bâbâna pangaro kaom Paḍri ḍâri Minangkabau, saèngghâ saccara kultural ètnis panèka èpangaro sareng bhudhâjhâ aghâma Islam. Sabâgiyân kènè' ètnis panèka jhughân amokèm è Selagor bân Pera', Semenanjung Malaysia.	bɤtak mandɤiliŋ ɔtabɤ ɔɾɛŋ mandɤiliŋ panɛka aɾɔpaʔakʰi sala sɛtːɔŋ kalɔmpɔʔ ɛtnik pɾibumi sɛ ŋənːaŋɛ kənːəŋŋan ɛ laɔʔna pɾɔpinsi sɔmatːɾa ɖɤɟɤ . ɛpɔn tɔman bɤɖɤ ɛ bɤbɤna paŋaɾɔ kaɔm paɖɾi ɖɤɾi minaŋkabɤu , saɛŋkʰɤ sacːaɾa kultuɾal ɛtnis panɛka ɛpaŋaɾɔ saɾəŋ pʰutʰɤcʰɤ akʰɤma islam . sabɤɡijɤn kɛnɛʔ ɛtnis panɛka cʰukʰɤn amɔkɛm ɛ səlaɡuɾ bɤn pəɾaʔ , səmənanɟuŋ malajsija .
Mandhirâ aslina asalla ḍâri pergerakan sè alabân penjajah sè è molaè è taon 20 Julè 1810. Salama masa pemberontakan rèya, sè abrontak ngangghuy pita mèra bân konèng è lengngen, polana bârna rèya aropa'aghi bârna ḍâri mandhirâ na Spanyol sè è ghuna'aghi kalabân mandhirâ kaangghuy Granada Baru.	mantʰiɾɤ aslina asala ɖɤɾi pəɾɡɨɾakan sɛ alabɤn pənɟɤɟɤh sɛ ɛ mɔlaɛ ɛ taɔn duwɤ pɔlɔ ɟulɛ ɛbu bɤn bɤluʔ atɔs bɤn sapɔlɔ . salama masa pəmbɨɾɔntakan ɾɛja , sɛ abɾuntak ŋaŋkʰuj pita mɛɾa bɤn kɔnɛŋ ɛ ləŋŋən , pɔlana bɤɾna ɾɛja aɾɔpaʔakʰi bɤɾna ɖɤɾi mantʰiɾɤ na spaɲɔl sɛ ɛ kʰunaʔakʰi kalabɤn mantʰiɾɤ kaʔaŋkʰuj ɡɾɤnadɤ bɤɾu .
5. Pusat industri è pengolahan pertanian, pembuatan bir, bân pembuatan tekstil. Orèng Asia sè ella èangghep lebbi dâri saparèmpat dâri populasi, namong hal ka'dinto noro' toron saamponna merdeka è taon 1963.	lɛmaʔ . pusat industɾi ɛ pəŋɔlahan pəɾtanijan , pəmbuwatan biɾ , bɤn pəmbuwatan təkstil . ɔɾɛŋ asija sɛ əla ɛjaŋkʰɨp ləbːi dɤɾi sapaɾɛmpat dɤɾi pɔpulasi , namɔŋ hal kaʔdintɔ nɔɾɔʔ tɔɾɔn saʔampɔnːa məɾdɨka ɛ taɔn ɛbu bɤn saŋaʔ atɔs bɤn ənːəm pɔlɔ bɤn təlɔ .
Bhibhik Madhurâ aropaaghi kakanan khas Madhurâ sè kalonta kalabân dâghing sè cè' lembu'na bân èpèyara. Ciri khas dâri kakanan panèka bâdâ è dâlem rempah-rempah tambahan sè cè' pedasna.	pʰipʰik matʰuɾɤ aɾɔpaʔakʰi kakanan xas matʰuɾɤ sɛ kalɔnta kalabɤn dɤkʰiŋ sɛ cɛʔ ləmbuʔna bɤn ɛpɛjaɾa . ciɾi xas dɤɾi kakanan panɛka bɤdɤ ɛ dɤləm ɾəmpah ɾəmpah tambɤhan sɛ cɛʔ pədɤsna .
Urwa binti 'Amis al-Khatsa'miyyah, rajina Hamzah bin Abdul-Muththalib	uɾwa binti ʔamis al xatsaʔmijːah , ɾaɟina hamzah bin abdul muththalip
Romana warga è dhisa Leggung Tèmor ètandhai kalabân "kasor pasèr," kotak pasèr sè okoranna ra-kèra 2 x 2 mèter, èghunaaghi mènangka katedhungan. Orèng-orèng è dhisa parcajâ jhâ' tèdung è attas pasèr nga'andi' manfaat kaangghuy kasèhatan bân nga'andi' artè filosofis sè dâlem: manossa asalla dâri bhumè bân bhâkal abali ka bumè.	ɾɔmana waɾɡɤ ɛ tʰisa ləɡːuŋ tɛmɔɾ ɛtantʰɤi kalabɤn kasɔɾ pasɛɾ , kɔtak pasɛɾ sɛ ɔkɔɾanːa ɾa kɛɾa duwɤ kalɛ duwɤ mɛtəɾ , ɛkʰunaʔakʰi mɛnaŋka katətʰuŋan . ɔɾɛŋ ɔɾɛŋ ɛ tʰisa paɾcaɟɤ cʰɤʔ tɛduŋ ɛ atːas pasɛɾ ŋaʔandiʔ manfaʔat kaʔaŋkʰuj kasɛhatan bɤn ŋaʔandiʔ aɾtɛ filɔsɔfis sɛ dɤləm , manɔsːa asala dɤɾi pʰumɛ bɤn pʰɤkal abɤli ka bumɛ .
Topak Ladeh èkaghâbây ḍâri kerra'an *topak* (nasè'/ketupat) ècamporaghi kalabân saos kentel sè èghâbây dâri santan bân daging sapè, bânnya' palappana.	tɔpak ladɨh ɛkakʰɤbɤj ɖɤɾi kəɾaʔan tɔpak nasɛʔ kətupat ɛcampɔɾakʰi kalabɤn saɔs kəntəl sɛ ɛkʰɤbɤj dɤɾi santan bɤn dɤɡiŋ sapɛ , bɤɲːaʔ palapːana .
Siswondo Parman noro' perrang gerilya è bâkto Agresi Militer Bâlândhâ kaḍuwâ'. Jhughân atugas mènangka Kapala Staf Gubernur Militer Jakarta .	siswɔndu paɾman nɔɾɔʔ pəɾaŋ ɡɨɾilja ɛ bɤktɔ aɡɾɨsi militəɾ bɤlɤntʰɤ kaɖuwɤʔ . cʰukʰɤn atuɡɤs mɛnaŋka kapala staf ɡubɨɾnuɾ militəɾ ɟɤkaɾta .
Bourḍais samangkèn aperrang è Le Mans Series kalabân tim Peugeot Sport. Salèrana jhughân ampon abâli ka InḍyCar mènangka pembalap paruh-bâkto ka'angghuy tim Lotus-Ḍragon Racing, khusussâ è sirkuit jhâlân (non-oval).	buuɾɖɤis samaŋkɛn apəɾaŋ ɛ lə mans səɾijəs kalabɤn tim pəuɡɨwɔt spɔɾt . salɛɾana cʰukʰɤn ampɔn abɤli ka inɖjcaɾ mɛnaŋka pəmbɤlap paɾuh bɤktɔ kaʔaŋkʰuj tim lɔtus ɖɾɤɡun ɾaciŋ , xususːɤ ɛ siɾkuwit cʰɤlɤn nɔn ɔval .
Opsir Muda Udara I (Anumerta) Adisoemarmo Wirjokusumo (31 Maret 1921-29 Juli 1947) lahèr neng Blora, Jhâbâ Tengnga bân èparajâ mènangka sè ngèkoè Aghâma Islam. sareng Adiseotjipto, Abdulrachman Saleh, Husein Sastranegara bân Iswahjoedi Adisoemarmo èkennal mènangka sè molaè TNI AU Indonesia. Panèpan sa-amponna adhingghâl omor ènyata-aghi mènangka Pahlawan Nasional Indonesia neng taon 1974.	ɔpsiɾ mudɤ udɤɾa i anuməɾta adisɔwəmaɾmɔ wiɾɟukusumɔ təlɔ pɔlɔ bɤn sətːɔŋ maɾət ɛbu bɤn saŋaʔ atɔs bɤn duwɤ pɔlɔ bɤn sətːɔŋ sampɛʔ duwɤ pɔlɔ bɤn saŋaʔ ɟuli ɛbu bɤn saŋaʔ atɔs bɤn əmpaʔ pɔlɔ bɤn pətːɔʔ lahɛɾ nəŋ bluɾa , cʰɤbɤ təŋŋa bɤn ɛpaɾaɟɤ mɛnaŋka sɛ ŋɛkɔwɛ akʰɤma islam . saɾəŋ adisəwɔtɟiptɔ , abdulɾachman saləh , husəin sastɾanəɡɤɾa bɤn iswahɟuwədi adisɔwəmaɾmɔ ɛkənːal mɛnaŋka sɛ mɔlaɛ tni au indunəsija . panɛpan sa ampɔnːa atʰiŋkʰɤl ɔmɔɾ ɛɲata akʰi mɛnaŋka pahlawan nasijɔnal indunəsija nəŋ taɔn ɛbu bɤn saŋaʔ atɔs bɤn pətːɔʔ pɔlɔ bɤn əmpaʔ .
Royal Australian Air Force (RAAF) Flying Instructor Course (Australia) (1980)	ɾɔjal austɾalijan aiɾ fɔɾcə ɾaʔaf fljiŋ instɾuctɔɾ cɔuɾsə austɾalija ɛbu bɤn saŋaʔ atɔs bɤn bɤluʔ pɔlɔ
Saccara linguistik, sorat artèna 'tolèsan', dhinèng incung artena 'mirèng' otabâ 'terpancung' ḍâlem bhâsa Kerinci. Tolèsan panèka aropa'aghi ris-ghâris sè loros, tong-potong, tor melkot sè `etolès kalabân mirèng pan-bârâmpan dhârâjhât.	sacːaɾa liŋuwistik , sɔɾat aɾtɛna ʔtɔlɛsanʔ , tʰinɛŋ incuŋ aɾtəna ʔmiɾɛŋʔ ɔtabɤ ʔtəɾpancuŋʔ ɖɤləm pʰɤsa kəɾinci . tɔlɛsan panɛka aɾɔpaʔakʰi ɾis kʰɤɾis sɛ lɔɾɔs , tɔŋ pɔtɔŋ , tɔɾ məlkɔt sɛ ətɔlɛs kalabɤn miɾɛŋ pan bɤɾɤmpan tʰɤɾɤcʰɤt .
Mentri/Komandan Angkatan Laut - Juli 1959	məntɾi kɔmandɤn aŋkatan laut ɟuli ɛbu bɤn saŋaʔ atɔs bɤn lɛmaʔ pɔlɔ bɤn saŋaʔ
Èkennal pan-saponapan bhângonna Abbhrem sè èkennal neng pasaran, aropaaghi kakanan bân ènoman. Abbhrem aropaaghi kakanan kaonang ḍâri madiun bân Wonogiri, namong sè aropa caèran asalla ḍâri polo Bhâli bân Nusa Tenggara.	ɛkənːal pan sapɔnapan pʰɤŋɔnːa apʰːɾɨm sɛ ɛkənːal nəŋ pasaɾan , aɾɔpaʔakʰi kakanan bɤn ɛnɔman . apʰːɾɨm aɾɔpaʔakʰi kakanan kaɔnaŋ ɖɤɾi madijun bɤn wɔnɔɡiɾi , namɔŋ sɛ aɾɔpa caɛɾan asala ɖɤɾi pɔlɔ pʰɤli bɤn nusa təŋɡɤɾa .
Masjid Nurul Islam Koto Kayu Jao panèka sala sèttong masjid sè palèng towa è Indonesia, lokasina è Jorong Kayu Jao, Nagari Batang Barus, Kacamatan Gunung Talang, Kabupatèn Solok, Sumatera Bârâ'.[2] Masjid panèka èparkira'aghi molaè abad ka-17 bân aropa'aghi masjid sè palèng towa è Kabupatèn Solok.[3][2]	masɟit nuɾul islam kɔtɔ kaju ɟɤu panɛka sala sɛtːɔŋ masɟit sɛ palɛŋ tɔwa ɛ indunəsija , lɔkasina ɛ ɟuɾɔŋ kaju ɟɤu , naɡɤɾi bɤtaŋ bɤɾus , kacamatan ɡunuŋ talaŋ , kabupatɛn sɔlɔk , sumatəɾa bɤɾɤʔ . duwɤ masɟit panɛka ɛpaɾkiɾaʔakʰi mɔlaɛ abɤt ka sapɔlɔ bɤn pətːɔʔ bɤn aɾɔpaʔakʰi masɟit sɛ palɛŋ tɔwa ɛ kabupatɛn sɔlɔk . təlɔ duwɤ
Achdiat Karta Mihardja ( 6 Maret 1911 – Juli 2010), lebbi èkennal kalabân nyama panḍâ'na Achdiat K. Mihardja, panèka sastrawan Indonèsia. Achdiat èkennal polana novella, Atheis, sè èpaterbi' è taon 1949. Atheis èyangghep sala sèttong karya sastra Inḍonèsia sè palèng penting samarèna Perrang Dunnya II.	achdijat kaɾta mihaɾdɟɤ ənːəm maɾət ɛbu bɤn saŋaʔ atɔs bɤn sapɔlɔ bɤn sətːɔŋ ɟuli duwɤ ɛbu bɤn sapɔlɔ , ləbːi ɛkənːal kalabɤn ɲama panɖɤʔna achdijat k . mihaɾdɟɤ , panɛka sastɾawan indunɛsija . achdijat ɛkənːal pɔlana nɔvəla , athəis , sɛ ɛpatəɾbiʔ ɛ taɔn ɛbu bɤn saŋaʔ atɔs bɤn əmpaʔ pɔlɔ bɤn saŋaʔ . athəis ɛjaŋkʰɨp sala sɛtːɔŋ kaɾja sastɾa inɖunɛsija sɛ palɛŋ pəntiŋ samaɾɛna pəɾaŋ duɲːa duwɤ .
Hsieh, Henry H. (March 1, 2006). "Main-Belt Comets". University of Hawaii. Diarsipkan dari asli tanggal 2006-05-15. Diakses tanggal 2007-04-20.	hsijəh , hənɾj h . maɾch sətːɔŋ , duwɤ ɛbu bɤn ənːəm . main bɨlt cɔməts . univəɾsitj ɔf hawaiʔi . dijaɾsipkan dɤɾi asli taŋɡɤl duwɤ ɛbu bɤn ənːəm lɛmaʔ sapɔlɔ bɤn lɛmaʔ . dijaksəs taŋɡɤl duwɤ ɛbu bɤn pətːɔʔ əmpaʔ duwɤ pɔlɔ .
Kalabân dhâsar Keputusan Panglima Angkatan Bersenjata Indonesia Nomor Kep/29/X/1984, tangghâl 10 Nopèmber 1984, AKABRI Bagian Laut èyobâ dhâddhi Akademi TNI Angkatan Laut sè èrèngkes dhâddhi AAL.	kalabɤn tʰɤsaɾ kəputusan paŋlima aŋkatan bɨɾsənɟɤta indunəsija nɔmɔɾ kəp duwɤ pɔlɔ bɤn saŋaʔ z ɛbu bɤn saŋaʔ atɔs bɤn bɤluʔ pɔlɔ bɤn əmpaʔ , taŋkʰɤl sapɔlɔ nɔpɛmbɨɾ ɛbu bɤn saŋaʔ atɔs bɤn bɤluʔ pɔlɔ bɤn əmpaʔ , akabɾi bɤɡijan laut ɛjɔbɤ tʰɤtʰːi akadɨmi tni aŋkatan laut sɛ ɛɾɛŋkəs tʰɤtʰːi aʔal .
È bâgiyân budina (Jhâlân Andi Lombasang) bâdâ tèmbok bâto alam sè tebbel bân labâng kaju sè lèbâr bân koko, manabi è bâgiyân adha'na a paghâr permanèn sè cendhek bân pakarangan sè abukka'. È sampèng bârâ' bangunan Ballaʼ Lompoa bâdâ bangunan rèplika Karaton Tamalate sè okoranna jâu lebbi rajâ sè èbâghun è èra kapamimpinna Bupati Gowa Syahrul Yasin Limpo è taon 1997-1998.	ɛ bɤɡijɤn budina cʰɤlɤn andi lɔmbɤsaŋ bɤdɤ tɛmbuk bɤtɔ alam sɛ təbːɨl bɤn labɤŋ kaɟu sɛ lɛbɤɾ bɤn kɔkɔ , manabi ɛ bɤɡijɤn atʰɤʔna a pakʰɤɾ pəɾmanɛn sɛ cəntʰɨk bɤn pakaɾaŋan sɛ abukːaʔ . ɛ sampɛŋ bɤɾɤʔ bɤŋunan bɤla lɔmpɔwa bɤdɤ bɤŋunan ɾɛplika kaɾatɔn tamalatə sɛ ɔkɔɾanːa ɟɤu ləbːi ɾaɟɤ sɛ ɛbɤkʰun ɛ ɛɾa kapamimpinːa bupati ɡuwa sjahɾul jasin limpɔ ɛ taɔn ɛbu bɤn saŋaʔ atɔs bɤn saŋaʔ pɔlɔ bɤn pətːɔʔ sampɛʔ ɛbu bɤn saŋaʔ atɔs bɤn saŋaʔ pɔlɔ bɤn bɤluʔ .
Toho otabâ Tombâk, kalabân lanjhângnga korang lebbi 2 mèter. Dhimèn èghuna'aghi minangka sanjhâta ka'angghuy nyerrang mosoh. Biyasana Toho bâdâ è tanang kanan paraghâ (penari), samentara tanang kèba paraghâ ngibâ Baluse.	tɔhɔ ɔtabɤ tɔmbɤk , kalabɤn lancʰɤŋŋa kɔɾaŋ ləbːi duwɤ mɛtəɾ . tʰimɛn ɛkʰunaʔakʰi minaŋka sancʰɤta kaʔaŋkʰuj ɲəɾaŋ mɔsɔh . bijasana tɔhɔ bɤdɤ ɛ tanaŋ kanan paɾakʰɤ pənaɾi , saməntaɾa tanaŋ kɛbɤ paɾakʰɤ ŋibɤ bɤlusə .
Kalambhi perrang ḍayak èngghi panèka kalambhi perrang sè kaghâbâyân ḍâri kolè'na kaju, kolè'na kèbân, tor èhiasè logam. Segghut ghâllu kalambhi perrang ka'rowa èlengkapphi kalabân tolèsân-tolèsan (rajah) kalabân tojjhuwân anangkal orèng sè ngagghuy nalèkana aperrang otabâ atokar, saèngghâ salèrana salamet.	kalampʰi pəɾaŋ ɖɤjak ɛŋkʰi panɛka kalampʰi pəɾaŋ sɛ kakʰɤbɤjɤn ɖɤɾi kɔlɛʔna kaɟu , kɔlɛʔna kɛbɤn , tɔɾ ɛhijasɛ lɔɡɤm . səkʰːut kʰɤlu kalampʰi pəɾaŋ kaʔɾɔwa ɛləŋkapːhi kalabɤn tɔlɛsɤn tɔlɛsan ɾaɟɤh kalabɤn tɔcʰːuwɤn anaŋkal ɔɾɛŋ sɛ ŋakʰːuj nalɛkana apəɾaŋ ɔtabɤ atɔkaɾ , saɛŋkʰɤ salɛɾana salamət .
Talkpoḍ bersama Inḍra Jegel bân Elsa Japasal (Netverse; 2021—2024)	talkpɔʈ bɨɾsama inɖɾɤ ɟɨɡɨl bɤn əlsa ɟɤpasal nətvəɾsə , duwɤ ɛbu bɤn duwɤ pɔlɔ bɤn sətːɔŋ sampɛʔ duwɤ ɛbu bɤn duwɤ pɔlɔ bɤn əmpaʔ
Dara Jingga èngghi panèka nyamana sala sèttong pottrè Kerajaan Melaju sè akabin sareng orèng rajâ è keraja'an Jhäbâ saamponna èbhâkta sareng pasukanna Keraja'an Singosari è taon 1924 saamponna ngalaksaaghi tugassa è massa Èkspèḍisi Pamalaju taon 1275-1293.	dɤɾa ɟiŋɡɤ ɛŋkʰi panɛka ɲamana sala sɛtːɔŋ pɔtːɾɛ kəɾaɟɤʔan məlaɟu sɛ akabin saɾəŋ ɔɾɛŋ ɾaɟɤ ɛ kəɾaɟɤʔan cʰɤbɤ saʔampɔnːa ɛpʰɤkta saɾəŋ pasukanːa kəɾaɟɤʔan siŋɔsaɾi ɛ taɔn ɛbu bɤn saŋaʔ atɔs bɤn duwɤ pɔlɔ bɤn əmpaʔ saʔampɔnːa ŋalaksaʔakʰi tuɡɤsːa ɛ masːa ɛkspɛɖisi pamalaɟu taɔn ɛbu bɤn duwɤ atɔs bɤn pətːɔʔ pɔlɔ bɤn lɛmaʔ sampɛʔ ɛbu bɤn duwɤ atɔs bɤn saŋaʔ pɔlɔ bɤn təlɔ .
Mènangka pangarang Puisi, Upita tamaso' pangarang sè cokop produktif. Puisi-puisina sè èterbitaghi akadhi: Bianglala (1973), Dua Warna (1975; bersama Hamid Jabbar), Terlupa dari Mimpi (1980), Sunting (1995; bersama Yvonne de Fretes), antologi Laut Biru Langit Biru (1977), Tonggak 3 (1987), bân Ungu: Antologi Puisi Wanita Penyair Indonesia (1990).	mɛnaŋka paŋaɾaŋ puwisi , upita tamasɔʔ paŋaɾaŋ sɛ cɔkɔp pɾɔduktif . puwisi puwisina sɛ ɛtəɾbitakʰi akatʰi , bijaŋlala ɛbu bɤn saŋaʔ atɔs bɤn pətːɔʔ pɔlɔ bɤn təlɔ , duwa waɾna ɛbu bɤn saŋaʔ atɔs bɤn pətːɔʔ pɔlɔ bɤn lɛmaʔ , bɨɾsama hamit ɟɤbːɤɾ , təɾlupa dɤɾi mimpi ɛbu bɤn saŋaʔ atɔs bɤn bɤluʔ pɔlɔ , suntiŋ ɛbu bɤn saŋaʔ atɔs bɤn saŋaʔ pɔlɔ bɤn lɛmaʔ , bɨɾsama jvɔnːə dɨ fɾətəs , antɔlɔɡi laut biɾu laŋit biɾu ɛbu bɤn saŋaʔ atɔs bɤn pətːɔʔ pɔlɔ bɤn pətːɔʔ , tɔŋɡɤk təlɔ ɛbu bɤn saŋaʔ atɔs bɤn bɤluʔ pɔlɔ bɤn pətːɔʔ , bɤn uŋu , antɔlɔɡi puwisi wanita pəɲaiɾ indunəsija ɛbu bɤn saŋaʔ atɔs bɤn saŋaʔ pɔlɔ .
È taon 2010, Diela èpèlè ghâbây nuro' ajâng pamèran South by South West SXSW è Austin, Texas, Amèrika Serikat. Hasèl karjhâna jhughân pèrna èpajhâng è pan-berampan kota rajâ è dhunnyâ, antarana iyâ arèya Hong Kong, Paris, bân Milan.	ɛ taɔn duwɤ ɛbu bɤn sapɔlɔ , dijəla ɛpɛlɛ kʰɤbɤj nuɾɔʔ aɟɤŋ pamɛɾan sɔuth bj sɔuth wəst skssw ɛ austin , təksas , amɛɾika səɾikat . hasɛl kaɾcʰɤna cʰukʰɤn pɛɾna ɛpacʰɤŋ ɛ pan bɨɾampan kɔta ɾaɟɤ ɛ tʰuɲːɤ , antaɾana ijɤ aɾɛja hɔŋ kɔŋ , paɾis , bɤn milan .
Sertifikasi konsultan laktasi ḍâri International Board Certified Lactation Consultant (IBCLC) (2001) tor èsertifikasi ulang (2006)	səɾtifikasi kɔnsultan laktasi ɖɤɾi intəɾnatijɔnal buwaɾt cəɾtifijət lactatijɔn cɔnsultant ibclc duwɤ ɛbu bɤn sətːɔŋ tɔɾ ɛsəɾtifikasi ulaŋ duwɤ ɛbu bɤn ənːəm
È bâktona pandemi Covid-19 sè nyerrang Indonesia, salèrana ngèbâ Muhammadiyah lèbât Muhammadiyah Covid-19 Command Center (MCCC) kaangghuy ajâgâ roma sakè' ma'lè siaga, sakolah, parghuruwân tèngghi, bân jaringan kader Muhammadiyah ghâbây mabeccè' pasien positif virus corona. Usaha ka'dinto èberri'i apresiasi sareng Prèsidèn Joko Widodo kalabân pangarghâ'ân PPKM Award è Maret 2023.	ɛ bɤktɔna pandɨmi cɔvit sapɔlɔ bɤn saŋaʔ sɛ ɲəɾaŋ indunəsija , salɛɾana ŋɛbɤ muhamːadijah lɛbɤt muhamːadijah cɔvit sapɔlɔ bɤn saŋaʔ cɔmːant cəntəɾ ɛbu bɤn təlɔ atɔs kaʔaŋkʰuj aɟɤɡɤ ɾɔma sakɛʔ maʔlɛ sijaɡɤ , sakɔlah , paɾkʰuɾuwɤn tɛŋkʰi , bɤn ɟɤɾiŋan kadɨɾ muhamːadijah kʰɤbɤj mabɨcːɛʔ pasijən pɔsitif viɾus cɔɾɔna . usaha kaʔdintɔ ɛbɨɾiʔi apɾəsijasi saɾəŋ pɾɛsidɛn ɟukɔ widudu kalabɤn paŋaɾkʰɤʔɤn pːkm awaɾt ɛ maɾət duwɤ ɛbu bɤn duwɤ pɔlɔ bɤn təlɔ .
Keio èyabâs mènangka universitas swasta palèng prestisius è Jeppang. Universitas ka'dinto bâdâ è pangkat nomer 4 sadhunnya dâlem daftar sè èsoson sareng École des Mines de Paris.	kəijɔ ɛjabɤs mɛnaŋka univəɾsitas swasta palɛŋ pɾəstisijus ɛ ɟɨpːaŋ . univəɾsitas kaʔdintɔ bɤdɤ ɛ paŋkat nɔməɾ əmpaʔ satʰuɲːa dɤləm dɤftaɾ sɛ ɛsɔsɔn saɾəŋ ecɔlə dɨs minəs dɨ paɾis .
Avogadro ajabat sè ngurussi statistik, meteorologi, bobot bân okoran (salèrana makennalaghi sistem metrik ka Piedmont) bân angghuta Royal Dèwan Tèngghi Instruksi Publik.	avɔɡɤdɾu aɟɤbɤt sɛ ŋuɾusːi statistik , mətəwɔɾɔlɔɡi , bubut bɤn ɔkɔɾan salɛɾana makənːalakʰi sistəm mətɾik ka pijədmɔnt bɤn aŋkʰuta ɾɔjal dɛwan tɛŋkʰi instɾuksi publik .
Kopula panèka oca' bhâsa namong ta' kèngèng èserrèng sareng afiks.	kɔpula panɛka ɔcaʔ pʰɤsa namɔŋ taʔ kɛŋɛŋ ɛsəɾɛŋ saɾəŋ afiks .
È dâlem esai politikna, Weil li-baliyan aargumen jhâ' kasangsara'an manossa sè nyata serrèng èkorbanaghi ghâbây abstraksi kolektif akadhi "bangsa," "kelas," otabâ "sèjarah." Bâ'na nolak ideologi apa bhâi sè parlo èpèyara nurani orèng kaangghuy tojjuwan sè lebbi bhâghus.	ɛ dɤləm əsai pɔlitikna , wəil li bɤlijan aʔaɾɡumən cʰɤʔ kasaŋsaɾaʔan manɔsːa sɛ ɲata səɾɛŋ ɛkɔɾbɤnakʰi kʰɤbɤj abstɾaksi kɔləktif akatʰi bɤŋsa , kəlas , ɔtabɤ sɛɟɤɾah . bɤʔna nɔlak idɨwɔlɔɡi apa pʰɤi sɛ paɾlɔ ɛpɛjaɾa nuɾani ɔɾɛŋ kaʔaŋkʰuj tɔɟːuwan sɛ ləbːi pʰɤkʰus .
È bakto jâriya, oca'en prince, sè asalla ḍâri bhâsa Latin princeps, artena "orèng lughâllu, pamimpin poko'; pangobâsa, towan." akhèrra neng è abaḍ ka-14, oca' panèka èmaksoḍ "ahli waris tahta."	ɛ bɤktɔ ɟɤɾija , ɔcaʔən pɾincə , sɛ asala ɖɤɾi pʰɤsa latin pɾincəps , aɾtəna ɔɾɛŋ lukʰɤlu , pamimpin pɔkɔʔ , paŋɔbɤsa , tɔwan . axɛɾa nəŋ ɛ abɤʈ ka sapɔlɔ bɤn əmpaʔ , ɔcaʔ panɛka ɛmaksɔʈ ahli waɾis tahta .
Bhâsa Jambi Malaju jhughân èghunaaghi kaangghuy ainteraksi antar suku-suku è propinsi Jambi. Bhâsa Malaju Jambi bâdâ bâllu' dialèk bân bâdâ jhughân dialèk SAD (Suku Anak Dalam):	pʰɤsa ɟɤmbi malaɟu cʰukʰɤn ɛkʰunaʔakʰi kaʔaŋkʰuj aintəɾaksi antaɾ suku suku ɛ pɾɔpinsi ɟɤmbi . pʰɤsa malaɟu ɟɤmbi bɤdɤ bɤluʔ dijalɛk bɤn bɤdɤ cʰukʰɤn dijalɛk sat suku anak dɤlam ,
Asvi aropa'aghi sarjana Sastra Prancis lulusan Universitas Indonesia, sa'amponna sabellumma mamarè gellar sarjana ngoḍâ è bidang sè paḍâ (Sastra Prancis) è Universitas Gadjah Mada. Taon 1984, Asvi ajhâr è École des Hautes Études en Sciences Sociales (EHESS) Paris, kantos ngaollè gellar doktor è taon 1990.	asvi aɾɔpaʔakʰi saɾɟɤna sastɾa pɾancis lulusan univəɾsitas indunəsija , saʔampɔnːa sabɨlumːa mamaɾɛ ɡɨlaɾ saɾɟɤna ŋɔɖɤ ɛ bidɤŋ sɛ paɖɤ sastɾa pɾancis ɛ univəɾsitas ɡɤdɟɤh madɤ . taɔn ɛbu bɤn saŋaʔ atɔs bɤn bɤluʔ pɔlɔ bɤn əmpaʔ , asvi acʰɤɾ ɛ ecɔlə dɨs hautəs etudɨs ən scijəncəs sɔcijaləs əhəsː paɾis , kantɔs ŋaɔlɛ ɡɨlaɾ duktɔɾ ɛ taɔn ɛbu bɤn saŋaʔ atɔs bɤn saŋaʔ pɔlɔ .
Panemmu jhâ' è ḍâlem genetik prokariot bisa bâḍâ 2 plasmid otabâ èkennal kalabân kromosom sirkuler, panèka ḍâ' Rhodobacter sphaeroides 2.4.1.	panəmːu cʰɤʔ ɛ ɖɤləm ɡɨnətik pɾɔkaɾijɔt bisa bɤɖɤ duwɤ plasmit ɔtabɤ ɛkənːal kalabɤn kɾɔmɔsɔm siɾkuləɾ , panɛka ɖɤʔ ɾhɔdubɤctəɾ sphaəɾɔidɨs duwɤ . əmpaʔ . sətːɔŋ .
Canḍhi Dadi tamaso' Canḍhi sè lu-ghâllu ècatet sareng pernata Hinḍia Bâlândhâ ḍâlem ROD taon 1915.	canʈʰi dɤdi tamasɔʔ canʈʰi sɛ lu kʰɤlu ɛcatət saɾəŋ pəɾnata hinɖija bɤlɤntʰɤ ɖɤləm ɾɔt taɔn ɛbu bɤn saŋaʔ atɔs bɤn sapɔlɔ bɤn lɛmaʔ .
Bella tamaso' ana' ḍâri pasangan Busye Amir bin Amir Hatta sè katoronan Minangkabau sareng Menny Satiaputra binti Engkuy Satiaputra sè katoronan Sunda. Salèraba tamaso' ana' bungso dâri empa' satarètanan. Bella lulus dâri SMA Islam Harapan Èbhu Jakarta Lao' è taon 2005.	bɨla tamasɔʔ anaʔ ɖɤɾi pasaŋan busjə amiɾ bin amiɾ hatːa sɛ katɔɾɔnan minaŋkabɤu saɾəŋ məɲː satijaputɾa binti əŋkuj satijaputɾa sɛ katɔɾɔnan sundɤ . salɛɾabɤ tamasɔʔ anaʔ buŋsɔ dɤɾi əmpaʔ sataɾɛtanan . bɨla lulus dɤɾi sma islam haɾapan ɛpʰu ɟɤkaɾta laɔʔ ɛ taɔn duwɤ ɛbu bɤn lɛmaʔ .
Bâkkèl Komandan Batalyon 2 Operasi Trikora	bɤkːɛl kɔmandɤn bɤtaljɔn duwɤ ɔpəɾasi tɾikɔɾa
1971 Sus Pajhâbât Ahlè ADMINISTRASI PERSONEL, BANDUNG	ɛbu bɤn saŋaʔ atɔs bɤn pətːɔʔ pɔlɔ bɤn sətːɔŋ sus pacʰɤbɤt ahlɛ administɾasi pəɾsɔnəl , bɤnduŋ
Panjhânnânganèpon ajhâbhât mènangka Staf Ahli Mentèri Partahanan Bidhâng Kaamanan sajjhek taon 2012 sè pas ètoro'i kalabân kanaèghân pangkat dhâddhi Mayor Jhènderal (Mayjèn).	pancʰɤnːɤŋanɛpɔn acʰɤpʰɤt mɛnaŋka staf ahli məntɛɾi paɾtahanan bitʰɤŋ kaʔamanan sacʰːɨk taɔn duwɤ ɛbu bɤn sapɔlɔ bɤn duwɤ sɛ pas ɛtɔɾɔʔi kalabɤn kanaɛkʰɤn paŋkat tʰɤtʰːi majɔɾ cʰɛndɨɾal majɟɛn .
OSIS, dhâddhi: Katowa Umum. taon: 1992 - 1993	ɔsis , tʰɤtʰːi , katɔwa umum . taɔn , ɛbu bɤn saŋaʔ atɔs bɤn saŋaʔ pɔlɔ bɤn duwɤ sampɛʔ ɛbu bɤn saŋaʔ atɔs bɤn saŋaʔ pɔlɔ bɤn təlɔ
Ria jhughân ajhâlânaghi ḍâ' dhunnyah nyanyian. Kasempatdhân ka'angghuy rekaman ḍâtâng ka'angghuy aghâbây album kolaboratif kalabân kelompok sè anyama Japras, sè èdâlem sèttong kalompo' èngghi panèka Ully Artha, Ḍebby Cynthia Ḍewi, Wieke Widowati, Rini S. Bono, Nurul Arifin, Ita Mustafa, Ani Kusuma, Eva Arnaz, bân Rima Melati.	ɾija cʰukʰɤn acʰɤlɤnakʰi ɖɤʔ tʰuɲːah ɲaɲijan . kasəmpattʰɤn kaʔaŋkʰuj ɾəkaman ɖɤtɤŋ kaʔaŋkʰuj akʰɤbɤj album kɔlabuɾatif kalabɤn kəlɔmpɔk sɛ aɲama ɟɤpɾas , sɛ ɛdɤləm sɛtːɔŋ kalɔmpɔʔ ɛŋkʰi panɛka ulj aɾtha , ɖɨbːj cjnthija ɖɨwi , wijəkə widuwati , ɾini s . bunɔ , nuɾul aɾifin , ita mustafa , ani kusuma , əva aɾnaz , bɤn ɾima məlati .
Purnawan panèka lolosân taon 1986 dâri Akademi Militer (Akmil) bân ahli è infanteri (Kopassus). Sabellunna, salèrana atugas mènangka angghuta staf hosos Kepala Staf Angkatan Darat.	puɾnawan panɛka lɔlɔsɤn taɔn ɛbu bɤn saŋaʔ atɔs bɤn bɤluʔ pɔlɔ bɤn ənːəm dɤɾi akadɨmi militəɾ akmil bɤn ahli ɛ infantəɾi kɔpasːus . sabɨlunːa , salɛɾana atuɡɤs mɛnaŋka aŋkʰuta staf hɔsɔs kəpala staf aŋkatan dɤɾat .
1988 McLuhan, Marshall bân Eric. Laws of Media. University of Toronto Press.	ɛbu bɤn saŋaʔ atɔs bɤn bɤluʔ pɔlɔ bɤn bɤluʔ mcluhan , maɾshal bɤn əɾic . laws ɔf mədija . univəɾsitj ɔf tɔɾɔntɔ pɾəsː .
Deputi 3 Badan Koordinasi Intelijen Nâghârâ (1978-1982)	dɨputi təlɔ bɤdɤn kɔʔɔɾdinasi intəliɟɨn nɤkʰɤɾɤ ɛbu bɤn saŋaʔ atɔs bɤn pətːɔʔ pɔlɔ bɤn bɤluʔ sampɛʔ ɛbu bɤn saŋaʔ atɔs bɤn bɤluʔ pɔlɔ bɤn duwɤ
Southern, P., Pompey yang Agung: Sahabat dan Musuh Caesar, The History Press, 2003; ISBN Telepon: 978-0752425214	sɔuthəɾn , p , pɔmpəj jaŋ aɡuŋ , sahabɤt dɤn musuh caəsaɾ , thə histɔɾj pɾəsː , duwɤ ɛbu bɤn təlɔ , isbn tələpɔn , saŋaʔ atɔs bɤn pətːɔʔ pɔlɔ bɤn bɤluʔ sampɛʔ pətːɔʔ atɔs bɤn lɛmaʔ pɔlɔ bɤn duwɤ ɟuta bɤn əmpaʔ atɔs bɤn duwɤ pɔlɔ bɤn lɛmaʔ ɛbu bɤn duwɤ atɔs bɤn sapɔlɔ bɤn əmpaʔ
Listen to John Curtin declaring that Australia is at war with Japan in 1941 on australianscrèn online	listən tɔ ɟuhn cuɾtin dɨclaɾiŋ that austɾalija is at waɾ with ɟɤpan in ɛbu bɤn saŋaʔ atɔs bɤn əmpaʔ pɔlɔ bɤn sətːɔŋ ɔn austɾalijanscɾɛn ɔnlinə
Aaliyah Annisa Jeffar Massaid (lahèr 8 Maret 2002) èngghi panèka sorang moḍèl, palakon, penyanyè sarebg sèlèbritas internèt ḍâri Inḍonèsia. Asmana èpondhut ḍâri almarhum penyanyè asal Amèrika Serikat, èngghi panèka Aaliyah.	aʔalijah anːisa ɟɨffaɾ masːait lahɛɾ bɤluʔ maɾət duwɤ ɛbu bɤn duwɤ ɛŋkʰi panɛka sɔɾaŋ mɔɖɛl , palakɔn , pəɲaɲɛ saɾəbk sɛlɛbɾitas intəɾnɛt ɖɤɾi inɖunɛsija . asmana ɛpɔntʰut ɖɤɾi almaɾhum pəɲaɲɛ asal amɛɾika səɾikat , ɛŋkʰi panɛka aʔalijah .
Anugerah Tuah Sakato ḍâri Gubernur Sumatera Barat (2008)	anuɡɨɾah tuwah sakatɔ ɖɤɾi ɡubɨɾnuɾ sumatəɾa bɤɾat duwɤ ɛbu bɤn bɤluʔ
Lucius Annaeus Seneca the Younger (1902) [1st century]. Apocolocyntosis divi Claudii. Translated by Allan Perley Ball. Columbia University Press.	lucijus anːaəus sənəca thə jɔuŋəɾ ɛbu bɤn saŋaʔ atɔs bɤn duwɤ sətːɔŋ st cəntuɾj . apɔcɔlɔcjntɔsis divi claudiʔi . tɾanslatət bj alan pəɾləj bɤl . cɔlumbija univəɾsitj pɾəsː .
( 1988 ) Amaèn è Honolulu Sheraton sareng Joe Sample .	ɛbu bɤn saŋaʔ atɔs bɤn bɤluʔ pɔlɔ bɤn bɤluʔ amaɛn ɛ hɔnɔlulu shəɾatɔn saɾəŋ ɟuwə samplə .
Saba lagu "Sepanjang Jalan Kenangan" (single) (SABAmusic) (2011)	sabɤ laɡu səpanɟɤŋ ɟɤlan kənaŋan siŋlə sabɤmusic duwɤ ɛbu bɤn sapɔlɔ bɤn sətːɔŋ
Angghuta Lembaga Advokasi Bâbinè' PP Fatayat NU 2000-2004	aŋkʰuta ləmbɤɡɤ advɔkasi bɤbinɛʔ pː fatajat nu duwɤ ɛbu sampɛʔ duwɤ ɛbu bɤn əmpaʔ
Sandiaga Salahuddin Uno (lahèr 28 Juni 1969) panèka pangusaha, invèstor, bân politikus Indonesia adârâ Bugis -Gorontalo bân Jhâbâ, bhângsa Indonesia.	sandijaɡɤ salahudːin unɔ lahɛɾ duwɤ pɔlɔ bɤn bɤluʔ ɟuni ɛbu bɤn saŋaʔ atɔs bɤn ənːəm pɔlɔ bɤn saŋaʔ panɛka paŋusaha , invɛstɔɾ , bɤn pɔlitikus indunəsija adɤɾɤ buɡis ɡuɾɔntalɔ bɤn cʰɤbɤ , pʰɤŋsa indunəsija .
È tangghâl 2 Fèbruari 2017, Sofyan ngènga'è kawâjibhân pangusaha sawit ghâbây maddhek kebbhun plasma bânnya'na 20% sasuwai kalabân amanat Undang Undang (UU) No. 18 taon 2004 bân Atoran Menteri Partanèyan No. 98 taon 2013.	ɛ taŋkʰɤl duwɤ fɛbɾuwaɾi duwɤ ɛbu bɤn sapɔlɔ bɤn pətːɔʔ , sɔfjan ŋɛŋaʔɛ kawɤɟipʰɤn paŋusaha sawit kʰɤbɤj matʰːɨk kəpʰːun plasma bɤɲːaʔna duwɤ pɔlɔ pəɾsən sasuwai kalabɤn amanat undɤŋ undɤŋ uʔu nɔ . sapɔlɔ bɤn bɤluʔ taɔn duwɤ ɛbu bɤn əmpaʔ bɤn atɔɾan məntəɾi paɾtanɛjan nɔ . saŋaʔ pɔlɔ bɤn bɤluʔ taɔn duwɤ ɛbu bɤn sapɔlɔ bɤn təlɔ .
The American President (1995) - Lewis Rothschild	thə aməɾican pɾəsidɨnt ɛbu bɤn saŋaʔ atɔs bɤn saŋaʔ pɔlɔ bɤn lɛmaʔ ləwis ɾɔthschilt
Bryan Elmi Ḍomani (lahèr è tangghâl 29 Juli 2000) panèka aktor, panyanyi, moḍel, bân proḍuser asal Inḍonesia. Bryan panèka mantan angghuta Super7.	bɾjɤn əlmi ɖumani lahɛɾ ɛ taŋkʰɤl duwɤ pɔlɔ bɤn saŋaʔ ɟuli duwɤ ɛbu panɛka aktɔɾ , paɲaɲi , mɔɖɨl , bɤn pɾɔɖusəɾ asal inɖunəsija . bɾjɤn panɛka mantan aŋkʰuta supəɾ pətːɔʔ .
Samarèna lolos ḍâri SMA Negeri 1 Bukittinggi neng taon 1984, Angkasa Dipua ètarèma maso’ ḍâ’ Akademi Angkatan Bersenjata Rèpublik Indonèsia Bâgiyân Laut (AKABRI Laut). Samarèna ngalakonè panḍhiḍhighân, abâ'na lolos bân èwisuda sareng Prèsiden Soeharto neng taon 1988. Kalabân pangkat Lètnan Ḍuwâ', abâ'na ètuggâssaghi neng Komando Armada Tèmor Rèpublik Indonèsia (RI) neng Sorbhâjâ.	samaɾɛna lɔlɔs ɖɤɾi sma nəɡɨɾi sətːɔŋ bukitːiŋɡi nəŋ taɔn ɛbu bɤn saŋaʔ atɔs bɤn bɤluʔ pɔlɔ bɤn əmpaʔ , aŋkasa dipuwa ɛtaɾɛma masɔ ɖɤ akadɨmi aŋkatan bɨɾsənɟɤta ɾɛpublik indunɛsija bɤɡijɤn laut akabɾi laut . samaɾɛna ŋalakɔnɛ panʈʰiʈʰikʰɤn , abɤʔna lɔlɔs bɤn ɛwisudɤ saɾəŋ pɾɛsidɨn sɔwəhaɾtɔ nəŋ taɔn ɛbu bɤn saŋaʔ atɔs bɤn bɤluʔ pɔlɔ bɤn bɤluʔ . kalabɤn paŋkat lɛtnan ɖuwɤʔ , abɤʔna ɛtuɡːɤsːakʰi nəŋ kɔmandu aɾmadɤ tɛmɔɾ ɾɛpublik indunɛsija ɾi nəŋ sɔɾpʰɤɟɤ .
È taon 2020, Rachel Amanda kalomta polè karana salèrana alakon dhâddhi Awan, palakon otama è ḍâlem filem Dâgghik Kabbhj Carètaaghi Arè Mangkèn sè èkala' ḍâri novèl sè juḍulna sami.	ɛ taɔn duwɤ ɛbu bɤn duwɤ pɔlɔ , ɾachəl amandɤ kalɔmta pɔlɛ kaɾana salɛɾana alakɔn tʰɤtʰːi awan , palakɔn ɔtama ɛ ɖɤləm filəm dɤkʰːik kapʰːc caɾɛtaʔakʰi aɾɛ maŋkɛn sɛ ɛkalaʔ ɖɤɾi nɔvɛl sɛ ɟuɖulna sami .
È Pilipina, ḍâun ngoḍâ Diplazium esculentum otabâ pakô panèka dhâ'âran nyaman sè segghut èghâbây dhâddhi salad kalabân tomat, èrèsan tellor accèn bân caos vinaigrette saderhana.	ɛ pilipina , ɖɤun ŋɔɖɤ diplazijum əsculəntum ɔtabɤ pakɔ panɛka tʰɤʔɤɾan ɲaman sɛ səkʰːut ɛkʰɤbɤj tʰɤtʰːi salat kalabɤn tɔmat , ɛɾɛsan təlɔɾ acːɛn bɤn caɔs vinaiɡɾɨtːə sadɨɾhana .
Edwin panèka alumni D3 ḍâri Sakola Tèngghi Akuntansi Nâghârâ è taon 1986, bân D4 è institut sè paḍâ è taon 1992. Saterrossa nerrossaghi pendidighân master è bidâng kebijaghân èkonomi è Universitas Illinois, lolos è taon 1997. È taon 2012, salèrana ollè gellar doktor dâri Fakultas Ekonomi bân Bisnis, Universitas Indonesia.	ədwin panɛka alumni t təlɔ ɖɤɾi sakɔla tɛŋkʰi akuntansi nɤkʰɤɾɤ ɛ taɔn ɛbu bɤn saŋaʔ atɔs bɤn bɤluʔ pɔlɔ bɤn ənːəm , bɤn t əmpaʔ ɛ institut sɛ paɖɤ ɛ taɔn ɛbu bɤn saŋaʔ atɔs bɤn saŋaʔ pɔlɔ bɤn duwɤ . satəɾɔsːa nəɾɔsːakʰi pəndidikʰɤn mastəɾ ɛ bidɤŋ kəbiɟɤkʰɤn ɛkɔnɔmi ɛ univəɾsitas ilinɔis , lɔlɔs ɛ taɔn ɛbu bɤn saŋaʔ atɔs bɤn saŋaʔ pɔlɔ bɤn pətːɔʔ . ɛ taɔn duwɤ ɛbu bɤn sapɔlɔ bɤn duwɤ , salɛɾana ɔlɛ ɡɨlaɾ duktɔɾ dɤɾi fakultas əkɔnɔmi bɤn bisnis , univəɾsitas indunəsija .
Kasi Binkar Spres Divif 1/Kostrad (2000)	kasi binkaɾ spɾəs divif sətːɔŋ kɔstɾat duwɤ ɛbu
Ta' kabbhi akun ngandung informasi faktual tentang aktor sè padhâ dâri taon 1980-an.	taʔ kapʰːi akun ŋanduŋ infɔɾmasi faktuwal təntaŋ aktɔɾ sɛ patʰɤ dɤɾi taɔn ɛbu bɤn saŋaʔ atɔs bɤn bɤluʔ pɔlɔ an .
Dian amolaè karèrna è ḍunia hiburân sajjhek dhâddhi juara sèttong è lomba Gadis Sampul 1996.	dijan amɔlaɛ kaɾɛɾna ɛ ɖunija hibuɾɤn sacʰːɨk tʰɤtʰːi ɟuwaɾa sɛtːɔŋ ɛ lɔmbɤ ɡɤdis sampul ɛbu bɤn saŋaʔ atɔs bɤn saŋaʔ pɔlɔ bɤn ənːəm .
Arafah panèka pottra nomer ḍuwâ' ḍâri tèllo' tarètan, kalabân tarètan sè lebbi towa bân tarètan binè' sè anyama Halḍa Rianta. Arafah lulusân Universitas Islam Negeri Syarif Hiḍayatullah Jakarta kalabân ghellâr S-1 Manajemen Penḍiḍighân.	aɾafah panɛka pɔtːɾa nɔməɾ ɖuwɤʔ ɖɤɾi tɛlɔʔ taɾɛtan , kalabɤn taɾɛtan sɛ ləbːi tɔwa bɤn taɾɛtan binɛʔ sɛ aɲama halɖɤ ɾijanta . aɾafah lulusɤn univəɾsitas islam nəɡɨɾi sjaɾif hiɖɤjatulah ɟɤkaɾta kalabɤn kʰɨlɤɾ s sətːɔŋ manaɟɨmən pənɖiɖikʰɤn .
Ryan asakola S-1 è Universitas Syiah Kuala kalabân mondhut jurusân Tèknologi Hasèl ḍâlem Atanè, ḍâri taon 2012 sampè' 2016. È taon 2021, salèrana alanjutaghi asakola S-2 è Universitas Muhammadiyah Jakarta kalabân mondhut jurusân Manajemèn Bisnis tor mamarè è taon 2023 kalabân ngaollè IPK Cum laude, èngghi panèka 3,9.	ɾjan asakɔla s sətːɔŋ ɛ univəɾsitas sjijah kuwala kalabɤn mɔntʰut ɟuɾusɤn tɛknɔlɔɡi hasɛl ɖɤləm atanɛ , ɖɤɾi taɔn duwɤ ɛbu bɤn sapɔlɔ bɤn duwɤ sampɛʔ duwɤ ɛbu bɤn sapɔlɔ bɤn ənːəm . ɛ taɔn duwɤ ɛbu bɤn duwɤ pɔlɔ bɤn sətːɔŋ , salɛɾana alanɟutakʰi asakɔla s duwɤ ɛ univəɾsitas muhamːadijah ɟɤkaɾta kalabɤn mɔntʰut ɟuɾusɤn manaɟɨmɛn bisnis tɔɾ mamaɾɛ ɛ taɔn duwɤ ɛbu bɤn duwɤ pɔlɔ bɤn təlɔ kalabɤn ŋaɔlɛ ipk cum laudɨ , ɛŋkʰi panɛka təlɔ kɔma saŋaʔ .
Roro Patma Ḍewi Tjitrohaḍikusumo (26 Jânuwari 1934 – 28 Oktober 2008), èkennal kalabân Chitra Ḍewi, panèka aktris, proḍuser, sastrawan, bân sutraḍara Inḍonèsia. Chitra Ḍewi molaè èkennal bânnya' orèng saellana amaèn è filem Tiga Ḍara abhâreng Mieke Wijaya bân Inḍriati Iskak.	ɾɔɾɔ patma ɖɨwi tɟitɾɔhaɖikusumɔ duwɤ pɔlɔ bɤn ənːəm ɟɤnuwaɾi ɛbu bɤn saŋaʔ atɔs bɤn təlɔ pɔlɔ bɤn əmpaʔ sampɛʔ duwɤ pɔlɔ bɤn bɤluʔ ɔktɔbɨɾ duwɤ ɛbu bɤn bɤluʔ , ɛkənːal kalabɤn chitɾa ɖɨwi , panɛka aktɾis , pɾɔɖusəɾ , sastɾawan , bɤn sutɾaɖɤɾa inɖunɛsija . chitɾa ɖɨwi mɔlaɛ ɛkənːal bɤɲːaʔ ɔɾɛŋ saəlana amaɛn ɛ filəm tiɡɤ ɖɤɾa apʰɤɾəŋ mijəkə wiɟɤja bɤn inɖɾijati iskak .
Andhi amolaè pendidikan è bidang hokom kalabân akuliyah è Fakultas Hokom Univèrsitas 17 Agustus 1945 Jakarta bân lulus dhâddhi sarjana taon 1980. Pendidikan Pasca Sarjanana èpon èjhâlâni è jurusan Magister Manajemen IBLAM Jakarta bân lulus taon 2000.	antʰi amɔlaɛ pəndidikan ɛ bidɤŋ hɔkɔm kalabɤn akulijah ɛ fakultas hɔkɔm univɛɾsitas sapɔlɔ bɤn pətːɔʔ aɡustus ɛbu bɤn saŋaʔ atɔs bɤn əmpaʔ pɔlɔ bɤn lɛmaʔ ɟɤkaɾta bɤn lulus tʰɤtʰːi saɾɟɤna taɔn ɛbu bɤn saŋaʔ atɔs bɤn bɤluʔ pɔlɔ . pəndidikan pasca saɾɟɤnana ɛpɔn ɛcʰɤlɤni ɛ ɟuɾusan maɡistəɾ manaɟɨmən iblɤm ɟɤkaɾta bɤn lulus taɔn duwɤ ɛbu .
Angghuta Majelis Permusyawaratan Rakyat Rèpublik Indonèsia Fraksi Utusân Daera Irian Jaya (1997–1998) bân Fraksi ABRI (1998–1999)	aŋkʰuta maɟɨlis pəɾmusjawaɾatan ɾakjat ɾɛpublik indunɛsija fɾaksi utusɤn dɤɨɾa iɾijan ɟɤja ɛbu bɤn saŋaʔ atɔs bɤn saŋaʔ pɔlɔ bɤn pətːɔʔ sampɛʔ ɛbu bɤn saŋaʔ atɔs bɤn saŋaʔ pɔlɔ bɤn bɤluʔ bɤn fɾaksi abɾi ɛbu bɤn saŋaʔ atɔs bɤn saŋaʔ pɔlɔ bɤn bɤluʔ sampɛʔ ɛbu bɤn saŋaʔ atɔs bɤn saŋaʔ pɔlɔ bɤn saŋaʔ
Tyas tamaso' ana' bungso ḍâri tello' satarètanan, kalabân orèng seppo sè asmana Surman Widiatmo sareng Hedy Elias. Sala sèttong ḍâri kaka' teppa'na Tyas asmana Mirza Arya Hadi.	tjas tamasɔʔ anaʔ buŋsɔ ɖɤɾi təlɔʔ sataɾɛtanan , kalabɤn ɔɾɛŋ səpːɔ sɛ asmana suɾman widijatmɔ saɾəŋ hədj əlijas . sala sɛtːɔŋ ɖɤɾi kakaʔ təpːaʔna tjas asmana miɾza aɾja hadi .
20—02—2003: KABAG DALPERS ROPERS POLDA METRO JAYA	duwɤ pɔlɔ sampɛʔ duwɤ duwɤ ɛbu bɤn təlɔ , kabɤk dɤlpəɾs ɾɔpəɾs pɔldɤ mətɾɔ ɟɤja
È taon 2023, nyamana Elsa sajân èkennal saellana muncul dhâddhi bintang tamoy è poḍcast Talkpod. Sabellunna dhâddhi host permanèn èbhârengngè Inḍra Jegel bân Surya Insomnia, Elsa lughâlluna atugas dhaddhi co-parèmtèng lampa.	ɛ taɔn duwɤ ɛbu bɤn duwɤ pɔlɔ bɤn təlɔ , ɲamana əlsa saɟɤn ɛkənːal saəlana muncul tʰɤtʰːi bintaŋ tamɔj ɛ pɔɖcast talkpɔt . sabɨlunːa tʰɤtʰːi hɔst pəɾmanɛn ɛpʰɤɾəŋŋɛ inɖɾɤ ɟɨɡɨl bɤn suɾja insɔmnija , əlsa lukʰɤluna atuɡɤs tʰɤtʰːi cɔ paɾɛmtɛŋ lampa .
Kroisan (bhâsa Perancis: croissant, èkoca'aghi [kʁwa'sɑ̃]) panèka sala sèttong macem roti sè asalla dâri Prancis. È nyamaè kadhi panèka polana bhângonna akadhi bulân sabit. Metorot Le dictionnaire Larousse, sala sèttong artèna oca' croissant panèka bulân sabit. Bahan-bahan dhâsarra ḍâri roti panèka èngghi panèka mantèghâ, aèng, teppong, ragih, ghulâ, bân buje.	kɾɔisan pʰɤsa pəɾancis , cɾɔisːant , ɛkɔcaʔakʰi kwaʔs panɛka sala sɛtːɔŋ macəm ɾɔti sɛ asala dɤɾi pɾancis . ɛ ɲamaɛ katʰi panɛka pɔlana pʰɤŋɔnːa akatʰi bulɤn sabit . mətɔɾɔt lə dictijɔnːaiɾə laɾɔusːə , sala sɛtːɔŋ aɾtɛna ɔcaʔ cɾɔisːant panɛka bulɤn sabit . bɤhan bɤhan tʰɤsaɾa ɖɤɾi ɾɔti panɛka ɛŋkʰi panɛka mantɛkʰɤ , aɛŋ , təpːɔŋ , ɾaɡih , kʰulɤ , bɤn buɟɨ .
1. Annisa Ramadhani*, Laila Rohani & Syahrul Abidin, Masjid Jaya Ar-Rahman Bingai: Sejarah dan Perkembangannya	sətːɔŋ . anːisa ɾamatʰɤni , laila ɾɔhani bɤn sjahɾul abidin , masɟit ɟɤja aɾ ɾahman biŋai , səɟɤɾah dɤn pəɾkəmbɤŋaɲːa
Alexa Ellesse Vega (lahèr 27 Agustus 1988) panèka aktris, panyanyi, bân pianis kabhângsa'an Amèrika Serikat. Vega kalonta ḍâlem perranna mènangka Carmen Cortez ḍâlem sèrial fèlem Spy Kids bân Shilo Wallace ḍâlem fèlem Repo! the Genetic Opera. È taon 2009, Vega amaèn dhâddhi Ruby Gallagher è serial kalowarga ABC, Ruby & The Rockits.	aləksa ələsːə vəɡɤ lahɛɾ duwɤ pɔlɔ bɤn pətːɔʔ aɡustus ɛbu bɤn saŋaʔ atɔs bɤn bɤluʔ pɔlɔ bɤn bɤluʔ panɛka aktɾis , paɲaɲi , bɤn pijanis kapʰɤŋsaʔan amɛɾika səɾikat . vəɡɤ kalɔnta ɖɤləm pəɾanːa mɛnaŋka caɾmən cɔɾtəz ɖɤləm sɛɾijal fɛləm spj kids bɤn shilɔ walacə ɖɤləm fɛləm ɾəpɔ ! thə ɡɨnətic ɔpəɾa . ɛ taɔn duwɤ ɛbu bɤn saŋaʔ , vəɡɤ amaɛn tʰɤtʰːi ɾubj ɡɤlakʰɨɾ ɛ səɾijal kalɔwaɾɡɤ abc , ɾubj bɤn thə ɾɔckits .
E taon 2011, Tutus èpakennal ka Bayu Skak sareng kancana. Polana kaḍuwâ'ân senneng ka band Blink-182, ahèrra abhânto band sè anyama Bayu Skak.	ə taɔn duwɤ ɛbu bɤn sapɔlɔ bɤn sətːɔŋ , tutus ɛpakənːal ka bɤju skak saɾəŋ kancana . pɔlana kaɖuwɤʔɤn sənːəŋ ka bɤnt blink atɔs bɤn bɤluʔ pɔlɔ bɤn duwɤ , ahɛɾa apʰɤntɔ bɤnt sɛ aɲama bɤju skak .
4. Kementerian Agama Indonesia. Serial Rumah Ibadah Bersejarah: Masjid Raya Rao-Rao (PDF). Diarsipkan dari asli (PDF) tanggal 2011-10-14. Diakses tanggal 2013-01-08.	əmpaʔ . kəməntəɾijan aɡɤma indunəsija . səɾijal ɾumah ibɤdɤh bɨɾsəɟɤɾah , masɟit ɾaja ɾaɔ ɾaɔ pdf . dijaɾsipkan dɤɾi asli pdf taŋɡɤl duwɤ ɛbu bɤn sapɔlɔ bɤn sətːɔŋ sapɔlɔ sapɔlɔ bɤn əmpaʔ . dijaksəs taŋɡɤl duwɤ ɛbu bɤn sapɔlɔ bɤn təlɔ sətːɔŋ bɤluʔ .
Kasat Gaops D Puskodal Ops Polda Kalimantan Tèmor (2002)	kasat ɡɤups t puskɔdɤl ɔps pɔldɤ kalimantan tɛmɔɾ duwɤ ɛbu bɤn duwɤ
"Keindahan Masjid Raya Syahabuddin Sri Indrapura di Riau". direktori-wisata. Diakses tanggal 19 Maret 2019.	kəindɤhan masɟit ɾaja sjahabudːin sɾi indɾɤpuɾa di ɾijau . diɾəktɔɾi wisata . dijaksəs taŋɡɤl sapɔlɔ bɤn saŋaʔ maɾət duwɤ ɛbu bɤn sapɔlɔ bɤn saŋaʔ .
Dansat Brimobda Kalimantan Tengnga (1996—1999)	dɤnsat bɾimɔbdɤ kalimantan təŋŋa ɛbu bɤn saŋaʔ atɔs bɤn saŋaʔ pɔlɔ bɤn ənːəm sampɛʔ ɛbu bɤn saŋaʔ atɔs bɤn saŋaʔ pɔlɔ bɤn saŋaʔ
Kadep Kum Dit Akademik Akpol Lemdiklat Polri.	kadɨp kum dit akadɨmik akpɔl ləmdiklat pɔlɾi .
Greesella amolaè akarèr è ḍunia hiburân kalabân dhâddhi moḍèl. Salèrana ngennèng ḍâlem samacemma lomba sè èlaksanaaghi è taon 2016, akadhi Citruskid Top Moḍèl, Plangi Madel Hunt, sareng GMS Kids.	ɡɾɨʔəsəla amɔlaɛ akaɾɛɾ ɛ ɖunija hibuɾɤn kalabɤn tʰɤtʰːi mɔɖɛl . salɛɾana ŋənːɛŋ ɖɤləm samacəmːa lɔmbɤ sɛ ɛlaksanaʔakʰi ɛ taɔn duwɤ ɛbu bɤn sapɔlɔ bɤn ənːəm , akatʰi citɾuskit tɔp mɔɖɛl , plaŋi madɨl hunt , saɾəŋ ɡms kids .
Lania ampon abit ajhâr silat. Instagramma jhughân bâḍâ pan-bârâmpan fotona sè ngangghuy kalambhi karate. Dhâddhi selebritis, Lania jhughân ampon dhâddhi bahan gosip romantis. Perna èkoca' jhâ' Lania bâdâ è hubungan bân penyanyi Ariel NOAH.	lanija ampɔn abit acʰɤɾ silat . instaɡɾɤmːa cʰukʰɤn bɤɖɤ pan bɤɾɤmpan fɔtɔna sɛ ŋaŋkʰuj kalampʰi kaɾatə . tʰɤtʰːi sələbɾitis , lanija cʰukʰɤn ampɔn tʰɤtʰːi bɤhan ɡusip ɾɔmantis . pəɾna ɛkɔcaʔ cʰɤʔ lanija bɤdɤ ɛ hubuŋan bɤn pəɲaɲi aɾijəl nɔwah .
Universitas Pembangunan Jaya, S-1 Arsitektur (Ta' sampè' marè)	univəɾsitas pəmbɤŋunan ɟɤja , s sətːɔŋ aɾsitəktuɾ taʔ sampɛʔ maɾɛ
Pan-bârâmpan invèstasi kasebbhut aberri' hasèl kantos taon 2015, Hutchison anḍi' market cap bânnya'na lebbi ḍâri HK$ 490,3 miliar. Ḍâlem 36 taon salèrana ollè kaontongan invèstasi rajâna 16,800% ghi' ta' tamaso' dividen.	pan bɤɾɤmpan invɛstasi kasəpʰːut abɨɾiʔ hasɛl kantɔs taɔn duwɤ ɛbu bɤn sapɔlɔ bɤn lɛmaʔ , hutchisɔn anɖiʔ maɾkət cap bɤɲːaʔna ləbːi ɖɤɾi hk əmpaʔ atɔs bɤn saŋaʔ pɔlɔ kɔma təlɔ milijaɾ . ɖɤləm təlɔ pɔlɔ bɤn ənːəm taɔn salɛɾana ɔlɛ kaɔntɔŋan invɛstasi ɾaɟɤna sapɔlɔ bɤn ənːəm ɛbu bɤn bɤluʔ atɔs pəɾsən kʰiʔ taʔ tamasɔʔ dividɨn .
Misteri Ḍusun Yang Tak Pernah Ada (2015) aperan dhâddhi Vera	mistəɾi ɖusun jaŋ tak pəɾnah adɤ duwɤ ɛbu bɤn sapɔlɔ bɤn lɛmaʔ apəɾan tʰɤtʰːi vəɾa
Pintu Berkah: Bakti Pada Ibu, Mengubah Nasibnya dari Pesuruh Jadi Pengusaha Tangguh (2019)	pintu bɨɾkah , bɤkti padɤ ibu , məŋubɤh nasibɲa dɤɾi pəsuɾuh ɟɤdi pəŋusaha taŋɡuh duwɤ ɛbu bɤn sapɔlɔ bɤn saŋaʔ
Salèrana jhughân èkaparcajâ mènangka Katua Komite II Majelis Umum (MU) PBB, panèka sèttong komite è bidang Èkonomi bân kauangan ḍâlem Sidang Majelis Umum PBB ka-71, ghâbây periode Sèptèmber 2016 kantos Sèptèmber 2017. Bekkèl Prèsidèn Sidang Majelis Umum PBB ka-72 (2017 - 2018), Bekkèl Prèsidèn Sidang Majelis Umum PBB ka-74 (2019 - 2020). Prèsidèn Dèwan Ka'amanan PBB è bulân Mèi 2019.	salɛɾana cʰukʰɤn ɛkapaɾcaɟɤ mɛnaŋka katuwa kɔmitə duwɤ maɟɨlis umum mu ppː , panɛka sɛtːɔŋ kɔmitə ɛ bidɤŋ ɛkɔnɔmi bɤn kauwaŋan ɖɤləm sidɤŋ maɟɨlis umum ppː ka pətːɔʔ pɔlɔ bɤn sətːɔŋ , kʰɤbɤj pəɾijɔdɨ sɛptɛmbɨɾ duwɤ ɛbu bɤn sapɔlɔ bɤn ənːəm kantɔs sɛptɛmbɨɾ duwɤ ɛbu bɤn sapɔlɔ bɤn pətːɔʔ . bɨkːɛl pɾɛsidɛn sidɤŋ maɟɨlis umum ppː ka pətːɔʔ pɔlɔ bɤn duwɤ duwɤ ɛbu bɤn sapɔlɔ bɤn pətːɔʔ sampɛʔ duwɤ ɛbu bɤn sapɔlɔ bɤn bɤluʔ , bɨkːɛl pɾɛsidɛn sidɤŋ maɟɨlis umum ppː ka pətːɔʔ pɔlɔ bɤn əmpaʔ duwɤ ɛbu bɤn sapɔlɔ bɤn saŋaʔ sampɛʔ duwɤ ɛbu bɤn duwɤ pɔlɔ . pɾɛsidɛn dɛwan kaʔamanan ppː ɛ bulɤn mɛi duwɤ ɛbu bɤn sapɔlɔ bɤn saŋaʔ .
palaksanaan fungsi laèn sè èparèngaghi sareng Kepala BRIN	palaksanaʔan fuŋsi laɛn sɛ ɛpaɾɛŋakʰi saɾəŋ kəpala bɾin
Trying to Rule Britannia; BBC; 6 August 2004	tɾjiŋ tɔ ɾulə bɾitanːija , bːc , ənːəm auɡust duwɤ ɛbu bɤn əmpaʔ
Ḍâri objèk, 'urf èbâgi dhâddhi: al-'urf al-lafzhi (kabiyasa'an sè èbâgi ḍâ' totor) bân al-'urf al-amali (kabiyasa'an sè aropa'aghi lalakon).	ɖɤɾi ɔbɟɛk , ʔuɾf ɛbɤɡi tʰɤtʰːi , al ʔuɾf al lafzhi kabijasaʔan sɛ ɛbɤɡi ɖɤʔ tɔtɔɾ bɤn al ʔuɾf al amali kabijasaʔan sɛ aɾɔpaʔakʰi lalakɔn .
Bâkto zâman kolonial, kuè talam hosos èrobhâ'aghi ḍâ' kalangan Bângsawan ghâbây kakanan sè mukka'. Polana kuè talam panèka aropa hormata towan roma ḍâ' tamuy sè è angghâp bhâlâ.	bɤktɔ zɤman kɔlɔnijal , kuwɛ talam hɔsɔs ɛɾɔpʰɤʔakʰi ɖɤʔ kalaŋan bɤŋsawan kʰɤbɤj kakanan sɛ mukːaʔ . pɔlana kuwɛ talam panɛka aɾɔpa hɔɾmata tɔwan ɾɔma ɖɤʔ tamuj sɛ ɛ aŋkʰɤp pʰɤlɤ .
Umar pas noro' Sophronius ka Gereja Makam Suci bân ètawaraghhi kaangghuy adu'a è dâlem. Namong, Umar nolak, tako' jhâ' bhâkal aberri' alasan ghâbây orèng Islam kaangghuy ngobâ gereja dâddhi masjid è budhi arè, dâddhi Umar mele asambajang è lowar è sisi tèmor gereja.	umaɾ pas nɔɾɔʔ sɔphɾɔnijus ka ɡɨɾəɟɤ makam suci bɤn ɛtawaɾakʰhi kaʔaŋkʰuj aduʔa ɛ dɤləm . namɔŋ , umaɾ nɔlak , takɔʔ cʰɤʔ pʰɤkal abɨɾiʔ alasan kʰɤbɤj ɔɾɛŋ islam kaʔaŋkʰuj ŋɔbɤ ɡɨɾəɟɤ dɤtʰːi masɟit ɛ butʰi aɾɛ , dɤtʰːi umaɾ mələ asambɤɟɤŋ ɛ lɔwaɾ ɛ sisi tɛmɔɾ ɡɨɾəɟɤ .
Papua ( kode ISO : ID-PP , sabellunna èsebbhut Irian Bârâ' otabâ Irian Jaya ), otabâ kadhâddhiyân Papua Bârâ' otabâ Papua Nugini Bârâ' kaangghuy mabidhâ'aghi dâri Papua Nugini , panèka wilayah Republik Indonesia sè bâdâ è bagiân bârâ' polo Papua . Wilayah panèka èbâgi dâddhi ennem propinsi: Papua, Papua Bârâ', Papua Dataran Tèngghi, Papua Tengnga, Papua Lao', bân Papua Bârâ' Dâjâ.	papuwa kɔdɨ isɔ , it pː , sabɨlunːa ɛsəpʰːut iɾijan bɤɾɤʔ ɔtabɤ iɾijan ɟɤja , ɔtabɤ katʰɤtʰːijɤn papuwa bɤɾɤʔ ɔtabɤ papuwa nuɡini bɤɾɤʔ kaʔaŋkʰuj mabitʰɤʔakʰi dɤɾi papuwa nuɡini , panɛka wilajah ɾəpublik indunəsija sɛ bɤdɤ ɛ bɤɡijɤn bɤɾɤʔ pɔlɔ papuwa . wilajah panɛka ɛbɤɡi dɤtʰːi ənːəm pɾɔpinsi , papuwa , papuwa bɤɾɤʔ , papuwa dɤtaɾan tɛŋkʰi , papuwa təŋŋa , papuwa laɔʔ , bɤn papuwa bɤɾɤʔ dɤɟɤ .
Jhâtè bisa tombu è tana mabâ otabâ tana tègghi antarana suhu 27 - 36°C. Kennengan sè palèng bhâghus ghâbây namen bhungkana jhâtè iyâ rèya tana sè pH-na 4.5 - 7 bân ta' ngemmeng bi' aèng. Jhâtè anḍi' ḍâun sè lèbâr abentu' èlips bân rajâna bisa sampè' 30 - 60cm mon la towa.	cʰɤtɛ bisa tɔmbu ɛ tana mabɤ ɔtabɤ tana tɛkʰːi antaɾana suhu duwɤ pɔlɔ bɤn pətːɔʔ sampɛʔ təlɔ pɔlɔ bɤn ənːəm dɨɾaɟɤt cəlcijus . kənːəŋan sɛ palɛŋ pʰɤkʰus kʰɤbɤj namən pʰuŋkana cʰɤtɛ ijɤ ɾɛja tana sɛ ph na əmpaʔ kɔma lɛmaʔ sampɛʔ pətːɔʔ bɤn taʔ ŋəmːəŋ biʔ aɛŋ . cʰɤtɛ anɖiʔ ɖɤun sɛ lɛbɤɾ abɨntuʔ ɛlips bɤn ɾaɟɤna bisa sampɛʔ təlɔ pɔlɔ sampɛʔ ənːəm pɔlɔ sɛntimɛtəɾ mɔn la tɔwa .
Kabhupatèn Songennep anḍi' ḍaèra dhârâdhân bi' tasè' sè lowas. Salaènna arowa, Songennepanḍi' ghungghung polo sabânnya'na 126 polo sè satèya dhâddhi bâgiyân administratif Kabhupatèn Songennep. Polo-polo sè èmaksod e antarana Polo Karamian, Polo Kangean, Polo Sakala, Polo Sapeken bân bânnya' laènna. Engghun geografis Kabhupatèn Songennep bâḍâ è koorḍinat 113°32'54"-116°16'48" BT tor 4°55'-7°24' LL.	kapʰupatɛn sɔŋənːəp anɖiʔ ɖɤɛɾa tʰɤɾɤtʰɤn biʔ tasɛʔ sɛ lɔwas . salaɛnːa aɾɔwa , sɔŋənːəpanɖiʔ kʰuŋkʰuŋ pɔlɔ sabɤɲːaʔna atɔs bɤn duwɤ pɔlɔ bɤn ənːəm pɔlɔ sɛ satɛja tʰɤtʰːi bɤɡijɤn administɾatif kapʰupatɛn sɔŋənːəp . pɔlɔ pɔlɔ sɛ ɛmaksɔt ə antaɾana pɔlɔ kaɾamijan , pɔlɔ kaŋəwan , pɔlɔ sakala , pɔlɔ sapəkən bɤn bɤɲːaʔ laɛnːa . əŋkʰun ɡɨwɔɡɾɤfis kapʰupatɛn sɔŋənːəp bɤɖɤ ɛ kɔʔɔɾɖinat atɔs bɤn sapɔlɔ bɤn təlɔ dɨɾaɟɤt təlɔ pɔlɔ bɤn duwɤ ʔ lɛmaʔ pɔlɔ bɤn əmpaʔ sampɛʔ atɔs bɤn sapɔlɔ bɤn ənːəm dɨɾaɟɤt sapɔlɔ bɤn ənːəm ʔ əmpaʔ pɔlɔ bɤn bɤluʔ bt tɔɾ əmpaʔ dɨɾaɟɤt lɛmaʔ pɔlɔ bɤn lɛmaʔ ʔ sampɛʔ pətːɔʔ dɨɾaɟɤt duwɤ pɔlɔ bɤn əmpaʔ ʔ l .
Madhurâ iye aréyah poloh sé bâḍâ é témor tasé’ polo Jhâbâ kalaben kordinat kéra-kéra 7° lintang lao’ bân antarana 112° bân 114° bujur tèmor. Lanjhânga polo aréya korang lebbi 190 km, jarak paléng léber 40 km, bân luâssâ 5.304 km2. Polo Madhurâ andi' polo-polo kénni’ sé jumlana lebbi ḍâri 100. Bâḍâ sé é tempatén bân bâḍâ sé enjâ'. Sé paléng bennyak polo-polo kénni’ aréya bâḍâ è bâgyâen tèmor.	matʰuɾɤ ijə aɾejah pɔlɔh se bɤɖɤ e temɔɾ tase pɔlɔ cʰɤbɤ kalabɨn kɔɾdinat keɾa keɾa pətːɔʔ dɨɾaɟɤt lintaŋ laɔ bɤn antaɾana atɔs bɤn sapɔlɔ bɤn duwɤ dɨɾaɟɤt bɤn atɔs bɤn sapɔlɔ bɤn əmpaʔ dɨɾaɟɤt buɟuɾ tɛmɔɾ . lancʰɤŋa pɔlɔ aɾeja kɔɾaŋ ləbːi atɔs bɤn saŋaʔ pɔlɔ kilɔmɛtəɾ , ɟɤɾak paleŋ lebɨɾ əmpaʔ pɔlɔ kilɔmɛtəɾ , bɤn luwɤsːɤ lɛmaʔ ɛbu bɤn təlɔ atɔs bɤn əmpaʔ kilɔmɛtəɾ pəɾsəɡi . pɔlɔ matʰuɾɤ andiʔ pɔlɔ pɔlɔ kenːi se ɟumlana ləbːi ɖɤɾi atɔs . bɤɖɤ se e təmpaten bɤn bɤɖɤ se ənɟɤʔ . se paleŋ bɨɲːak pɔlɔ pɔlɔ kenːi aɾeja bɤɖɤ ɛ bɤɡjɤɨn tɛmɔɾ .
Prof. Dr. Abdul Hadi W.M. otabâ nyama ghenna'na Abdul Hadi Wiji Muthari (lahèr è Songennep, Jhâbâ Tèmor, 24 Junè 1946 - wafat è Jakarta, 19 Januari 2024 omor 77 taon ) panèka sala sèttong budayawan, sastrawan, bân panolès asal Indonèsia. Abdul Hadi èkennal lèbât jâ-karjâna sè sufistik, bân tolèsan ḍâlem biḍang sastra Malaju Nusantara, Islam, bân pluralisme.	pɾɔf . dɾ . abdul hadi w . m . ɔtabɤ ɲama kʰɨnːaʔna abdul hadi wiɟi muthaɾi lahɛɾ ɛ sɔŋənːəp , cʰɤbɤ tɛmɔɾ , duwɤ pɔlɔ bɤn əmpaʔ ɟunɛ ɛbu bɤn saŋaʔ atɔs bɤn əmpaʔ pɔlɔ bɤn ənːəm wafat ɛ ɟɤkaɾta , sapɔlɔ bɤn saŋaʔ ɟɤnuwaɾi duwɤ ɛbu bɤn duwɤ pɔlɔ bɤn əmpaʔ ɔmɔɾ pətːɔʔ pɔlɔ bɤn pətːɔʔ taɔn panɛka sala sɛtːɔŋ budɤjawan , sastɾawan , bɤn panɔlɛs asal indunɛsija . abdul hadi ɛkənːal lɛbɤt ɟɤ kaɾɟɤna sɛ sufistik , bɤn tɔlɛsan ɖɤləm biɖɤŋ sastɾa malaɟu nusantaɾa , islam , bɤn pluɾalismə .
Acep Syahril (lahèr è Kuningan, Jhâbâ Bârâ', 25 Novèmber 1963) panèka sala sèttong sastrawan Indonèsia. Bâjarina Acep neptep è Blok Senerang Dhisa Sudikampiran, Indramayu. Acep panèka penyair sè aumumaghi karjâ puisina klabân cara èbâcaghi è kennengngan umum, è bânnya' koṭṭa è Indonèsia.	acəp sjahɾil lahɛɾ ɛ kuniŋan , cʰɤbɤ bɤɾɤʔ , duwɤ pɔlɔ bɤn lɛmaʔ nɔvɛmbɨɾ ɛbu bɤn saŋaʔ atɔs bɤn ənːəm pɔlɔ bɤn təlɔ panɛka sala sɛtːɔŋ sastɾawan indunɛsija . bɤɟɤɾina acəp nəptəp ɛ bluk sənəɾaŋ tʰisa sudikampiɾan , indɾɤmaju . acəp panɛka pəɲaiɾ sɛ aumumakʰi kaɾɟɤ puwisina klabɤn caɾa ɛbɤcakʰi ɛ kənːəŋŋan umum , ɛ bɤɲːaʔ kɔʈːa ɛ indunɛsija .
Ketika Indonesia Berlari (Bohemian Jambi, 1995)	kətika indunəsija bɨɾlaɾi buhəmijan ɟɤmbi , ɛbu bɤn saŋaʔ atɔs bɤn saŋaʔ pɔlɔ bɤn lɛmaʔ
Jejak "Penyair Se Sumatera" (Taman Budaya Jambi, 1993)	ɟɨɟɤk pəɲaiɾ sə sumatəɾa taman budɤja ɟɤmbi , ɛbu bɤn saŋaʔ atɔs bɤn saŋaʔ pɔlɔ bɤn təlɔ
Percik Pesona 2 (Taman Budaya Jambi, 1994)	pəɾcik pəsɔna duwɤ taman budɤja ɟɤmbi , ɛbu bɤn saŋaʔ atɔs bɤn saŋaʔ pɔlɔ bɤn əmpaʔ
Muaro "Antologi Puisi Penyair Jambi" (Taman Budaya Jambi, 1995)	muwaɾɔ antɔlɔɡi puwisi pəɲaiɾ ɟɤmbi taman budɤja ɟɤmbi , ɛbu bɤn saŋaʔ atɔs bɤn saŋaʔ pɔlɔ bɤn lɛmaʔ
Zamrud khatulistiwa: antologi puisi Nusantara - Taman Budaya Yogyakarta, 1997)	zamɾut xatulistiwa , antɔlɔɡi puwisi nusantaɾa taman budɤja jɔɡjɤkaɾta , ɛbu bɤn saŋaʔ atɔs bɤn saŋaʔ pɔlɔ bɤn pətːɔʔ
Dari Bumi Lada (Dewan Kesenian Lampung, 1996)	dɤɾi bumi ladɤ dɨwan kəsənijan lampuŋ , ɛbu bɤn saŋaʔ atɔs bɤn saŋaʔ pɔlɔ bɤn ənːəm
2008: d.I.a. cinta dan presiden (cerèta asabhung è Harian Seputar Indonesia 10/01/2007 – 18/03/08)	duwɤ ɛbu bɤn bɤluʔ , t . i . a . cinta dɤn pɾəsidɨn cəɾɛta asapʰuŋ ɛ haɾijan səputaɾ indunəsija sapɔlɔ sətːɔŋ duwɤ ɛbu bɤn pətːɔʔ sapɔlɔ bɤn bɤluʔ təlɔ bɤluʔ
Lobakan (Carèta Tragedi 1965/1966 è Bali, 2009)	lɔbɤkan caɾɛta tɾaɡɨdi ɛbu bɤn saŋaʔ atɔs bɤn ənːəm pɔlɔ bɤn lɛmaʔ ɛbu bɤn saŋaʔ atɔs bɤn ənːəm pɔlɔ bɤn ənːəm ɛ bɤli , duwɤ ɛbu bɤn saŋaʔ
Tangghâl 28 Oktober 1961, Mentri Aghâma nerbitaghi SK No. 17/1961, bâdih ngessaaghi Fakultas Syariah è Sorbhâjhâ bân Fakultas Tarbiyah è Malang. Tangghâl 1 Oktober 1964 Fakultas Ushuluddin è Kediri èresmiaghi klabân SK No. 66/1964.	taŋkʰɤl duwɤ pɔlɔ bɤn bɤluʔ ɔktɔbɨɾ ɛbu bɤn saŋaʔ atɔs bɤn ənːəm pɔlɔ bɤn sətːɔŋ , məntɾi akʰɤma nəɾbitakʰi sk nɔ . sapɔlɔ bɤn pətːɔʔ ɛbu bɤn saŋaʔ atɔs bɤn ənːəm pɔlɔ bɤn sətːɔŋ , bɤdih ŋəsːaʔakʰi fakultas sjaɾijah ɛ sɔɾpʰɤcʰɤ bɤn fakultas taɾbijah ɛ malaŋ . taŋkʰɤl sətːɔŋ ɔktɔbɨɾ ɛbu bɤn saŋaʔ atɔs bɤn ənːəm pɔlɔ bɤn əmpaʔ fakultas ushuludːin ɛ kədiɾi ɛɾəsmijakʰi klabɤn sk nɔ . ənːəm pɔlɔ bɤn ənːəm ɛbu bɤn saŋaʔ atɔs bɤn ənːəm pɔlɔ bɤn əmpaʔ .
Taon 1993, bâḍâ ḍuwâ’ fakultas anyar, yakni Fakultas Dakwah bân Fakultas Adab. Taon 1997, bâdâ Program S2 (Pascasarjana). Kalabân Peraturan Presiden No. 57 Taon 2005, tangghâl 10 Oktober 2005/6 Ramadan 1426 H, IAIN aobâ dhâddhi UIN Sunan Gunung Djati Bandung.	taɔn ɛbu bɤn saŋaʔ atɔs bɤn saŋaʔ pɔlɔ bɤn təlɔ , bɤɖɤ ɖuwɤ fakultas aɲaɾ , jakni fakultas dɤkwah bɤn fakultas adɤp . taɔn ɛbu bɤn saŋaʔ atɔs bɤn saŋaʔ pɔlɔ bɤn pətːɔʔ , bɤdɤ pɾɔɡɾɤm s duwɤ pascasaɾɟɤna . kalabɤn pəɾatuɾan pɾəsidɨn nɔ . lɛmaʔ pɔlɔ bɤn pətːɔʔ taɔn duwɤ ɛbu bɤn lɛmaʔ , taŋkʰɤl sapɔlɔ ɔktɔbɨɾ duwɤ ɛbu bɤn lɛmaʔ ənːəm ɾamadɤn ɛbu bɤn əmpaʔ atɔs bɤn duwɤ pɔlɔ bɤn ənːəm h , ijain aɔbɤ tʰɤtʰːi uwin sunan ɡunuŋ dɟɤti bɤnduŋ .
Rute Bis Ekstensi FEB iyâ arèya rute khusus sè mangkat ḍâri Halte FEB UI lèbât Halte Stasiun UI, Halte Resimen Mahasiswa, motâr bâlik Halte Gerbatama, Halte Stasiun UI, bân abâli ka Halte FEB. Bis rèya èsebbhut ekstensi polan khusus mahasiswa ekstensi FEB UI sè akuliah neng lem-malem. Neng bâdân bis bâḍâ tolèsan “Program Ekstensi FEUI”. Bis rèya èangghuy kol 17.30 – 21.00 WIB.	ɾutə bis əkstənsi fəp ijɤ aɾɛja ɾutə xusus sɛ maŋkat ɖɤɾi haltə fəp uwi lɛbɤt haltə stasijun uwi , haltə ɾəsimən mahasiswa , mɔtɤɾ bɤlik haltə ɡɨɾbɤtama , haltə stasijun uwi , bɤn abɤli ka haltə fəp . bis ɾɛja ɛsəpʰːut əkstənsi pɔlan xusus mahasiswa əkstənsi fəp uwi sɛ akulijah nəŋ ləm maləm . nəŋ bɤdɤn bis bɤɖɤ tɔlɛsan pɾɔɡɾɤm əkstənsi fəuwi . bis ɾɛja ɛjaŋkʰuj kɔl sapɔlɔ bɤn pətːɔʔ . təlɔ pɔlɔ sampɛʔ duwɤ pɔlɔ bɤn sətːɔŋ wip .
Sajjhek Juli 2008, UI nyediaghi fasilitas ngènjâm sapèḍa. Sapèḍa bisa èènjâm ka petugas klabân nyetor ktm. Sapèḍa kèngèng èangghuy salanjânga kor ta’ kaloar ḍâri jalur sapèḍa. Sapèḍa kèngèng èpabâli neng terminal kamma bhein klabân merri’ ktm. Sapèḍa kampus totop kol 17:00 WIB.	sacʰːɨk ɟuli duwɤ ɛbu bɤn bɤluʔ , uwi ɲədijakʰi fasilitas ŋɛnɟɤm sapɛɖɤ . sapɛɖɤ bisa ɛʔɛnɟɤm ka pətuɡɤs klabɤn ɲətɔɾ ktm . sapɛɖɤ kɛŋɛŋ ɛjaŋkʰuj salanɟɤŋa kɔɾ ta kalɔwaɾ ɖɤɾi ɟɤluɾ sapɛɖɤ . sapɛɖɤ kɛŋɛŋ ɛpabɤli nəŋ təɾminal kamːa pʰɨin klabɤn məɾi ktm . sapɛɖɤ kampus tɔtɔp kɔl sapɔlɔ bɤn pətːɔʔ wip .
Mongghu gèografis Kabhupaten Lamongan bâḍâ è 6º51’54’’-7º23’6’’ Lintang Lao' bân 112º4’41’’-112º33’12’ Bujur Tèmor. Loas wilayana korang lebbi ±1.752,21 km² otabâ ±3.78% ḍâri loas wilayana Provinsi Jhâbâ Tèmor. Lanjhângnga ghâris pantai 47 km bân loas tasè' è Kabhupatèn Lamongan iyà arèya 902,4 km² mun èbitong ḍâri 12 mil attas tasè'.	mɔŋkʰu ɡɛjɔɡɾɤfis kapʰupatən lamɔŋan bɤɖɤ ɛ ənːəm dɨɾaɟɤt lɛmaʔ pɔlɔ bɤn sətːɔŋ lɛmaʔ pɔlɔ bɤn əmpaʔ sampɛʔ pətːɔʔ dɨɾaɟɤt duwɤ pɔlɔ bɤn təlɔ ənːəm lintaŋ laɔʔ bɤn atɔs bɤn sapɔlɔ bɤn duwɤ dɨɾaɟɤt əmpaʔ əmpaʔ pɔlɔ bɤn sətːɔŋ sampɛʔ atɔs bɤn sapɔlɔ bɤn duwɤ dɨɾaɟɤt təlɔ pɔlɔ bɤn təlɔ sapɔlɔ bɤn duwɤ buɟuɾ tɛmɔɾ . lɔwas wilajana kɔɾaŋ ləbːi ɛbu bɤn pətːɔʔ atɔs bɤn lɛmaʔ pɔlɔ bɤn duwɤ kɔma duwɤ sətːɔŋ kilɔmɛtəɾ pəɾsəɡi ɔtabɤ kɔɾaŋ ləbːi təlɔ kɔma pətːɔʔ bɤluʔ pəɾsən ɖɤɾi lɔwas wilajana pɾɔvinsi cʰɤbɤ tɛmɔɾ . lancʰɤŋŋa kʰɤɾis pantai əmpaʔ pɔlɔ bɤn pətːɔʔ kilɔmɛtəɾ bɤn lɔwas tasɛʔ ɛ kapʰupatɛn lamɔŋan ija aɾɛja saŋaʔ atɔs bɤn duwɤ kɔma əmpaʔ kilɔmɛtəɾ pəɾsəɡi mun ɛbitɔŋ ɖɤɾi sapɔlɔ bɤn duwɤ mil atːas tasɛʔ .
Adobe RGB panèka letta'na bârna RGB sè èkembângaghi bi' Adobe Systems è taon 1998. Arèya èghâbây sopajâ kabbhi bârna sè bhisa ècèta' è printer bârna CMYK bâdâ dâlem RGB. Maskè è lajâr komputer, bârna sè bhisa majhu coma 50%-na.	adubɨ ɾɡp panɛka lətːaʔna bɤɾna ɾɡp sɛ ɛkəmbɤŋakʰi biʔ adubɨ sjstəms ɛ taɔn ɛbu bɤn saŋaʔ atɔs bɤn saŋaʔ pɔlɔ bɤn bɤluʔ . aɾɛja ɛkʰɤbɤj sɔpaɟɤ kapʰːi bɤɾna sɛ pʰisa ɛcɛtaʔ ɛ pɾintəɾ bɤɾna cmjk bɤdɤ dɤləm ɾɡp . maskɛ ɛ laɟɤɾ kɔmputəɾ , bɤɾna sɛ pʰisa macʰu cɔma lɛmaʔ pɔlɔ pəɾsən na .
Soegija: 100% Indonesia, KPG, Jakarta, 2012	sɔwəɡiɟɤ , atɔs pəɾsən indunəsija , kpk , ɟɤkaɾta , duwɤ ɛbu bɤn sapɔlɔ bɤn duwɤ
Bhlimbhing bulu anḍi’ bhungka sè kasar bân agelombang, bârnana coklat ngodâ. Bhungkana bisa tombu sampè’ ± 15 mètèr. Ḍâunna aropa ghibes ghânjhil kalabân 21-45 anak ḍâun sè aghânding, okoranna 21-10 cm x 1-3 cm bân abârna bhiru. Buwâna loncong, lanjhânga ra-kèra 4-6 cm, abârna bhiru bâk nèng-konèng.	pʰlimpʰiŋ bulu anɖi pʰuŋka sɛ kasaɾ bɤn aɡɨlɔmbɤŋ , bɤɾnana cɔklat ŋɔdɤ . pʰuŋkana bisa tɔmbu sampɛ kɔɾaŋ ləbːi sapɔlɔ bɤn lɛmaʔ mɛtɛɾ . ɖɤunːa aɾɔpa kʰibɨs kʰɤncʰil kalabɤn duwɤ pɔlɔ bɤn sətːɔŋ sampɛʔ əmpaʔ pɔlɔ bɤn lɛmaʔ anak ɖɤun sɛ akʰɤndiŋ , ɔkɔɾanːa duwɤ pɔlɔ bɤn sətːɔŋ sampɛʔ sapɔlɔ sɛntimɛtəɾ z sətːɔŋ sampɛʔ təlɔ sɛntimɛtəɾ bɤn abɤɾna pʰiɾu . buwɤna lɔncɔŋ , lancʰɤŋa ɾa kɛɾa əmpaʔ sampɛʔ ənːəm sɛntimɛtəɾ , abɤɾna pʰiɾu bɤk nɛŋ kɔnɛŋ .
R.H. Bramantio W. otabâ lebbi èkennal mènangka Bram Moersas (laèr è Malang, Jhâbâ Tèmor, 8 Mèi 1965 – wafat è Batang, Jhâbâ Tengnga, 21 Fèbruwari 2009 è omor 43 taon) panèka sala sèttong panyanyi bân panolès laghu Indonèsia.	ɾ . h . bɾɤmantijɔ w . ɔtabɤ ləbːi ɛkənːal mɛnaŋka bɾɤm mɔwəɾsas laɛɾ ɛ malaŋ , cʰɤbɤ tɛmɔɾ , bɤluʔ mɛi ɛbu bɤn saŋaʔ atɔs bɤn ənːəm pɔlɔ bɤn lɛmaʔ wafat ɛ bɤtaŋ , cʰɤbɤ təŋŋa , duwɤ pɔlɔ bɤn sətːɔŋ fɛbɾuwaɾi duwɤ ɛbu bɤn saŋaʔ ɛ ɔmɔɾ əmpaʔ pɔlɔ bɤn təlɔ taɔn panɛka sala sɛtːɔŋ paɲaɲi bɤn panɔlɛs lakʰu indunɛsija .
Taon 1969 - 1971: R.P. Machmud Surodiputro	taɔn ɛbu bɤn saŋaʔ atɔs bɤn ənːəm pɔlɔ bɤn saŋaʔ sampɛʔ ɛbu bɤn saŋaʔ atɔs bɤn pətːɔʔ pɔlɔ bɤn sətːɔŋ , ɾ . p . machmut suɾɔdiputɾɔ
Nenek Moyangku Air Mata (1985; èberri' hadiah Yayasan ka taon 2012, aruwa mondhi paajhinan "The S.E.A Write Award" è Bangkok Thailand, The S.E.A. Write Award. Utama Departemen P & K, 1985)	nənək mɔjaŋku aiɾ mata ɛbu bɤn saŋaʔ atɔs bɤn bɤluʔ pɔlɔ bɤn lɛmaʔ , ɛbɨɾiʔ hadijah jajasan ka taɔn duwɤ ɛbu bɤn sapɔlɔ bɤn duwɤ , aɾuwa mɔntʰi paʔacʰinan thə s . ə . a wɾitə awaɾt ɛ bɤŋkɔk thailant , thə s . ə . a . wɾitə awaɾt . utama dɨpaɾtəmən p bɤn k , ɛbu bɤn saŋaʔ atɔs bɤn bɤluʔ pɔlɔ bɤn lɛmaʔ
Ayahku (Riwayat Hidup Dr. H. Abdul Karim Amrullah dan Perjuangannya), Jakarta: Pustaka Wijaya, 1958.	ajahku ɾiwajat hidup dɾ . h . abdul kaɾim amɾulah dɤn pəɾɟuwaŋaɲːa , ɟɤkaɾta , pustaka wiɟɤja , ɛbu bɤn saŋaʔ atɔs bɤn lɛmaʔ pɔlɔ bɤn bɤluʔ .
K.H. A. Dahlan, Jakarta: Sinar Pujangga, 1952.	k . h . a . dɤhlan , ɟɤkaɾta , sinaɾ puɟɤŋɡɤ , ɛbu bɤn saŋaʔ atɔs bɤn lɛmaʔ pɔlɔ bɤn duwɤ .
Sullam al-Wushul; Pengantar Ushul Fiqih (terjemahan karya Dr. H. Abdul Karim Amrullah), Jakarta: Pustaka Panjimas, 1984.	sulam al wushul , pəŋantaɾ ushul fikih təɾɟɨmahan kaɾja dɾ . h . abdul kaɾim amɾulah , ɟɤkaɾta , pustaka panɟimas , ɛbu bɤn saŋaʔ atɔs bɤn bɤluʔ pɔlɔ bɤn əmpaʔ .
Golongan Siaga iyâ arèya anggota sè omorra 7 s.d. 10 taon.	ɡulɔŋan sijaɡɤ ijɤ aɾɛja aŋɡuta sɛ ɔmɔɾa pətːɔʔ s . t . sapɔlɔ taɔn .
Golongan Penggalang iyâ arèya anggota sè omorra 11 s.d. 15 taon.	ɡulɔŋan pəŋɡɤlaŋ ijɤ aɾɛja aŋɡuta sɛ ɔmɔɾa sapɔlɔ bɤn sətːɔŋ s . t . sapɔlɔ bɤn lɛmaʔ taɔn .
Golongan Penegak iyâ arèya anggota sè omorra 16 s.d. 20 taon.	ɡulɔŋan pənəɡɤk ijɤ aɾɛja aŋɡuta sɛ ɔmɔɾa sapɔlɔ bɤn ənːəm s . t . duwɤ pɔlɔ taɔn .
Golongan Pandega iyâ arèya anggota sè omorra 21 s.d. 25 taon.	ɡulɔŋan pandɨɡɤ ijɤ aɾɛja aŋɡuta sɛ ɔmɔɾa duwɤ pɔlɔ bɤn sətːɔŋ s . t . duwɤ pɔlɔ bɤn lɛmaʔ taɔn .
Mimbar penyair abad 21 (Dewan Kesenian Jakarta - 1996)	mimbɤɾ pəɲaiɾ abɤt duwɤ pɔlɔ bɤn sətːɔŋ dɨwan kəsənijan ɟɤkaɾta ɛbu bɤn saŋaʔ atɔs bɤn saŋaʔ pɔlɔ bɤn ənːəm
Bumi Minyak (Dewan Kesenian Indramayu, 2003)	bumi miɲak dɨwan kəsənijan indɾɤmaju , duwɤ ɛbu bɤn təlɔ
Tanah Pilih (Dewan Kesenian Jambi, 2008)	tanah pilih dɨwan kəsənijan ɟɤmbi , duwɤ ɛbu bɤn bɤluʔ
Pedas Lada Pasir Kuarsa (Disbupar Bangka–Belitung, 2009)	pədɤs ladɤ pasiɾ kuwaɾsa disbupaɾ bɤŋka bɨlituŋ , duwɤ ɛbu bɤn saŋaʔ
Rumpun Kita (Antologi Puisi Khas Sampena, Pertemuan Penyair Nusantara III, Kualalumpur 2009)	ɾumpun kita antɔlɔɡi puwisi xas sampəna , pəɾtəmuwan pəɲaiɾ nusantaɾa təlɔ , kuwalalumpuɾ duwɤ ɛbu bɤn saŋaʔ
Akulah Musi (Antologi Pertemuan Penyair Nusantara V, Palembang 2011)	akulah musi antɔlɔɡi pəɾtəmuwan pəɲaiɾ nusantaɾa v , paləmbɤŋ duwɤ ɛbu bɤn sapɔlɔ bɤn sətːɔŋ
Antologi Puisi Indonesia EQUATOR, Dalam tiga bahasa: Indonesia, Inggris, dan Jerman. Memuat 216 puisi bersama 108 penyair dari seluruh Indonesia. Penerbit Yayasan Cempaka Kencana Indonesia, 2011	antɔlɔɡi puwisi indunəsija əkuwatɔɾ , dɤlam tiɡɤ bɤhasa , indunəsija , iŋɡɾis , dɤn ɟɨɾman . məmuwat duwɤ atɔs bɤn sapɔlɔ bɤn ənːəm puwisi bɨɾsama atɔs bɤn bɤluʔ pəɲaiɾ dɤɾi səluɾuh indunəsija . pənəɾbit jajasan cəmpaka kəncana indunəsija , duwɤ ɛbu bɤn sapɔlɔ bɤn sətːɔŋ
Senja Di Batas Kata (Antologi Puisi Penyair Nusantara Raya)Penerbit BPSMJ, 2011	sənɟɤ di bɤtas kata antɔlɔɡi puwisi pəɲaiɾ nusantaɾa ɾaja pənəɾbit bpsmc , duwɤ ɛbu bɤn sapɔlɔ bɤn sətːɔŋ
Lowas naghârâna panèka 2.150.000&nbsp;km² kalabân anḍi' 13 provinsi. Penduduk naghârâ Arab Saudi bâḍâ 30.770.375 orèng bân kapadatan pendudukna 12,3 orèng per Km².	lɔwas nakʰɤɾɤna panɛka duwɤ ɟuta bɤn atɔs bɤn lɛmaʔ pɔlɔ ɛbu kilɔmɛtəɾ pəɾsəɡi kalabɤn anɖiʔ sapɔlɔ bɤn təlɔ pɾɔvinsi . pənduduk nakʰɤɾɤ aɾap saudi bɤɖɤ təlɔ pɔlɔ ɟuta bɤn pətːɔʔ atɔs bɤn pətːɔʔ pɔlɔ ɛbu bɤn təlɔ atɔs bɤn pətːɔʔ pɔlɔ bɤn lɛmaʔ ɔɾɛŋ bɤn kapadɤtan pəndudukna sapɔlɔ bɤn duwɤ kɔma təlɔ ɔɾɛŋ pəɾ kilɔmɛtəɾ pəɾsəɡi .
Argentina (bhâsa Spanyol: Argentina; República Argentina) iyâ arèya sala sèttong naghârâ è Amerika Lao', benua Amerika. Ibukoṭṭana iyâ arèya koṭṭa Buenos Aires. Bhâsana iyâ arèya bhâsa Spanyol. Luas naghârâna panèka 2,780,400 km² kalabân anḍi' 23 provinsi. Penduduk naghârâ Argentina bâḍâ 45,605,826 orèng bân kapadatan pendudukna 14,4 orèng per km².	aɾɡɨntina pʰɤsa spaɲɔl , aɾɡɨntina , ɾəpublica aɾɡɨntina ijɤ aɾɛja sala sɛtːɔŋ nakʰɤɾɤ ɛ aməɾika laɔʔ , bɨnuwa aməɾika . ibukɔʈːana ijɤ aɾɛja kɔʈːa buwənɔs aiɾəs . pʰɤsana ijɤ aɾɛja pʰɤsa spaɲɔl . luwas nakʰɤɾɤna panɛka duwɤ ɟuta bɤn pətːɔʔ atɔs bɤn bɤluʔ pɔlɔ ɛbu bɤn əmpaʔ atɔs kilɔmɛtəɾ pəɾsəɡi kalabɤn anɖiʔ duwɤ pɔlɔ bɤn təlɔ pɾɔvinsi . pənduduk nakʰɤɾɤ aɾɡɨntina bɤɖɤ əmpaʔ pɔlɔ bɤn lɛmaʔ ɟuta bɤn ənːəm atɔs bɤn lɛmaʔ ɛbu bɤn bɤluʔ atɔs bɤn duwɤ pɔlɔ bɤn ənːəm ɔɾɛŋ bɤn kapadɤtan pəndudukna sapɔlɔ bɤn əmpaʔ kɔma əmpaʔ ɔɾɛŋ pəɾ kilɔmɛtəɾ pəɾsəɡi .
Loas naghârâna 29.743&nbsp;km² kalabân 11 provinsi. Penduduk naghârâ Armenia bâḍâ 3.018.854 orèng bân kapadatan pendudukna 101,5 orèng per Km².	lɔwas nakʰɤɾɤna duwɤ pɔlɔ bɤn saŋaʔ ɛbu bɤn pətːɔʔ atɔs bɤn əmpaʔ pɔlɔ bɤn təlɔ kilɔmɛtəɾ pəɾsəɡi kalabɤn sapɔlɔ bɤn sətːɔŋ pɾɔvinsi . pənduduk nakʰɤɾɤ aɾmənija bɤɖɤ təlɔ ɟuta bɤn sapɔlɔ bɤn bɤluʔ ɛbu bɤn bɤluʔ atɔs bɤn lɛmaʔ pɔlɔ bɤn əmpaʔ ɔɾɛŋ bɤn kapadɤtan pəndudukna atɔs bɤn sətːɔŋ kɔma lɛmaʔ ɔɾɛŋ pəɾ kilɔmɛtəɾ pəɾsəɡi .
Antologi Puisi "Jejak Tak Berpasar", diterbitkan Yayasan Leksika November 2015. ISBN 602-728-584-2	antɔlɔɡi puwisi ɟɨɟɤk tak bɨɾpasaɾ , ditəɾbitkan jajasan ləksika nɔvəmbɨɾ duwɤ ɛbu bɤn sapɔlɔ bɤn lɛmaʔ . isbn ənːəm atɔs bɤn duwɤ pətːɔʔ atɔs bɤn duwɤ pɔlɔ bɤn bɤluʔ lɛmaʔ atɔs bɤn bɤluʔ pɔlɔ bɤn əmpaʔ duwɤ
Balada Cendrawasih panèka album musik sareng Diana Nasution bân Ade Manuhutu sè èduccol taon 1984. Album arèya èproduserè Bartje Van Houten sareng bengko produksi Purnama Records.	bɤladɤ cəndɾɤwasih panɛka album musik saɾəŋ dijana nasutijɔn bɤn adɨ manuhutu sɛ ɛducːɔl taɔn ɛbu bɤn saŋaʔ atɔs bɤn bɤluʔ pɔlɔ bɤn əmpaʔ . album aɾɛja ɛpɾɔdusəɾɛ bɤɾtɟɨ van hɔutən saɾəŋ bɨŋkɔ pɾɔduksi puɾnama ɾəcɔɾds .
Exoplanet sè anyama Gliese 581 g èyangghep bâḍâ è zona laik huni bintang katai mèra Gliese 581. Salaèn ghânèka, planet HD 85512 b bisa jhughân bâḍâ è zona sè paḍâ. [2] Tangghâl 5 Desèmber 2011, planet sè anyama Kepler-22b èpastèaghi bâḍâ è zona layak huni saèngghâ bisa aḍukung kaoḍi'ân.	əksɔplanət sɛ aɲama ɡlijəsə lɛmaʔ atɔs bɤn bɤluʔ pɔlɔ bɤn sətːɔŋ k ɛjaŋkʰɨp bɤɖɤ ɛ zɔna laik huni bintaŋ katai mɛɾa ɡlijəsə lɛmaʔ atɔs bɤn bɤluʔ pɔlɔ bɤn sətːɔŋ . salaɛn kʰɤnɛka , planət ht bɤluʔ pɔlɔ bɤn lɛmaʔ ɛbu bɤn lɛmaʔ atɔs bɤn sapɔlɔ bɤn duwɤ p bisa cʰukʰɤn bɤɖɤ ɛ zɔna sɛ paɖɤ . duwɤ taŋkʰɤl lɛmaʔ dɨsɛmbɨɾ duwɤ ɛbu bɤn sapɔlɔ bɤn sətːɔŋ , planət sɛ aɲama kəpləɾ duwɤ pɔlɔ bɤn duwɤ p ɛpastɛjakʰi bɤɖɤ ɛ zɔna lajak huni saɛŋkʰɤ bisa aɖukuŋ kaɔɖiʔɤn .
Karier musik Andy èawwâli ḍâlem grup musik "Z Liar". Sareng grup musik arèya, ḍuwâ' laghu, Fitnah bân Bumi, èrilis abhâreng ḍâlem album kompolan "Indonesian Rock Metal 1" ghârâpan Bursa Musik ka taon 1990. Andy toman dhâddhi vokalis Slank formasi awwâl. Andy jhughâ toman adhâddhi vokalis Elpamas.	kaɾijəɾ musik andj ɛjawːɤli ɖɤləm ɡɾup musik z lijaɾ . saɾəŋ ɡɾup musik aɾɛja , ɖuwɤʔ lakʰu , fitnah bɤn bumi , ɛɾilis apʰɤɾəŋ ɖɤləm album kɔmpɔlan indunəsijan ɾɔck mətal sətːɔŋ kʰɤɾɤpan buɾsa musik ka taɔn ɛbu bɤn saŋaʔ atɔs bɤn saŋaʔ pɔlɔ . andj tɔman tʰɤtʰːi vɔkalis slank fɔɾmasi awːɤl . andj cʰukʰɤ tɔman atʰɤtʰːi vɔkalis əlpamas .
Antara Bumi dan Langit”. 1951. Dalam Pedoman, 27 Februari 1951.	antaɾa bumi dɤn laŋit . ɛbu bɤn saŋaʔ atɔs bɤn lɛmaʔ pɔlɔ bɤn sətːɔŋ . dɤlam pəduman , duwɤ pɔlɔ bɤn pətːɔʔ fəbɾuwaɾi ɛbu bɤn saŋaʔ atɔs bɤn lɛmaʔ pɔlɔ bɤn sətːɔŋ .
Mencari Sendi Baru Tatabahasa Indonesia. 1950. Studinya tentang gramatika bahasa Indonesia	məncaɾi səndi bɤɾu tatabɤhasa indunəsija . ɛbu bɤn saŋaʔ atɔs bɤn lɛmaʔ pɔlɔ . studiɲa təntaŋ ɡɾɤmatika bɤhasa indunəsija
Bhungkana bâk rajâ sampè' rajâ, kèngèng tombu ghân 40m tèngghina, kajuna loros otabâ agu'-bâliggu' sakonnè', bunter, ta' acangka, bân 15-60cm bhuletta .	pʰuŋkana bɤk ɾaɟɤ sampɛʔ ɾaɟɤ , kɛŋɛŋ tɔmbu kʰɤn əmpaʔ pɔlɔ mɛtəɾ tɛŋkʰina , kaɟuna lɔɾɔs ɔtabɤ aɡuʔ bɤliɡːuʔ sakɔnːɛʔ , buntəɾ , taʔ acaŋka , bɤn sapɔlɔ bɤn lɛmaʔ sampɛʔ ənːəm pɔlɔ sɛntimɛtəɾ pʰulətːa .
Loas polona panèka 178,91 km² kalabân 23 provinsi. Penduduk negara Aruba bâḍâ 103.400 jiwa bân kapadatan penduduk 575,21 orèng per km².	lɔwas pɔlɔna panɛka atɔs bɤn pətːɔʔ pɔlɔ bɤn bɤluʔ kɔma saŋaʔ sətːɔŋ kilɔmɛtəɾ pəɾsəɡi kalabɤn duwɤ pɔlɔ bɤn təlɔ pɾɔvinsi . pənduduk nəɡɤɾa aɾubɤ bɤɖɤ atɔs bɤn təlɔ ɛbu bɤn əmpaʔ atɔs ɟiwa bɤn kapadɤtan pənduduk lɛmaʔ atɔs bɤn pətːɔʔ pɔlɔ bɤn lɛmaʔ kɔma duwɤ sətːɔŋ ɔɾɛŋ pəɾ kilɔmɛtəɾ pəɾsəɡi .
Ḅângkolo (aksarah Rejang: ꤷꥍꤲ꥓ꤰꥈꤾꥈ) panèka sala sèttong propinsi è Indonesia. Propinsi Bengkulu aletta' è polo Somattra. Ibukoṭṭa propinsina panèka koṭṭa Bengkulu. Bhâsa ḍaerah otamana panèka bhâsa Rejang. Loas propinsina panèka 19.788,70 km2 kalabân 9 kebhupatèn bân 1 koṭṭa. Jumlah ḍhikkè' propinsi arèya ra-kèra 1.715.518 orèng.	bɤŋkɔlɔ aksaɾah ɾəɟɤŋ , panɛka sala sɛtːɔŋ pɾɔpinsi ɛ indunəsija . pɾɔpinsi bɨŋkulu alətːaʔ ɛ pɔlɔ sɔmatːɾa . ibukɔʈːa pɾɔpinsina panɛka kɔʈːa bɨŋkulu . pʰɤsa ɖɤɨɾah ɔtamana panɛka pʰɤsa ɾəɟɤŋ . lɔwas pɾɔpinsina panɛka sapɔlɔ bɤn saŋaʔ ɛbu bɤn pətːɔʔ atɔs bɤn bɤluʔ pɔlɔ bɤn bɤluʔ kɔma pətːɔʔ nɔla kilɔmɛtəɾ pəɾsəɡi kalabɤn saŋaʔ kəpʰupatɛn bɤn sətːɔŋ kɔʈːa . ɟumlah ʈʰikːɛʔ pɾɔpinsi aɾɛja ɾa kɛɾa ɟuta bɤn pətːɔʔ atɔs bɤn sapɔlɔ bɤn lɛmaʔ ɛbu bɤn lɛmaʔ atɔs bɤn sapɔlɔ bɤn bɤluʔ ɔɾɛŋ .
È ḍâlem 100gr bhlimbhing bulu bâḍâ 92,9 gr aèng ; 35 mg vitamin C ; bân 13 mg fosfor. Buwâ panèka jhughân anḍi’ kandungan vitamin A, B, bân C .	ɛ ɖɤləm atɔs ɡɾ pʰlimpʰiŋ bulu bɤɖɤ saŋaʔ pɔlɔ bɤn duwɤ kɔma saŋaʔ ɡɾ aɛŋ , təlɔ pɔlɔ bɤn lɛmaʔ mk vitamin c , bɤn sapɔlɔ bɤn təlɔ mk fɔsfɔɾ . buwɤ panɛka cʰukʰɤn anɖi kanduŋan vitamin a , p , bɤn c .
Perḍu otabâ ka'-bhungka'an kènnè', biyasana bilu', tègghina bisa sampè' 15 mèter bân lempona kajuna bisa sampè' 40 cm. Ca'-ranca'en bânnya' sampè' menjuntai ka bâbâ, ranca'en kènnè'. Ros-terrosân bhiru otabâ nyenna ḍâun anyar.	pəɾɖu ɔtabɤ kaʔ pʰuŋkaʔan kɛnːɛʔ , bijasana biluʔ , tɛkʰːina bisa sampɛʔ sapɔlɔ bɤn lɛmaʔ mɛtəɾ bɤn ləmpɔna kaɟuna bisa sampɛʔ əmpaʔ pɔlɔ sɛntimɛtəɾ . caʔ ɾancaʔən bɤɲːaʔ sampɛʔ mənɟuntai ka bɤbɤ , ɾancaʔən kɛnːɛʔ . ɾɔs təɾɔsɤn pʰiɾu ɔtabɤ ɲənːa ɖɤun aɲaɾ .
Ḍâun-Ḍâun sè makowat aropa duri, kadhibi' bân loros (5-7 mm), otabâ abentu' satongghâl dimorfis, èdimma sè nomer duwâ' lebbi pènḍâ' bân bilu' torkadhâng taḍâ' ḍurina.	ɖɤun ɖɤun sɛ makɔwat aɾɔpa duɾi , katʰibiʔ bɤn lɔɾɔs lɛmaʔ sampɛʔ pətːɔʔ milimətəɾ , ɔtabɤ abɨntuʔ satɔŋkʰɤl dimɔɾfis , ɛdimːa sɛ nɔməɾ duwɤʔ ləbːi pɛnɖɤʔ bɤn biluʔ tɔɾkatʰɤŋ taɖɤʔ ɖuɾina .
Gorontalo panèka sala sèttong propinsi è Indonesia. Propinsi Gorontalo aletta' è konco' ḍâjâ polo Sulawesi. Ibukoṭṭa propinsina panèka koṭṭa Gorontalo. Bhâsa daerah otamana panèka bhâsa Gorontalo. Lowas propinsina panèka 11.967,64 km2 kalaban 5 kabhupatèn bân 1 koṭṭa. Jumbla ḍhikkè' propinsi arèya ra-kèra 1.040.164 orèng.	ɡuɾɔntalɔ panɛka sala sɛtːɔŋ pɾɔpinsi ɛ indunəsija . pɾɔpinsi ɡuɾɔntalɔ alətːaʔ ɛ kɔncɔʔ ɖɤɟɤ pɔlɔ sulawəsi . ibukɔʈːa pɾɔpinsina panɛka kɔʈːa ɡuɾɔntalɔ . pʰɤsa dɤɨɾah ɔtamana panɛka pʰɤsa ɡuɾɔntalɔ . lɔwas pɾɔpinsina panɛka sapɔlɔ bɤn sətːɔŋ ɛbu bɤn saŋaʔ atɔs bɤn ənːəm pɔlɔ bɤn pətːɔʔ kɔma ənːəm əmpaʔ kilɔmɛtəɾ pəɾsəɡi kalabɤn lɛmaʔ kapʰupatɛn bɤn sətːɔŋ kɔʈːa . ɟumblɤ ʈʰikːɛʔ pɾɔpinsi aɾɛja ɾa kɛɾa ɟuta bɤn əmpaʔ pɔlɔ ɛbu bɤn atɔs bɤn ənːəm pɔlɔ bɤn əmpaʔ ɔɾɛŋ .
Sauk Seloko, Bunga Rampai Puisi Pertemuan Penyair Nusantara VI, Desember 2012 (ISBN 978-979-18501-8-6)	sauk səlɔkɔ , buŋa ɾampai puwisi pəɾtəmuwan pəɲaiɾ nusantaɾa vi , dɨsəmbɨɾ duwɤ ɛbu bɤn sapɔlɔ bɤn duwɤ isbn saŋaʔ atɔs bɤn pətːɔʔ pɔlɔ bɤn bɤluʔ saŋaʔ atɔs bɤn pətːɔʔ pɔlɔ bɤn saŋaʔ sapɔlɔ bɤn bɤluʔ ɛbu bɤn lɛmaʔ atɔs bɤn sətːɔŋ bɤluʔ ənːəm
Puisi Menolak Korupsi, 85 Penyair Indonesia.Penerbit Forum Sastra Surakarta. No. ISBN 978-602-18-3026-0 (2013)	puwisi mənɔlak kɔɾupsi , bɤluʔ pɔlɔ bɤn lɛmaʔ pəɲaiɾ indunəsija . pənəɾbit fɔɾum sastɾa suɾakaɾta . nɔ . isbn saŋaʔ atɔs bɤn pətːɔʔ pɔlɔ bɤn bɤluʔ ənːəm atɔs bɤn duwɤ sapɔlɔ bɤn bɤluʔ təlɔ ɛbu bɤn duwɤ pɔlɔ bɤn ənːəm nɔla duwɤ ɛbu bɤn sapɔlɔ bɤn təlɔ
Kumpulan Puisi 143 Penyair Indonesia Memo Untuk Wakil Rakyat, diterbitkan Forum Sastra Surakarta September 2015.ISBN 978-602-10-4844-3	kumpulan puwisi atɔs bɤn əmpaʔ pɔlɔ bɤn təlɔ pəɲaiɾ indunəsija məmɔ untuk wakil ɾakjat , ditəɾbitkan fɔɾum sastɾa suɾakaɾta səptəmbɨɾ duwɤ ɛbu bɤn sapɔlɔ bɤn lɛmaʔ . isbn saŋaʔ atɔs bɤn pətːɔʔ pɔlɔ bɤn bɤluʔ ənːəm atɔs bɤn duwɤ sapɔlɔ əmpaʔ ɛbu bɤn bɤluʔ atɔs bɤn əmpaʔ pɔlɔ bɤn əmpaʔ təlɔ
Antologi Puisi 100 Penyair Nusantara, "Cimanuk, Ketika Burung-Burung Kini Telah Pergi" diterbitkan Lovrinz Publishing, 2016 ISBN 978-602-6330-87-1	antɔlɔɡi puwisi atɔs pəɲaiɾ nusantaɾa , cimanuk , kətika buɾuŋ buɾuŋ kini təlah pəɾɡi ditəɾbitkan lɔvɾinz publishiŋ , duwɤ ɛbu bɤn sapɔlɔ bɤn ənːəm isbn saŋaʔ atɔs bɤn pətːɔʔ pɔlɔ bɤn bɤluʔ ənːəm atɔs bɤn duwɤ ənːəm ɛbu bɤn təlɔ atɔs bɤn təlɔ pɔlɔ bɤluʔ pɔlɔ bɤn pətːɔʔ sətːɔŋ
Horison Sastra Indonesia 1-4 (2002), Horison Esai Indonesia 1-2 (2003)	hɔɾisɔn sastɾa indunəsija sətːɔŋ sampɛʔ əmpaʔ duwɤ ɛbu bɤn duwɤ , hɔɾisɔn əsai indunəsija sətːɔŋ sampɛʔ duwɤ duwɤ ɛbu bɤn təlɔ
Rusa Berbulu Merah: Kumpulan Puisi 2008-2013 (2014); èterbitaghi sareng Pustaka Jaya	ɾusa bɨɾbulu məɾah , kumpulan puwisi duwɤ ɛbu bɤn bɤluʔ sampɛʔ duwɤ ɛbu bɤn sapɔlɔ bɤn təlɔ duwɤ ɛbu bɤn sapɔlɔ bɤn əmpaʔ , ɛtəɾbitakʰi saɾəŋ pustaka ɟɤja
Bâḍâ bhuktè sè signifikan jhâ' aktivitas glasial è jhâman Neoproterozoikum ngasèlaghi sabâgiyân bânnya' planet ètotop ès. Hipotesis panèka èsebbhut " Snowball Earth " bân menarik karana èmolaè sabellunna leddhu’en Kambrium, sè aropaaghi kadhâddhiyân bâkto bhângon kaodhi'an multisel molaè akembang è ra-kèra 530-540 juta taon sè tapongkor.	bɤɖɤ pʰuktɛ sɛ siɡnifikan cʰɤʔ aktivitas ɡlɤsijal ɛ cʰɤman nəwɔpɾɔtəɾɔzɔikum ŋasɛlakʰi sabɤɡijɤn bɤɲːaʔ planət ɛtɔtɔp ɛs . hipɔtəsis panɛka ɛsəpʰːut snɔwbɤl əwaɾth bɤn mənaɾik kaɾana ɛmɔlaɛ sabɨlunːa lətʰːu ən kambɾijum , sɛ aɾɔpaʔakʰi katʰɤtʰːijɤn bɤktɔ pʰɤŋɔn kaɔtʰiʔan multisəl mɔlaɛ akəmbɤŋ ɛ ɾa kɛɾa lɛmaʔ atɔs bɤn təlɔ pɔlɔ sampɛʔ lɛmaʔ atɔs bɤn əmpaʔ pɔlɔ ɟuta taɔn sɛ tapɔŋkɔɾ .
Marina Bay Sands panèka pusat bhirâkan sè ngadhep dâ' Lompong Marina è Singapura. Neng bâbâ Las Vegas Sands, Marina Bay Sands panèka investasi èttongan palèng larang è dhunnya klabân abhândhâ S$8 miliar (korang lebbi Rp56 triliun), tamaso' bhândhâ ghâbây tanana.	maɾina bɤj sands panɛka pusat pʰiɾɤkan sɛ ŋatʰɨp dɤʔ lɔmpɔŋ maɾina ɛ siŋapuɾa . nəŋ bɤbɤ las vəɡɤs sands , maɾina bɤj sands panɛka invəstasi ɛtːɔŋan palɛŋ laɾaŋ ɛ tʰuɲːa klabɤn apʰɤntʰɤ s bɤluʔ milijaɾ kɔɾaŋ ləbːi lɛmaʔ pɔlɔ bɤn ənːəm tɾilijun ɾupijah , tamasɔʔ pʰɤntʰɤ kʰɤbɤj tanana .
