Nhar it-Tnejn, xjentisti mill-Iskola tal-Mediċina tal-Università ta' Stanford ħabbru l-invenzjoni ta' għodda dijanjostika ġdida li tista' tirranġa ċ-ċelloli skont it-tip: ċippa ċkejkna li tista' tiġi stampata li tista' tiġi manifatturata bl-użu ta' inkjet printers standard għal possibilment madwar ċenteżmu tal-Istati Uniti kull waħda.	nar ɪt tnɛjn , ʃjɛntɪstɪ mɪl ɪskɔla tal mɛdɪt͡ʃɪna tal unɪvɛrsɪta ta stanfɔrt ħabbru l ɪnvɛnt͡sjɔnɪ ta ɔdda dɪjanjɔstɪka d͡ʒdɪda lɪ tɪsta tɪrrand͡ʒa t͡ʃ t͡ʃɛllɔlɪ skɔnt ɪt tɪp , t͡ʃɪppa t͡ʃkɛjkna lɪ tɪsta tɪd͡ʒɪ stampata lɪ tɪsta tɪd͡ʒɪ manɪfatturata bl uzu ta ɪnkjɛt prɪntɛrs standart al pɔssɪbɪlmɛnt madwar t͡ʃɛntɛzmu tal ɪstatɪ unɪtɪ kul waħda .
Nhar it-Tnejn, xjentisti mill-Iskola tal-Mediċina tal-Università ta' Stanford ħabbru l-invenzjoni ta' għodda dijanjostika ġdida li tista' tirranġa ċ-ċelloli skont it-tip: ċippa ċkejkna li tista' tiġi stampata li tista' tiġi manifatturata bl-użu ta' inkjet printers standard għal possibilment madwar ċenteżmu tal-Istati Uniti kull waħda.	nar ɪt tnɛjn , ʃjɛntɪstɪ mɪl ɪskɔla tal mɛdɪt͡ʃɪna tal unɪvɛrsɪta ta stanfɔrt ħabbru l ɪnvɛnt͡sjɔnɪ ta ɔdda dɪjanjɔstɪka d͡ʒdɪda lɪ tɪsta tɪrrand͡ʒa t͡ʃ t͡ʃɛllɔlɪ skɔnt ɪt tɪp , t͡ʃɪppa t͡ʃkɛjkna lɪ tɪsta tɪd͡ʒɪ stampata lɪ tɪsta tɪd͡ʒɪ manɪfatturata bl uzu ta ɪnkjɛt prɪntɛrs standart al pɔssɪbɪlmɛnt madwar t͡ʃɛntɛzmu tal ɪstatɪ unɪtɪ kul waħda .
Fil-11:20, il-pulizija talbu lid-dimostranti jerġgħu jitilgħu fuq il-bankina, u ddikjaraw li kellhom bżonn isibu bilanċ bejn id-dritt li jipprotestaw u t-traffiku li kien qed jakkumula.	fɪl ħdaʃ u ɔʃrɪn , ɪl pulɪt͡sɪja talbu lɪt dɪmɔstrantɪ jɛrd͡ʒu jɪtɪlu fuʔ ɪl bankɪna , u ddɪkjaraw lɪ kɛllɔm bzɔn ɪsɪbu bɪlant͡ʃ bɛjn ɪt drɪt lɪ jɪpprɔtɛstaw u t traffɪku lɪ kɪn ʔɛt jakkumula .
Fil-11:20, il-pulizija talbu lid-dimostranti jerġgħu jitilgħu fuq il-bankina, u ddikjaraw li kellhom bżonn isibu bilanċ bejn id-dritt li jipprotestaw u t-traffiku li kien qed jakkumula.	fɪl ħdaʃ u ɔʃrɪn , ɪl pulɪt͡sɪja talbu lɪt dɪmɔstrantɪ jɛrd͡ʒu jɪtɪlu fuʔ ɪl bankɪna , u ddɪkjaraw lɪ kɛllɔm bzɔn ɪsɪbu bɪlant͡ʃ bɛjn ɪt drɪt lɪ jɪpprɔtɛstaw u t traffɪku lɪ kɪn ʔɛt jakkumula .
Fil-11:20, il-pulizija talbu lid-dimostranti jerġgħu jitilgħu fuq il-bankina, u ddikjaraw li kellhom bżonn isibu bilanċ bejn id-dritt li jipprotestaw u t-traffiku li kien qed jakkumula.	fɪl ħdaʃ u ɔʃrɪn , ɪl pulɪt͡sɪja talbu lɪt dɪmɔstrantɪ jɛrd͡ʒu jɪtɪlu fuʔ ɪl bankɪna , u ddɪkjaraw lɪ kɛllɔm bzɔn ɪsɪbu bɪlant͡ʃ bɛjn ɪt drɪt lɪ jɪpprɔtɛstaw u t traffɪku lɪ kɪn ʔɛt jakkumula .
Meta nqata' d-dawl wara li sar test ta' rutina tas-sistema tal-kontroll tan-nirien, dan ikkawża l-ftuħ ta' valvi ta' rilaxx u far żejt mhux raffinat ħdejn l-istazzjon tal-pompa Fort Greely Nru 9.	mɛta nʔata t dawl wara lɪ sar tɛst ta rutɪna tas sɪstɛma tal kɔntrɔl tan nɪrɪn , dan ɪkkawza l ftuħ ta valvɪ ta rɪlaʃ u far zɛjt muʃ raffɪnat ħdɛjn l ɪstatt͡sjɔn tal pɔmpa fɔrt ɡrɛlj nru dɪsa .
Meta nqata' d-dawl wara li sar test ta' rutina tas-sistema tal-kontroll tan-nirien, dan ikkawża l-ftuħ ta' valvi ta' rilaxx u far żejt mhux raffinat ħdejn l-istazzjon tal-pompa Fort Greely Nru 9.	mɛta nʔata t dawl wara lɪ sar tɛst ta rutɪna tas sɪstɛma tal kɔntrɔl tan nɪrɪn , dan ɪkkawza l ftuħ ta valvɪ ta rɪlaʃ u far zɛjt muʃ raffɪnat ħdɛjn l ɪstatt͡sjɔn tal pɔmpa fɔrt ɡrɛlj nru dɪsa .
Meta nqata' d-dawl wara li sar test ta' rutina tas-sistema tal-kontroll tan-nirien, dan ikkawża l-ftuħ ta' valvi ta' rilaxx u far żejt mhux raffinat ħdejn l-istazzjon tal-pompa Fort Greely Nru 9.	mɛta nʔata t dawl wara lɪ sar tɛst ta rutɪna tas sɪstɛma tal kɔntrɔl tan nɪrɪn , dan ɪkkawza l ftuħ ta valvɪ ta rɪlaʃ u far zɛjt muʃ raffɪnat ħdɛjn l ɪstatt͡sjɔn tal pɔmpa fɔrt ɡrɛlj nru dɪsa .
Il-pulizija qalu li jissuspettaw allegat militant tad-Daesh (ISIL) b’responsabbiltà għall-attakk.	ɪl pulɪt͡sɪja ʔalu lɪ jɪssuspɛttaw allɛɡat mɪlɪtant tat daɛsħ ɪsɪl p rɛspɔnsabbɪlta al attak .
Il-pulizija qalu li jissuspettaw allegat militant tad-Daesh (ISIL) b’responsabbiltà għall-attakk.	ɪl pulɪt͡sɪja ʔalu lɪ jɪssuspɛttaw allɛɡat mɪlɪtant tat daɛsħ ɪsɪl p rɛspɔnsabbɪlta al attak .
Il-Belt tal-Vatikan tuża t-Taljan fil-leġiżlazzjoni u l-komunikazzjonijiet uffiċjali tagħha.	ɪl bɛlt tal vatɪkan tuza t taljan fɪl lɛd͡ʒɪzlatt͡sjɔnɪ u l kɔmunɪkatt͡sjɔnɪjɪt uffɪt͡ʃjalɪ ta .
Il-Belt tal-Vatikan tuża t-Taljan fil-leġiżlazzjoni u l-komunikazzjonijiet uffiċjali tagħha.	ɪl bɛlt tal vatɪkan tuza t taljan fɪl lɛd͡ʒɪzlatt͡sjɔnɪ u l kɔmunɪkatt͡sjɔnɪjɪt uffɪt͡ʃjalɪ ta .
Il-fotografu kien ittrasportat għaċ-Ċentru Mediku Ronald Reagan tal-UCLA, fejn sussegwentement miet.	ɪl fɔtɔɡrafu kɪn ɪttraspɔrtat at͡ʃ t͡ʃɛntru mɛdɪku rɔnalt rɛaɡan tal ukla , fɛjn sussɛɡwɛntɛmɛnt mɪt .
Il-fotografu kien ittrasportat għaċ-Ċentru Mediku Ronald Reagan tal-UCLA, fejn sussegwentement miet.	ɪl fɔtɔɡrafu kɪn ɪttraspɔrtat at͡ʃ t͡ʃɛntru mɛdɪku rɔnalt rɛaɡan tal ukla , fɛjn sussɛɡwɛntɛmɛnt mɪt .
Apparti hekk, kun ċert li tippronunzja r u rr differenti: caro tfisser għali, waqt li carro tfisser karru.	appartɪ ɛk , kun t͡ʃɛrt lɪ tɪpprɔnunt͡sja r u r dɪffɛrɛntɪ , karɔ tfɪssɛr alɪ , waʔt lɪ karrɔ tfɪssɛr karru .
Apparti hekk, kun ċert li tippronunzja r u rr differenti: caro tfisser għali, waqt li carro tfisser karru.	appartɪ ɛk , kun t͡ʃɛrt lɪ tɪpprɔnunt͡sja r u r dɪffɛrɛntɪ , karɔ tfɪssɛr alɪ , waʔt lɪ karrɔ tfɪssɛr karru .
Għal żmien twil kien magħruf li tipi differenti ta' ħsara fil-moħħ, trawmi, leżjonijiet u tumuri jaffettwaw l-imġieba u jikkawżaw bidliet f'xi funzjonijiet mentali.	al zmɪn twɪl kɪn maruf lɪ tɪpɪ dɪffɛrɛntɪ ta ħsara fɪl mɔħ , trawmɪ , lɛzjɔnɪjɪt u tumurɪ jaffɛttwaw l ɪmd͡ʒɪba u jɪkkawzaw bɪdlɪt fʃɪ funt͡sjɔnɪjɪt mɛntalɪ .
Is-sistema tal-IA issa spiss tintuża fl-oqsma tal-ekonomija, il-mediċina, l-inġinerija u l-militar, kif inbniet f'diversi applikazzjonijiet ta' softwer tal-kompjuters fid-djar u vidjowgejms.	ɪs sɪstɛma tal ɪa ɪssa spɪs tɪntuza fl ɔʔsma tal ɛkɔnɔmɪja , ɪl mɛdɪt͡ʃɪna , l ɪnd͡ʒɪnɛrɪja u l mɪlɪtar , kɪf ɪmbnɪt vdɪvɛrsɪ applɪkatt͡sjɔnɪjɪt ta sɔftwɛr tal kɔmpjutɛrs fɪt djar u vɪdjɔwɡɛjms .
Kull tempju kellu bitħa miftuħa fit-tempju u, warajha, santwarju fuq ġewwa li l-qassisin biss setgħu jidħlu ġo fih.	kul tɛmpju kɛllu bɪtħa mɪftuħa fɪt tɛmpju u , waraja , santwarju fuʔ d͡ʒɛwwa lɪ l ʔassɪsɪn bɪs sɛtu jɪtħlu d͡ʒɔ fɪħ .
Kull tempju kellu bitħa miftuħa fit-tempju u, warajha, santwarju fuq ġewwa li l-qassisin biss setgħu jidħlu ġo fih.	kul tɛmpju kɛllu bɪtħa mɪftuħa fɪt tɛmpju u , waraja , santwarju fuʔ d͡ʒɛwwa lɪ l ʔassɪsɪn bɪs sɛtu jɪtħlu d͡ʒɔ fɪħ .
L-agrikoltura ta’ sussistenza hija agrikoltura mwettqa għall-produzzjoni ta’ biżżejjed ikel biex tissodisfa biss il-ħtiġijiet tal-agrikoltur u l-familja tiegħu/tagħha.	l aɡrɪkɔltura ta sussɪstɛnt͡sa ɪja aɡrɪkɔltura mwɛttʔa al prɔdutt͡sjɔnɪ ta bɪzzɛjjɛt ɪkɛl bɪʃ tɪssɔdɪsfa bɪs ɪl ħtɪd͡ʒɪjɪt tal aɡrɪkɔltur u l famɪlja tɪu ta .
L-agrikoltura ta’ sussistenza hija agrikoltura mwettqa għall-produzzjoni ta’ biżżejjed ikel biex tissodisfa biss il-ħtiġijiet tal-agrikoltur u l-familja tiegħu/tagħha.	l aɡrɪkɔltura ta sussɪstɛnt͡sa ɪja aɡrɪkɔltura mwɛttʔa al prɔdutt͡sjɔnɪ ta bɪzzɛjjɛt ɪkɛl bɪʃ tɪssɔdɪsfa bɪs ɪl ħtɪd͡ʒɪjɪt tal aɡrɪkɔltur u l famɪlja tɪu ta .
Murray tilef l-ewwel sett f’tie break (mezz biex jiġi deċiż rebbieħ wara li ġew ras imb’ras) wara li ż-żewġ irġiel żammew kull serve fis-sett.	murraj tɪlɛf l ɛwwɛl sɛt f tɪ brɛak mɛt͡s bɪʃ jɪd͡ʒɪ dɛt͡ʃɪs rɛbbɪħ wara lɪ d͡ʒɛw ras ɪmp ras wara lɪ s zɛwt͡ʃ ɪrd͡ʒɪl zammɛw kul sɛrvɛ fɪs sɛt .
L-uniku mod biex ngħaddiha aktar malajr kien li nibgħatha bħala bagalja ċċekkjata. Ir-regolamenti tal-linji tal-ajru ma jippermettulhomx li jibagħtu bagalji mingħajr passiġġier, u hawn fejn tidħol inti.	l unɪku mɔt bɪʃ naddɪa aktar malajr kɪn lɪ nɪbata pħala baɡalja tt͡ʃɛkkjata . ɪr rɛɡɔlamɛntɪ tal lɪnjɪ tal ajru ma jɪppɛrmɛttulɔmʃ lɪ jɪbatu baɡaljɪ mɪnajr passɪdd͡ʒɪr , u awn fɛjn tɪtħɔl ɪntɪ .
L-uniku mod biex ngħaddiha aktar malajr kien li nibgħatha bħala bagalja ċċekkjata. Ir-regolamenti tal-linji tal-ajru ma jippermettulhomx li jibagħtu bagalji mingħajr passiġġier, u hawn fejn tidħol inti.	l unɪku mɔt bɪʃ naddɪa aktar malajr kɪn lɪ nɪbata pħala baɡalja tt͡ʃɛkkjata . ɪr rɛɡɔlamɛntɪ tal lɪnjɪ tal ajru ma jɪppɛrmɛttulɔmʃ lɪ jɪbatu baɡaljɪ mɪnajr passɪdd͡ʒɪr , u awn fɛjn tɪtħɔl ɪntɪ .
Il-ftuħ tal-valvi ppermetta rilaxx tal-pressjoni għas-sistema u ż-żejt għadda fuq pad għal tank li jesa' 55,000 barmil (2.3 miljun gallun).	ɪl ftuħ tal valvɪ ppɛrmɛtta rɪlaʃ tal prɛssjɔnɪ as sɪstɛma u s zɛjt adda fuʔ pat al tank lɪ jɛsa ħamsa u ħamsɪn ɛlf barmɪl tnɛjn punt tlɪta mɪljun ɡallun .
Il-ftuħ tal-valvi ppermetta rilaxx tal-pressjoni għas-sistema u ż-żejt għadda fuq pad għal tank li jesa' 55,000 barmil (2.3 miljun gallun).	ɪl ftuħ tal valvɪ ppɛrmɛtta rɪlaʃ tal prɛssjɔnɪ as sɪstɛma u s zɛjt adda fuʔ pat al tank lɪ jɛsa ħamsa u ħamsɪn ɛlf barmɪl tnɛjn punt tlɪta mɪljun ɡallun .
Bachmann, li rebħet il-Votazzjoni Ames Straw f'awwissu iddeċidiet li ttemm il-kampanja tagħha.	bakman , lɪ rɛpħɛt ɪl vɔtatt͡sjɔnɪ amɛs straw fawwɪssu ɪddɛt͡ʃɪdɪt lɪ ttɛm ɪl kampanja ta .
Bachmann, li rebħet il-Votazzjoni Ames Straw f'awwissu iddeċidiet li ttemm il-kampanja tagħha.	bakman , lɪ rɛpħɛt ɪl vɔtatt͡sjɔnɪ amɛs straw fawwɪssu ɪddɛt͡ʃɪdɪt lɪ ttɛm ɪl kampanja ta .
Hemm ħafna nbejjed Franċiżi li tista' ssib, imma l-inbejjed ta' New Zealand u tal-Awstralja probabbilment jivvjaġġaw aħjar.	ɛm ħafna mbɛjjɛt frant͡ʃɪzɪ lɪ tɪsta ssɪp , ɪmma l ɪmbɛjjɛt ta nɛw t͡sɛalant u tal awstralja prɔbabbɪlmɛnt jɪvvjadd͡ʒaw aħjar .
Hemm ħafna nbejjed Franċiżi li tista' ssib, imma l-inbejjed ta' New Zealand u tal-Awstralja probabbilment jivvjaġġaw aħjar.	ɛm ħafna mbɛjjɛt frant͡ʃɪzɪ lɪ tɪsta ssɪp , ɪmma l ɪmbɛjjɛt ta nɛw t͡sɛalant u tal awstralja prɔbabbɪlmɛnt jɪvvjadd͡ʒaw aħjar .
Senjaturi bl-infraaħmar juru li l-varjazzjonijiet fit-temperatura minn matul il-lejl u matul il-jum juru li probabbilment huma għerien.	sɛnjaturɪ bl ɪnfraħmar juru lɪ l varjatt͡sjɔnɪjɪt fɪt tɛmpɛratura mɪn matul ɪl lɛjl u matul ɪl jum juru lɪ prɔbabbɪlmɛnt uma ɛrɪn .
Senjaturi bl-infraaħmar juru li l-varjazzjonijiet fit-temperatura minn matul il-lejl u matul il-jum juru li probabbilment huma għerien.	sɛnjaturɪ bl ɪnfraħmar juru lɪ l varjatt͡sjɔnɪjɪt fɪt tɛmpɛratura mɪn matul ɪl lɛjl u matul ɪl jum juru lɪ prɔbabbɪlmɛnt uma ɛrɪn .
Minħabba li hemm 17,000 gżira, l-ikel Indoneżjan huwa terminu ġenerali li jkopri l-varjetà kbira ta' tisjir reġjonali li jinstab madwar il-pajjiż.	mɪnħabba lɪ ɛm zbataʃɪl ɛlf ɡzɪra , l ɪkɛl ɪndɔnɛzjan uwa tɛrmɪnu d͡ʒɛnɛralɪ lɪ jkɔprɪ l varjɛta ɡbɪra ta tɪsjɪr rɛd͡ʒjɔnalɪ lɪ jɪnstap madwar ɪl pajjɪs .
Minħabba li hemm 17,000 gżira, l-ikel Indoneżjan huwa terminu ġenerali li jkopri l-varjetà kbira ta' tisjir reġjonali li jinstab madwar il-pajjiż.	mɪnħabba lɪ ɛm zbataʃɪl ɛlf ɡzɪra , l ɪkɛl ɪndɔnɛzjan uwa tɛrmɪnu d͡ʒɛnɛralɪ lɪ jkɔprɪ l varjɛta ɡbɪra ta tɪsjɪr rɛd͡ʒjɔnalɪ lɪ jɪnstap madwar ɪl pajjɪs .
It-terremot kien iċċentrat madwar 20 km (15-il mil) fit-Tramuntana-Grigal ta’ Dillon, u madwar 65 km (40 mil) fin-Nofsinhar ta’ Butte.	ɪt tɛrrɛmɔt kɪn ɪtt͡ʃɛntrat madwar ɔʃrɪn kɪlɔmɛtru ħmɪstaʃ ɪl mɪl fɪt tramuntana ɡrɪɡal ta dɪllɔn , u madwar ħamsa u sɪttɪn kɪlɔmɛtru ɛrbɪn mɪl fɪn nɔfsɪnar ta buttɛ .
Il-kap tal-programm tax-shuttle tan-NASA N. Wayne Hale Jr qal li r-ragħwa waqgħet "wara l-ħin li ninsabu mħassbin dwaru."	ɪl kap tal prɔɡram taʃ suttlɛ tan nasa n . wajnɛ alɛ jr ʔal lɪ r rawa waʔɛt wara l ħɪn lɪ nɪnsabu mħazzbɪn dwaru .
Il-kap tal-programm tax-shuttle tan-NASA N. Wayne Hale Jr qal li r-ragħwa waqgħet "wara l-ħin li ninsabu mħassbin dwaru."	ɪl kap tal prɔɡram taʃ suttlɛ tan nasa n . wajnɛ alɛ jr ʔal lɪ r rawa waʔɛt wara l ħɪn lɪ nɪnsabu mħazzbɪn dwaru .
L-atomi huma tant inkredibbilment miniskoli li triljuni minnhom joqogħdu fil-punt fi tmiem din is-sentenza.	l atɔmɪ uma tant ɪnkrɛdɪbbɪlmɛnt mɪnɪskɔlɪ lɪ trɪljunɪ mɪnnɔm jɔʔɔdu fɪl punt fɪ tmɪm dɪn ɪs sɛntɛnt͡sa .
L-atomi huma tant inkredibbilment miniskoli li triljuni minnhom joqogħdu fil-punt fi tmiem din is-sentenza.	l atɔmɪ uma tant ɪnkrɛdɪbbɪlmɛnt mɪnɪskɔlɪ lɪ trɪljunɪ mɪnnɔm jɔʔɔdu fɪl punt fɪ tmɪm dɪn ɪs sɛntɛnt͡sa .
Il-grupp tar-rock kien mistenni jdur l-Istati Uniti u l-Kanada sas-16 ta' Settembru.	ɪl ɡrup tar rɔk kɪn mɪstɛnnɪ jdur l ɪstatɪ unɪtɪ u l kanada sas sɪttaʃ ta sɛttɛmbru .
Il-grupp tar-rock kien mistenni jdur l-Istati Uniti u l-Kanada sas-16 ta' Settembru.	ɪl ɡrup tar rɔk kɪn mɪstɛnnɪ jdur l ɪstatɪ unɪtɪ u l kanada sas sɪttaʃ ta sɛttɛmbru .
L-aġenti tal-ivvjaġġar ħafna drabi joffru pakketti li jinkludu l-brekfast, arranġamenti tat-trasport għal/minn l-ajruport u anki pakketti li jikkombinaw it-titjira u l-lukanda.	l ad͡ʒɛntɪ tal ɪvvjadd͡ʒar ħafna drabɪ jɔffru pakkɛttɪ lɪ jɪnkludu l brɛkfast , arrand͡ʒamɛntɪ tat traspɔrt al mɪn l ajrupɔrt u ankɪ pakkɛttɪ lɪ jɪkkɔmbɪnaw ɪt tɪtjɪra u l lukanda .
L-aġenti tal-ivvjaġġar ħafna drabi joffru pakketti li jinkludu l-brekfast, arranġamenti tat-trasport għal/minn l-ajruport u anki pakketti li jikkombinaw it-titjira u l-lukanda.	l ad͡ʒɛntɪ tal ɪvvjadd͡ʒar ħafna drabɪ jɔffru pakkɛttɪ lɪ jɪnkludu l brɛkfast , arrand͡ʒamɛntɪ tat traspɔrt al mɪn l ajrupɔrt u ankɪ pakkɛttɪ lɪ jɪkkɔmbɪnaw ɪt tɪtjɪra u l lukanda .
Sa minn nhar l-Erbgħa wara nofsinhar, il-ventijiet tat-tank kienu għadhom qiegħdin inixxu probabbilment minħabba l-espansjoni termali fit-tank.	sa mɪn nar l ɛrba wara nɔfsɪnar , ɪl vɛntɪjɪt tat tank kɪnu adɔm ʔɪdɪn ɪnɪʃʃu prɔbabbɪlmɛnt mɪnħabba l ɛspansjɔnɪ tɛrmalɪ fɪt tank .
Sa minn nhar l-Erbgħa wara nofsinhar, il-ventijiet tat-tank kienu għadhom qiegħdin inixxu probabbilment minħabba l-espansjoni termali fit-tank.	sa mɪn nar l ɛrba wara nɔfsɪnar , ɪl vɛntɪjɪt tat tank kɪnu adɔm ʔɪdɪn ɪnɪʃʃu prɔbabbɪlmɛnt mɪnħabba l ɛspansjɔnɪ tɛrmalɪ fɪt tank .
Sa minn nhar l-Erbgħa wara nofsinhar, il-ventijiet tat-tank kienu għadhom qiegħdin inixxu probabbilment minħabba l-espansjoni termali fit-tank.	sa mɪn nar l ɛrba wara nɔfsɪnar , ɪl vɛntɪjɪt tat tank kɪnu adɔm ʔɪdɪn ɪnɪʃʃu prɔbabbɪlmɛnt mɪnħabba l ɛspansjɔnɪ tɛrmalɪ fɪt tank .
Pereżempju żjarat f'kastelli fil-Wied ta' Loire, il-wied tar-Rhine jew il-kruċieri lejn bliet interessanti fuq id-Danubju jew mawriet bid-dgħajjes tul il-Kanal Erie.	pɛrɛzɛmpju zjarat fkastɛllɪ fɪl wɪt ta lɔɪrɛ , ɪl wɪt tar rɪnɛ jɛw ɪl krut͡ʃɪrɪ lɛjn blɪt ɪntɛrɛssantɪ fuʔ ɪt danubju jɛw mawrɪt bɪt dajjɛs tul ɪl kanal ɛrɪ .
Ukoll il-blogging "iġiegħel lill-istudenti jsiru jafu aktar dwar id-dinja ta' madwarhom." Il-bżonn li jissodisfaw l-interess tal-udjenza jispira lill-istudenti biex ikunu aktar jilħqilhom u interessanti (Toto, 2004).	ukɔl ɪl blɔɡɡɪnk ɪd͡ʒɪɛl lɪl ɪstudɛntɪ jsɪru jafu aktar dwar ɪt dɪnja ta madwarɔm . ɪl bzɔn lɪ jɪssɔdɪsfaw l ɪntɛrɛs tal udjɛnt͡sa jɪspɪra lɪl ɪstudɛntɪ bɪʃ ɪkunu aktar jɪlħʔɪlɔm u ɪntɛrɛssantɪ tɔtɔ , ɛlfɛjn u ɛrba .
Ukoll il-blogging "iġiegħel lill-istudenti jsiru jafu aktar dwar id-dinja ta' madwarhom." Il-bżonn li jissodisfaw l-interess tal-udjenza jispira lill-istudenti biex ikunu aktar jilħqilhom u interessanti (Toto, 2004).	ukɔl ɪl blɔɡɡɪnk ɪd͡ʒɪɛl lɪl ɪstudɛntɪ jsɪru jafu aktar dwar ɪt dɪnja ta madwarɔm . ɪl bzɔn lɪ jɪssɔdɪsfaw l ɪntɛrɛs tal udjɛnt͡sa jɪspɪra lɪl ɪstudɛntɪ bɪʃ ɪkunu aktar jɪlħʔɪlɔm u ɪntɛrɛssantɪ tɔtɔ , ɛlfɛjn u ɛrba .
Chambers kien ħarrek lil Alla għall-"imwiet mifruxa madwar id-dinja, il-qerda u t-terrorizzazzjoni ta’ miljuni u miljuni ta’ abitanti tad-Dinja."	kambɛrs kɪn ħarrɛk lɪl alla al ɪmwɪt mɪfruʃa madwar ɪt dɪnja , ɪl ʔɛrda u t tɛrrɔrɪtt͡satt͡sjɔnɪ ta mɪljunɪ u mɪljunɪ ta abɪtantɪ tat dɪnja .
Chambers kien ħarrek lil Alla għall-"imwiet mifruxa madwar id-dinja, il-qerda u t-terrorizzazzjoni ta’ miljuni u miljuni ta’ abitanti tad-Dinja."	kambɛrs kɪn ħarrɛk lɪl alla al ɪmwɪt mɪfruʃa madwar ɪt dɪnja , ɪl ʔɛrda u t tɛrrɔrɪtt͡satt͡sjɔnɪ ta mɪljunɪ u mɪljunɪ ta abɪtantɪ tat dɪnja .
Il-pesti jistgħu jirrovinaw l-ikel, jikkawżaw irritazzjoni, jew f'każ agħar jikkawżaw reazzjonijiet allerġiċi, jagħtu velenu, jew jittrażmettu infezzjonijiet.	ɪl pɛstɪ jɪstu jɪrrɔvɪnaw l ɪkɛl , jɪkkawzaw ɪrrɪtatt͡sjɔnɪ , jɛw fkas ar jɪkkawzaw rɛatt͡sjɔnɪjɪt allɛrd͡ʒɪt͡ʃɪ , jatu vɛlɛnu , jɛw jɪttrazmɛttu ɪnfɛtt͡sjɔnɪjɪt .
Il-pesti jistgħu jirrovinaw l-ikel, jikkawżaw irritazzjoni, jew f'każ agħar jikkawżaw reazzjonijiet allerġiċi, jagħtu velenu, jew jittrażmettu infezzjonijiet.	ɪl pɛstɪ jɪstu jɪrrɔvɪnaw l ɪkɛl , jɪkkawzaw ɪrrɪtatt͡sjɔnɪ , jɛw fkas ar jɪkkawzaw rɛatt͡sjɔnɪjɪt allɛrd͡ʒɪt͡ʃɪ , jatu vɛlɛnu , jɛw jɪttrazmɛttu ɪnfɛtt͡sjɔnɪjɪt .
Tokyo se tkun l-unika belt Asjatika li ospitat żewġ Olimpijadi tas-sajf, peress li diġà ospitat il-logħbiet fl-1964.	tɔkjɔ sɛ tkun l unɪka bɛlt asjatɪka lɪ ɔspɪtat zɛwt͡ʃ ɔlɪmpɪjadɪ tas sajf , pɛrɛs lɪ dɪd͡ʒa ɔspɪtat ɪl lɔbɪt fl ɛlf dɪsa mɪja u ɛrba u sɪttɪn .
Tokyo se tkun l-unika belt Asjatika li ospitat żewġ Olimpijadi tas-sajf, peress li diġà ospitat il-logħbiet fl-1964.	tɔkjɔ sɛ tkun l unɪka bɛlt asjatɪka lɪ ɔspɪtat zɛwt͡ʃ ɔlɪmpɪjadɪ tas sajf , pɛrɛs lɪ dɪd͡ʒa ɔspɪtat ɪl lɔbɪt fl ɛlf dɪsa mɪja u ɛrba u sɪttɪn .
Għalkemm il-livell tal-ilma se jogħla biss ftit piedi wara l-għargħar, l-uffiċjali qed jittamaw li dan ikun biżżejjed biex jirrestawra s-sikek tar-ramel li għebu aktar l isfel fix-xmara.	alkɛm ɪl lɪvɛl tal ɪlma sɛ jɔla bɪs ftɪt pɪdɪ wara l arar , l uffɪt͡ʃjalɪ ʔɛt jɪttamaw lɪ dan ɪkun bɪzzɛjjɛt bɪʃ jɪrrɛstawra s sɪkɛk tar ramɛl lɪ ɛbu aktar l ɪsfɛl fɪʃ ʃmara .
Għalkemm il-livell tal-ilma se jogħla biss ftit piedi wara l-għargħar, l-uffiċjali qed jittamaw li dan ikun biżżejjed biex jirrestawra s-sikek tar-ramel li għebu aktar l isfel fix-xmara.	alkɛm ɪl lɪvɛl tal ɪlma sɛ jɔla bɪs ftɪt pɪdɪ wara l arar , l uffɪt͡ʃjalɪ ʔɛt jɪttamaw lɪ dan ɪkun bɪzzɛjjɛt bɪʃ jɪrrɛstawra s sɪkɛk tar ramɛl lɪ ɛbu aktar l ɪsfɛl fɪʃ ʃmara .
Il-luminożità u r-rotazzjoni jintużaw flimkien biex jiddeterminaw in-numru Rossby ta' stilla, li huwa relatat mal-fluss tal-plażma.	ɪl lumɪnɔzɪta u r rɔtatt͡sjɔnɪ jɪntuzaw flɪmkɪn bɪʃ jɪddɛtɛrmɪnaw ɪn numru rɔzzbj ta stɪlla , lɪ uwa rɛlatat mal flus tal plazma .
Il-foster care suppost tipprovdi l-bżonnijiet kollha li kienu neqsin fid-dar li ttieħdu minnha qabel.	ɪl fɔstɛr karɛ suppɔst tɪpprɔvdɪ l bzɔnnɪjɪt kɔlla lɪ kɪnu nɛʔsɪn fɪt dar lɪ ttɪħdu mɪnna ʔabɛl .
Il-foster care suppost tipprovdi l-bżonnijiet kollha li kienu neqsin fid-dar li ttieħdu minnha qabel.	ɪl fɔstɛr karɛ suppɔst tɪpprɔvdɪ l bzɔnnɪjɪt kɔlla lɪ kɪnu nɛʔsɪn fɪt dar lɪ ttɪħdu mɪnna ʔabɛl .
Huwa rrappurtat li madwar 9400 dar fir-reġjun m'għandhomx ilma u madwar 100 m'għandhomx elettriku.	uwa rrappurtat lɪ madwar dɪsat ɛlɛf u ɛrba mɪja dar fɪr rɛd͡ʒjun mandɔmʃ ɪlma u madwar mɪja mandɔmʃ ɛlɛttrɪku .
Huwa rrappurtat li madwar 9400 dar fir-reġjun m'għandhomx ilma u madwar 100 m'għandhomx elettriku.	uwa rrappurtat lɪ madwar dɪsat ɛlɛf u ɛrba mɪja dar fɪr rɛd͡ʒjun mandɔmʃ ɪlma u madwar mɪja mandɔmʃ ɛlɛttrɪku .
Differenza oħra kienet li waqt li n-nies fqar u l-mara kienu jieklu l-ikel tagħhom bilqiegħda fuq is-siġġijiet, l-irġiel sinjuri kien jogħġobhom ikollhom pranzu flimkien fejn kienu jixxaħxħu fuq ġenbhom waqt li jieklu l-ikel tagħhom.	dɪffɛrɛnt͡sa ɔħra kɪnɛt lɪ waʔt lɪ n nɪs fʔar u l mara kɪnu jɪklu l ɪkɛl taɔm bɪlʔɪda fuʔ ɪs sɪdd͡ʒɪjɪt , l ɪrd͡ʒɪl sɪnjurɪ kɪn jɔd͡ʒɔbɔm ɪkɔllɔm prant͡su flɪmkɪn fɛjn kɪnu jɪʃʃaħʃħu fuʔ d͡ʒɛmbɔm waʔt lɪ jɪklu l ɪkɛl taɔm .
Differenza oħra kienet li waqt li n-nies fqar u l-mara kienu jieklu l-ikel tagħhom bilqiegħda fuq is-siġġijiet, l-irġiel sinjuri kien jogħġobhom ikollhom pranzu flimkien fejn kienu jixxaħxħu fuq ġenbhom waqt li jieklu l-ikel tagħhom.	dɪffɛrɛnt͡sa ɔħra kɪnɛt lɪ waʔt lɪ n nɪs fʔar u l mara kɪnu jɪklu l ɪkɛl taɔm bɪlʔɪda fuʔ ɪs sɪdd͡ʒɪjɪt , l ɪrd͡ʒɪl sɪnjurɪ kɪn jɔd͡ʒɔbɔm ɪkɔllɔm prant͡su flɪmkɪn fɛjn kɪnu jɪʃʃaħʃħu fuʔ d͡ʒɛmbɔm waʔt lɪ jɪklu l ɪkɛl taɔm .
Żona oħra ta' konteniment sekondarju taħt it-tankijiet li kapaċi tesa' 104,500 barmil kienet għadha ma mtlietx kompletament.	zɔna ɔħra ta kɔntɛnɪmɛnt sɛkɔndarju taħt ɪt tankɪjɪt lɪ kapat͡ʃɪ tɛsa mɪja u ɛrba ɛlf u ħamɛs mɪja barmɪl kɪnɛt ada ma mtlɪtʃ kɔmplɛtamɛnt .
Żona oħra ta' konteniment sekondarju taħt it-tankijiet li kapaċi tesa' 104,500 barmil kienet għadha ma mtlietx kompletament.	zɔna ɔħra ta kɔntɛnɪmɛnt sɛkɔndarju taħt ɪt tankɪjɪt lɪ kapat͡ʃɪ tɛsa mɪja u ɛrba ɛlf u ħamɛs mɪja barmɪl kɪnɛt ada ma mtlɪtʃ kɔmplɛtamɛnt .
Ir-rabtiet ekonomiċi ġew stabbiliti mill-ġdid bejn dawn iż-żewġ partijiet tal-Moldova minkejja li ln-negozjati politiċi ma rnexxewx.	ɪr raptɪt ɛkɔnɔmɪt͡ʃɪ d͡ʒɛw stabbɪlɪtɪ mɪl d͡ʒdɪt bɛjn dawn ɪs zɛwt͡ʃ partɪjɪt tal mɔldɔva mɪnkɛjja lɪ ln nɛɡɔt͡sjatɪ pɔlɪtɪt͡ʃɪ ma rnɛʃʃɛwʃ .
Ir-rabtiet ekonomiċi ġew stabbiliti mill-ġdid bejn dawn iż-żewġ partijiet tal-Moldova minkejja li ln-negozjati politiċi ma rnexxewx.	ɪr raptɪt ɛkɔnɔmɪt͡ʃɪ d͡ʒɛw stabbɪlɪtɪ mɪl d͡ʒdɪt bɛjn dawn ɪs zɛwt͡ʃ partɪjɪt tal mɔldɔva mɪnkɛjja lɪ ln nɛɡɔt͡sjatɪ pɔlɪtɪt͡ʃɪ ma rnɛʃʃɛwʃ .
Minħabba l-għanqud/grupp ta’ gżejjer fil-Ġappun, il-Ġappun spiss jissejjaħ, fuq pożizzjoni ġeografika, "arċipelagu."	mɪnħabba l anʔut ɡrup ta ɡzɛjjɛr fɪl d͡ʒappun , ɪl d͡ʒappun spɪs jɪssɛjjaħ , fuʔ pɔzɪtt͡sjɔnɪ d͡ʒɛɔɡrafɪka , art͡ʃɪpɛlaɡu .
Minħabba l-għanqud/grupp ta’ gżejjer fil-Ġappun, il-Ġappun spiss jissejjaħ, fuq pożizzjoni ġeografika, "arċipelagu."	mɪnħabba l anʔut ɡrup ta ɡzɛjjɛr fɪl d͡ʒappun , ɪl d͡ʒappun spɪs jɪssɛjjaħ , fuʔ pɔzɪtt͡sjɔnɪ d͡ʒɛɔɡrafɪka , art͡ʃɪpɛlaɡu .
It-triq fejn seħħet il-ħabta ngħalqet temporanjament waqt li s-servizzi ta' emerġenza ħelsu lis-sewwieq mill-Audi TT ħamra.	ɪt trɪʔ fɛjn sɛħħɛt ɪl ħapta nalʔɛt tɛmpɔranjamɛnt waʔt lɪ s sɛrvɪtt͡sɪ ta ɛmɛrd͡ʒɛnt͡sa ħɛlsu lɪs sɛwwɪʔ mɪl audɪ t ħamra .
It-triq fejn seħħet il-ħabta ngħalqet temporanjament waqt li s-servizzi ta' emerġenza ħelsu lis-sewwieq mill-Audi TT ħamra.	ɪt trɪʔ fɛjn sɛħħɛt ɪl ħapta nalʔɛt tɛmpɔranjamɛnt waʔt lɪ s sɛrvɪtt͡sɪ ta ɛmɛrd͡ʒɛnt͡sa ħɛlsu lɪs sɛwwɪʔ mɪl audɪ t ħamra .
Hemm it-tradizzjoni li tgħaddi lejlet l-Għid imqajjem f'xi post espost biex tara t-tlugħ tax-xemx.	ɛm ɪt tradɪtt͡sjɔnɪ lɪ taddɪ lɛjlɛt l ɪt ɪmʔajjɛm fʃɪ pɔst ɛspɔst bɪʃ tara t tluħ taʃ ʃɛmʃ .
Hemm it-tradizzjoni li tgħaddi lejlet l-Għid imqajjem f'xi post espost biex tara t-tlugħ tax-xemx.	ɛm ɪt tradɪtt͡sjɔnɪ lɪ taddɪ lɛjlɛt l ɪt ɪmʔajjɛm fʃɪ pɔst ɛspɔst bɪʃ tara t tluħ taʃ ʃɛmʃ .
M'hemmx staġuni partikulari "bix-xita" u "nixfin": l-ammont tax-xita jibqa' bejn wieħed u ieħor l-istess tul is-sena kollha.	mɛmmʃ stad͡ʒunɪ partɪkularɪ bɪʃ ʃɪta u nɪʃfɪn , l ammɔnt taʃ ʃɪta jɪpʔa bɛjn wɪħɛt u ɪħɔr l ɪstɛs tul ɪs sɛna kɔlla .
M'hemmx staġuni partikulari "bix-xita" u "nixfin": l-ammont tax-xita jibqa' bejn wieħed u ieħor l-istess tul is-sena kollha.	mɛmmʃ stad͡ʒunɪ partɪkularɪ bɪʃ ʃɪta u nɪʃfɪn , l ammɔnt taʃ ʃɪta jɪpʔa bɛjn wɪħɛt u ɪħɔr l ɪstɛs tul ɪs sɛna kɔlla .
Huwa possibbli li l-kometi kienu sors ta' konsenja tal-ilma lid-dinja flimkien ma' materja organika li tista' tifforma proteini u ssostni l-ħajja.	uwa pɔssɪbblɪ lɪ l kɔmɛtɪ kɪnu sɔrs ta kɔnsɛnja tal ɪlma lɪt dɪnja flɪmkɪn ma matɛrja ɔrɡanɪka lɪ tɪsta tɪffɔrma prɔtɛɪnɪ u ssɔstnɪ l ħajja .
Huwa possibbli li l-kometi kienu sors ta' konsenja tal-ilma lid-dinja flimkien ma' materja organika li tista' tifforma proteini u ssostni l-ħajja.	uwa pɔssɪbblɪ lɪ l kɔmɛtɪ kɪnu sɔrs ta kɔnsɛnja tal ɪlma lɪt dɪnja flɪmkɪn ma matɛrja ɔrɡanɪka lɪ tɪsta tɪffɔrma prɔtɛɪnɪ u ssɔstnɪ l ħajja .
L-esperiment ta' Hershey u Chase kien wieħed mis-suġġerimenti ewlenin li d-DNA kien materjal ġenetiku.	l ɛspɛrɪmɛnt ta ɛrsɛj u kasɛ kɪn wɪħɛt mɪs sudd͡ʒɛrɪmɛntɪ ɛwlɛnɪn lɪ t dna kɪn matɛrjal d͡ʒɛnɛtɪku .
L-esperiment ta' Hershey u Chase kien wieħed mis-suġġerimenti ewlenin li d-DNA kien materjal ġenetiku.	l ɛspɛrɪmɛnt ta ɛrsɛj u kasɛ kɪn wɪħɛt mɪs sudd͡ʒɛrɪmɛntɪ ɛwlɛnɪn lɪ t dna kɪn matɛrjal d͡ʒɛnɛtɪku .
Skont l-aħħar bulettin, il-qari tal-livell tal-baħar indika li kien iġġenerat tsunami. Kien hemm xi attività definittivament ta' tsunami li ġiet irrekordjata qrib Pago Pago u Niue.	skɔnt l aħħar bulɛttɪn , ɪl ʔarɪ tal lɪvɛl tal baħar ɪndɪka lɪ kɪn ɪdd͡ʒɛnɛrat tsunamɪ . kɪn ɛm ʃɪ attɪvɪta dɛfɪnɪttɪvamɛnt ta tsunamɪ lɪ d͡ʒɪt ɪrrɛkɔrdjata ʔrɪp paɡɔ paɡɔ u nɪuɛ .
Skont l-aħħar bulettin, il-qari tal-livell tal-baħar indika li kien iġġenerat tsunami. Kien hemm xi attività definittivament ta' tsunami li ġiet irrekordjata qrib Pago Pago u Niue.	skɔnt l aħħar bulɛttɪn , ɪl ʔarɪ tal lɪvɛl tal baħar ɪndɪka lɪ kɪn ɪdd͡ʒɛnɛrat tsunamɪ . kɪn ɛm ʃɪ attɪvɪta dɛfɪnɪttɪvamɛnt ta tsunamɪ lɪ d͡ʒɪt ɪrrɛkɔrdjata ʔrɪp paɡɔ paɡɔ u nɪuɛ .
L-istaffi huma sostenn għas-saqajn tar-rikkieb li jiddendlu fuq kull naħa tas-sarġ.	l ɪstaffɪ uma sɔstɛn as saʔajn tar rɪkkɪp lɪ jɪddɛndlu fuʔ kul naħa tas sart͡ʃ .
Ngħid biss lin-nies li intom tittrattawna kif aħna nittrattaw lilkom.	nɪt bɪs lɪn nɪs lɪ ɪntɔm tɪttrattawna kɪf aħna nɪttrattaw lɪlkɔm .
Ngħid biss lin-nies li intom tittrattawna kif aħna nittrattaw lilkom.	nɪt bɪs lɪn nɪs lɪ ɪntɔm tɪttrattawna kɪf aħna nɪttrattaw lɪlkɔm .
Il-kummenti, diretti fuq it-televiżjoni, kienu l-ewwel darba li sorsi anzjani Iranjani ammettew li s-sanzjonijiet qed ikollhom effett.	ɪl kummɛntɪ , dɪrɛttɪ fuʔ ɪt tɛlɛvɪzjɔnɪ , kɪnu l ɛwwɛl darba lɪ sɔrsɪ ant͡sjanɪ ɪranjanɪ ammɛttɛw lɪ s sant͡sjɔnɪjɪt ʔɛt ɪkɔllɔm ɛffɛt .
Il-kummenti, diretti fuq it-televiżjoni, kienu l-ewwel darba li sorsi anzjani Iranjani ammettew li s-sanzjonijiet qed ikollhom effett.	ɪl kummɛntɪ , dɪrɛttɪ fuʔ ɪt tɛlɛvɪzjɔnɪ , kɪnu l ɛwwɛl darba lɪ sɔrsɪ ant͡sjanɪ ɪranjanɪ ammɛttɛw lɪ s sant͡sjɔnɪjɪt ʔɛt ɪkɔllɔm ɛffɛt .
Id-dħulijiet kollha tal-għerien, li ssemmew "Is-Seba' Aħwa Bniet", għandhom dijametru ta' mill-anqas 100 sa 250 metru (328 sa 820 pied).	ɪt tħulɪjɪt kɔlla tal ɛrɪn , lɪ ssɛmmɛw ɪs sɛba aħwa bnɪt , andɔm dɪjamɛtru ta mɪl anʔas mɪja sa mɪtɛjn u ħamsɪn mɛtru tlɪt mɪja u tmɪnja u ɔʃrɪn sa tmɪn mɪja u ɔʃrɪn pɪt .
Bħal xi esperti oħra, huwa xettiku dwar jekk id-dijabete tistax titfejjaq, u jinnota li dawn is-sejbiet m'għandhom l-ebda rilevanza għal nies li diġà għandhom dijabete tat-Tip 1.	pħal ʃɪ ɛspɛrtɪ ɔħra , uwa ʃɛttɪku dwar jɛk ɪt dɪjabɛtɛ tɪstaʃ tɪtfɛjjaʔ , u jɪnnɔta lɪ dawn ɪs sɛjbɪt mandɔm l ɛbda rɪlɛvant͡sa al nɪs lɪ dɪd͡ʒa andɔm dɪjabɛtɛ tat tɪp wɪħɛt .
Bħal xi esperti oħra, huwa xettiku dwar jekk id-dijabete tistax titfejjaq, u jinnota li dawn is-sejbiet m'għandhom l-ebda rilevanza għal nies li diġà għandhom dijabete tat-Tip 1.	pħal ʃɪ ɛspɛrtɪ ɔħra , uwa ʃɛttɪku dwar jɛk ɪt dɪjabɛtɛ tɪstaʃ tɪtfɛjjaʔ , u jɪnnɔta lɪ dawn ɪs sɛjbɪt mandɔm l ɛbda rɪlɛvant͡sa al nɪs lɪ dɪd͡ʒa andɔm dɪjabɛtɛ tat tɪp wɪħɛt .
Suġġetti koperti oħrajn irrappurtat li jinkludu l-istat futur ta' Ġerusalemm li huwa sagru għaż-żewġ nazzjonijiet u l-kwistjoni tal-Wied tal-Ġordan.	sudd͡ʒɛttɪ kɔpɛrtɪ ɔħrajn ɪrrappurtat lɪ jɪnkludu l ɪstat futur ta d͡ʒɛrusalɛm lɪ uwa saɡru as zɛwt͡ʃ natt͡sjɔnɪjɪt u l kwɪstjɔnɪ tal wɪt tal d͡ʒɔrdan .
Suġġetti koperti oħrajn irrappurtat li jinkludu l-istat futur ta' Ġerusalemm li huwa sagru għaż-żewġ nazzjonijiet u l-kwistjoni tal-Wied tal-Ġordan.	sudd͡ʒɛttɪ kɔpɛrtɪ ɔħrajn ɪrrappurtat lɪ jɪnkludu l ɪstat futur ta d͡ʒɛrusalɛm lɪ uwa saɡru as zɛwt͡ʃ natt͡sjɔnɪjɪt u l kwɪstjɔnɪ tal wɪt tal d͡ʒɔrdan .
Iż-żona tilqa' fiha wkoll varjetà estremament wiesgħa ta' speċi ta' annimali u għasafar.	ɪs zɔna tɪlʔa fɪa wkɔl varjɛta ɛstrɛmamɛnt wɪsa ta spɛt͡ʃɪ ta annɪmalɪ u asafar .
Iż-żona tilqa' fiha wkoll varjetà estremament wiesgħa ta' speċi ta' annimali u għasafar.	ɪs zɔna tɪlʔa fɪa wkɔl varjɛta ɛstrɛmamɛnt wɪsa ta spɛt͡ʃɪ ta annɪmalɪ u asafar .
Bl-istess mod kif Pariġi hija magħrufa bħala l-kapitali tal-moda fid-dinja kontemporanja, Kostantinopli kienet meqjusa bħala l-kapitali tal-moda tal-Ewropa fewdali.	bl ɪstɛs mɔt kɪf parɪd͡ʒɪ ɪja marufa pħala l kapɪtalɪ tal mɔda fɪt dɪnja kɔntɛmpɔranja , kɔstantɪnɔplɪ kɪnɛt mɛʔjusa pħala l kapɪtalɪ tal mɔda tal ɛwrɔpa fɛwdalɪ .
Bl-istess mod kif Pariġi hija magħrufa bħala l-kapitali tal-moda fid-dinja kontemporanja, Kostantinopli kienet meqjusa bħala l-kapitali tal-moda tal-Ewropa fewdali.	bl ɪstɛs mɔt kɪf parɪd͡ʒɪ ɪja marufa pħala l kapɪtalɪ tal mɔda fɪt dɪnja kɔntɛmpɔranja , kɔstantɪnɔplɪ kɪnɛt mɛʔjusa pħala l kapɪtalɪ tal mɔda tal ɛwrɔpa fɛwdalɪ .
Is-suits huma ilbies standard għax-xogħol, u l-kollegi jsejħu lil xulxin bil-kunjom jew bit-titli tax-xogħol.	ɪs suɪts uma ɪlbɪs standart aʃ ʃɔl , u l kɔllɛɡɪ jsɛjħu lɪl ʃulʃɪn bɪl kunjɔm jɛw bɪt tɪtlɪ taʃ ʃɔl .
Is-suits huma ilbies standard għax-xogħol, u l-kollegi jsejħu lil xulxin bil-kunjom jew bit-titli tax-xogħol.	ɪs suɪts uma ɪlbɪs standart aʃ ʃɔl , u l kɔllɛɡɪ jsɛjħu lɪl ʃulʃɪn bɪl kunjɔm jɛw bɪt tɪtlɪ taʃ ʃɔl .
Id-determiniżmu teknoloġiku huwa terminu li jiġbor fih firxa wiesgħa ta' ideat fil-prattika, minn push teknoloġiku jew l-imperattiv teknoloġiku għal sens strett li d-destin uman huwa mmexxi minn loġika sottostanti assoċjata mal-liġijiet xjentifiċi u l-manifestazzjoni tagħhom fit-teknoloġija.	ɪt dɛtɛrmɪnɪzmu tɛknɔlɔd͡ʒɪku uwa tɛrmɪnu lɪ jɪd͡ʒbɔr fɪħ fɪrʃa wɪsa ta ɪdɛat fɪl prattɪka , mɪn pusħ tɛknɔlɔd͡ʒɪku jɛw l ɪmpɛrattɪf tɛknɔlɔd͡ʒɪku al sɛns strɛt lɪ t dɛstɪn uman uwa mmɛʃʃɪ mɪn lɔd͡ʒɪka sɔttɔstantɪ assɔt͡ʃjata mal lɪd͡ʒɪjɪt ʃjɛntɪfɪt͡ʃɪ u l manɪfɛstatt͡sjɔnɪ taɔm fɪt tɛknɔlɔd͡ʒɪja .
Huwa ġie mħarreġ bħala ostetriku u beda jaħdem fl-Isptar Nazzjonali tan-Nisa ta' Auckland fl-1959.	uwa d͡ʒɪ mħarrɛt͡ʃ pħala ɔstɛtrɪku u bɛda jaħdɛm fl ɪsptar natt͡sjɔnalɪ tan nɪsa ta aukklant fl ɛlf dɪsa mɪja u dɪsa u ħamsɪn .
Huwa ġie mħarreġ bħala ostetriku u beda jaħdem fl-Isptar Nazzjonali tan-Nisa ta' Auckland fl-1959.	uwa d͡ʒɪ mħarrɛt͡ʃ pħala ɔstɛtrɪku u bɛda jaħdɛm fl ɪsptar natt͡sjɔnalɪ tan nɪsa ta aukklant fl ɛlf dɪsa mɪja u dɪsa u ħamsɪn .
Ir-Rivoluzzjoni Franċiża spirat ukoll ħafna nies oħra tal-klassi tal-ħaddiema repressi ta' pajjiżi oħra biex jibdew ir-revoluzzjonijiet tagħhom stess.	ɪr rɪvɔlutt͡sjɔnɪ frant͡ʃɪza spɪrat ukɔl ħafna nɪs ɔħra tal klassɪ tal ħaddɪma rɛprɛssɪ ta pajjɪzɪ ɔħra bɪʃ jɪbdɛw ɪr rɛvɔlutt͡sjɔnɪjɪt taɔm stɛs .
Huma jinkludu restrizzjonijiet finanzjarji u projbizzjoni mill-Unjoni Ewropea fuq l-esportazzjoni taż-żejt mhux raffinat li minnu l-ekonomija Iranjana tirċievi 80 % tad-dħul barrani tagħha.	uma jɪnkludu rɛstrɪtt͡sjɔnɪjɪt fɪnant͡sjarjɪ u prɔjbɪtt͡sjɔnɪ mɪl unjɔnɪ ɛwrɔpɛa fuʔ l ɛspɔrtatt͡sjɔnɪ tas zɛjt muʃ raffɪnat lɪ mɪnnu l ɛkɔnɔmɪja ɪranjana tɪrt͡ʃɪvɪ tmɛnɪn fɪl mɪja tat tħul barranɪ ta .
Huma jinkludu restrizzjonijiet finanzjarji u projbizzjoni mill-Unjoni Ewropea fuq l-esportazzjoni taż-żejt mhux raffinat li minnu l-ekonomija Iranjana tirċievi 80 % tad-dħul barrani tagħha.	uma jɪnkludu rɛstrɪtt͡sjɔnɪjɪt fɪnant͡sjarjɪ u prɔjbɪtt͡sjɔnɪ mɪl unjɔnɪ ɛwrɔpɛa fuʔ l ɛspɔrtatt͡sjɔnɪ tas zɛjt muʃ raffɪnat lɪ mɪnnu l ɛkɔnɔmɪja ɪranjana tɪrt͡ʃɪvɪ tmɛnɪn fɪl mɪja tat tħul barranɪ ta .
Huma jinkludu restrizzjonijiet finanzjarji u projbizzjoni mill-Unjoni Ewropea fuq l-esportazzjoni taż-żejt mhux raffinat li minnu l-ekonomija Iranjana tirċievi 80 % tad-dħul barrani tagħha.	uma jɪnkludu rɛstrɪtt͡sjɔnɪjɪt fɪnant͡sjarjɪ u prɔjbɪtt͡sjɔnɪ mɪl unjɔnɪ ɛwrɔpɛa fuʔ l ɛspɔrtatt͡sjɔnɪ tas zɛjt muʃ raffɪnat lɪ mɪnnu l ɛkɔnɔmɪja ɪranjana tɪrt͡ʃɪvɪ tmɛnɪn fɪl mɪja tat tħul barranɪ ta .
Iż-żewġ torrijiet huma għoljin 83 metru, huwa twil 378 metru u għandu żewġ karreġġati wisgħin 3.50 m.	ɪs zɛwt͡ʃ tɔrrɪjɪt uma ɔljɪn tlɪta u tmɛnɪn mɛtru , uwa twɪl tlɪt mɪja u tmɪnja u sɛbɪn mɛtru u andu zɛwt͡ʃ karrɛdd͡ʒatɪ wɪsɪn tlɪta punt ħamsɪn mɛtrɪ .
Il-Ministeru tal-Ekonomija, il-Kummerċ u l-Industrija (METI) tal-Ġappun qal li kien ġie mgħarraf dwar is-27 inċident relatati mal-apparati.	ɪl mɪnɪstɛru tal ɛkɔnɔmɪja , ɪl kummɛrt͡ʃ u l ɪndustrɪja mɛtɪ tal d͡ʒappun ʔal lɪ kɪn d͡ʒɪ marraf dwar ɪs sɛba u ɔʃrɪn ɪnt͡ʃɪdɛnt rɛlatatɪ mal apparatɪ .
Il-Ministeru tal-Ekonomija, il-Kummerċ u l-Industrija (METI) tal-Ġappun qal li kien ġie mgħarraf dwar is-27 inċident relatati mal-apparati.	ɪl mɪnɪstɛru tal ɛkɔnɔmɪja , ɪl kummɛrt͡ʃ u l ɪndustrɪja mɛtɪ tal d͡ʒappun ʔal lɪ kɪn d͡ʒɪ marraf dwar ɪs sɛba u ɔʃrɪn ɪnt͡ʃɪdɛnt rɛlatatɪ mal apparatɪ .
Alternattivi oħrajn fuq il-bażi tal-bijoritmi jinvolvu x-xorb ta' ħafna fluwidi (b'mod partikolari ilma jew te, dijuretiku popolari) qabel l-irqad, biex b’hekk iġiegħlu lill-persuna tqum biex tgħaddi l-awrina.	altɛrnattɪvɪ ɔħrajn fuʔ ɪl bazɪ tal bɪjɔrɪtmɪ jɪnvɔlvu ʃ ʃɔrp ta ħafna fluwɪdɪ bmɔt partɪkɔlarɪ ɪlma jɛw tɛ , dɪjurɛtɪku pɔpɔlarɪ ʔabɛl l ɪrʔat , bɪʃ p ɛk ɪd͡ʒɪlu lɪl pɛrsuna tʔum bɪʃ taddɪ l awrɪna .
Alternattivi oħrajn fuq il-bażi tal-bijoritmi jinvolvu x-xorb ta' ħafna fluwidi (b'mod partikolari ilma jew te, dijuretiku popolari) qabel l-irqad, biex b’hekk iġiegħlu lill-persuna tqum biex tgħaddi l-awrina.	altɛrnattɪvɪ ɔħrajn fuʔ ɪl bazɪ tal bɪjɔrɪtmɪ jɪnvɔlvu ʃ ʃɔrp ta ħafna fluwɪdɪ bmɔt partɪkɔlarɪ ɪlma jɛw tɛ , dɪjurɛtɪku pɔpɔlarɪ ʔabɛl l ɪrʔat , bɪʃ p ɛk ɪd͡ʒɪlu lɪl pɛrsuna tʔum bɪʃ taddɪ l awrɪna .
Meta tirritorna f'pajjiżek wara li tkun għext barra, inti adattajt għall-kultura l-ġdida u tlift ftit mid-drawwiet tiegħek tal-kultura ta' pajjiżek.	mɛta tɪrrɪtɔrna fpajjɪzɛk wara lɪ tkun ɛʃt barra , ɪntɪ adattajt al kultura l d͡ʒdɪda u tlɪft ftɪt mɪt drawwɪt tɪɛk tal kultura ta pajjɪzɛk .
Meta tirritorna f'pajjiżek wara li tkun għext barra, inti adattajt għall-kultura l-ġdida u tlift ftit mid-drawwiet tiegħek tal-kultura ta' pajjiżek.	mɛta tɪrrɪtɔrna fpajjɪzɛk wara lɪ tkun ɛʃt barra , ɪntɪ adattajt al kultura l d͡ʒdɪda u tlɪft ftɪt mɪt drawwɪt tɪɛk tal kultura ta pajjɪzɛk .
Kors normalment ikun minn 2-5 ijiem u jinvolvi role play, ħafna taħriġ fl-ewwel għajnuna u xi drabi taħriġ fl-użu tal-armi.	kɔrs nɔrmalmɛnt ɪkun mɪn tnɛjn ħamsa ɪjɪm u jɪnvɔlvɪ rɔlɛ plaj , ħafna taħrɪt͡ʃ fl ɛwwɛl ajnuna u ʃɪ drabɪ taħrɪt͡ʃ fl uzu tal armɪ .
Il-forżi taż-żamma tal-paċi tan-NU, li waslu f'Ħaiti wara t-terremot tal-2010, qed jiġu akkużati bit-tixrid tal-marda li bdiet qrib fejn kienu kkampjati t-truppi.	ɪl fɔrzɪ tas zamma tal pat͡ʃɪ tan nu , lɪ waslu fħaɪtɪ wara t tɛrrɛmɔt tal ɛlfɛjn u aʃra , ʔɛt jɪd͡ʒu akkuzatɪ bɪt tɪʃrɪt tal marda lɪ bdɪt ʔrɪp fɛjn kɪnu kkampjatɪ t truppɪ .
Il-forżi taż-żamma tal-paċi tan-NU, li waslu f'Ħaiti wara t-terremot tal-2010, qed jiġu akkużati bit-tixrid tal-marda li bdiet qrib fejn kienu kkampjati t-truppi.	ɪl fɔrzɪ tas zamma tal pat͡ʃɪ tan nu , lɪ waslu fħaɪtɪ wara t tɛrrɛmɔt tal ɛlfɛjn u aʃra , ʔɛt jɪd͡ʒu akkuzatɪ bɪt tɪʃrɪt tal marda lɪ bdɪt ʔrɪp fɛjn kɪnu kkampjatɪ t truppɪ .
Iżda, jekk jintuża mingħajr kwalifikaturi ulterjuri, it-terminu għandu t-tendenza li jfisser l-ikel li joriġina mill-partijiet ċentrali u tal-Lvant tal-gżira ewlenija Java.	ɪzda , jɛk jɪntuza mɪnajr kwalɪfɪkaturɪ ultɛrjurɪ , ɪt tɛrmɪnu andu t tɛndɛnt͡sa lɪ jfɪssɛr l ɪkɛl lɪ jɔrɪd͡ʒɪna mɪl partɪjɪt t͡ʃɛntralɪ u tal lvant tal ɡzɪra ɛwlɛnɪja java .
Iżda, jekk jintuża mingħajr kwalifikaturi ulterjuri, it-terminu għandu t-tendenza li jfisser l-ikel li joriġina mill-partijiet ċentrali u tal-Lvant tal-gżira ewlenija Java.	ɪzda , jɛk jɪntuza mɪnajr kwalɪfɪkaturɪ ultɛrjurɪ , ɪt tɛrmɪnu andu t tɛndɛnt͡sa lɪ jfɪssɛr l ɪkɛl lɪ jɔrɪd͡ʒɪna mɪl partɪjɪt t͡ʃɛntralɪ u tal lvant tal ɡzɪra ɛwlɛnɪja java .
“Involviment personali” u “relazzjonijiet kontinwi” ġew identifikati wkoll bħala aspetti ġodda ta’ motivazzjoni minn Eighmey u McCord (1998) meta investigaw ir-reazzjonijiet tal-udjenza għas-siti web.	ɪnvɔlvɪmɛnt pɛrsɔnalɪ u rɛlatt͡sjɔnɪjɪt kɔntɪnwɪ d͡ʒɛw ɪdɛntɪfɪkatɪ wkɔl pħala aspɛttɪ d͡ʒɔdda ta mɔtɪvatt͡sjɔnɪ mɪn ɛɪɡmɛj u mkkɔrt ɛlf dɪsa mɪja u tmɪnja u dɪsɪn mɛta ɪnvɛstɪɡaw ɪr rɛatt͡sjɔnɪjɪt tal udjɛnt͡sa as sɪtɪ wɛp .
Skont l-awtoritajiet tal-park, żomm mill-inqas 100 jarda/metru 'l bogħod mill-orsijiet u l-lupi u 25 jarda/metru 'l bogħod mill-annimali selvaġġi l-oħra kollha!	skɔnt l awtɔrɪtajɪt tal park , zɔm mɪl ɪnʔas mɪja jarda mɛtru l bɔt mɪl ɔrsɪjɪt u l lupɪ u ħamsa u ɔʃrɪn jarda mɛtru l bɔt mɪl annɪmalɪ sɛlvadd͡ʒɪ l ɔħra kɔlla !
Ir-rieda tal-gvernijiet li joħorġu passaporti bil-ġeneru mhux iddikjarat (X) jew dokumenti aġġornati biex jaqblu mal-isem u l-ġeneru mixtieq tvarja.	ɪr rɪda tal ɡvɛrnɪjɪt lɪ jɔħɔrd͡ʒu passapɔrtɪ bɪl d͡ʒɛnɛru muʃ ɪddɪkjarat ʃ jɛw dɔkumɛntɪ add͡ʒɔrnatɪ bɪʃ jaʔblu mal ɪsɛm u l d͡ʒɛnɛru mɪʃtɪʔ dvarja .
Fl-iktar rapport ta’ kull xahar reċenti tagħha, OPEC qalet li l-esportazzjonijiet ta’ żejt mhux raffinat naqsu għall-iktar livell baxx tagħhom fl-aħħar għoxrin sena b’2.8 miljun barmil kuljum.	fl ɪktar rappɔrt ta kul ʃar rɛt͡ʃɛntɪ ta , ɔpɛk ʔalɛt lɪ l ɛspɔrtatt͡sjɔnɪjɪt ta zɛjt muʃ raffɪnat naʔsu al ɪktar lɪvɛl baʃ taɔm fl aħħar ɔʃrɪn sɛna p tnɛjn punt tmɪnja mɪljun barmɪl kuljum .
Fl-iktar rapport ta’ kull xahar reċenti tagħha, OPEC qalet li l-esportazzjonijiet ta’ żejt mhux raffinat naqsu għall-iktar livell baxx tagħhom fl-aħħar għoxrin sena b’2.8 miljun barmil kuljum.	fl ɪktar rappɔrt ta kul ʃar rɛt͡ʃɛntɪ ta , ɔpɛk ʔalɛt lɪ l ɛspɔrtatt͡sjɔnɪjɪt ta zɛjt muʃ raffɪnat naʔsu al ɪktar lɪvɛl baʃ taɔm fl aħħar ɔʃrɪn sɛna p tnɛjn punt tmɪnja mɪljun barmɪl kuljum .
L-ewwel mezz tat-trasport magħruf kien il-mixi, il-bnedmin bdew jimxu bil-wieqfa żewġ miljuni ta’ snin ilu meta tfaċċa Homo Erectus (li tfisser bniedem bil-wieqfa).	l ɛwwɛl mɛt͡s tat traspɔrt maruf kɪn ɪl mɪʃɪ , ɪl bnɛdmɪn bdɛw jɪmʃu bɪl wɪʔfa zɛwt͡ʃ mɪljunɪ ta snɪn ɪlu mɛta tfatt͡ʃa ɔmɔ ɛrɛktus lɪ tfɪssɛr bnɪdɛm bɪl wɪʔfa .
L-ewwel mezz tat-trasport magħruf kien il-mixi, il-bnedmin bdew jimxu bil-wieqfa żewġ miljuni ta’ snin ilu meta tfaċċa Homo Erectus (li tfisser bniedem bil-wieqfa).	l ɛwwɛl mɛt͡s tat traspɔrt maruf kɪn ɪl mɪʃɪ , ɪl bnɛdmɪn bdɛw jɪmʃu bɪl wɪʔfa zɛwt͡ʃ mɪljunɪ ta snɪn ɪlu mɛta tfatt͡ʃa ɔmɔ ɛrɛktus lɪ tfɪssɛr bnɪdɛm bɪl wɪʔfa .
Studju ppubblikat nhar il-Ħamis fil-ġurnal “Science” ipprovda rapport dwar il-ħolqien ta' speċi ta' għasfur ġdid fil-Gżejjer tal-Galapagos ġewwa l-Ekwador.	studju ppubblɪkat nar ɪl ħamɪs fɪl d͡ʒurnal skɪnkɛ ɪpprɔvda rappɔrt dwar ɪl ħɔlʔɪn ta spɛt͡ʃɪ ta asfur d͡ʒdɪt fɪl ɡzɛjjɛr tal ɡalapaɡɔs d͡ʒɛwwa l ɛkwadɔr .
Studju ppubblikat nhar il-Ħamis fil-ġurnal “Science” ipprovda rapport dwar il-ħolqien ta' speċi ta' għasfur ġdid fil-Gżejjer tal-Galapagos ġewwa l-Ekwador.	studju ppubblɪkat nar ɪl ħamɪs fɪl d͡ʒurnal skɪnkɛ ɪpprɔvda rappɔrt dwar ɪl ħɔlʔɪn ta spɛt͡ʃɪ ta asfur d͡ʒdɪt fɪl ɡzɛjjɛr tal ɡalapaɡɔs d͡ʒɛwwa l ɛkwadɔr .
Ellsworth Land huwa r-reġjun fin-nofsinhar tal-Peniżola, imdawwar bil-Baħar Bellingshausen.	ɛllswɔrtħ lant uwa r rɛd͡ʒjun fɪn nɔfsɪnar tal pɛnɪzɔla , ɪmdawwar bɪl baħar bɛllɪnksausɛn .
Ellsworth Land huwa r-reġjun fin-nofsinhar tal-Peniżola, imdawwar bil-Baħar Bellingshausen.	ɛllswɔrtħ lant uwa r rɛd͡ʒjun fɪn nɔfsɪnar tal pɛnɪzɔla , ɪmdawwar bɪl baħar bɛllɪnksausɛn .
Pereżempju, wieħed jista' jgħid li l-karozzi neċessarjament iwasslu għall-iżvilupp ta' toroq.	pɛrɛzɛmpju , wɪħɛt jɪsta jɪt lɪ l karɔtt͡sɪ nɛt͡ʃɛssarjamɛnt ɪwasslu al ɪzvɪlup ta tɔrɔʔ .
Pereżempju, wieħed jista' jgħid li l-karozzi neċessarjament iwasslu għall-iżvilupp ta' toroq.	pɛrɛzɛmpju , wɪħɛt jɪsta jɪt lɪ l karɔtt͡sɪ nɛt͡ʃɛssarjamɛnt ɪwasslu al ɪzvɪlup ta tɔrɔʔ .
Huma kkanċellaw it-tour wara li l-kantant ewlieni Steven Tyler weġġa' wara li waqa' minn fuq il-palk meta kien qed idoqq fil-5 ta' Awwissu.	uma kkant͡ʃɛllaw ɪt tɔur wara lɪ l kantant ɛwlɪnɪ stɛvɛn tjlɛr wɛdd͡ʒa wara lɪ waʔa mɪn fuʔ ɪl palk mɛta kɪn ʔɛt ɪdɔʔ fɪl ħamsa ta awwɪssu .
Huma kkanċellaw it-tour wara li l-kantant ewlieni Steven Tyler weġġa' wara li waqa' minn fuq il-palk meta kien qed idoqq fil-5 ta' Awwissu.	uma kkant͡ʃɛllaw ɪt tɔur wara lɪ l kantant ɛwlɪnɪ stɛvɛn tjlɛr wɛdd͡ʒa wara lɪ waʔa mɪn fuʔ ɪl palk mɛta kɪn ʔɛt ɪdɔʔ fɪl ħamsa ta awwɪssu .
Għall-Awstraljani, l-idea tal-kafè msejjaħ “flat white” mhix familjari. “Short black” huwa “espresso”, kapuċċino jiġi mimli b’ħafna krema (mhux ragħwa), u t-te huwa servut mingħajr ħalib.	al awstraljanɪ , l ɪdɛa tal kafɛ msɛjjaħ flat wɪtɛ mɪʃ famɪljarɪ . sɔrt blak uwa ɛsprɛssɔ , kaputt͡ʃɪnɔ jɪd͡ʒɪ mɪmlɪ p ħafna krɛma muʃ rawa , u t tɛ uwa sɛrvut mɪnajr ħalɪp .
Għall-Awstraljani, l-idea tal-kafè msejjaħ “flat white” mhix familjari. “Short black” huwa “espresso”, kapuċċino jiġi mimli b’ħafna krema (mhux ragħwa), u t-te huwa servut mingħajr ħalib.	al awstraljanɪ , l ɪdɛa tal kafɛ msɛjjaħ flat wɪtɛ mɪʃ famɪljarɪ . sɔrt blak uwa ɛsprɛssɔ , kaputt͡ʃɪnɔ jɪd͡ʒɪ mɪmlɪ p ħafna krɛma muʃ rawa , u t tɛ uwa sɛrvut mɪnajr ħalɪp .
Waqt li l-maġġoranza tal-ikel tagħhom huwa familjari għalina, ir-Rumani fil-fatt kellhom numru ta' oġġetti tal-festi li kienu strambi jew mhux tas-soltu, inklużi il-ħanżir selvaġġ, il-pagun, il-bebbux, u tip ta' rodent qisu ġurdien li jorqod ħafna.	waʔt lɪ l madd͡ʒɔrant͡sa tal ɪkɛl taɔm uwa famɪljarɪ alɪna , ɪr rumanɪ fɪl fat kɛllɔm numru ta ɔdd͡ʒɛttɪ tal fɛstɪ lɪ kɪnu strambɪ jɛw muʃ tas sɔltu , ɪnkluzɪ ɪl ħanzɪr sɛlvat͡ʃ , ɪl paɡun , ɪl bɛbbuʃ , u tɪp ta rɔdɛnt ʔɪsu d͡ʒurdɪn lɪ jɔrʔɔt ħafna .
F'kundizzjonijiet tajbin se tkun tista' tkopri distanzi kemmxejn itwal milli kieku timxi imma huwa biss rari ħafna li se jkollok il-veloċitajiet tal-iskijar “cross country” mingħajr backpack tqil f'binarji ppreparati.	fkundɪtt͡sjɔnɪjɪt tajbɪn sɛ tkun tɪsta tkɔprɪ dɪstant͡sɪ kɛmmʃɛjn ɪtwal mɪllɪ kɪku tɪmʃɪ ɪmma uwa bɪs rarɪ ħafna lɪ sɛ jkɔllɔk ɪl vɛlɔt͡ʃɪtajɪt tal ɪskɪjar krɔs kɔuntrj mɪnajr bakkpak tʔɪl vbɪnarjɪ pprɛparatɪ .
Il-folla ġiegħlet lir-Re u lir-Reġina jżommu t-twieqi tal-karozzin tagħhom miftuħin beraħ.	ɪl fɔlla d͡ʒɪlɛt lɪr rɛ u lɪr rɛd͡ʒɪna jzɔmmu t twɪʔɪ tal karɔtt͡sɪn taɔm mɪftuħɪn bɛraħ .
Il-folla ġiegħlet lir-Re u lir-Reġina jżommu t-twieqi tal-karozzin tagħhom miftuħin beraħ.	ɪl fɔlla d͡ʒɪlɛt lɪr rɛ u lɪr rɛd͡ʒɪna jzɔmmu t twɪʔɪ tal karɔtt͡sɪn taɔm mɪftuħɪn bɛraħ .
F'postijiet remoti, mingħajr kopertura tat-telefon ċellulari, it-telefon satellitari jista' jkun l-unika għażla tiegħek.	fpɔstɪjɪt rɛmɔtɪ , mɪnajr kɔpɛrtura tat tɛlɛfɔn t͡ʃɛllularɪ , ɪt tɛlɛfɔn satɛllɪtarɪ jɪsta jkun l unɪka azla tɪɛk .
Il-mexxej suprem tal-pajjiż, l-Ayatollah Ali Khamenei, iddeskriva d-dipendenza fuq iż-żejt bħala "nassa" li bdiet sa minn qabel ir-rivoluzzjoni Iżlamika tal-Iran fl-1979 u li l-pajjiż għandu jeħles lilu nnifsu minnha.	ɪl mɛʃʃɛj suprɛm tal pajjɪs , l ajatɔllaħ alɪ kamɛnɛɪ , ɪddɛskrɪva t dɪpɛndɛnt͡sa fuʔ ɪs zɛjt pħala nassa lɪ bdɪt sa mɪn ʔabɛl ɪr rɪvɔlutt͡sjɔnɪ ɪzlamɪka tal ɪran fl ɛlf dɪsa mɪja u dɪsa u sɛbɪn u lɪ l pajjɪs andu jɛħlɛs lɪlu nnɪfsu mɪnna .
Il-mexxej suprem tal-pajjiż, l-Ayatollah Ali Khamenei, iddeskriva d-dipendenza fuq iż-żejt bħala "nassa" li bdiet sa minn qabel ir-rivoluzzjoni Iżlamika tal-Iran fl-1979 u li l-pajjiż għandu jeħles lilu nnifsu minnha.	ɪl mɛʃʃɛj suprɛm tal pajjɪs , l ajatɔllaħ alɪ kamɛnɛɪ , ɪddɛskrɪva t dɪpɛndɛnt͡sa fuʔ ɪs zɛjt pħala nassa lɪ bdɪt sa mɪn ʔabɛl ɪr rɪvɔlutt͡sjɔnɪ ɪzlamɪka tal ɪran fl ɛlf dɪsa mɪja u dɪsa u sɛbɪn u lɪ l pajjɪs andu jɛħlɛs lɪlu nnɪfsu mɪnna .
Il-mexxej suprem tal-pajjiż, l-Ayatollah Ali Khamenei, iddeskriva d-dipendenza fuq iż-żejt bħala "nassa" li bdiet sa minn qabel ir-rivoluzzjoni Iżlamika tal-Iran fl-1979 u li l-pajjiż għandu jeħles lilu nnifsu minnha.	ɪl mɛʃʃɛj suprɛm tal pajjɪs , l ajatɔllaħ alɪ kamɛnɛɪ , ɪddɛskrɪva t dɪpɛndɛnt͡sa fuʔ ɪs zɛjt pħala nassa lɪ bdɪt sa mɪn ʔabɛl ɪr rɪvɔlutt͡sjɔnɪ ɪzlamɪka tal ɪran fl ɛlf dɪsa mɪja u dɪsa u sɛbɪn u lɪ l pajjɪs andu jɛħlɛs lɪlu nnɪfsu mɪnna .
Għaldaqstant, il-qari ta' dan il-ktieb introduttorju tal-grammatika jista' jgħinek titgħallem ħafna dwar il-grammatika Persjana u tifhem aħjar il-frażijiet.	aldaʔstant , ɪl ʔarɪ ta dan ɪl ktɪp ɪntrɔduttɔrju tal ɡrammatɪka jɪsta jɪnɛk tɪtallɛm ħafna dwar ɪl ɡrammatɪka pɛrsjana u tɪfɛm aħjar ɪl frazɪjɪt .
Minħabba sanzjonijiet internazzjonali ma setgħux jinxtraw ajruplani ġodda.	mɪnħabba sant͡sjɔnɪjɪt ɪntɛrnatt͡sjɔnalɪ ma sɛtuʃ jɪnʃtraw ajruplanɪ d͡ʒɔdda .
Huma jiddefinixxu wkoll ir-rotot ta' mogħdijiet popolari għal mixjiet twal u sewqan tar-roti.	uma jɪddɛfɪnɪʃʃu wkɔl ɪr rɔtɔt ta mɔdɪjɪt pɔpɔlarɪ al mɪʃjɪt twal u sɛwʔan tar rɔtɪ .
Huma jiddefinixxu wkoll ir-rotot ta' mogħdijiet popolari għal mixjiet twal u sewqan tar-roti.	uma jɪddɛfɪnɪʃʃu wkɔl ɪr rɔtɔt ta mɔdɪjɪt pɔpɔlarɪ al mɪʃjɪt twal u sɛwʔan tar rɔtɪ .
Każijiet b'suspett ta’ H5N1 fil-Kroazja u d-Danimarka għadhom mhumiex ikkonfermati.	kazɪjɪt psuspɛt ta ħ ħamsa n wɪħɛt fɪl krɔat͡sja u t danɪmarka adɔm mumɪʃ ɪkkɔnfɛrmatɪ .
Każijiet b'suspett ta’ H5N1 fil-Kroazja u d-Danimarka għadhom mhumiex ikkonfermati.	kazɪjɪt psuspɛt ta ħ ħamsa n wɪħɛt fɪl krɔat͡sja u t danɪmarka adɔm mumɪʃ ɪkkɔnfɛrmatɪ .
Fdalijiet ta' sistemi tad-drenaġġ instabu fid-djar tal-bliet Minoani ta' Kreta u Santorini fil-Greċja.	vdalɪjɪt ta sɪstɛmɪ tat drɛnat͡ʃ ɪnstabu fɪt djar tal blɪt mɪnɔanɪ ta krɛta u santɔrɪnɪ fɪl ɡrɛt͡ʃja .
Fdalijiet ta' sistemi tad-drenaġġ instabu fid-djar tal-bliet Minoani ta' Kreta u Santorini fil-Greċja.	vdalɪjɪt ta sɪstɛmɪ tat drɛnat͡ʃ ɪnstabu fɪt djar tal blɪt mɪnɔanɪ ta krɛta u santɔrɪnɪ fɪl ɡrɛt͡ʃja .
Il-filtri jvarjaw fl-effettività tagħhom, u jekk ikollok xi tħassib, għandek tikkunsidra li tixtri l-ilma tiegħek fi fliexken issiġillati minn kumpanija li jkollha isem tajjeb.	ɪl fɪltrɪ jvarjaw fl ɛffɛttɪvɪta taɔm , u jɛk ɪkɔllɔk ʃɪ tħassɪp , andɛk tɪkkunsɪdra lɪ tɪʃtrɪ l ɪlma tɪɛk fɪ flɪʃkɛn ɪssɪd͡ʒɪllatɪ mɪn kumpanɪja lɪ jkɔlla ɪsɛm tajjɛp .
Il-filtri jvarjaw fl-effettività tagħhom, u jekk ikollok xi tħassib, għandek tikkunsidra li tixtri l-ilma tiegħek fi fliexken issiġillati minn kumpanija li jkollha isem tajjeb.	ɪl fɪltrɪ jvarjaw fl ɛffɛttɪvɪta taɔm , u jɛk ɪkɔllɔk ʃɪ tħassɪp , andɛk tɪkkunsɪdra lɪ tɪʃtrɪ l ɪlma tɪɛk fɪ flɪʃkɛn ɪssɪd͡ʒɪllatɪ mɪn kumpanɪja lɪ jkɔlla ɪsɛm tajjɛp .
Waħda ntbagħtet lil George Washington fis-6 ta' Lulju, li ordna li din tinqara lit-truppi tiegħu ġewwa New York fid-9 ta' Lulju. Kopja waslet Londra fl-10 ta' Awwissu.	waħda ndbatɛt lɪl ɡɛɔrɡɛ wasɪnktɔn fɪs sɪtta ta lulju , lɪ ɔrdna lɪ dɪn tɪnʔara lɪt truppɪ tɪu d͡ʒɛwwa nɛw jɔrk fɪt dɪsa ta lulju . kɔpja waslɛt lɔndra fl aʃra ta awwɪssu .
Waħda ntbagħtet lil George Washington fis-6 ta' Lulju, li ordna li din tinqara lit-truppi tiegħu ġewwa New York fid-9 ta' Lulju. Kopja waslet Londra fl-10 ta' Awwissu.	waħda ndbatɛt lɪl ɡɛɔrɡɛ wasɪnktɔn fɪs sɪtta ta lulju , lɪ ɔrdna lɪ dɪn tɪnʔara lɪt truppɪ tɪu d͡ʒɛwwa nɛw jɔrk fɪt dɪsa ta lulju . kɔpja waslɛt lɔndra fl aʃra ta awwɪssu .
Qabel “The Simpsons” Simon ħadem fuq diversi programmi f'pożizzjonijiet varji.	ʔabɛl tɛ sɪmpsɔns sɪmɔn ħadɛm fuʔ dɪvɛrsɪ prɔɡrammɪ fpɔzɪtt͡sjɔnɪjɪt varjɪ .
Qabel “The Simpsons” Simon ħadem fuq diversi programmi f'pożizzjonijiet varji.	ʔabɛl tɛ sɪmpsɔns sɪmɔn ħadɛm fuʔ dɪvɛrsɪ prɔɡrammɪ fpɔzɪtt͡sjɔnɪjɪt varjɪ .
It-tifqigħa wasslet lill-gvern Indjan biex iwettaq miżuri bħall-iskjerament ta' nies li jaqbdu l-ħnieżer fiż-żoni affettwati serjament, it-tqassim ta' eluf ta' purtieri kontra n-nemus u l-bexx tal-pestiċidi.	ɪt tɪfʔɪa wasslɛt lɪl ɡvɛrn ɪndjan bɪʃ ɪwɛttaʔ mɪzurɪ pħal ɪskjɛramɛnt ta nɪs lɪ jaʔbdu l ħnɪzɛr fɪs zɔnɪ affɛttwatɪ sɛrjamɛnt , ɪt tʔassɪm ta ɛluf ta purtɪrɪ kɔntra n nɛmus u l bɛʃ tal pɛstɪt͡ʃɪdɪ .
It-tifqigħa wasslet lill-gvern Indjan biex iwettaq miżuri bħall-iskjerament ta' nies li jaqbdu l-ħnieżer fiż-żoni affettwati serjament, it-tqassim ta' eluf ta' purtieri kontra n-nemus u l-bexx tal-pestiċidi.	ɪt tɪfʔɪa wasslɛt lɪl ɡvɛrn ɪndjan bɪʃ ɪwɛttaʔ mɪzurɪ pħal ɪskjɛramɛnt ta nɪs lɪ jaʔbdu l ħnɪzɛr fɪs zɔnɪ affɛttwatɪ sɛrjamɛnt , ɪt tʔassɪm ta ɛluf ta purtɪrɪ kɔntra n nɛmus u l bɛʃ tal pɛstɪt͡ʃɪdɪ .
Din it-teorija tgħid li l-maġġoranza tal-materja skura madwar galassja tinsab madwar il-galassja f'tip ta' dijadema u hija magħmula minn ħafna partikuli żgħar.	dɪn ɪt tɛɔrɪja tɪt lɪ l madd͡ʒɔrant͡sa tal matɛrja skura madwar ɡalassja tɪnsap madwar ɪl ɡalassja ftɪp ta dɪjadɛma u ɪja mamula mɪn ħafna partɪkulɪ zar .
Meta l-kapsula tasal fid-Dinja u tidħol fl-atmosfera, f'xi l-5 ta' filgħodu (ħin tal-Lvant), mistennija li toħloq spettaklu tad-dawl sostanzjali għan-nies fil-Kalifornja tat-Tramuntana, fl-Oregon, fin-Nevada, u f'Utah.	mɛta l kapsula tasal fɪt dɪnja u tɪtħɔl fl atmɔsfɛra , fʃɪ l ħamsa ta fɪlɔdu ħɪn tal lvant , mɪstɛnnɪja lɪ tɔħlɔʔ spɛttaklu tat dawl sɔstant͡sjalɪ an nɪs fɪl kalɪfɔrnja tat tramuntana , fl ɔrɛɡɔn , fɪn nɛvada , u futaħ .
Meta l-kapsula tasal fid-Dinja u tidħol fl-atmosfera, f'xi l-5 ta' filgħodu (ħin tal-Lvant), mistennija li toħloq spettaklu tad-dawl sostanzjali għan-nies fil-Kalifornja tat-Tramuntana, fl-Oregon, fin-Nevada, u f'Utah.	mɛta l kapsula tasal fɪt dɪnja u tɪtħɔl fl atmɔsfɛra , fʃɪ l ħamsa ta fɪlɔdu ħɪn tal lvant , mɪstɛnnɪja lɪ tɔħlɔʔ spɛttaklu tat dawl sɔstant͡sjalɪ an nɪs fɪl kalɪfɔrnja tat tramuntana , fl ɔrɛɡɔn , fɪn nɛvada , u futaħ .
L-istorja ppreżentata fl-opra Franċiża, minn Camille Saint-Saens, hija ta' artist "li ħajtu hija kkontrollata mill-imħabba għad-drogi u l-Ġappun."	l ɪstɔrja pprɛzɛntata fl ɔpra frant͡ʃɪza , mɪn kamɪllɛ saɪnt saɛns , ɪja ta artɪst lɪ ħajtu ɪja kkɔntrɔllata mɪl ɪmħabba at drɔɡɪ u l d͡ʒappun .
L-istorja ppreżentata fl-opra Franċiża, minn Camille Saint-Saens, hija ta' artist "li ħajtu hija kkontrollata mill-imħabba għad-drogi u l-Ġappun."	l ɪstɔrja pprɛzɛntata fl ɔpra frant͡ʃɪza , mɪn kamɪllɛ saɪnt saɛns , ɪja ta artɪst lɪ ħajtu ɪja kkɔntrɔllata mɪl ɪmħabba at drɔɡɪ u l d͡ʒappun .
Aktar lejn in-Nofsinhar hemm in-Niagara Falls u lejn it-Tramuntana hemm is-sbuħija naturali mhux sfruttata tal-Muskoka u lil hinn minnha.	aktar lɛjn ɪn nɔfsɪnar ɛm ɪn nɪaɡara falls u lɛjn ɪt tramuntana ɛm ɪs zbuħɪja naturalɪ muʃ sfruttata tal muskɔka u lɪl ɪn mɪnna .
Jista' jsir irqiq ħafna, u jitwaħħal ma' metall ieħor. Jista' jsir tant irqiq li xi kultant kien jintuża għat-tiżjin tal-istampi mpittrin bl-idejn f'kotba msejħa "manuskritti mdawwlin".	jɪsta jsɪr ɪrʔɪʔ ħafna , u jɪtwaħħal ma mɛtal ɪħɔr . jɪsta jsɪr tant ɪrʔɪʔ lɪ ʃɪ kultant kɪn jɪntuza at tɪzjɪn tal ɪstampɪ mpɪttrɪn bl ɪdɛjn fkɔdba msɛjħa manuskrɪttɪ mdawwlɪn .
Jista' jsir irqiq ħafna, u jitwaħħal ma' metall ieħor. Jista' jsir tant irqiq li xi kultant kien jintuża għat-tiżjin tal-istampi mpittrin bl-idejn f'kotba msejħa "manuskritti mdawwlin".	jɪsta jsɪr ɪrʔɪʔ ħafna , u jɪtwaħħal ma mɛtal ɪħɔr . jɪsta jsɪr tant ɪrʔɪʔ lɪ ʃɪ kultant kɪn jɪntuza at tɪzjɪn tal ɪstampɪ mpɪttrɪn bl ɪdɛjn fkɔdba msɛjħa manuskrɪttɪ mdawwlɪn .
Matul il-vjaġġ tiegħu, Iwasaki sab problemi f'ħafna okkażjonijiet.	matul ɪl vjat͡ʃ tɪu , ɪwasakɪ sap prɔblɛmɪ fħafna ɔkkazjɔnɪjɪt .
Matul il-vjaġġ tiegħu, Iwasaki sab problemi f'ħafna okkażjonijiet.	matul ɪl vjat͡ʃ tɪu , ɪwasakɪ sap prɔblɛmɪ fħafna ɔkkazjɔnɪjɪt .
Dan mhux biss jikkonferma li mill-inqas xi dinosawri kellhom ir-rix, teorija diġà mifruxa ħafna, imma jipprovdi dettalji li l-fossili ġeneralment ma jistgħux jagħtu, bħall-kulur u l-arranġament tridimensjonali.	dan muʃ bɪs jɪkkɔnfɛrma lɪ mɪl ɪnʔas ʃɪ dɪnɔsawrɪ kɛllɔm ɪr rɪʃ , tɛɔrɪja dɪd͡ʒa mɪfruʃa ħafna , ɪmma jɪpprɔvdɪ dɛttaljɪ lɪ l fɔssɪlɪ d͡ʒɛnɛralmɛnt ma jɪstuʃ jatu , pħal kulur u l arrand͡ʒamɛnt trɪdɪmɛnsjɔnalɪ .
Dan mhux biss jikkonferma li mill-inqas xi dinosawri kellhom ir-rix, teorija diġà mifruxa ħafna, imma jipprovdi dettalji li l-fossili ġeneralment ma jistgħux jagħtu, bħall-kulur u l-arranġament tridimensjonali.	dan muʃ bɪs jɪkkɔnfɛrma lɪ mɪl ɪnʔas ʃɪ dɪnɔsawrɪ kɛllɔm ɪr rɪʃ , tɛɔrɪja dɪd͡ʒa mɪfruʃa ħafna , ɪmma jɪpprɔvdɪ dɛttaljɪ lɪ l fɔssɪlɪ d͡ʒɛnɛralmɛnt ma jɪstuʃ jatu , pħal kulur u l arrand͡ʒamɛnt trɪdɪmɛnsjɔnalɪ .
F'ħin minnhom membru tal-folla xejjer ras il-gwardjan irjali li nqatel ġewwa Versailles quddiem ir-Reġina li kienet imwerwra.	fħɪn mɪnnɔm mɛmbru tal fɔlla ʃɛjjɛr ras ɪl ɡwardjan ɪrjalɪ lɪ nʔatɛl d͡ʒɛwwa vɛrsaɪllɛs ʔuddɪm ɪr rɛd͡ʒɪna lɪ kɪnɛt ɪmwɛrwra .
F'ħin minnhom membru tal-folla xejjer ras il-gwardjan irjali li nqatel ġewwa Versailles quddiem ir-Reġina li kienet imwerwra.	fħɪn mɪnnɔm mɛmbru tal fɔlla ʃɛjjɛr ras ɪl ɡwardjan ɪrjalɪ lɪ nʔatɛl d͡ʒɛwwa vɛrsaɪllɛs ʔuddɪm ɪr rɛd͡ʒɪna lɪ kɪnɛt ɪmwɛrwra .
Erbatax-il skola fil-Hawaii li jinsabu fuq il-kosti jew viċin tagħhom ingħalqu l-ġurnata kollha nhar l-Erbgħa minkejja li t-twissijiet tneħħew.	ɛrbataʃ ɪl skɔla fɪl awaɪ lɪ jɪnsabu fuʔ ɪl kɔstɪ jɛw vɪt͡ʃɪn taɔm ɪnalʔu l d͡ʒurnata kɔlla nar l ɛrba mɪnkɛjja lɪ t twɪssɪjɪt tnɛħħɛw .
Erbatax-il skola fil-Hawaii li jinsabu fuq il-kosti jew viċin tagħhom ingħalqu l-ġurnata kollha nhar l-Erbgħa minkejja li t-twissijiet tneħħew.	ɛrbataʃ ɪl skɔla fɪl awaɪ lɪ jɪnsabu fuʔ ɪl kɔstɪ jɛw vɪt͡ʃɪn taɔm ɪnalʔu l d͡ʒurnata kɔlla nar l ɛrba mɪnkɛjja lɪ t twɪssɪjɪt tnɛħħɛw .
Kellha ddum għall-40 sena li ġejjin u kellha tiġi miġġielda ta' veru, minn armati alternattivi, fuq kampijiet tal-battalja mill-Afrika sal-Asja, fl-Afganistan, Kuba u ħafna postijiet oħra.	kɛlla ddum al ɛrbɪn sɛna lɪ d͡ʒɛjjɪn u kɛlla tɪd͡ʒɪ mɪdd͡ʒɪlda ta vɛru , mɪn armatɪ altɛrnattɪvɪ , fuʔ kampɪjɪt tal battalja mɪl afrɪka sal asja , fl avɡanɪstan , kuba u ħafna pɔstɪjɪt ɔħra .
Kellha ddum għall-40 sena li ġejjin u kellha tiġi miġġielda ta' veru, minn armati alternattivi, fuq kampijiet tal-battalja mill-Afrika sal-Asja, fl-Afganistan, Kuba u ħafna postijiet oħra.	kɛlla ddum al ɛrbɪn sɛna lɪ d͡ʒɛjjɪn u kɛlla tɪd͡ʒɪ mɪdd͡ʒɪlda ta vɛru , mɪn armatɪ altɛrnattɪvɪ , fuʔ kampɪjɪt tal battalja mɪl afrɪka sal asja , fl avɡanɪstan , kuba u ħafna pɔstɪjɪt ɔħra .
Jekk ma tkunx disponibbli ħadida tal-mogħdija, jew jekk ma tridx tilbes kalzetti mgħoddija, tista' tipprova tuża hair dryer, jekk tkun disponibbli.	jɛk ma tkunʃ dɪspɔnɪbblɪ ħadɪda tal mɔdɪja , jɛw jɛk ma trɪtʃ tɪlbɛs kalt͡sɛttɪ mɔddɪja , tɪsta tɪpprɔva tuza aɪr drjɛr , jɛk tkun dɪspɔnɪbblɪ .
Jekk ma tkunx disponibbli ħadida tal-mogħdija, jew jekk ma tridx tilbes kalzetti mgħoddija, tista' tipprova tuża hair dryer, jekk tkun disponibbli.	jɛk ma tkunʃ dɪspɔnɪbblɪ ħadɪda tal mɔdɪja , jɛw jɛk ma trɪtʃ tɪlbɛs kalt͡sɛttɪ mɔddɪja , tɪsta tɪpprɔva tuza aɪr drjɛr , jɛk tkun dɪspɔnɪbblɪ .
Il-kapsula se tidher ħafna qisha kewkba feġġa għaddejja fis-sema.	ɪl kapsula sɛ tɪdɛr ħafna ʔɪsa kɛwɡba fɛdd͡ʒa addɛjja fɪs sɛma .
Il-kapsula se tidher ħafna qisha kewkba feġġa għaddejja fis-sema.	ɪl kapsula sɛ tɪdɛr ħafna ʔɪsa kɛwɡba fɛdd͡ʒa addɛjja fɪs sɛma .
Il-protesti li kultant kienu vjolenti ġew skattati min-nuqqas li jsiru l-elezzjonijiet, li uħud minnhom kellhom isiru fl-2011.	ɪl prɔtɛstɪ lɪ kultant kɪnu vjɔlɛntɪ d͡ʒɛw skattatɪ mɪn nuʔʔas lɪ jsɪru l ɛlɛtt͡sjɔnɪjɪt , lɪ uħut mɪnnɔm kɛllɔm ɪsɪru fl ɛlfɛjn u ħdaʃ .
Il-protesti li kultant kienu vjolenti ġew skattati min-nuqqas li jsiru l-elezzjonijiet, li uħud minnhom kellhom isiru fl-2011.	ɪl prɔtɛstɪ lɪ kultant kɪnu vjɔlɛntɪ d͡ʒɛw skattatɪ mɪn nuʔʔas lɪ jsɪru l ɛlɛtt͡sjɔnɪjɪt , lɪ uħut mɪnnɔm kɛllɔm ɪsɪru fl ɛlfɛjn u ħdaʃ .
Waqt li jżuru l-monasteri, in-nisa jkollhom jilbsu dbielet li jgħattu l-irkopptejn u li jkollhom spallithom mgħottijin wkoll.	waʔt lɪ jzuru l mɔnastɛrɪ , ɪn nɪsa jkɔllɔm jɪlpsu dbɪlɛt lɪ jattu l ɪrkɔpptɛjn u lɪ jkɔllɔm spallɪtɔm mɔttɪjɪn wkɔl .
Waqt li jżuru l-monasteri, in-nisa jkollhom jilbsu dbielet li jgħattu l-irkopptejn u li jkollhom spallithom mgħottijin wkoll.	waʔt lɪ jzuru l mɔnastɛrɪ , ɪn nɪsa jkɔllɔm jɪlpsu dbɪlɛt lɪ jattu l ɪrkɔpptɛjn u lɪ jkɔllɔm spallɪtɔm mɔttɪjɪn wkɔl .
Għandha varjetà notevolment wiesgħa ta' komunitajiet ta' pjanti, minħabba l-firxa tagħha ta' mikroklimi, ħamrija differenti u livelli differenti ta' altitudni.	anda varjɛta nɔtɛvɔlmɛnt wɪsa ta kɔmunɪtajɪt ta pjantɪ , mɪnħabba l fɪrʃa ta ta mɪkrɔklɪmɪ , ħamrɪja dɪffɛrɛntɪ u lɪvɛllɪ dɪffɛrɛntɪ ta altɪtudnɪ .
Is-sigriet għas-suċċess tagħhom huwa l-kunċett ta' niċċa, kompitu speċjali li kull qattus ikollu u li ma jħallihx jikkompeti mal-oħrajn.	ɪs sɪɡrɪt as sutt͡ʃɛs taɔm uwa l kunt͡ʃɛt ta nɪtt͡ʃa , kɔmpɪtu spɛt͡ʃjalɪ lɪ kul ʔattus ɪkɔllu u lɪ ma jħallɪʃ jɪkkɔmpɛtɪ mal ɔħrajn .
Ħafna mwiet jiġru minħabba għejja wara li wieħed jipprova jgħum lura kontra l-kurrent, li jista' jkun impossibbli.	ħafna mwɪt jɪd͡ʒru mɪnħabba ɛjja wara lɪ wɪħɛt jɪpprɔva jum lura kɔntra l kurrɛnt , lɪ jɪsta jkun ɪmpɔssɪbblɪ .
Kienu mġegħlin iħallsu t-taxxi lir-reġim kolonjali tal-Istati Uniti biex titħallas il-parti l-kbira tan-nefqiet u l-imgħax fuq il-bonds maħruġin f'isem il-ġvern Filippin permezz tal-istituzzjonijiet bankarji ta' Wall Street.	kɪnu md͡ʒɛlɪn ɪħallsu t taʃʃɪ lɪr rɛd͡ʒɪm kɔlɔnjalɪ tal ɪstatɪ unɪtɪ bɪʃ tɪtħallas ɪl partɪ l ɡbɪra tan nɛfʔɪt u l ɪmaʃ fuʔ ɪl bɔnts maħrud͡ʒɪn fɪsɛm ɪl d͡ʒvɛrn fɪlɪppɪn pɛrmɛt͡s tal ɪstɪtutt͡sjɔnɪjɪt bankarjɪ ta wal strɛt .
Kienu mġegħlin iħallsu t-taxxi lir-reġim kolonjali tal-Istati Uniti biex titħallas il-parti l-kbira tan-nefqiet u l-imgħax fuq il-bonds maħruġin f'isem il-ġvern Filippin permezz tal-istituzzjonijiet bankarji ta' Wall Street.	kɪnu md͡ʒɛlɪn ɪħallsu t taʃʃɪ lɪr rɛd͡ʒɪm kɔlɔnjalɪ tal ɪstatɪ unɪtɪ bɪʃ tɪtħallas ɪl partɪ l ɡbɪra tan nɛfʔɪt u l ɪmaʃ fuʔ ɪl bɔnts maħrud͡ʒɪn fɪsɛm ɪl d͡ʒvɛrn fɪlɪppɪn pɛrmɛt͡s tal ɪstɪtutt͡sjɔnɪjɪt bankarjɪ ta wal strɛt .
Ħafna mill-Kruċieri distinti ġewwa l-Baltiku jinkludu żjara estiża ġewwa San Pietruburgu, fir-Russja.	ħafna mɪl krut͡ʃɪrɪ dɪstɪntɪ d͡ʒɛwwa l baltɪku jɪnkludu zjara ɛstɪza d͡ʒɛwwa san pɪtruburɡu , fɪr russja .
Ħafna mill-Kruċieri distinti ġewwa l-Baltiku jinkludu żjara estiża ġewwa San Pietruburgu, fir-Russja.	ħafna mɪl krut͡ʃɪrɪ dɪstɪntɪ d͡ʒɛwwa l baltɪku jɪnkludu zjara ɛstɪza d͡ʒɛwwa san pɪtruburɡu , fɪr russja .
L-aġenti tal-ivvjaġġar ħafna drabi jagħmlu ftehimiet ma' lukandi speċifiċi, għalkemm inti tista' ssibha possibbli li tibbukkja forom oħra ta' akkomodazzjoni, bħal postijiet tal-ikkampjar, permezz ta' aġent tal-ivvjaġġar.	l ad͡ʒɛntɪ tal ɪvvjadd͡ʒar ħafna drabɪ jamlu ftɛɪmɪt ma lukandɪ spɛt͡ʃɪfɪt͡ʃɪ , alkɛm ɪntɪ tɪsta ssɪba pɔssɪbblɪ lɪ tɪbbukkja fɔrɔm ɔħra ta akkɔmɔdatt͡sjɔnɪ , pħal pɔstɪjɪt tal ɪkkampjar , pɛrmɛt͡s ta ad͡ʒɛnt tal ɪvvjadd͡ʒar .
L-aġenti tal-ivvjaġġar ħafna drabi jagħmlu ftehimiet ma' lukandi speċifiċi, għalkemm inti tista' ssibha possibbli li tibbukkja forom oħra ta' akkomodazzjoni, bħal postijiet tal-ikkampjar, permezz ta' aġent tal-ivvjaġġar.	l ad͡ʒɛntɪ tal ɪvvjadd͡ʒar ħafna drabɪ jamlu ftɛɪmɪt ma lukandɪ spɛt͡ʃɪfɪt͡ʃɪ , alkɛm ɪntɪ tɪsta ssɪba pɔssɪbblɪ lɪ tɪbbukkja fɔrɔm ɔħra ta akkɔmɔdatt͡sjɔnɪ , pħal pɔstɪjɪt tal ɪkkampjar , pɛrmɛt͡s ta ad͡ʒɛnt tal ɪvvjadd͡ʒar .
L-abbozz jirrikjedi li vidjowgejms vjolenti mibjugħa fl-istat ta' Kalifornja jiġu ttikkettati b'dekalkomanija li fuqha jkollha "18" u jagħmel il-bejgħ tagħhom lil minuri kkastigat b'multa ta' $1000 għal kull reat.	l abbɔt͡s jɪrrɪkjɛdɪ lɪ vɪdjɔwɡɛjms vjɔlɛntɪ mɪbjua fl ɪstat ta kalɪfɔrnja jɪd͡ʒu ttɪkkɛttatɪ bdɛkalkɔmanɪja lɪ fuʔa jkɔlla tmɪntaʃ u jamɛl ɪl bɛjħ taɔm lɪl mɪnurɪ kkastɪɡat bmulta ta ɛlf dɔllaru al kul rɛat .
Madwar 3 minuti wara t-tnedija, kamera abbord uriet ħafna biċċiet ta' fowm iżolanti jinqalgħu minn mat-tank tal-fjuwil.	madwar tlɪta mɪnutɪ wara t tnɛdɪja , kamɛra abbɔrt urɪt ħafna bɪtt͡ʃɪt ta fɔwm ɪzɔlantɪ jɪnʔalu mɪn mat tank tal fjuwɪl .
Madwar 3 minuti wara t-tnedija, kamera abbord uriet ħafna biċċiet ta' fowm iżolanti jinqalgħu minn mat-tank tal-fjuwil.	madwar tlɪta mɪnutɪ wara t tnɛdɪja , kamɛra abbɔrt urɪt ħafna bɪtt͡ʃɪt ta fɔwm ɪzɔlantɪ jɪnʔalu mɪn mat tank tal fjuwɪl .
Bejn wieħed u ieħor fil-11:29, il-protesta mxiet ’il fuq f’Whitehall, għaddiet minn Trafalgar Square, tul l-iStrand, għaddiet minn Aldwych u ’l fuq f’Kingsway lejn Holborn fejn il-Partit Konservattiv kien qed imexxi l-Forum tar-Rebbiegħa tiegħu fil-lukanda Grand Connaught Rooms.	bɛjn wɪħɛt u ɪħɔr fɪl ħdaʃ u dɪsa u ɔʃrɪn , ɪl prɔtɛsta mʃɪt ɪl fuʔ f wɪtɛal , addɪt mɪn trafalɡar sʔuarɛ , tul l ɪstrant , addɪt mɪn aldwjkħ u l fuʔ f kɪnkswaj lɛjn ɔlbɔrn fɛjn ɪl partɪt kɔnsɛrvattɪf kɪn ʔɛt ɪmɛʃʃɪ l fɔrum tar rɛbbɪa tɪu fɪl lukanda ɡrant kɔnnaukt rɔms .
Bejn wieħed u ieħor fil-11:29, il-protesta mxiet ’il fuq f’Whitehall, għaddiet minn Trafalgar Square, tul l-iStrand, għaddiet minn Aldwych u ’l fuq f’Kingsway lejn Holborn fejn il-Partit Konservattiv kien qed imexxi l-Forum tar-Rebbiegħa tiegħu fil-lukanda Grand Connaught Rooms.	bɛjn wɪħɛt u ɪħɔr fɪl ħdaʃ u dɪsa u ɔʃrɪn , ɪl prɔtɛsta mʃɪt ɪl fuʔ f wɪtɛal , addɪt mɪn trafalɡar sʔuarɛ , tul l ɪstrant , addɪt mɪn aldwjkħ u l fuʔ f kɪnkswaj lɛjn ɔlbɔrn fɛjn ɪl partɪt kɔnsɛrvattɪf kɪn ʔɛt ɪmɛʃʃɪ l fɔrum tar rɛbbɪa tɪu fɪl lukanda ɡrant kɔnnaukt rɔms .
Bejn wieħed u ieħor fil-11:29, il-protesta mxiet ’il fuq f’Whitehall, għaddiet minn Trafalgar Square, tul l-iStrand, għaddiet minn Aldwych u ’l fuq f’Kingsway lejn Holborn fejn il-Partit Konservattiv kien qed imexxi l-Forum tar-Rebbiegħa tiegħu fil-lukanda Grand Connaught Rooms.	bɛjn wɪħɛt u ɪħɔr fɪl ħdaʃ u dɪsa u ɔʃrɪn , ɪl prɔtɛsta mʃɪt ɪl fuʔ f wɪtɛal , addɪt mɪn trafalɡar sʔuarɛ , tul l ɪstrant , addɪt mɪn aldwjkħ u l fuʔ f kɪnkswaj lɛjn ɔlbɔrn fɛjn ɪl partɪt kɔnsɛrvattɪf kɪn ʔɛt ɪmɛʃʃɪ l fɔrum tar rɛbbɪa tɪu fɪl lukanda ɡrant kɔnnaukt rɔms .
