बर्लिनमा पुलिसले 6,500 प्रदर्शनकारीहरू भएको अनुमान गरे	bʌɾlˈinma pulˈisle t͡sʰˈʌ ɦˈʌd͡zaɾ pˈãt͡s sˈʌj pɾʌd̪ʌɾsʌnkaɾˈiɦɾu bʱˈʌeko ˈʌnuman ɡˈʌɾe
यसका विशाल चमकदार झ्याल र पातलो पर्खालहरू लामो समयसम्म निर्धारित आक्रमणको प्रतिरोध गर्न सक्षम थिएनन्	jˈʌska wˈisal t͡sʌmˈʌkd̪aɾ d͡zʱjˈal ɾˈʌ pˈat̪lo pʌɾkʰalˈʌɦɾu lˈamo sʌmˈʌjsʌmːʌ nˈiɾd̪ʱaɾit̪ akɾʌmˈʌɳko pɾˈʌt̪iɾod̪ʱ ɡˈʌɾnʌ sˈʌksʌm t̪ʰˈienʌn
पक्राउ पर्नेमा baba kanjar bhutha kanjar rampro kanjar gaza kanjar र vishnu kanjar रहेका छन्	pˈʌkɾau pˈʌɾnema bˈʌbə kʰˈɑːnd͡ʒɑːɹ bˈʌθə kʰˈɑːnd͡ʒɑːɹ ɹˈæmpɹoᶷ kʰˈɑːnd͡ʒɑːɹ ɡˈɑːzə kʰˈɑːnd͡ʒɑːɹ ɾˈʌ vˈɪʃnuː kʰˈɑːnd͡ʒɑːɹ ɾˈʌɦeka t͡sʰˈʌn
त्यसपछि प्राप्त प्रमाणहरूले परीक्षाका उत्तरपुस्तिकामा छेडछाड गरिएको थियो भन्ने जनाएका थिए हललगायतका अन्य 34 जना शिक्षा अधिकारीहरूलाई सन् 2013 मा अभियोग लगाइएको थियो	t̪jʌsˈʌpt͡sʰi pɾˈapt̪ʌ pɾʌmaɳˈʌɦɾule pʌɾˈiksaka ut̪ːʌɾpˈust̪ikama t͡sʰˈeɖt͡sʰaɖ ɡˈʌɾieko t̪ʰˈijo bʱˈʌnːe d͡zˈʌnaeka t̪ʰˈie ɦʌlʌlɡajˈʌt̪ka ˈʌnjʌ t͡sʌˈũn̪t̪is d͡zˈʌna sˈiksa ʌd̪ʱikaɾˈiɦɾulai sˈʌn d̪ˈui ɦˈʌd͡zaɾ t̪ˈeɦɾʌ mˈa ˈʌbʱijoɡ lˈʌɡaieko t̪ʰˈijo
रानी elizabeth द्वितीय अष्ट्रेलियाको अन्तिम राजा हुन सर्वेक्षणमा 34 प्रतिशतले यो दृष्टिकोण साझा गरे	ɾˈani ɪlˈɪzəbəθ d̪wˈit̪ij ˈʌsʈɾelijako ˈʌnt̪im ɾˈad͡za ɦˈun sʌɾweksˈʌɳma t͡sʌˈũn̪t̪is pɾʌt̪isˈʌt̪le jˈo d̪ɾˈɪsʈikoɳ sˈad͡zʱa ɡˈʌɾe
सुन्दरवनले 3,850 वर्ग किलोमिटर क्षेत्रफल ओगटेको छ जसमध्ये करिब एक तिहाइ भाग पानी र दलदल क्षेत्रहरूले ढाकिएको छ	sund̪ʌɾwˈʌnle t̪ˈin ɦˈʌd͡zaɾ ˈaʈʰ sˈʌj pˈʌt͡sas wˈʌɾɡʌ kˈilomiʈʌɾ ksˈet̪ɾʌpʰʌl ˈoɡʈeko t͡sʰˈʌ d͡zʌsmˈʌd̪ʱje kˈʌɾib ˈek t̪ˈiɦai bʱˈaɡ pˈani ɾˈʌ d̪ˈʌld̪ʌl kset̪ɾˈʌɦɾule ɖʱˈakieko t͡sʰˈʌ
यस सेवामा जडानका बारेमा तपाईंको स्थानीय टेलिफोन सेवा प्रदायकले धेरै जानकारी दिन सक्नु पर्छ	jˈʌs sˈewama d͡zʌɖˈanka bˈaɾema t̪ʌpaˈĩŋko st̪ʰˈanij ʈˈelipʰon sˈewa pɾʌd̪ajˈʌkle d̪ʱˈeɾʌi d͡zˈankaɾi d̪ˈin sˈʌknu pˈʌɾt͡sʰʌ
व्हिसलर भ्यानकुवरबाट 1.5 घण्टाको ड्राईभ महँगो रहेको छ तर 2010को शीतकालीन ओलम्पिकको कारण राम्रोसँग परिचित रहेको छ।	wɦˈislʌɾ bʱjankuwˈʌɾbaʈ ˈek d̪ʌsˈʌmlʌw pˈãt͡s ɡʱˈʌɳʈako ɖɾˈaibʱ mʌɦˈʌ̃ɡo ɾˈʌɦeko t͡sʰˈʌ t̪ˈʌɾ d̪ˈui ɦˈʌd͡zaɾ d̪ˈʌs kˈo sˈit̪kalin olʌmpˈikko kˈaɾʌɳ ɾamɾosˈʌ̃ɡ pˈʌɾit͡sit̪ ɾˈʌɦeko t͡sʰˈʌ .
पेरीले विशेष रूपमा भने यस मामिलामा खडा भएको चुनौतीको सामना गर्न विश्वका केही स्थानहरू राम्रा छन्	pˈeɾile wˈises ɾˈupma bʱˈʌne jˈʌs mˈamilama kʰˈʌɖa bʱˈʌeko t͡sˈunʌut̪iko sˈamna ɡˈʌɾnʌ wˈiswʌka kˈeɦi st̪ʰanˈʌɦɾu ɾˈamɾa t͡sʰˈʌn
यद्यपि प्रत्येक देश स्कान्डिनेभियन भए पनि त्यहाँ डेनमार्क स्विडेन नर्वे र आइसल्यान्डका मानिस राजाहरू रीतिथिति र इतिहासका बीचमा धेरै भिन्नताहरू थिए	jˈʌd̪jʌpi pɾˈʌt̪jek d̪ˈes skˈanɖinebʱijʌn bʱˈʌe pˈʌni t̪jˈʌɦã ɖenmˈaɾkʌ swˈiɖen nˈʌɾwe ɾˈʌ aisʌljˈanɖʌka mˈanis ɾad͡zˈaɦɾu ɾˈit̪it̪ʰit̪i ɾˈʌ it̪iɦˈaska bˈit͡sma d̪ʱˈeɾʌi bʱinːʌt̪ˈaɦɾu t̪ʰˈie
अश्वदल भनेको घोडामा चढेर युद्ध गर्ने सेना हो त्यो बेलासम्म काठी आविष्कार भएको थिएन त्यसैले एसिरियन अश्वदलले घोडाको नाङ्गो ढाडमा बसेर युद्ध लड्यो	ˈʌswʌd̪ʌl bʱˈʌneko ɡʱˈoɖama t͡sˈʌɖʱeɾ jˈud̪ʱːʌ ɡˈʌɾne sˈena ɦˈo t̪jˈo bˈelasʌmːʌ kˈaʈʰi awˈiskaɾ bʱˈʌeko t̪ʰˈien t̪jˈʌsʌile ˈesiɾijʌn ʌswʌd̪ˈʌlle ɡʱˈoɖako nˈaŋɡo ɖʱˈaɖma bˈʌseɾ jˈud̪ʱːʌ lˈʌɖjo
अहिले तस्बिर र भिडियोहरू तोडमोड गर्न कम्प्युटरहरू प्रयोग गरिन्छ	ˈʌɦile t̪ˈʌsbiɾ ɾˈʌ bʱiɖijˈoɦɾu t̪ˈoɖmoɖ ɡˈʌɾnʌ kˈʌmpjuʈɾʌɦɾu pɾˈʌjoɡ ɡʌɾˈint͡sʰʌ
चश्माहरू विदेशमा सस्ता हुन सक्छन् विशेषगरी कम आय भएका देशहरूमा जहाँ श्रम लागत कम हुन्छन्	t͡sʌsmˈaɦɾu wid̪ˈesma sˈʌst̪a ɦˈun sˈʌkt͡sʰʌn wisesˈʌɡɾi kˈʌm ˈaj bʱˈʌeka d̪esˈʌɦɾuma d͡zˈʌɦã sɾˈʌm lˈaɡʌt̪ kˈʌm ɦˈunt͡sʰʌn
जनरल जेम्स ईविङ्गले ट्रेन्टन फेरीमा नदी पार गर्न 700 मिलिशिया लिने गर्थे असुनपिंक क्रिकमा भएको पुल कब्जा गर्थे र कुनै पनि शत्रू सेनालाई भाग्नबाट रोक्दथे	d͡zˈʌnɾʌl d͡zˈemsʌ iwˈiŋɡʌle ʈɾˈenʈʌn pʰˈeɾima nˈʌd̪i pˈaɾ ɡˈʌɾnʌ sˈat̪ sˈʌj mˈilisija lˈine ɡˈʌɾt̪ʰe ʌsunpˈĩŋkʌ kɾˈikma bʱˈʌeko pˈul kˈʌbd͡za ɡˈʌɾt̪ʰe ɾˈʌ kˈunʌi pˈʌni sˈʌt̪ɾu sˈenalai bʱˈaɡnʌbaʈ ɾˈokd̪ʌt̪ʰe
चिम्पान्जीको हात र खुट्टा आकार र लम्बाईमा उस्तै हुन्छन् जसले औँला टेकेर हिँड्दा तौल बोक्नको लागि हातको प्रयोगलाई झल्काउँछन्	t͡simpˈand͡ziko ɦˈat̪ ɾˈʌ kʰˈuʈʈa ˈakaɾ ɾˈʌ lˈʌmbaima ˈust̪ʌi ɦˈunt͡sʰʌn d͡zˈʌsle ʌˈũla ʈˈekeɾ ɦˈĩɖd̪a t̪ˈʌul bˈoknʌko lˈaɡi ɦˈat̪ko pɾʌjˈoɡlai d͡zʱʌlkaˈũt͡sʰʌn
यस्तो व्यवस्था भएमा यो स्वतन्त्रता अन्त्य हुन सक्छ	jˈʌst̪o wjʌwˈʌst̪ʰa bʱˈʌema jˈo swʌt̪ˈʌnt̪ɾʌt̪a ˈʌnt̪jʌ ɦˈun sˈʌkt͡sʰʌ
सफिर-सिम्पसन आँधी मापनमा एक पटक श्रेणी 4 आँधी फेलिसिया मङ्गलवारका दिन विघटन हुनुभन्दा अगाडि उष्ण प्रदेशिय संकुचन हुनाले कमजोर भयो	sˈʌpʰiɾ sˈimpʌsʌn ˈãd̪ʱi mapˈʌnma ˈek pˈʌʈʌk sɾˈeɳi t͡sˈaɾ ˈãd̪ʱi pʰˈelisija mʌŋɡʌlwˈaɾka d̪ˈin wˈiɡʱʈʌn ɦunubʱˈʌnd̪a ˈʌɡaɖi ˈusɳʌ pɾˈʌd̪esij sˈʌ̃ŋkut͡sʌn ɦˈunale kˈʌmd͡zoɾ bʱˈʌjo
लेन्स उत्पादकहरूले लेन्सको उत्पादनमा उच्च गुणस्तर प्राप्त गरेपछि यो समस्या कम हुँदै गइरहेको छ	lˈensʌ ut̪pad̪kˈʌɦɾule lˈensʌko ut̪pad̪ˈʌnma ˈut͡st͡sʌ ɡuɳˈʌst̪ʌɾ pɾˈapt̪ʌ ɡʌɾˈept͡sʰi jˈo sʌmˈʌsja kˈʌm ɦˈũd̪ʌi ɡʌˈiɾɦeko t͡sʰˈʌ
अन्य देशका दमनशील मजदूर वर्गका मान्छेहरूलाई पनि आफ्नो क्रान्ति सुरु गर्न फ्रान्सको क्रान्तिले प्रेरित गर्‍यो।	ˈʌnjʌ d̪ˈeska d̪ʌmˈʌnsil mˈʌd͡zd̪uɾ wˈʌɾɡʌka mant͡sʰˈeɦɾulai pˈʌni ˈapʰno kɾˈant̪i sˈuɾu ɡˈʌɾnʌ pʰɾˈansʌko kɾˈant̪ile pɾˈeɾit̪ ɡˈʌɾjo .
यी सबै चीजहरू र अरू थप कुराले ओन्टारियोलाई हाइलाइट गर्दछ जसलाई बाहिरी मानिसहरूले सबैभन्दा उच्च कोटीको क्यानाडियाली मान्दछन्	jˈi sˈʌbʌi t͡sid͡zˈʌɦɾu ɾˈʌ ˈʌɾu t̪ʰˈʌp kˈuɾale ˈonʈaɾijolai ɦˈailaiʈ ɡˈʌɾd̪ʌt͡sʰ d͡zˈʌslai bˈaɦiɾi manisˈʌɦɾule sʌbʌibʱˈʌnd̪a ˈut͡st͡sʌ kˈoʈiko kjˈanaɖijali mˈand̪ʌt͡sʰʌn
यो खेल घाँसमा खेलिन्छ र प्वालको वरिपरिको घाँस छोटो बनाइन्छ र यसलाई ग्रिन भनिन्छ	jˈo kʰˈel ɡʱˈãsma kʰelˈint͡sʰʌ ɾˈʌ pwˈalko wʌɾˈipɾiko ɡʱˈãs t͡sʰˈoʈo bʌnaˈint͡sʰʌ ɾˈʌ jˈʌslai ɡɾˈin bʱʌnˈint͡sʰʌ
राष्ट्रिय आँधी केन्द्रका वैज्ञानिकहरूले डेनिएल आँधीबेहरी बुधबाररसम्ममा झन् शक्तिशाली हुनेछ भनेर भविष्यवाणी गरे	ɾˈasʈɾij ˈãd̪ʱi kˈend̪ɾʌka wʌid͡zɲanikˈʌɦɾule ɖˈeniel ãd̪ʱibˈeɦɾi bud̪ʱbaɾˈʌɾsʌmːʌma d͡zʱˈʌn sˈʌkt̪isali ɦˈunet͡sʰ bʱˈʌneɾ bʱʌwˈisjʌwaɳi ɡˈʌɾe
अनुमानहरू 340 मिलियनदेखि 500 मिलियन बोल्ने मानिसहरू सम्मका हुन्छन् र बढिमा 800 मिलियन मानिसहरूले भाषा बुझ्न सक्दछन्	ʌnumanˈʌɦɾu t̪ˈin sˈʌj t͡sˈalis milijˈʌnd̪ekʰi pˈãt͡s sˈʌj mˈilijʌn bˈolne manisˈʌɦɾu sˈʌmːʌka ɦˈunt͡sʰʌn ɾˈʌ bˈʌɖʱima ˈaʈʰ sˈʌj mˈilijʌn manisˈʌɦɾule bʱˈasa bˈud͡zʱnʌ sˈʌkd̪ʌt͡sʰʌn
भिक्टोरिया झरना जिम्बावेको पश्चिमी भागमा अवस्थित लिभिङस्टोन जाम्बिया र बोत्सवानाको नजिकबाट सीमा पारी रहेको छ	bʱˈikʈoɾija d͡zʱˈʌɾna d͡zˈimbaweko pˈʌst͡simi bʱˈaɡma ʌwˈʌst̪ʰit̪ libʱiŋˈʌsʈon d͡zˈambija ɾˈʌ bˈot̪sʌwanako nʌd͡zˈikbaʈ sˈima pˈaɾi ɾˈʌɦeko t͡sʰˈʌ
पशु मुक्ति र पशुहरूमाथि क्रुरता रोकथामका लागि शाही समाज rspcaले अष्ट्रेलियाली कसाइखानाहरूमा सीसीटीभी क्यामेराको अनिवार्य स्थापनाका लागि फेरि आह्वान गरिरहेका छन्।	pˈʌsu mˈukt̪i ɾˈʌ pʌsˈuɦɾumat̪ʰi kɾˈuɾt̪a ɾokt̪ʰˈamka lˈaɡi sˈaɦi sˈʌmad͡z ɹˈɛspkə lˈe ˈʌsʈɾelijali kʌsaikʰanˈaɦɾuma sˈisiʈibʱi kjˈameɾako ʌniwˈaɾjʌ st̪ʰˈapnaka lˈaɡi pʰˈeɾi ˈaɦwan ɡʌɾˈiɾɦeka t͡sʰˈʌn .
संसारको सबैभन्दा पुरानो जानिएको पुस्तक संस्कृतमा लेखिएको थियो उपनिषदहरूको संग्रह पश्चात संस्कृत पदानुक्रमका कारण मात्र फिक्का भयो	sʌ̃sˈaɾko sʌbʌibʱˈʌnd̪a pˈuɾano d͡zˈanieko pˈust̪ʌk sˈʌ̃skɾɪt̪ma lˈekʰieko t̪ʰˈijo upnisd̪ˈʌɦɾuko sˈʌ̃ŋɡɾʌɦ pˈʌst͡sat̪ sˈʌ̃skɾɪt̪ pʌd̪anukɾˈʌmka kˈaɾʌɳ mˈat̪ɾʌ pʰˈikːa bʱˈʌjo
यद्यपि अनुसन्धानको बारेमा थाहा भएको स्रोतले मिनेपोलिस स्टार-ट्रिब्युनलाई त्यो रेड लेक ट्राइबल चेयरम्यान फ्लोयड जोर्डेनको 16-वर्षे छोरा लुइस जोर्डन भएको बतायो	jˈʌd̪jʌpi ʌnusʌnd̪ʱˈanko bˈaɾema t̪ʰˈaɦa bʱˈʌeko sɾˈot̪le mˈinepolis sʈˈaɾ ʈɾibjˈunlai t̪jˈo ɾˈeɖ lˈek ʈɾˈaibʌl t͡sejɾˈʌmjan pʰlˈojʌɖ d͡zoɾɖˈenko sˈoɦɾʌ wˈʌɾse t͡sʰˈoɾa lˈuis d͡zˈoɾɖʌn bʱˈʌeko bˈʌt̪ajo
एप्पल apple का सिइओ स्टिभ जोब्स steve jobsले स्टेजमा हिँडेर र आफ्नो जीन्सको पकेटबाट आइफोन iphoneलाई बाहिर निकालेर यसको अनावरण गर्नुभयो।	ˈepːʌl ˈæpəɫ kˈa sˈiio sʈˈibʱ d͡zˈobsʌ stˈiːv d͡ʒˈɑːbz lˈe sʈˈed͡zma ɦˈĩɖeɾ ɾˈʌ ˈapʰno d͡zˈinsʌko pʌkˈeʈbaʈ ˈaipʰon ˈaᶦfoᶷn lˈai bˈaɦiɾ nˈikaleɾ jˈʌsko ʌnˈawɾʌɳ ɡʌɾnˈubʱjo .
स्टारडस्ट पृथ्वीमा फर्कनका लागि सबैभन्दा छिटो अन्तरिक्ष यानका लागि नयाँ सर्व-समय कीर्तिमान स्थापित गर्नेछ मेमा 1969 मा apollo x कमान्ड मोड्युलको फिर्ताको क्रममा अघिल्लो रेकर्ड तोड्यो	sʈaɾɖˈʌsʈʌ pɾˈɪt̪ʰwima pʰʌɾkˈʌnka lˈaɡi sʌbʌibʱˈʌnd̪a t͡sʰˈiʈo ʌnt̪ʌɾˈiksʌ jˈanka lˈaɡi nˈʌjã sˈʌɾwʌ sˈʌmʌj kˈiɾt̪iman st̪ʰˈapit̪ ɡˈʌɾnet͡sʰ mˈema ˈek ɦˈʌd͡zaɾ nˈʌu sˈʌj unˈʌnsʌt̪ːʌɾi mˈa əpʰˈɑːloᶷ ˈɛks kʌmˈanɖʌ moɖjˈulko pʰˈiɾt̪ako kɾˈʌmma ˈʌɡʱilːo ɾekˈʌɾɖʌ t̪ˈoɖjo
सिएले निर्वाचनका बेला सङ्केत गरे कि मा सङ्कटका समयमा देश छोडेर जान सक्दछन्	sˈiele niɾwat͡sˈʌnka bˈela sˈʌŋket̪ ɡˈʌɾe kˈi mˈa sʌŋkˈʌʈka sʌmˈʌjma d̪ˈes t͡sʰˈoɖeɾ d͡zˈan sˈʌkd̪ʌt͡sʰʌn
io को गुरुत्वाकर्षणले मलाई कसरी तान्छ यदि तपाईं io को सतहमा उभिनुभयो भने तपाईंको वजन पृथ्वीमाभन्दा कम हुनेछ	ˈaᶦoᶷ kˈo ɡuɾut̪wakʌɾsˈʌɳle mˈʌlai kˈʌsɾi t̪ˈant͡sʰʌ jˈʌd̪i t̪ˈʌpaĩ ˈaᶦoᶷ kˈo sʌt̪ˈʌɦma ubʱinˈubʱjo bʱˈʌne t̪ʌpaˈĩŋko wˈʌd͡zʌn pɾɪt̪ʰwimabʱˈʌnd̪a kˈʌm ɦˈunet͡sʰ
केवल जनावरहरूको दिमाग हुन्छ तथापि सबै जनावरहरूसँग दिमाग हुँदैन; उदाहरणका लागि जेलिफिस।	kˈewʌl d͡zʌnawɾˈʌɦɾuko d̪ˈimaɡ ɦˈunt͡sʰʌ t̪ˈʌt̪ʰapi sˈʌbʌi d͡zʌnawɾʌɦɾusˈʌ̃ɡ d̪ˈimaɡ ɦˈũd̪ʌin , ud̪aɦɾˈʌɳka lˈaɡi d͡zˈelipʰis .
केहि सीमा पारीको रेलहरूमा निरीक्षण चलिरहेको ट्रेनमा गरिन्छ र तपाईंसँग ती ट्रेनहरूमध्ये कुनै एकमा चढ्दा मान्य आईडी हुनु पर्छ	kˈeɦi sˈima pˈaɾiko ɾelˈʌɦɾuma niɾˈiksʌɳ t͡sʌlˈiɾɦeko ʈɾˈenma ɡʌɾˈint͡sʰʌ ɾˈʌ t̪ʌpaĩsˈʌ̃ɡ t̪ˈi ʈɾenʌɦɾumˈʌd̪ʱje kˈunʌi ˈekma t͡sˈʌɖʱd̪a mˈanjʌ ˈaiɖi ɦˈunu pˈʌɾt͡sʰʌ
बार्सिलोनाको रनिङ टुर्स बार्सिलोना र कोपेनहेगनको रनिङ कोपेनहेगन मूल भएर यो छिट्टै नै प्राग र अन्यमा आधारित रनिङ टुर्स प्रागद्वारा जोडियो	bˈaɾsilonako ɾˈʌniŋ ʈˈuɾsʌ bˈaɾsilona ɾˈʌ kopenɦeɡˈʌnko ɾˈʌniŋ kopˈenɦeɡʌn mˈul bʱˈʌeɾ jˈo t͡sʰˈiʈʈʌi nˈʌi pɾˈaɡ ɾˈʌ ˈʌnjʌma ˈad̪ʱaɾit̪ ɾˈʌniŋ ʈˈuɾsʌ pɾaɡˈʌd̪waɾa d͡zˈoɖijo
यसको नतिजा स्वरूप युनानको कानुनी समुदायभित्र एक ठूलो घोटाला विगत वर्षहरूमा न्यायाधीश वकिल अधिवक्ता र मुख्तियारद्वारा गरेको अवैध कार्यको पर्दाफासको माध्यमबाट उठेको छ	jˈʌsko nˈʌt̪id͡za swˈʌɾup junˈanko kˈanuni sʌmud̪ajbʱˈit̪ɾʌ ˈek ʈʰˈulo ɡʱˈoʈala wˈiɡʌt̪ wʌɾsˈʌɦɾuma njˈajad̪ʱis wˈʌkil ʌd̪ʱiwˈʌkt̪a ɾˈʌ mukʰt̪ijaɾˈʌd̪waɾa ɡˈʌɾeko ˈʌwʌid̪ʱ kˈaɾjʌko pʌɾd̪apʰˈasko mad̪ʱjˈʌmbaʈ ˈuʈʰeko t͡sʰˈʌ
उनले 1998 को किताबमा आफैंलाई उल्लेखित गरे	ˈunle ˈek ɦˈʌd͡zaɾ nˈʌu sˈʌj ˈʌnʈʰanʌbːe kˈo kit̪ˈabma apʰʌˈĩlai ˈulːekʰit̪ ɡˈʌɾe
बेवारिसे छाडिएका झोलाहरू चोरको निशानामा पर्न सक्छन् र यस्ता झोलाले बमको चुनौतीबाट सावधान रहने अधिकारीहरूको ध्यान पनि खिच्न सक्दछन्	bˈewaɾise t͡sʰˈaɖieka d͡zʱolˈaɦɾu t͡sˈoɾko nˈisanama pˈʌɾnʌ sˈʌkt͡sʰʌn ɾˈʌ jˈʌst̪a d͡zʱˈolale bˈʌmko t͡sˈunʌut̪ibaʈ sˈawd̪ʱan ɾˈʌɦne ʌd̪ʱikaɾˈiɦɾuko d̪ʱjˈan pˈʌni kʰˈit͡snʌ sˈʌkd̪ʌt͡sʰʌn
दुई वटा टावरहरू 83 मिटरको उचाइमा पुग्छन् यो 378 मिटर लामो छ र यसको दुई वटा लेनहरू 3.50 मिटर चौडा छन्	d̪ˈui wˈʌʈa ʈawɾˈʌɦɾu t̪ɾˈijasi miʈˈʌɾko ˈut͡saima pˈuɡt͡sʰʌn jˈo t̪ˈin sˈʌj ˈʌʈʰɦʌt̪ːʌɾ mˈiʈʌɾ lˈamo t͡sʰˈʌ ɾˈʌ jˈʌsko d̪ˈui wˈʌʈa lenˈʌɦɾu t̪ˈin d̪ʌsˈʌmlʌw pˈãt͡s sˈunjʌ mˈiʈʌɾ t͡sˈʌuɖa t͡sʰˈʌn
यो बेलायतमा सामान्य कुरा हो तर स्कटिश न्यायाधीशले फरक तरिकाले काम गर्दछ भने अदालतले फोटोको प्रकाशनलाई सम्भावित पूर्वाग्रहको रूपमा हेरेको छ	jˈo belajˈʌt̪ma samˈanjʌ kˈuɾa ɦˈo t̪ˈʌɾ skˈʌʈis njajad̪ʱˈisle pʰˈʌɾʌk t̪ˈʌɾikale kˈam ɡˈʌɾd̪ʌt͡sʰ bʱˈʌne ʌd̪alˈʌt̪le pʰˈoʈoko pɾʌkasˈʌnlai sˈʌmbʱawit̪ puɾwaɡɾˈʌɦko ɾˈupma ɦˈeɾeko t͡sʰˈʌ
तपाईंले नाता सम्बन्धमा होशियारीका साथ आफ्नो फ्रिक्वेन्ट फ्लायर विमान सेवा छनौट गर्नुपर्नेछ	t̪ʌpaˈĩle nˈat̪a sʌmbˈʌnd̪ʱʌma ɦˈosijaɾika sˈat̪ʰ ˈapʰno pʰɾikwˈenʈʌ pʰlˈajʌɾ wˈiman sˈewa t͡sʰˈʌnʌuʈ ɡʌɾnupˈʌɾnet͡sʰ
सरकारी अनुसन्धानकर्ताहरूले बुधबार दुईवटा काला बाकस नामक उडान रेकर्डर बरामद गरेको भनेर सिन्ह्वाले भन्यो	sˈʌɾkaɾi ʌnusʌnd̪ʱankʌɾt̪ˈaɦɾule bˈud̪ʱbaɾ d̪uˈiwʈa kˈala bˈakʌs nˈamʌk ˈuɖan ɾekˈʌɾɖʌɾ bˈʌɾamʌd̪ ɡˈʌɾeko bʱˈʌneɾ sˈinɦwale bʱˈʌnjo
पानी शुद्धीकरण गर्ने विभिन्न तरिकाहरू छन् केही विशेष खतराहरूको विरuद्ध ज्यादा प्रभावकारी हुन्छन्।	pˈani sud̪ʱːˈikɾʌɳ ɡˈʌɾne wˈibʱinːʌ t̪ʌɾikˈaɦɾu t͡sʰˈʌn kˈeɦi wˈises kʰʌt̪ɾˈaɦɾuko wˈiɾ jˈuː d̪ʱːˈʌ d͡zjˈad̪a pɾʌbʱˈawkaɾi ɦˈunt͡sʰʌn .
ऐतिहासिक रूपमा अधिकांश किसानहरू निर्वाह कृषिमा संलग्न थिए र अझै पनि विकासोन्मुख देशहरूमा यस्तै मामिला रहेको छ	ˈʌit̪iɦasik ɾˈupma ʌd̪ʱikˈãs kisanˈʌɦɾu nˈiɾwaɦ kɾˈɪsima sʌ̃lˈʌɡnʌ t̪ʰˈie ɾˈʌ ˈʌd͡zʱʌi pˈʌni wikasˈonmukʰ d̪esˈʌɦɾuma jˈʌst̪ʌi mˈamila ɾˈʌɦeko t͡sʰˈʌ
वास्तवमा त्यहाँ सिक्नका लागि एउटा पनि राम्रो कुरा छैन सिकाइ सिक्ने र प्रस्तुत गरिएको ज्ञानको बीचको अनुभवमा हुने गर्दछ	wast̪ˈʌwma t̪jˈʌɦã sˈiknʌka lˈaɡi ˈeuʈa pˈʌni ɾˈamɾo kˈuɾa t͡sʰˈʌin sˈikai sˈikne ɾˈʌ pɾˈʌst̪ut̪ ɡˈʌɾieko d͡zɲˈanko bˈit͡sko ʌnubʱˈʌwma ɦˈune ɡˈʌɾd̪ʌt͡sʰ
शरीरको माथिल्लो भागको लागि व्यायामको साथ संयुक्त जाडोको समयमा हुने केही क्रस कन्ट्री दौड दौड सिजनका लागि उत्तम तयारी हो	sʌɾˈiɾko mˈat̪ʰilːo bʱˈaɡko lˈaɡi wjajˈamko sˈat̪ʰ sʌ̃jˈukt̪ʌ d͡zˈaɖoko sʌmˈʌjma ɦˈune kˈeɦi kɾˈʌs kˈʌnʈɾi d̪ˈʌuɖ d̪ˈʌuɖ sid͡zˈʌnka lˈaɡi ˈut̪ːʌm t̪ˈʌjaɾi ɦˈo
तपाईं उहाँ र कुनै पनि रातो झन्डामा पुग्दा तपाईंले पीडितको स्थिति ख्याल गर्न सक्नुहुन्छ	t̪ˈʌpaĩ ˈuɦã ɾˈʌ kˈunʌi pˈʌni ɾˈat̪o d͡zʱˈʌnɖama pˈuɡd̪a t̪ʌpaˈĩle piɖˈit̪ko st̪ʰˈit̪i kʰjˈal ɡˈʌɾnʌ sʌknuɦˈunt͡sʰʌ
तपाईं देशबाट बाहिर भएका बेला नेभिगेट गर्ने सबैभन्दा सजिलो र सुविधाजनक तरिका तपाईंको स्मार्टफोनका gps नेभिगेसन अनुप्रयोगहरू प्रयोग गर्नु हो	t̪ˈʌpaĩ d̪ˈesbaʈ bˈaɦiɾ bʱˈʌeka bˈela nˈebʱiɡeʈ ɡˈʌɾne sʌbʌibʱˈʌnd̪a sˈʌd͡zilo ɾˈʌ suwid̪ʱˈad͡znʌk t̪ˈʌɾika t̪ʌpaˈĩŋko smaɾʈʌpʰˈonka ɡˈiːpiʲˈɛs nˈebʱiɡesʌn ʌnupɾʌjoɡˈʌɦɾu pɾˈʌjoɡ ɡˈʌɾnu ɦˈo
सात अङ्कपछाडि जोनसन 2,243 का साथ दोस्रो स्थानमा छन्	sˈat̪ ʌŋkˈʌpt͡sʰaɖi d͡zˈonsʌn d̪ˈui ɦˈʌd͡zaɾ d̪ˈui sˈʌj t̪ɾˈit͡salis kˈa sˈat̪ʰ d̪ˈosɾo st̪ʰˈanma t͡sʰˈʌn
प्रोटोनहरूमा सकारात्मक विद्युतीय चार्ज हुन्छ जबकि न्यूट्रोनहरूमा कुनै चार्ज हुँदैन इलेक्ट्रोनहरूमा नकारात्मक विद्युतीय चार्ज हुन्छ	pɾoʈonˈʌɦɾuma sʌkaɾˈat̪mʌk wˈid̪jut̪ij t͡sˈaɾd͡zʌ ɦˈunt͡sʰʌ d͡zˈʌbki njuʈɾonˈʌɦɾuma kˈunʌi t͡sˈaɾd͡zʌ ɦˈũd̪ʌin ilˈekʈɾonʌɦɾuma nʌkaɾˈat̪mʌk wˈid̪jut̪ij t͡sˈaɾd͡zʌ ɦˈunt͡sʰʌ
jas 39c ग्रिपेन स्थानीय समयअनुसार बिहान 9:30 बजे 0230 utc रनवेमा दुर्घटनाग्रस्त हुँदै विस्फोट हुन पुगेको थियो र जसले गर्दा विमानस्थलले व्यावसायिक उडानहरू बन्द गरेको थियो।	d͡ʒˈæs unˈʌnt͡salis sˈiː ɡɾˈipen st̪ʰˈanij sˈʌmjʌʌnusaɾ bˈiɦan nˈʌu bˈʌd͡zeɾ t̪ˈis mˈineʈ d̪ˈui sˈʌj t̪ˈis ˈʌt̬iːsˌiː ɾˈʌnwema d̪uɾɡʱʌʈnaɡɾˈʌst̪ʌ ɦˈũd̪ʌi wˈispʰoʈ ɦˈun pˈuɡeko t̪ʰˈijo ɾˈʌ d͡zˈʌsle ɡˈʌɾd̪a wimanʌst̪ʰˈʌlle wjˈawsajik uɖanˈʌɦɾu bˈʌnd̪ʌ ɡˈʌɾeko t̪ʰˈijo .
उनीहरूले उचित दूरी नबनाउँदा प्रत्येक वर्ष दर्जनौं आगन्तुक घाइते हुन्छन् यी जनावरहरू ठूला जङ्गली र सम्भावित खतरनाक हुनाले उनीहरूलाई आफ्नो ठाउँ दिनुहोस्	unˈiɦɾule ˈut͡sit̪ d̪ˈuɾi nʌbnaˈũd̪a pɾˈʌt̪jek wˈʌɾsʌ d̪ˈʌɾd͡zʌnʌũ aɡˈʌnt̪uk ɡʱˈait̪e ɦˈunt͡sʰʌn jˈi d͡zʌnawɾˈʌɦɾu ʈʰˈula d͡zˈʌŋɡʌli ɾˈʌ sˈʌmbʱawit̪ kʰʌt̪ˈʌɾnak ɦˈunale unˈiɦɾulai ˈapʰno ʈʰˈaũ d̪ˈinuɦos
तपाईंको होटेल वा पाहुनाहरू यदि गेस्ट हाउस वा निजी घरमा बस्दैछन् भने वाईफाई वा इन्टरनेट जडित पीसी हुन सक्छ भने र सबै बस्तीमा ईन्टरनेट क्याफे वा सार्वजनिक वाईफाई भएको केहि स्थान हुन्छ।	t̪ʌpaˈĩŋko ɦˈoʈel wˈa paɦunˈaɦɾu jˈʌd̪i ɡˈesʈʌ ɦˈaus wˈa nˈid͡zi ɡʱˈʌɾma bˈʌsd̪ʌit͡sʰʌn bʱˈʌne wˈaipʰai wˈa inʈˈʌɾneʈ d͡zˈʌɖit̪ pˈisi ɦˈun sˈʌkt͡sʰʌ bʱˈʌne ɾˈʌ sˈʌbʌi bˈʌst̪ima inʈˈʌɾneʈ kjˈapʰe wˈa saɾwˈʌd͡znik wˈaipʰai bʱˈʌeko kˈeɦi st̪ʰˈan ɦˈunt͡sʰʌ .
निर्वाहमुखी कृषि एक सरल प्राय जैवीक बालीको आलोपालोको साथ पारिस्थितिक युक्त बचत गरिएको देशी बीज प्रयोग गरिने प्रणाली वा अधिकतम उपजको लागि अन्य अपेक्षाकृत सरल प्रविधिहरू हो	niɾwˈaɦmukʰi kɾˈɪsi ˈek sˈʌɾʌl pɾˈaj d͡zˈʌiwik bˈaliko ˈalopaloko sˈat̪ʰ paɾˈist̪ʰit̪ik jˈukt̪ʌ bˈʌt͡sʌt̪ ɡˈʌɾieko d̪ˈesi bˈid͡z pɾˈʌjoɡ ɡˈʌɾine pɾˈʌɳali wˈa ʌd̪ʱˈikt̪ʌm upˈʌd͡zko lˈaɡi ˈʌnjʌ ʌpeksˈakɾɪt̪ sˈʌɾʌl pɾʌwid̪ʱˈiɦɾu ɦˈo
धेरै देशहरूका लागि तपाईले अध्ययन गर्न चाहेको संस्थाबाट प्रस्ताव पत्रको आवश्यकता पर्दछ र तपाईँको कोर्सको कम्तिमा पहिलो वर्षका लागि आफैंलाई सहयोग गर्न खर्च रकमको प्रमाण पनि चाहिन्छ	d̪ʱˈeɾʌi d̪esˈʌɦɾuka lˈaɡi t̪ˈʌpaile ˈʌd̪ʱjʌjʌn ɡˈʌɾnʌ t͡sˈaɦeko sˈʌ̃st̪ʰabaʈ pɾˈʌst̪aw pˈʌt̪ɾʌko awʌsjˈʌkt̪a pˈʌɾd̪ʌt͡sʰ ɾˈʌ t̪ʌpaˈĩko kˈoɾsʌko kˈʌmt̪ima pˈʌɦilo wˈʌɾsʌka lˈaɡi apʰʌˈĩlai sˈʌɦjoɡ ɡˈʌɾnʌ kʰˈʌɾt͡sʌ ɾʌkˈʌmko pɾˈʌmaɳ pˈʌni t͡saɦˈint͡sʰʌ
अरूलाई जनावरले हुर्काएको भन्ने कथन छ केही आफैं वनमा बसोबास गरेको बताइन्छ	ˈʌɾulai d͡zʌnawˈʌɾle ɦˈuɾkaeko bʱˈʌnːe kˈʌt̪ʰʌn t͡sʰˈʌ kˈeɦi ˈapʰʌĩ wˈʌnma bˈʌsobas ɡˈʌɾeko bʌt̪aˈint͡sʰʌ
जायत दुर्घटनामा चोटरहित थियो	d͡zˈajʌt̪ d̪uɾɡʱˈʌʈnama t͡soʈˈʌɾɦit̪ t̪ʰˈijo
ग्यास नाइट्रोजनमा पनि तरल नाइट्रोजनका जस्ता गुणहरू हुन्छन् तरल अवस्था सघन हुन्छ तर अणुहरू अझै पनि उस्तै हुन्छन्	ɡjˈas naiʈɾod͡zˈʌnma pˈʌni t̪ˈʌɾʌl naiʈɾod͡zˈʌnka d͡zˈʌst̪a ɡuɳˈʌɦɾu ɦˈunt͡sʰʌn t̪ˈʌɾʌl ʌwˈʌst̪ʰa sˈʌɡʱʌn ɦˈunt͡sʰʌ t̪ˈʌɾ ʌɳˈuɦɾu ˈʌd͡zʱʌi pˈʌni ˈust̪ʌi ɦˈunt͡sʰʌn
तपाईंलाई स्थानीय जीवजन्तुहरूका बारेमा थाहा नहुने क्षेत्रहरूमा गद्दा वा प्याडमा भुइँमा नसुत्नुहोस्	t̪ʌpaˈĩlai st̪ʰˈanij d͡ziwd͡zʌnt̪ˈuɦɾuka bˈaɾema t̪ʰˈaɦa nˈʌɦune kset̪ɾˈʌɦɾuma ɡˈʌd̪ːa wˈa pjˈaɖma bʱuˈĩma nʌsˈut̪nuɦos
माईस्पेस संयुक्त राज्य अमेरिकामा प्रयोग गरिएको तेस्रो सर्वाधिक लोकप्रिय वेबसाईंट हो र हालै यसमा 54 मिलियन प्रोफाइलहरू छन्	maˈispes sʌ̃jˈukt̪ʌ ɾˈad͡zjʌ ˈʌmeɾikama pɾˈʌjoɡ ɡˈʌɾieko t̪ˈesɾo sˈʌɾwad̪ʱik lokˈʌpɾij websaˈĩɳʈʌ ɦˈo ɾˈʌ ɦˈalʌi jˈʌsma t͡sˈʌuwʌnːʌ mˈilijʌn pɾopʰailˈʌɦɾu t͡sʰˈʌn
एप्पल apple का सिइओ स्टिभ जोब्स steve jobsले स्टेजमा हिँडेर र आफ्नो जीन्सको पकेटबाट आइफोन iphoneलाई बाहिर निकालेर यसको अनावरण गर्नुभयो।	ˈepːʌl ˈæpəɫ kˈa sˈiio sʈˈibʱ d͡zˈobsʌ stˈiːv d͡ʒˈɑːbz lˈe sʈˈed͡zma ɦˈĩɖeɾ ɾˈʌ ˈapʰno d͡zˈinsʌko pʌkˈeʈbaʈ ˈaipʰon ˈaᶦfoᶷn lˈai bˈaɦiɾ nˈikaleɾ jˈʌsko ʌnˈawɾʌɳ ɡʌɾnˈubʱjo .
एजेन्टले वेबसाइटमा होस् वा पसलको सन्झ्यालमा कस्ता ट्रिपहरूको प्रचार गरिरहेको छ हेर्नुहोस्	ed͡zˈenʈʌle websaˈiʈma ɦˈos wˈa pʌsˈʌlko sˈʌnd͡zʱjalma kˈʌst̪a ʈɾipˈʌɦɾuko pɾˈʌt͡saɾ ɡʌɾˈiɾɦeko t͡sʰˈʌ ɦˈeɾnuɦos
संस्कृत कसरी अस्तित्वमा आयो भन्ने बारे धेरै सिद्धान्तहरू छन् तीमध्ये एक यो हो कि आर्यनहरूको पश्चिमबाट भारतमा भएको बसाइ सराइ जसले आफ्नो भाषा उनीहरूसँगै ल्याए	sˈʌ̃skɾɪt̪ kˈʌsɾi ʌst̪ˈit̪wʌma ˈajo bʱˈʌnːe bˈaɾe d̪ʱˈeɾʌi sid̪ʱːant̪ˈʌɦɾu t͡sʰˈʌn t̪imˈʌd̪ʱje ˈek jˈo ɦˈo kˈi aɾjʌnˈʌɦɾuko pʌst͡sˈimbaʈ bʱaɾˈʌt̪ma bʱˈʌeko bˈʌsai sˈʌɾai d͡zˈʌsle ˈapʰno bʱˈasa uniɦɾusˈʌ̃ɡʌi ljˈae
यसको सूक्ष्ममौसम भिन्न माटो र उचाइका विभिन्न स्तरहरूको कारणले यसका वनस्पती समुदायहरूको स्पष्ट रूपमा व्यापक विविधता छ	jˈʌsko sˈuksmʌmʌusʌm bʱˈinːʌ mˈaʈo ɾˈʌ ˈut͡saika wˈibʱinːʌ st̪ʌɾˈʌɦɾuko kaɾˈʌɳle jˈʌska wʌnˈʌspʌt̪i sʌmud̪ajˈʌɦɾuko spˈʌsʈʌ ɾˈupma wjˈapʌk wiwˈid̪ʱt̪a t͡sʰˈʌ
त्यसबेलादेखि चीनको आर्थिक आकार 90 गुणा बढेको छ	t̪jˈʌsbelad̪ekʰi t͡sˈinko ˈaɾt̪ʰik ˈakaɾ nˈʌbːe ɡˈuɳa bˈʌɖʱeko t͡sʰˈʌ
पहिलेका आर्थिक सुधारहरू deng xiaoping को नेतृत्वमा गरिएको थियो	pˈʌɦileka ˈaɾt̪ʰik sud̪ʱaɾˈʌɦɾu dˈɛŋ ʒˈaᶷpʰˈɪŋ kˈo net̪ɾˈɪt̪wʌma ɡˈʌɾieko t̪ʰˈijo
मिडिया कम्पनीहरूले यो पाइरेसी रोक्न भन्ने दावी गर्दै यसको उद्देश्यको बारेमा नियमित रूपमा झुटो बोल्छन्	mˈiɖija kʌmpʌnˈiɦɾule jˈo pˈaiɾesi ɾˈoknʌ bʱˈʌnːe d̪ˈawi ɡˈʌɾd̪ʌi jˈʌsko ud̪ːˈesjʌko bˈaɾema nˈijmit̪ ɾˈupma d͡zʱˈuʈo bˈolt͡sʰʌn
युटा जाज खेलाडीको covid-19 भाइरसको परीक्षण सकारात्मक देखिएपछि nba को निर्णय आयो	jˈuʈa d͡zˈad͡z kʰˈelaɖiko kʰˈoᶷvəd ˈunːais bʱaiɾˈʌsko pʌɾˈiksʌɳ sʌkaɾˈat̪mʌk d̪ekʰiˈept͡sʰi ˈɛnbiːʲˈeᶦ kˈo nˈiɾɳʌj ˈajo
यो लाज मान्नु पर्ने कुरा होइन धेरै मान्छेहरूमा हुने व्यक्तिगत डर र मन नपर्ने चीजभन्दा फरक नभएको हो	jˈo lˈad͡z mˈanːu pˈʌɾne kˈuɾa ɦˈoin d̪ʱˈeɾʌi mant͡sʰˈeɦɾuma ɦˈune wjˈʌkt̪iɡʌt̪ ɖˈʌɾ ɾˈʌ mˈʌn nʌpˈʌɾne t͡sid͡zbʱˈʌnd̪a pʰˈʌɾʌk nˈʌbʱʌeko ɦˈo
उनले ती अधिकारीहरूसँगै टेक्ससका नागरिकहरूलाई जनताको सुरक्षालाई रक्षा गर्न कदम चालिएको आश्वासन दिए	ˈunle t̪ˈi ʌd̪ʱikaɾiɦɾusˈʌ̃ɡʌi ʈeksˈʌska naɡɾikˈʌɦɾulai d͡zˈʌnt̪ako suɾˈʌksalai ɾˈʌksa ɡˈʌɾnʌ kˈʌd̪ʌm t͡sˈalieko ˈaswasʌn d̪ˈie
यद्यपि यो मार्गमा रहेका पेन्सिलभेनिया वाइल्ड्स् जस्ता अन्य स्थानको तुलनामा यहाँ मोबाइल फोन सेवा निकै राम्रो छ	jˈʌd̪jʌpi jˈo mˈaɾɡʌma ɾˈʌɦeka pensˈilbʱenija waˈilɖs d͡zˈʌst̪a ˈʌnjʌ st̪ʰˈanko t̪ˈulnama jˈʌɦã mˈobail pʰˈon sˈewa nˈikʌi ɾˈamɾo t͡sʰˈʌ
अगस्टमा एम्स स्ट्र जितेकी ब्याकम्यानले आफ्नो अभियान अन्त्य गर्ने निर्णय गरिन्	ʌɡˈʌsʈʌma ˈemsʌ sʈɾˈʌ d͡zˈit̪eki bjakʌmjˈanle ˈapʰno ˈʌbʱijan ˈʌnt̪jʌ ɡˈʌɾne nˈiɾɳʌj ɡˈʌɾin
हिलहरू न्यून र फराकिलो हुनुपर्छ। बालुवा गिटी वा लवण क्याल्सियम क्लोराइडलाई प्राय: सङ्कर्षण सुधार गर्न सडक वा बाटामा छरिन्छ।	ɦilˈʌɦɾu njˈun ɾˈʌ pʰˈʌɾakilo ɦunupˈʌɾt͡sʰʌ . bˈaluwa ɡˈiʈi wˈa lˈʌwʌɳ kjˈalsijʌm kloɾaˈiɖlai pɾˈajʌh sʌŋkˈʌɾsʌɳ sˈud̪ʱaɾ ɡˈʌɾnʌ sˈʌɖʌk wˈa bˈaʈama t͡sʰʌɾˈint͡sʰʌ .
स्की वा खुट्टामा स्नोबोर्ड समावेश गरेर हिउँले ढाकिएको क्षेत्रमा तल झर्ने डाउनहिल स्नोस्पोर्ट्समा स्किङ र स्नोबोर्डिङ लोकप्रिय खेलहरू हुन्‌।	skˈi wˈa kʰˈuʈʈama snobˈoɾɖʌ sˈʌmawes ɡˈʌɾeɾ ɦiˈũle ɖʱˈakieko ksˈet̪ɾʌma t̪ˈʌl d͡zʱˈʌɾne ɖaˈunɦil snospˈoɾʈsʌma skˈiŋ ɾˈʌ snobˈoɾɖiŋ lokˈʌpɾij kʰelˈʌɦɾu ɦˈun .
र लगभग अप्रिलको वर्षा पछि एकपटक फेरि मारा नदी पार गर्दै त्यसपछि पश्चिम हुँदै उत्तरमा फर्किन्छन्	ɾˈʌ lˈʌɡbʱʌɡ ʌpɾˈilko wˈʌɾsa pˈʌt͡sʰi ekˈʌpʈʌk pʰˈeɾi mˈaɾa nˈʌd̪i pˈaɾ ɡˈʌɾd̪ʌi t̪jʌsˈʌpt͡sʰi pˈʌst͡sim ɦˈũd̪ʌi ut̪ːˈʌɾma pʰʌɾkˈint͡sʰʌn
अर्मेनियाको समर्थनले एउटा नयाँ गणतन्त्र निर्माण गरियो यद्यपि अर्मेनियालगायतका कुनै पनि स्थापित राष्ट्रले यसलाई आधिकारिक मान्यता दिएको छैन	ˈʌɾmenijako sʌmʌɾt̪ʰˈʌnle ˈeuʈa nˈʌjã ɡʌɳt̪ˈʌnt̪ɾʌ nˈiɾmaɳ ɡˈʌɾijo jˈʌd̪jʌpi ʌɾmenijalɡajˈʌt̪ka kˈunʌi pˈʌni st̪ʰˈapit̪ ɾˈasʈɾʌle jˈʌslai ˈad̪ʱikaɾik mˈanjʌt̪a d̪ˈieko t͡sʰˈʌin
यद्यपि यो समाधान गर्न धेरै गाह्रो समस्या हो र हामीले उपयोगी फ्यूजन रिएक्टरहरू निर्माण भएको देख्न धेरै वर्ष लाग्ने छ	jˈʌd̪jʌpi jˈo sˈʌmad̪ʱan ɡˈʌɾnʌ d̪ʱˈeɾʌi ɡˈaɦɾo sʌmˈʌsja ɦˈo ɾˈʌ ɦˈamile ˈupjoɡi pʰjˈud͡zʌn ɾiekʈʌɾˈʌɦɾu nˈiɾmaɳ bʱˈʌeko d̪ˈekʰnʌ d̪ʱˈeɾʌi wˈʌɾsʌ lˈaɡne t͡sʰˈʌ
उनले यो पनि पुष्टि गरे कि रो निर्णय निर्भर भएको गोपनीयताको निहित अधिकारमा उनी विश्वास गर्दछन्	ˈunle jˈo pˈʌni pˈusʈi ɡˈʌɾe kˈi ɾˈo nˈiɾɳʌj nˈiɾbʱʌɾ bʱˈʌeko ɡopnˈijt̪ako nˈiɦit̪ ʌd̪ʱikˈaɾma ˈuni wˈiswas ɡˈʌɾd̪ʌt͡sʰʌn
हवाईजहाजबाट यात्रा गर्ने काम सबै उमेर र पृष्ठभूमिका व्यक्तिहरूका लागि विशेषगरी यदि तिनीहरू यसभन्दा पहिला उडेका छैनन् वा कुनै पीडादायी घटनाको अनुभव गरिरहेका छन् भने डरलाग्ने अनुभव हुन सक्छ	ɦʌwaid͡zɦˈad͡zbaʈ jˈat̪ɾa ɡˈʌɾne kˈam sˈʌbʌi ˈumeɾ ɾˈʌ pɾˈɪsʈʰʌbʱumika wjʌkt̪ˈiɦɾuka lˈaɡi wisesˈʌɡɾi jˈʌd̪i t̪inˈiɦɾu jʌsbʱˈʌnd̪a pˈʌɦila ˈuɖeka t͡sʰˈʌinʌn wˈa kˈunʌi pˈiɖad̪aji ɡʱˈʌʈnako ˈʌnubʱʌw ɡʌɾˈiɾɦeka t͡sʰˈʌn bʱˈʌne ɖʌɾlˈaɡne ˈʌnubʱʌw ɦˈun sˈʌkt͡sʰʌ
तिनीहरूसँग प्रायः परम्परागत टोली सदस्यहरू भन्दा बढी स्वतन्त्रता हुन्छ किनकि तिनीहरूका टोलीहरू फरक समय क्षेत्र अनुसार भेट गर्न सक्छन् जुन उनीहरूको स्थानीय व्यवस्थापनले नबुझ्न सक्छ	t̪iniɦɾusˈʌ̃ɡ pɾˈajʌh pʌɾˈʌmpʌɾaɡʌt̪ ʈˈoli sʌd̪ʌsjˈʌɦɾu bʱˈʌnd̪a bˈʌɖʱi swʌt̪ˈʌnt̪ɾʌt̪a ɦˈunt͡sʰʌ kˈinki t̪inˈiɦɾuka ʈolˈiɦɾu pʰˈʌɾʌk sˈʌmʌj ksˈet̪ɾʌ ˈʌnusaɾ bʱˈeʈ ɡˈʌɾnʌ sˈʌkt͡sʰʌn d͡zˈun unˈiɦɾuko st̪ʰˈanij wjʌwʌst̪ʰapˈʌnle nʌbˈud͡zʱnʌ sˈʌkt͡sʰʌ
एयरलाइन्स png फ्लाइट cg4684अनुसार हिजो ट्विनटर कोकोडामा अवतरण गर्ने प्रयास गर्दै थियो तर पहिले नै एकपटक रोकिएको थियो।	ejʌɾlaˈinsʌ pʰˈiːʲɛŋ pʰlˈaiʈ siːd͡ʒˈiː t͡sˈaɾ ɦˈʌd͡zaɾ t͡sʰˈʌ sˈʌj t͡sˈʌuɾasi ˈʌnusaɾ ɦˈid͡zo ʈwˈinʈʌɾ kˈokoɖama ʌwˈʌt̪ɾʌɳ ɡˈʌɾne pɾˈʌjas ɡˈʌɾd̪ʌi t̪ʰˈijo t̪ˈʌɾ pˈʌɦile nˈʌi ekˈʌpʈʌk ɾˈokieko t̪ʰˈijo .
यदि तपाईं विविध पेय संस्कृति भएको एक सहरमा बस्नुहुन्छ भने छिमेकीका बार वा पबहरूमा जानुहोस् जुन तपाईँ बारम्बार गर्नुहुन्न	jˈʌd̪i t̪ˈʌpaĩ wˈiwid̪ʱ pˈej sˈʌ̃skɾɪt̪i bʱˈʌeko ˈek sʌɦˈʌɾma bʌsnuɦˈunt͡sʰʌ bʱˈʌne t͡sʰˈimekika bˈaɾ wˈa pʌbˈʌɦɾuma d͡zˈanuɦos d͡zˈun t̪ˈʌpaĩ baɾˈʌmbaɾ ɡˈʌɾnuɦunːʌ
एक वर्षमा संक्रमित व्यक्तिले 10 देखि 15 नजिकका सम्पर्कहरूलाई संक्रमित गर्न सक्छ	ˈek wˈʌɾsʌma sˈʌ̃ŋkɾʌmit̪ wjˈʌkt̪ile d̪ˈʌs d̪ˈekʰi pˈʌnd̪ʱɾʌ nʌd͡zˈikka sʌmpʌɾkˈʌɦɾulai sˈʌ̃ŋkɾʌmit̪ ɡˈʌɾnʌ sˈʌkt͡sʰʌ
धेरै परिवारहरूले निष्कासनसँग लड्न कानूनी सहायता खोजिरहेको स्पष्ट भएपछि आवास ठगीका पीडितहरूका लागि इस्ट बे कम्युनिटी ल सेन्टरमा मार्च 20 मा एक बैठक राखियो	d̪ʱˈeɾʌi pʌɾiwaɾˈʌɦɾule niskasʌnsˈʌ̃ɡ lˈʌɖnʌ kˈanuni sʌɦˈajt̪a kʰod͡zˈiɾɦeko spˈʌsʈʌ bʱʌˈept͡sʰi ˈawas ʈʰˈʌɡika piɖit̪ˈʌɦɾuka lˈaɡi ˈisʈʌ bˈe kˈʌmjuniʈi lˈʌ senʈˈʌɾma mˈaɾt͡sʌ bˈis mˈa ˈek bˈʌiʈʰʌk ɾˈakʰijo
उनीहरूले हिजो महिला स्ट्यान्डिङ वर्गमा नवौँ स्थानमा समाप्त गर्ने अन्ना जोचेमसेनको साथ सुपर-जीमा नेदरल्यान्डलाई र सोही प्रतियोगितामा दशौँ स्थानमा समाप्त गर्ने काट्जा सरिनेनको साथमा फिनल्यान्डलाई सम्मिलित गरे	unˈiɦɾule ɦˈid͡zo mˈʌɦila sʈjˈanɖiŋ wˈʌɾɡʌma nˈʌwʌũ st̪ʰˈanma sʌmˈapt̪ʌ ɡˈʌɾne ˈʌnːa d͡zot͡semsˈenko sˈat̪ʰ sˈupʌɾ d͡zˈima ned̪ɾʌljˈanɖʌlai ɾˈʌ sˈoɦi pɾˈʌt̪ijoɡit̪ama d̪ˈʌsʌũ st̪ʰˈanma sʌmˈapt̪ʌ ɡˈʌɾne kˈaʈd͡za sʌɾinˈenko sˈat̪ʰma pʰinʌljˈanɖʌlai sˈʌmːilit̪ ɡˈʌɾe
यो तरिकाले तपाईं सम्भव भएसम्म कम थाक्नुहुनेछ याद गर्नुहोस् पियानोमा जस्तो अतिरिक्त आवाजको लागि कुञ्जीहरूलाई धेरै बलले थिच्नु आवश्यक छैन	jˈo t̪ˈʌɾikale t̪ˈʌpaĩ sˈʌmbʱʌw bʱˈʌesʌmːʌ kˈʌm t̪ʰˈaknuɦunet͡sʰ jˈad̪ ɡˈʌɾnuɦos pˈijanoma d͡zˈʌst̪o ʌt̪iɾˈikt̪ʌ awˈad͡zko lˈaɡi kuɲd͡zˈiɦɾulai d̪ʱˈeɾʌi bˈʌlle t̪ʰˈit͡snu awˈʌsjʌk t͡sʰˈʌin
युरोपेली खैरो भालु ब्वाँसो चील उल्लु वनबिरालो जङ्गली बिरालो र क्यापरसेली जस्ता दुर्लभ जन्तुहरूका साथै यहाँ अझै धेरै साधारण प्रजातिहरू पाउन सकिन्छ	jˈuɾopeli kʰˈʌiɾo bʱˈalu bwˈãso t͡sˈil ˈulːu wˈʌnbiɾalo d͡zˈʌŋɡʌli bˈiɾalo ɾˈʌ kjapˈʌɾseli d͡zˈʌst̪a d̪ˈuɾlʌbʱ d͡zʌnt̪ˈuɦɾuka sˈat̪ʰʌi jˈʌɦã ˈʌd͡zʱʌi d̪ʱˈeɾʌi sˈad̪ʱaɾʌɳ pɾʌd͡zat̪ˈiɦɾu pˈaun sʌkˈint͡sʰʌ
यी स्नायु आवेगलाई शरीरभरि धेरै छिटो पठाएर शरीरलाई कुनै पनि सम्भावित खतराबाट सुरक्षित राख्नमा मद्दत गर्न सक्छ	jˈi snˈaju awˈeɡlai sʌɾiɾˈʌbʱɾi d̪ʱˈeɾʌi t͡sʰˈiʈo pˈʌʈʰaeɾ sʌɾˈiɾlai kˈunʌi pˈʌni sˈʌmbʱawit̪ kʰˈʌt̪ɾabaʈ suɾˈʌksit̪ ɾˈakʰnʌma mˈʌd̪ːʌt̪ ɡˈʌɾnʌ sˈʌkt͡sʰʌ
चुलीमा पुग्नुले शिखरबाट देखिने मन लोभ्याउने दृश्यहरू समावेश गर्दछ विश्वका सबै भागबाट पर्वतारोहीहरूले यसका अनन्त सम्भावित पर्खालहरूका बीचमा निरन्तर नयाँ मार्गहरू स्थापना गर्दैछन्	t͡sˈulima pˈuɡnule sikʰˈʌɾbaʈ d̪ˈekʰine mˈʌn lˈobʱjaune d̪ɾɪsjˈʌɦɾu sˈʌmawes ɡˈʌɾd̪ʌt͡sʰ wˈiswʌka sˈʌbʌi bʱˈaɡbaʈ pʌɾwʌt̪aɾoɦˈiɦɾule jˈʌska ʌnˈʌnt̪ʌ sˈʌmbʱawit̪ pʌɾkʰalˈʌɦɾuka bˈit͡sma niɾˈʌnt̪ʌɾ nˈʌjã maɾɡˈʌɦɾu st̪ʰˈapna ɡˈʌɾd̪ʌit͡sʰʌn
उनले सन् 1950 मा भर्जिनिया विश्वविद्यालयको कला र विज्ञान कलेजबाट स्नातक गरेर त्यो संस्थाको महत्वपूर्ण दाता थिए	ˈunle sˈʌn ˈek ɦˈʌd͡zaɾ nˈʌu sˈʌj pˈʌt͡sas mˈa bʱˈʌɾd͡zinija wiswʌwid̪jalˈʌjko kˈʌla ɾˈʌ wˈid͡zɲan kʌlˈed͡zbaʈ snˈat̪ʌk ɡˈʌɾeɾ t̪jˈo sˈʌ̃st̪ʰako mʌɦʌt̪wʌpˈuɾɳʌ d̪ˈat̪a t̪ʰˈie
सन् 1977 मा डा दामादियनले पहिलो सम्पूर्ण-शरीर mri स्क्यानरको निर्माण पूरा गरे जसलाई उनले इन्डोमिटेबल भने	sˈʌn ˈek ɦˈʌd͡zaɾ nˈʌu sˈʌj sˈʌt̪ɦʌt̪ːʌɾ mˈa ɖˈa d̪amad̪ijˈʌnle pˈʌɦilo sʌmpˈuɾɳʌ sˈʌɾiɾ ˌɛmɑːɹˈaᶦ skjanˈʌɾko nˈiɾmaɳ pˈuɾa ɡˈʌɾe d͡zˈʌslai ˈunle ˈinɖomiʈebʌl bʱˈʌne
हाइड्रोजन परमाणुहरू एक आपसमा विलय वा फ्यूज भएर भारी तत्वहरू बनाउँदा बनेको उर्जाका कारण ताराहरूले प्रकाश र ताप दिन्छन्।	ɦaˈiɖɾod͡zʌn pʌɾmaɳˈuɦɾu ˈek apˈʌsma wˈilʌj wˈa pʰjˈud͡z bʱˈʌeɾ bʱˈaɾi t̪ʌt̪wˈʌɦɾu bʌnaˈũd̪a bˈʌneko ˈuɾd͡zaka kˈaɾʌɳ t̪aɾˈaɦɾule pɾˈʌkas ɾˈʌ t̪ˈap d̪ˈint͡sʰʌn .
आजका दिनका हेर्नलायक खेलाडी वाशिङ्गटन क्यापिटल्सको एलेक्स ओभेचिन हुन्	ˈad͡zka d̪ˈinka ɦˈeɾnʌlajʌk kʰˈelaɖi wasˈiŋɡʌʈʌn kjapiʈˈʌlsʌko elˈeksʌ ˈobʱet͡sin ɦˈun
मेट्रोप्लस बढी आरामदायी र कम भीडभाड हुन्छ तर थोरै महङ्गो छ यद्यपि युरोपको सामान्य मेट्रो टिकट भन्दा सस्तो हुन्छ	meʈɾˈoplʌs bˈʌɖʱi aɾˈamd̪aji ɾˈʌ kˈʌm bʱˈiɖbʱaɖ ɦˈunt͡sʰʌ t̪ˈʌɾ t̪ʰˈoɾʌi mʌɦˈʌŋɡo t͡sʰˈʌ jˈʌd̪jʌpi juɾˈopko samˈanjʌ mˈeʈɾo ʈˈikʌʈ bʱˈʌnd̪a sˈʌst̪o ɦˈunt͡sʰʌ
पृथ्वीमा धेरै दुर्लभ रहेका केही ढुङ्गाहरू प्रति आउन्स 11,000 देखि 22,500 अमेरिकी डलरमा बेचिन्छन् जुन सुनको लागतभन्दा दश गुणाले बढी हो	pɾˈɪt̪ʰwima d̪ʱˈeɾʌi d̪ˈuɾlʌbʱ ɾˈʌɦeka kˈeɦi ɖʱuŋɡˈaɦɾu pɾˈʌt̪i aˈunsʌ ˈeɡʱaɾ ɦˈʌd͡zaɾ d̪ˈekʰi bˈais ɦˈʌd͡zaɾ pˈãt͡s sˈʌj ˈʌmeɾiki ɖʌlˈʌɾma bet͡sˈint͡sʰʌn d͡zˈun sˈunko laɡʌt̪bʱˈʌnd̪a d̪ˈʌs ɡˈuɳale bˈʌɖʱi ɦˈo
मुस जसलाई एल्क पनि भनिन्छ स्वाभाविक रूपमा आक्रामक हुँदैनन् तर यदि उनीहरूलाई कुनै खतरा महसुस भयो भने आफूलाई बचाउनेछन्।	mˈus d͡zˈʌslai ˈelkʌ pˈʌni bʱʌnˈint͡sʰʌ swˈabʱawik ɾˈupma ˈakɾamʌk ɦˈũd̪ʌinʌn t̪ˈʌɾ jˈʌd̪i unˈiɦɾulai kˈunʌi kʰˈʌt̪ɾa mˈʌɦsus bʱˈʌjo bʱˈʌne ˈapʰulai bˈʌt͡saunet͡sʰʌn .
कोषहरू जीवनको अध्ययनका लागि धेरै आधारभूत र आलोचनात्मक हुन्छन् वास्तवमा तिनीहरूलाई प्रायः जीवन निर्माण हुने भवन भन्ने गरिन्छ	kosˈʌɦɾu d͡ziwˈʌnko ʌd̪ʱjʌjˈʌnka lˈaɡi d̪ʱˈeɾʌi ad̪ʱˈaɾbʱut̪ ɾˈʌ alot͡snˈat̪mʌk ɦˈunt͡sʰʌn wast̪ˈʌwma t̪inˈiɦɾulai pɾˈajʌh d͡zˈiwʌn nˈiɾmaɳ ɦˈune bʱˈʌwʌn bʱˈʌnːe ɡʌɾˈint͡sʰʌ
अहिलेको पूर्वी पाराग्वे भनिनेमा बसोवास गर्ने सबैभन्दा महत्त्वपूर्ण आदिवासी समूह ग्वारानी थिए जो अर्ध-यायावर सिकारीहरूको रूपमा बस्थे जसले जीविका कृषिको अभ्यास गरे	ˈʌɦileko pˈuɾwi paɾˈaɡwe bʱˈʌninema bˈʌsowas ɡˈʌɾne sʌbʌibʱˈʌnd̪a mʌɦʌt̪ːwʌpˈuɾɳʌ ˈad̪iwasi sˈʌmuɦ ɡwˈaɾani t̪ʰˈie d͡zˈo ˈʌɾd̪ʱʌ jˈajawʌɾ sikaɾˈiɦɾuko ɾˈupma bˈʌst̪ʰe d͡zˈʌsle d͡zˈiwika kɾˈɪsiko ˈʌbʱjas ɡˈʌɾe
सीमित समयका साथ आउने आगन्तुकहरूले आफ्नो समय अरू ठाउँमा बिताउनु उत्तम हुनेछ	sˈimit̪ sʌmˈʌjka sˈat̪ʰ ˈaune aɡʌnt̪ukˈʌɦɾule ˈapʰno sˈʌmʌj ˈʌɾu ʈʰaˈũma bˈit̪aunu ˈut̪ːʌm ɦˈunet͡sʰ
अवश्य पनि एक प्रथम श्रेणीको आधा-माइल एक मानिस जसले दुई मिनेटमा पूरा गर्न सक्छ उसमा उचित गतिको मात्राको हुनु पर्छ तर धैर्यताका सबै खतराहरूमा शोधन गरिनु पर्छ	ʌwˈʌsjʌ pˈʌni ˈek pɾˈʌt̪ʰʌm sɾˈeɳiko ˈad̪ʱa mˈail ˈek mˈanis d͡zˈʌsle d̪ˈui minˈeʈma pˈuɾa ɡˈʌɾnʌ sˈʌkt͡sʰʌ ˈusma ˈut͡sit̪ ɡˈʌt̪iko mˈat̪ɾako ɦˈunu pˈʌɾt͡sʰʌ t̪ˈʌɾ d̪ʱʌˈiɾjʌt̪aka sˈʌbʌi kʰʌt̪ɾˈaɦɾuma sˈod̪ʱʌn ɡˈʌɾinu pˈʌɾt͡sʰʌ
यसको सबैभन्दा उल्लेखनीय एउटा उदाहरण भनेको wwii को उत्तरी एटलान्टिक अभियान थियो।। अमेरिकीहरू बेलायतलाई सहयोग पुर्‍याउन पुरुष र सामाग्रीहरूलाई अटलान्टिक महासागर पार गराउन खोजिरहेका थिए।	jˈʌsko sʌbʌibʱˈʌnd̪a ulːˈekʰnij ˈeuʈa ud̪ˈaɦɾʌɳ bʱˈʌneko vwˈaᶦ kˈo ˈut̪ːʌɾi eʈlˈanʈik ˈʌbʱijan t̪ʰˈijo . ʌmeɾikˈiɦɾu belajˈʌt̪lai sˈʌɦjoɡ pˈuɾjaun pˈuɾus ɾˈʌ samaɡɾˈiɦɾulai ʌʈlˈanʈik mˈʌɦasaɡʌɾ pˈaɾ ɡˈʌɾaun kʰod͡zˈiɾɦeka t̪ʰˈie .
त्यसपछि बत्तीको बल्ब बदल्न आवश्यक रहेको छ बत्तीको बल्ब बदल्दा सावधान हुनु आवश्यक छ	t̪jʌsˈʌpt͡sʰi bˈʌt̪ːiko bˈʌlbʌ bʌd̪ˈʌlnʌ awˈʌsjʌk ɾˈʌɦeko t͡sʰˈʌ bˈʌt̪ːiko bˈʌlbʌ bʌd̪ˈʌld̪a sˈawd̪ʱan ɦˈunu awˈʌsjʌk t͡sʰˈʌ
हुनसक्छ एक दिन तपाईंका महान नातिनातिनाहरू तिनीहरूका प्राचीन पुर्वजहरूका बारे आश्चर्यचकित हुँदै एलियन संसारकामाथि उभिरहेका हुनेछन्	ɦunsˈʌkt͡sʰʌ ˈek d̪ˈin t̪ʌpaˈĩŋka mˈʌɦan nat̪inat̪inˈaɦɾu t̪inˈiɦɾuka pɾˈat͡sin puɾwʌd͡zˈʌɦɾuka bˈaɾe ast͡sʌɾjˈʌt͡skit̪ ɦˈũd̪ʌi ˈelijʌn sʌ̃sˈaɾkamat̪ʰi ubʱˈiɾɦeka ɦˈunet͡sʰʌn
बैंकको राष्ट्रियकरण हुनुअघि रिचार्ड ब्रानसनको भर्जिन समूहले बैंकका लागि लगाएको बोली अस्वीकृत भएको थियो	bʌˈĩŋkʌko ɾˈasʈɾijʌkɾʌɳ ɦˈunuʌɡʱi ɾit͡sˈaɾɖʌ bɾansˈʌnko bʱˈʌɾd͡zin sʌmˈuɦle bʌˈĩŋkʌka lˈaɡi lˈʌɡaeko bˈoli ʌswˈikɾɪt̪ bʱˈʌeko t̪ʰˈijo
the sphinx एक लामो कथाको पृष्ठभूमि र कथाकारका रूपमा स्थापित छ	ðˈə sfˈɪŋks ˈek lˈamo kˈʌt̪ʰako pɾˈɪsʈʰʌbʱumi ɾˈʌ kʌt̪ʰakˈaɾka ɾˈupma st̪ʰˈapit̪ t͡sʰˈʌ
अफ्रिकाको पूर्वी तटमा हिन्द महासागरमा पूर्वी अफ्रिकी टापुहरू छन्	ˈʌpʰɾikako pˈuɾwi t̪ˈʌʈma ɦˈind̪ʌ mʌɦasaɡˈʌɾma pˈuɾwi ˈʌpʰɾiki ʈapˈuɦɾu t͡sʰˈʌn
त्यस समयमा उक्त क्षेत्रबाट करिब 100 बासिन्दाहरूलाई बाहिर निकालियो	t̪jˈʌs sʌmˈʌjma ˈukt̪ʌ ksˈet̪ɾʌbaʈ kˈʌɾib ˈek sˈʌj basind̪ˈaɦɾulai bˈaɦiɾ nˈikalijo
सबै अवशेषहरूका तस्विरहरूको पृष्ठभूमि रहेको माचु पिच्चुको उत्तरी छेउको माथिल्लो भाग ठाडो पहाड हो	sˈʌbʌi ʌwsesˈʌɦɾuka t̪ʌswiɾˈʌɦɾuko pɾˈɪsʈʰʌbʱumi ɾˈʌɦeko mˈat͡su pˈit͡st͡suko ˈut̪ːʌɾi t͡sʰˈeuko mˈat̪ʰilːo bʱˈaɡ ʈʰˈaɖo pˈʌɦaɖ ɦˈo
चक्रवात धेरै कम दबाव भएको हावाको घुमिरहेको स्तम्भ हो जसले हावालाई भित्री र माथिल्लो दिशातर्फ तान्छ	t͡sˈʌkɾʌwat̪ d̪ʱˈeɾʌi kˈʌm d̪ˈʌbaw bʱˈʌeko ɦˈawako ɡʱumˈiɾɦeko st̪ˈʌmbʱʌ ɦˈo d͡zˈʌsle ɦˈawalai bʱˈit̪ɾi ɾˈʌ mˈat̪ʰilːo d̪isat̪ˈʌɾpʰʌ t̪ˈant͡sʰʌ
तीन महत्त्वपूर्ण वैज्ञानिक उपकरणहरू बोक्नु बाहेक चन्द्र जाँचले चारै तिर पेन्ट गरिएको भारतीय राष्ट्रिय झण्डाको छवि पनि बोकेको थियो	t̪ˈin mʌɦʌt̪ːwʌpˈuɾɳʌ wʌˈid͡zɲanik upkʌɾɳˈʌɦɾu bˈoknu bˈaɦek t͡sˈʌnd̪ɾʌ d͡zˈãt͡sle t͡sˈaɾʌi t̪ˈiɾ pˈenʈʌ ɡˈʌɾieko bʱˈaɾt̪ij ɾˈasʈɾij d͡zʱˈʌɳɖako t͡sʰˈʌwi pˈʌni bˈokeko t̪ʰˈijo
खेल प्रकाशक konamiले आज जापानी अखबारमा उनीहरूले fallujah मा छ दिनको खेल रिलीज गर्ने छैनन्‌ भने।	kʰˈel pɾˈʌkasʌk koᶷnˈɑːmi lˈe ˈad͡z d͡zˈapani ʌkʰbˈaɾma unˈiɦɾule fəlˈuːjə mˈa t͡sʰˈʌ d̪ˈinko kʰˈel ɾˈilid͡z ɡˈʌɾne t͡sʰˈʌinʌn bʱˈʌne .
तर सन् 2007 मा asusलाई गणतन्त्र चाइनाका कार्यकारी युआनद्वारा ताईवान दीगो पुरस्कार प्रदान गरेपछि ल्यापटप कम्प्युटरका उपभोक्ता बजार आमूल रूपले फरक र परिवर्तन हुनेछ।	t̪ˈʌɾ sˈʌn d̪ˈui ɦˈʌd͡zaɾ sˈat̪ mˈa ˈeᶦsəs lˈai ɡʌɳt̪ˈʌnt̪ɾʌ t͡sˈainaka kˈaɾjʌkaɾi juanˈʌd̪waɾa t̪ˈaiwan d̪ˈiɡo puɾˈʌskaɾ pɾˈʌd̪an ɡʌɾˈept͡sʰi ljˈapʈʌp kˈʌmpjuʈʌɾka upbʱˈokt̪a bˈʌd͡zaɾ ˈamul ɾˈuple pʰˈʌɾʌk ɾˈʌ pʌɾiwˈʌɾt̪ʌn ɦˈunet͡sʰ .
फोटोनहरू परमाणु बनाउने सामानहरू भन्दा पनि झन साना हुन्छन्	pʰoʈonˈʌɦɾu pˈʌɾmaɳu bˈʌnaune samanˈʌɦɾu bʱˈʌnd̪a pˈʌni d͡zʱˈʌn sˈana ɦˈunt͡sʰʌn
यी प्रत्येक घुमन्ते हिंसात्मक व्यवहार वा मार्चहरू लगभग 17 दिनसम्म रहन्छन्	jˈi pɾˈʌt̪jek ɡʱumˈʌnt̪e ɦĩsˈat̪mʌk wjˈʌwɦaɾ wˈa maɾt͡sˈʌɦɾu lˈʌɡbʱʌɡ sˈʌt̪ɾʌ d̪ˈinsʌmːʌ ɾʌɦˈʌnt͡sʰʌn
15 औं शताब्दीतिर उत्तरी एस्टोनिया जर्मनीको अत्याधिक सांस्कृतिक प्रभावमा थियो	pˈʌnd̪ʱɾʌũ sʌt̪ˈabd̪it̪iɾ ˈut̪ːʌɾi ˈesʈonija d͡zˈʌɾmʌniko ˈʌt̪jad̪ʱik sˈãskɾɪt̪ik pɾʌbʱˈawma t̪ʰˈijo
उनी धेरै प्यारी छिन् र धेरै राम्ररी गाउँछिन् पनि उनले समाचार सम्मेलनको एक ट्रान्सक्रिप्टकाअनुसार भने	ˈuni d̪ʱˈeɾʌi pjˈaɾi t͡sʰˈin ɾˈʌ d̪ʱˈeɾʌi ɾˈamɾʌɾi ɡaˈũt͡sʰin pˈʌni ˈunle sˈʌmat͡saɾ sʌmːelˈʌnko ˈek ʈɾansʌkɾˈipʈʌkaʌnusaɾ bʱˈʌne
टुटान्खामुनको चिहान kv62। होवार्ड कार्टरको 1922 खो खोज युवा राजाको लगभग अक्षत शाही अन्त्येष्टिको दृष्य उपत्यकाका चिहानहरूमध्ये सबैभन्दा प्रसिद्ध kv62 हुन सक्छ।	ʈuʈankʰamˈunko t͡sˈiɦan kʰˈeᶦviː bʌisˈʌʈʰʈʰi . ɦowˈaɾɖʌ kaɾʈˈʌɾko ˈek ɦˈʌd͡zaɾ nˈʌu sˈʌj bˈais kʰˈo kʰˈod͡z jˈuwa ɾˈad͡zako lˈʌɡbʱʌɡ ˈʌksʌt̪ sˈaɦi ˈʌnt̪jesʈiko d̪ɾˈɪsjʌ upˈʌt̪jʌkaka t͡siɦanʌɦɾumˈʌd̪ʱje sʌbʌibʱˈʌnd̪a pɾˈʌsid̪ʱːʌ kʰˈeᶦviː bʌisˈʌʈʰʈʰi ɦˈun sˈʌkt͡sʰʌ .
आवधिक लयहरू जुन केवल बाह्य आवधिक सङ्केतहरूका प्रतिक्रिया मात्र होइनन् जुन धेरै जस्ता किटाणु ढुसी बोटविरुवा र जनावरहरू लगायत जीवित प्राणीहरूका लागि दस्तावेज गरिएका छन्	ˈawd̪ʱik lʌjˈʌɦɾu d͡zˈun kˈewʌl bˈaɦjʌ ˈawd̪ʱik sʌŋket̪ˈʌɦɾuka pɾʌt̪ˈikɾija mˈat̪ɾʌ ɦˈoinʌn d͡zˈun d̪ʱˈeɾʌi d͡zˈʌst̪a kˈiʈaɳu ɖʱˈusi bˈoʈwiɾuwa ɾˈʌ d͡zʌnawɾˈʌɦɾu lˈʌɡajʌt̪ d͡zˈiwit̪ pɾaɳˈiɦɾuka lˈaɡi d̪ˈʌst̪awed͡z ɡˈʌɾieka t͡sʰˈʌn
फ्लोरिडाको मियामीबाट करीब 3,000 माइलको दूरीमा रहेको आँधीबेहरीको 40 माइल प्रति घण्टा 64 किलोमिटर प्रति घण्टा को अधिकतम स्थिर वायु छ।	pʰlˈoɾiɖako mˈijamibaʈ kˈʌɾib t̪ˈin ɦˈʌd͡zaɾ maˈilko d̪ˈuɾima ɾˈʌɦeko ãd̪ʱibˈeɦɾiko t͡sˈalis mˈail pɾˈʌt̪i ɡʱˈʌɳʈa t͡sʌusˈʌʈʰʈʰi kˈilomiʈʌɾ pɾˈʌt̪i ɡʱˈʌɳʈa kˈo ʌd̪ʱˈikt̪ʌm st̪ʰˈiɾ wˈaju t͡sʰˈʌ .
शहर झरनाको तत्काल अर्को छेउमा अवस्थित छ र ती प्रमुख आकर्षणहरू हुन् तर यो लोकप्रिय पर्यटन गन्तव्यले दुवै साहसिक खोजी गर्ने र दृश्यावलोकन गर्नेहरूलाई लामो बसाइका लागि प्रशस्त अवसरहरू प्रदान गर्दछ	sˈʌɦʌɾ d͡zʱˈʌɾnako t̪ˈʌt̪kal ˈʌɾko t͡sʰˈeuma ʌwˈʌst̪ʰit̪ t͡sʰˈʌ ɾˈʌ t̪ˈi pɾˈʌmukʰ akʌɾsʌɳˈʌɦɾu ɦˈun t̪ˈʌɾ jˈo lokˈʌpɾij pˈʌɾjʌʈʌn ɡʌnt̪ˈʌwjʌle d̪ˈuwʌi sˈaɦsik kʰˈod͡zi ɡˈʌɾne ɾˈʌ d̪ɾɪsjˈawlokʌn ɡʌɾnˈeɦɾulai lˈamo bˈʌsaika lˈaɡi pɾʌsˈʌst̪ʌ ʌwʌsɾˈʌɦɾu pɾˈʌd̪an ɡˈʌɾd̪ʌt͡sʰ
केही मानिसहरू विश्वास गर्दछन् कि धेरै कृत्रिम रूपमा प्रेरित सुन्दर सपनाको अनुभव गर्नु थकाइलाग्दो हुन सक्छ	kˈeɦi manisˈʌɦɾu wˈiswas ɡˈʌɾd̪ʌt͡sʰʌn kˈi d̪ʱˈeɾʌi kɾˈɪt̪ɾim ɾˈupma pɾˈeɾit̪ sˈund̪ʌɾ sˈʌpnako ˈʌnubʱʌw ɡˈʌɾnu t̪ʰʌkailˈaɡd̪o ɦˈun sˈʌkt͡sʰʌ
यद्यपि जलसेनाका प्रधान सेनापतिहरू जर्मन हवाई आक्रमणबाट डुब्छन् कि भनी डराएका हुनाले सम्भावित आक्रमण मार्गहरूको नजिकै एकदमै कम शाही जलसेना जहाजहरू आधारित थिए	jˈʌd̪jʌpi d͡zˈʌlsenaka pɾˈʌd̪ʱan senapt̪ˈiɦɾu d͡zˈʌɾmʌn ɦˈʌwai akɾʌmˈʌɳbaʈ ɖˈubt͡sʰʌn kˈi bʱˈʌni ɖˈʌɾaeka ɦˈunale sˈʌmbʱawit̪ ˈakɾʌmʌɳ maɾɡˈʌɦɾuko nˈʌd͡zikʌi ekˈʌd̪mʌi kˈʌm sˈaɦi d͡zˈʌlsena d͡zʌɦad͡zˈʌɦɾu ˈad̪ʱaɾit̪ t̪ʰˈie
यस क्षेत्रका बारे कूटनीतिक बहसले आर्मेनिया र अजरबैजान बीचको सम्बन्धलाई निरन्तर रूपमा क्षति पुर्याएको छ	jˈʌs ksˈet̪ɾʌka bˈaɾe kˈuʈnit̪ik bʌɦˈʌsle ˈaɾmenija ɾˈʌ ʌd͡zˈʌɾbʌid͡zan bˈit͡sko sʌmbˈʌnd̪ʱʌlai niɾˈʌnt̪ʌɾ ɾˈupma ksˈʌt̪i pˈuɾjaeko t͡sʰˈʌ
विश्वव्यापी वित्तीय अवस्थाका सम्बन्धमा जापाटेरोले भन्दै जारी राखे कि वित्तीय प्रणाली अर्थव्यवस्थाको एक हिस्सा हो एक महत्त्वपूर्ण हिस्सा हो	wiswˈʌwjapi wˈit̪ːij ʌwˈʌst̪ʰaka sʌmbˈʌnd̪ʱʌma d͡zˈapaʈeɾole bʱˈʌnd̪ʌi d͡zˈaɾi ɾˈakʰe kˈi wˈit̪ːij pɾˈʌɳali ʌɾt̪ʰʌwjʌwˈʌst̪ʰako ˈek ɦˈisːa ɦˈo ˈek mʌɦʌt̪ːwʌpˈuɾɳʌ ɦˈisːa ɦˈo
दुर्घटना स्थल आज पहिचान गरिएको थियो तर त्यहाँ पुग्न यति कठिन छ कि घटनास्थलसम्म हिँडेर जान र बचेकाहरूको खोजी गर्न भनेर दुई जना पुलिसलाई जङ्गलमा झारियो	d̪uɾɡʱˈʌʈna st̪ʰˈʌl ˈad͡z pˈʌɦit͡san ɡˈʌɾieko t̪ʰˈijo t̪ˈʌɾ t̪jˈʌɦã pˈuɡnʌ jˈʌt̪i kˈʌʈʰin t͡sʰˈʌ kˈi ɡʱʌʈnast̪ʰˈʌlsʌmːʌ ɦˈĩɖeɾ d͡zˈan ɾˈʌ bʌt͡sekˈaɦɾuko kʰˈod͡zi ɡˈʌɾnʌ bʱˈʌneɾ d̪ˈui d͡zˈʌna pulˈislai d͡zʌŋɡˈʌlma d͡zʱˈaɾijo
एआई सिस्टम अहिले प्राय अर्थशास्त्र चिकित्सा इन्जिनियरिङ र सेनाको क्षेत्रमा प्रयोग गरिन्छ जस्तो कि विभिन्न होम कम्प्युटर र भिडियो गेम सफ्टवेयर एप्लिकेसनहरूमा निर्माण गरिएको छ	ˈeai sˈisʈʌm ˈʌɦile pɾˈaj ʌɾt̪ʰʌsˈast̪ɾʌ t͡sikˈit̪sa ind͡zinˈijɾiŋ ɾˈʌ sˈenako ksˈet̪ɾʌma pɾˈʌjoɡ ɡʌɾˈint͡sʰʌ d͡zˈʌst̪o kˈi wˈibʱinːʌ ɦˈom kˈʌmpjuʈʌɾ ɾˈʌ bʱˈiɖijo ɡˈem sˈʌpʰʈʌwejʌɾ eplikesnˈʌɦɾuma nˈiɾmaɳ ɡˈʌɾieko t͡sʰˈʌ
तथापि सबै फ्रान्सेली बोल्ने बेल्जियन र स्विसले विद्यालयहरूमा मानक फ्रान्सेली सिकेका हुन्थे ताकि तपाईंले मानक फ्रान्सेली सङ्ख्या प्रणाली प्रयोग गर्नुभएको भए तापनि तिनीहरू तपाईंलाई बुझ्न सक्षम हुन सकून्	t̪ˈʌt̪ʰapi sˈʌbʌi pʰɾˈanseli bˈolne bˈeld͡zijʌn ɾˈʌ swˈisle wid̪jaljˈʌɦɾuma mˈanʌk pʰɾˈanseli sˈikeka ɦˈunt̪ʰe t̪ˈaki t̪ʌpaˈĩle mˈanʌk pʰɾˈanseli sˈʌŋkʰja pɾˈʌɳali pɾˈʌjoɡ ɡˈʌɾnubʱʌeko bʱˈʌe t̪ˈapni t̪inˈiɦɾu t̪ʌpaˈĩlai bˈud͡zʱnʌ sˈʌksʌm ɦˈun sˈʌkun
अरूलाई जनावरले हुर्काएको भन्ने कथन छ केही आफैं वनमा बसोबास गरेको बताइन्छ	ˈʌɾulai d͡zʌnawˈʌɾle ɦˈuɾkaeko bʱˈʌnːe kˈʌt̪ʰʌn t͡sʰˈʌ kˈeɦi ˈapʰʌĩ wˈʌnma bˈʌsobas ɡˈʌɾeko bʌt̪aˈint͡sʰʌ
दृष्टि वा हेर्ने क्षमता दृश्य प्रणाली संवेदनशिक अङ्ग वा आँखामा निर्भर गर्छ	d̪ɾˈɪsʈi wˈa ɦˈeɾne ksˈʌmt̪a d̪ɾˈɪsjʌ pɾˈʌɳali sʌ̃wed̪ˈʌnsik ˈʌŋɡʌ wˈa ˈãkʰama nˈiɾbʱʌɾ ɡˈʌɾt͡sʰʌ
सहरको वैकल्पिक मार्ग बेल्टवेमा कुनै ठूलो यातायात ढिलाई रिपोर्ट गरिएको थिएन	sʌɦˈʌɾko wʌikˈʌlpik mˈaɾɡʌ bˈelʈʌwema kˈunʌi ʈʰˈulo jˈat̪ajat̪ ɖʱˈilai ɾipˈoɾʈʌ ɡˈʌɾieko t̪ʰˈien
सोमबारका दिन सारा ड्यानियस स्विडिस एकेडेमीमा नोबेल साहित्य समितिका स्थायी सचिवले स्विडेनको सेभेरिजेस रेडियोको एक रेडियो कार्यक्रममा सार्वजनिक रूपमा घोषणा गरे कि बब डिलनलाई साहित्यमा 2016 को नोबेल पुरस्कार पाउने बारेमा सिधै पुग्न असमर्थ भएकाले समितिले उहाँसम्म पुग्न आफ्ना प्रयासहरू त्यागिदियो	sombˈaɾka d̪ˈin sˈaɾa ɖjˈanijʌs swˈiɖis ˈekeɖemima nˈobel saɦˈit̪jʌ sˈʌmit̪ika st̪ʰˈaji sʌt͡sˈiwle swiɖˈenko sˈebʱeɾid͡zes ɾˈeɖijoko ˈek ɾˈeɖijo kaɾjʌkɾˈʌmma saɾwˈʌd͡znik ɾˈupma ɡʱˈosɳa ɡˈʌɾe kˈi bˈʌb ɖilˈʌnlai saɦˈit̪jʌma d̪ˈui ɦˈʌd͡zaɾ sˈoɦɾʌ kˈo nˈobel puɾˈʌskaɾ pˈaune bˈaɾema sˈid̪ʱʌi pˈuɡnʌ ʌsmˈʌɾt̪ʰʌ bʱˈʌekale sˈʌmit̪ile uɦˈãsʌmːʌ pˈuɡnʌ ˈapʰna pɾʌjasˈʌɦɾu t̪jˈaɡid̪ijo
त्यसपछि व्हर्लिङ डर्भिसहरूले स्टेज लिए	t̪jʌsˈʌpt͡sʰi wɦˈʌɾliŋ ɖʌɾbʱisˈʌɦɾule sʈˈed͡z lˈie
2010 मा राष्ट्रियकरण गरिएको समयमा हालको हाइ स्ट्रिट बैंक नर्दर्न रक पिएलसी 'खराब बैंक' नर्दर्न रक सम्पत्ति व्यवस्थापन बाट छुट्टिएको थियो।	d̪ˈui ɦˈʌd͡zaɾ d̪ˈʌs mˈa ɾˈasʈɾijʌkɾʌɳ ɡˈʌɾieko sʌmˈʌjma ɦˈalko ɦˈai sʈɾˈiʈ bʌˈĩŋkʌ nʌɾd̪ˈʌɾnʌ ɾˈʌk piˈelsi kʰˈʌɾab bʌˈĩŋkʌ nʌɾd̪ˈʌɾnʌ ɾˈʌk sˈʌmpʌt̪ːi wjʌwˈʌst̪ʰapʌn bˈaʈ t͡sʰˈuʈʈieko t̪ʰˈijo .
सिंह चीता र चितुवा कहिलेकाँही लजाउँछन् र तपाईं दूरबीनबाट हेरेर तिनलाई अझ राम्ररी देख्नु हुने छ	sˈĩɦ t͡sˈit̪a ɾˈʌ t͡sˈit̪uwa kʌɦilekˈãɦi lʌd͡zaˈũt͡sʰʌn ɾˈʌ t̪ˈʌpaĩ d̪uɾbˈinbaʈ ɦˈeɾeɾ t̪ˈinlai ˈʌd͡zʱ ɾˈamɾʌɾi d̪ˈekʰnu ɦˈune t͡sʰˈʌ
ट्राइसेराटोप्सले काण्ड खानुभन्दा पहिले यसको बलियो चुच्चो प्रयोग गरी पातहरू उखाल्न सक्थ्यो	ʈɾaiseɾaʈˈopsʌle kˈaɳɖʌ kʰanubʱˈʌnd̪a pˈʌɦile jˈʌsko bˈʌlijo t͡sˈut͡st͡so pɾˈʌjoɡ ɡˈʌɾi pat̪ˈʌɦɾu ukʰˈalnʌ sˈʌkt̪ʰjo
सरकारी अनुसन्धानकर्ताहरूले बुधबार दुईवटा काला बाकस नामक उडान रेकर्डर बरामद गरेको भनेर सिन्ह्वाले भन्यो	sˈʌɾkaɾi ʌnusʌnd̪ʱankʌɾt̪ˈaɦɾule bˈud̪ʱbaɾ d̪uˈiwʈa kˈala bˈakʌs nˈamʌk ˈuɖan ɾekˈʌɾɖʌɾ bˈʌɾamʌd̪ ɡˈʌɾeko bʱˈʌneɾ sˈinɦwale bʱˈʌnjo
तीनवटा समुद्रले टर्कीलाई घेरेको छ पश्चिममा एजियन सागर उत्तरमा ब्ल्याक सी र दक्षिणमा भूमध्य सागर	t̪inˈʌwʈa sʌmˈud̪ɾʌle ʈˈʌɾkilai ɡʱˈeɾeko t͡sʰˈʌ pʌst͡sˈimma ˈed͡zijʌn sˈaɡʌɾ ut̪ːˈʌɾma bljˈak sˈi ɾˈʌ d̪ʌksˈiɳma bʱumˈʌd̪ʱjʌ sˈaɡʌɾ
यो उत्सव विश्व-प्रसिद्ध समूह सर्क्यू डु सोलाईलद्वारा विशेष कार्यक्रमको साथ सुरु भयो	jˈo ˈut̪sʌw wˈiswʌ pɾˈʌsid̪ʱːʌ sˈʌmuɦ sˈʌɾkju ɖˈu solailˈʌd̪waɾa wˈises kaɾjʌkɾˈʌmko sˈat̪ʰ sˈuɾu bʱˈʌjo
मानिसहरूको भिडले राजा र रानीका गाडीहरूका झ्यालहरू खुला राख्न बाध्य तुल्याए	manisˈʌɦɾuko bʱˈiɖle ɾˈad͡za ɾˈʌ ɾˈanika ɡaɖˈiɦɾuka d͡zʱjalˈʌɦɾu kʰˈula ɾˈakʰnʌ bˈad̪ʱjʌ t̪ˈuljae
जब मानिसले हिरणलाई सम्भावित खतराको रूपमा हेर्दैनन् तिनीहरू धेरै नजिक पुगरे आफूलाई जोखिममा पार्न सक्छन्	d͡zˈʌb manˈisle ɦiɾˈʌɳlai sˈʌmbʱawit̪ kʰˈʌt̪ɾako ɾˈupma ɦˈeɾd̪ʌinʌn t̪inˈiɦɾu d̪ʱˈeɾʌi nˈʌd͡zik pˈuɡɾe ˈapʰulai d͡zokʰˈimma pˈaɾnʌ sˈʌkt͡sʰʌn
प्रक्षेपणको वरिपरि 3 मिनेट एउटा अन-बोर्ड क्यामेराले इन्धन ट्याङ्कबाट टाढा इन्सुलेशन फोमका धेरै टुक्रा देखायो	pɾʌksepˈʌɳko wʌɾˈipɾi t̪ˈin mˈineʈ ˈeuʈa ˈʌn bˈoɾɖʌ kjˈameɾale ˈind̪ʱʌn ʈjˈaŋkʌbaʈ ʈˈaɖʱa ˈinsulesʌn pʰˈomka d̪ʱˈeɾʌi ʈˈukɾa d̪ˈekʰajo
 बुश वाक” पनि भनिन्छ  हाइकिंग सफारी” वा  फूटिङ” जाँदै केही घन्टा वा धेरै दिनको पैदल यात्रा हिड्ने सफारीमा समावेश गर्छ।	bˈus wˈak pˈʌni bʱʌnˈint͡sʰʌ ɦaikˈĩŋɡʌ sˈʌpʰaɾi wˈa pʰˈuʈiŋ d͡zˈãd̪ʌi kˈeɦi ɡʱˈʌnʈa wˈa d̪ʱˈeɾʌi d̪ˈinko pˈʌid̪ʌl jˈat̪ɾa ɦˈiɖne sˈʌpʰaɾima sˈʌmawes ɡˈʌɾt͡sʰʌ .
चाखलाग्दो के हो भने उहाँलाई प्राचीन समयमा एकदमै महत्त्वपूर्ण मानिँदैनथ्यो र धेरैजसो प्राचीन राजाका सुचीहरूमा रेकर्ड गरिएको थिएन	t͡sakʰlˈaɡd̪o kˈe ɦˈo bʱˈʌne uɦˈãlai pɾˈat͡sin sʌmˈʌjma ekˈʌd̪mʌi mʌɦʌt̪ːwʌpˈuɾɳʌ manĩd̪ʌinˈʌt̪ʰjo ɾˈʌ d̪ʱeɾʌˈid͡zso pɾˈat͡sin ɾˈad͡zaka sut͡sˈiɦɾuma ɾekˈʌɾɖʌ ɡˈʌɾieko t̪ʰˈien
उपनिवेशवादीहरूले यो गतिविधि हेरेर पनि सुदृढीकरणका लागि आह्वान गरेका थिए	upniweswad̪ˈiɦɾule jˈo ɡˈʌt̪iwid̪ʱi ɦˈeɾeɾ pˈʌni sud̪ɾɪɖʱikɾˈʌɳka lˈaɡi ˈaɦwan ɡˈʌɾeka t̪ʰˈie
सेल भनेको के हो सानो कोठा अर्थ रहेको सेल ल्याटिन शब्द सेला बाट आएको हो यो पहिलो कर्कको संरचना अवलोकन गर्दा माइक्रोस्कोपिस्टले तयार गरेको थियो	sˈel bʱˈʌneko kˈe ɦˈo sˈano kˈoʈʰa ˈʌɾt̪ʰʌ ɾˈʌɦeko sˈel ljˈaʈin sˈʌbd̪ʌ sˈela bˈaʈ ˈaeko ɦˈo jˈo pˈʌɦilo kˈʌɾkʌko sʌ̃ɾˈʌt͡sna ˈʌwlokʌn ɡˈʌɾd̪a maikɾoskopˈisʈʌle t̪ˈʌjaɾ ɡˈʌɾeko t̪ʰˈijo
दर्जनौं स्थानीय बासिन्दाहरूले ओबनाजावा हुलाक कार्यालयमा उनीहरूले परम्परागत र नियमित नयाँ वर्षका कार्डहरू प्राप्त गरेनन् भनेर गुनासो गरेपछि यो मुद्दा जनवरी 1 मा सुरु भयो	d̪ˈʌɾd͡zʌnʌũ st̪ʰˈanij basind̪ˈaɦɾule ˈobnad͡zawa ɦˈulak kaɾjalˈʌjma unˈiɦɾule pʌɾˈʌmpʌɾaɡʌt̪ ɾˈʌ nˈijmit̪ nˈʌjã wˈʌɾsʌka kaɾɖˈʌɦɾu pɾˈapt̪ʌ ɡˈʌɾenʌn bʱˈʌneɾ ɡˈunaso ɡʌɾˈept͡sʰi jˈo mˈud̪ːa d͡zʌnˈʌwɾi ˈek mˈa sˈuɾu bʱˈʌjo
massa कम्तिमा 2009 सत्रमा बाँकीका लागि बाहिर आउने कारण हो	mˈæsə kˈʌmt̪ima d̪ˈui ɦˈʌd͡zaɾ nˈʌu sˈʌt̪ɾʌma bˈãkika lˈaɡi bˈaɦiɾ ˈaune kˈaɾʌɳ ɦˈo
इटालीको योजनाका बारेमा एक स्पष्टीकरणबाट सुरू गरौं इटाली मुख्यतया जर्मनी र जापानको सानो भाई थियो	ˈiʈaliko jˈod͡znaka bˈaɾema ˈek spʌsʈikɾˈʌɳbaʈ sˈuɾu ɡˈʌɾʌũ ˈiʈali mukʰjˈʌt̪ja d͡zˈʌɾmʌni ɾˈʌ d͡zapˈanko sˈano bʱˈai t̪ʰˈijo
मध्यावधि चुनावमा हारेको एक सातापछि बुसले एक दर्शकलाई एसियाको व्यापारका विस्तारको बारेमा बताए	mʌd̪ʱjˈawd̪ʱi t͡sunˈawma ɦˈaɾeko ˈek sat̪ˈapt͡sʰi bˈusle ˈek d̪ʌɾsˈʌklai ˈesijako wjapˈaɾka wist̪ˈaɾko bˈaɾema bˈʌt̪ae
छिटो र आरामदायी हुने सुविधाका लागि शीर्ष डलर तिर्न इच्छुक फ्लायरहरूको एक निश्चित कोर समूह छ र त्यस हिसाबले चार्ज गर्छ भन्ने एयरलाइन्सलाई राम्रोसँग थाहा छ	t͡sʰˈiʈo ɾˈʌ aɾˈamd̪aji ɦˈune sˈuwid̪ʱaka lˈaɡi sˈiɾsʌ ɖˈʌlʌɾ t̪ˈiɾnʌ ˈit͡st͡sʰuk pʰlajɾˈʌɦɾuko ˈek nˈist͡sit̪ kˈoɾ sˈʌmuɦ t͡sʰˈʌ ɾˈʌ t̪jˈʌs ɦisˈable t͡sˈaɾd͡zʌ ɡˈʌɾt͡sʰʌ bʱˈʌnːe ejʌɾlaˈinsʌlai ɾamɾosˈʌ̃ɡ t̪ʰˈaɦa t͡sʰˈʌ
सामान्यतया सिङ्गापुर सुरक्षित स्थान हो नेभिगेट गर्न धेरै सजिलो छ र तपाईं पुगेपछि लगभग केहि पनि खरीद गर्न सक्नु हुन्छ	samanjˈʌt̪ja sˈiŋɡapuɾ suɾˈʌksit̪ st̪ʰˈan ɦˈo nˈebʱiɡeʈ ɡˈʌɾnʌ d̪ʱˈeɾʌi sˈʌd͡zilo t͡sʰˈʌ ɾˈʌ t̪ˈʌpaĩ puɡˈept͡sʰi lˈʌɡbʱʌɡ kˈeɦi pˈʌni kʰˈʌɾid̪ ɡˈʌɾnʌ sˈʌknu ɦˈunt͡sʰʌ
त्यस अवधिका लागि विशिष्ट किर्बी मक्सलोई गढ एक साँचो गढभन्दा बढीको किल्ला घर हो	t̪jˈʌs ˈʌwd̪ʱika lˈaɡi wisˈisʈʌ kˈiɾbi mˈʌksʌloi ɡˈʌɖʱ ˈek sˈãt͡so ɡʌɖʱbʱˈʌnd̪a bˈʌɖʱiko kˈilːa ɡʱˈʌɾ ɦˈo
अध्यक्षीय मन्त्री रोड्रिगो अरियासले एरियास भाइरसको हल्का सङ्क्रमणको सकारात्मक परीक्षण गरिएको कुरा गरेका छन्‌।	ʌd̪ʱjˈʌksij mˈʌnt̪ɾi ɾˈoɖɾiɡo ʌɾijˈasle ˈeɾijas bʱaiɾˈʌsko ɦˈʌlka sˈʌŋkɾʌmʌɳko sʌkaɾˈat̪mʌk pʌɾˈiksʌɳ ɡˈʌɾieko kˈuɾa ɡˈʌɾeka t͡sʰˈʌn .
अरूका लागि बोक्दा कहिल्यै पनि तपाईंको झोलालाई आफ्नो दृष्टिबाट बाहिर जान नदिनुहोस् विशेषगरी जब तपाईं अन्तर्राष्ट्रिय सीमाहरू पार गर्दै हुनुहुन्छ	ˈʌɾuka lˈaɡi bˈokd̪a kʌɦˈiljʌi pˈʌni t̪ʌpaˈĩŋko d͡zʱˈolalai ˈapʰno d̪ɾˈɪsʈibaʈ bˈaɦiɾ d͡zˈan nˈʌd̪inuɦos wisesˈʌɡɾi d͡zˈʌb t̪ˈʌpaĩ ʌnt̪ʌɾɾˈasʈɾij simˈaɦɾu pˈaɾ ɡˈʌɾd̪ʌi ɦunuɦˈunt͡sʰʌ
संस्कृति चिन्ने नयाँ व्यक्तिलाई भेट्ने आफ्नै बारेमा जान्ने दृष्टिकोणको भावना बुझ्ने र नयाँ सीपहरू प्राप्त गर्ने राम्रो तरिका विदेश बसेर स्वयं सेवा गर्नु हो	sˈʌ̃skɾɪt̪i t͡sˈinːe nˈʌjã wjˈʌkt̪ilai bʱˈeʈne ˈapʰnʌi bˈaɾema d͡zˈanːe d̪ɾɪsʈikˈoɳko bʱˈawna bˈud͡zʱne ɾˈʌ nˈʌjã sipˈʌɦɾu pɾˈapt̪ʌ ɡˈʌɾne ɾˈamɾo t̪ˈʌɾika wˈid̪es bˈʌseɾ swˈʌjʌ̃ sˈewa ɡˈʌɾnu ɦˈo
यसबाहेक त्यस्तो गर्न असफल हुँदा गम्भीर परिणामहरू हुन्छन् मानसिक चिन्तामा वृद्धि कुपोषण र अन्ततः मृत्यु हुन्छ	jˈʌsbaɦek t̪jˈʌst̪o ɡˈʌɾnʌ ˈʌspʰʌl ɦˈũd̪a ɡˈʌmbʱiɾ pʌɾiɳamˈʌɦɾu ɦˈunt͡sʰʌn mˈansik t͡sˈint̪ama wɾˈɪd̪ʱːi kˈuposʌɳ ɾˈʌ ˈʌnt̪ʌt̪ʌh mɾˈɪt̪ju ɦˈunt͡sʰʌ
रकमको अभाव र अन्य रोगहरूको तुलनामा कम प्राथमिकताका कारण यस वर्ष ऐतिहासिक रूपमा सबैभन्दा बढी प्रभावित क्षेत्रहरूमा खोपहरू पुर्‍याउने योजनामा ढिलाइ भयो।	ɾʌkˈʌmko ˈʌbʱaw ɾˈʌ ˈʌnjʌ ɾoɡˈʌɦɾuko t̪ˈulnama kˈʌm pɾat̪ʰmˈikt̪aka kˈaɾʌɳ jˈʌs wˈʌɾsʌ ˈʌit̪iɦasik ɾˈupma sʌbʌibʱˈʌnd̪a bˈʌɖʱi pɾˈʌbʱawit̪ kset̪ɾˈʌɦɾuma kʰopˈʌɦɾu pˈuɾjaune jˈod͡znama ɖʱˈilai bʱˈʌjo .
शरीरविज्ञान र व्यवहारका बारेमा धेरैको मनाइने ताल प्राय: अन्तरजात चक्रको उपस्थिति र जैविक घडीकामार्फत उनीहरूको उत्पादनमा निर्भर गर्छन्‌।	sʌɾiɾwˈid͡zɲan ɾˈʌ wjʌwɦˈaɾka bˈaɾema d̪ʱˈeɾʌiko mˈʌnaine t̪ˈal pɾˈajʌh ʌnt̪ˈʌɾd͡zat̪ t͡sˈʌkɾʌko upˈʌst̪ʰit̪i ɾˈʌ d͡zˈʌiwik ɡʱʌɖikamˈaɾpʰʌt̪ unˈiɦɾuko ut̪pad̪ˈʌnma nˈiɾbʱʌɾ ɡˈʌɾt͡sʰʌn .
यस वर्षको अप्रिलमा न्यायाधीश ग्लेनले 24 घण्टाभन्दा बढी पक्राउ परेका व्यक्तिलाई रिहा गरे जसलाई अदालतले कुनै सुनुवाइ नपाएकोले रिहा गरेको थियो	jˈʌs wˈʌɾsʌko ʌpɾˈilma njˈajad̪ʱis ɡlˈenle t͡sˈʌubis ɡʱʌɳʈabʱˈʌnd̪a bˈʌɖʱi pˈʌkɾau pˈʌɾeka wjˈʌkt̪ilai ɾˈiɦa ɡˈʌɾe d͡zˈʌslai ʌd̪alˈʌt̪le kˈunʌi sˈunuwai nˈʌpaekole ɾˈiɦa ɡˈʌɾeko t̪ʰˈijo
विभिन्न निर्माणहरूका विभिन्न क्षमताहरू हुन्छन् जुन विभिन्न वेभ-लम्बाईका लागि संवेदनशील हुन्छन् र तीक्ष्णताका विभिन्न डिग्री हुन्छन् उपयुक्त ईनपुट र विभिन्न संख्याहरूले राम्रोसँग काम गर्नका लागि उनीहरूलाई फरक प्रोसेसिङको पनि आवश्यकता पर्दछ	wˈibʱinːʌ niɾmaɳˈʌɦɾuka wˈibʱinːʌ ksʌmt̪ˈaɦɾu ɦˈunt͡sʰʌn d͡zˈun wˈibʱinːʌ wˈebʱ lˈʌmbaika lˈaɡi sʌ̃wed̪ˈʌnsil ɦˈunt͡sʰʌn ɾˈʌ t̪ˈiksɳʌt̪aka wˈibʱinːʌ ɖˈiɡɾi ɦˈunt͡sʰʌn upjˈukt̪ʌ ˈinpuʈ ɾˈʌ wˈibʱinːʌ sˈʌ̃ŋkʰjaɦɾule ɾamɾosˈʌ̃ɡ kˈam ɡˈʌɾnʌka lˈaɡi unˈiɦɾulai pʰˈʌɾʌk pɾosesˈiŋko pˈʌni awʌsjˈʌkt̪a pˈʌɾd̪ʌt͡sʰ
आइतबार बोलोनिया विरुद्ध योजना गरिएको खेल अगाडि उनी टोली होटेलमा नै थिए	aˈit̪baɾ bˈolonija wˈiɾud̪ʱːʌ jˈod͡zna ɡˈʌɾieko kʰˈel ˈʌɡaɖi ˈuni ʈˈoli ɦoʈˈelma nˈʌi t̪ʰˈie
मन्दिरको वार्षिक चाडपर्व नोभेम्बर अन्त्यदेखि मेको मध्यसम्म हुन्छ प्रत्येक मन्दिरको वार्षिक पात्रो फरक हुन्छ	mʌnd̪ˈiɾko wˈaɾsik t͡saɖpˈʌɾwʌ nobʱˈembʌɾ ˈʌnt̪jʌd̪ekʰi mˈeko mˈʌd̪ʱjʌsʌmːʌ ɦˈunt͡sʰʌ pɾˈʌt̪jek mʌnd̪ˈiɾko wˈaɾsik pˈat̪ɾo pʰˈʌɾʌk ɦˈunt͡sʰʌ
न्यूक्लियसमा दुई कणहरू हुन्छन् न्यूट्रोन र प्रोटोनहरू	njuklijˈʌsma d̪ˈui kʌɳˈʌɦɾu ɦˈunt͡sʰʌn njˈuʈɾon ɾˈʌ pɾoʈonˈʌɦɾu
पूरा ioc ले कोपेनहेगनमा अक्टोबरको बैठकमा मतदानलाई अझै अनुमोदन गरेको हुनु पर्छ	pˈuɾa ˈaᶦək lˈe kopenɦeɡˈʌnma ʌkʈobˈʌɾko bʌiʈʰˈʌkma mʌt̪d̪ˈanlai ˈʌd͡zʱʌi ˈʌnumod̪ʌn ɡˈʌɾeko ɦˈunu pˈʌɾt͡sʰʌ
साना बच्चाहरू सहितका परिवारहरूलाई थप तयारीहरू आवश्यक पर्न सक्छ तर बच्चा र प्रि-स्कुलका बच्चाहरूसँग पनि दिनमा घर बाहिर निस्कन सजिलै सम्भव हुन्छ	sˈana bʌt͡st͡sˈaɦɾu sʌɦˈit̪ka pʌɾiwaɾˈʌɦɾulai t̪ʰˈʌp t̪ʌjaɾˈiɦɾu awˈʌsjʌk pˈʌɾnʌ sˈʌkt͡sʰʌ t̪ˈʌɾ bˈʌt͡st͡sa ɾˈʌ pɾˈi skˈulka bʌt͡st͡saɦɾusˈʌ̃ɡ pˈʌni d̪ˈinma ɡʱˈʌɾ bˈaɦiɾ nˈiskʌn sˈʌd͡zilʌi sˈʌmbʱʌw ɦˈunt͡sʰʌ
बोबेकको तुलनामा अरू कसैले कहिल्यै क्लबका लागि अधिक उपस्थिति वा अधिक गोल गरेका छैनन्	bobˈekko t̪ˈulnama ˈʌɾu kˈʌsʌile kʌɦˈiljʌi klˈʌbka lˈaɡi ˈʌd̪ʱik upˈʌst̪ʰit̪i wˈa ˈʌd̪ʱik ɡˈol ɡˈʌɾeka t͡sʰˈʌinʌn
प्राकृतिक कारकहरूले आदर्श अवस्थाको उत्पादन गर्नका लागि प्रतिच्छेद गर्न सक्दछन् जसले लेउको संख्यालाई धेरै संख्यामा वृद्धि गर्न दिन्छन्	pɾˈakɾɪt̪ik kaɾkˈʌɦɾule ad̪ˈʌɾsʌ ʌwˈʌst̪ʰako ˈut̪pad̪ʌn ɡˈʌɾnʌka lˈaɡi pɾʌt̪ˈit͡st͡sʰed̪ ɡˈʌɾnʌ sˈʌkd̪ʌt͡sʰʌn d͡zˈʌsle lˈeuko sˈʌ̃ŋkʰjalai d̪ʱˈeɾʌi sˈʌ̃ŋkʰjama wɾˈɪd̪ʱːi ɡˈʌɾnʌ d̪ˈint͡sʰʌn
16 औँ शताब्दीमा पाराग्वे जसलाई पहिले  इन्डिजको विशाल प्रान्त भनिन्थ्यो”,को जन्म जन्मजात आदिवासी समूहहरूसँग स्पेनी विजेताहरूको सामनाको परिणामका रूपमा भएको हो।	sˈoɦɾʌũ sʌt̪ˈabd̪ima paɾˈaɡwe d͡zˈʌslai pˈʌɦile inɖˈid͡zko wˈisal pɾˈant̪ʌ bʱʌnˈint̪ʰjo , kˈo d͡zˈʌnmʌ d͡zˈʌnmʌd͡zat̪ ˈad̪iwasi sʌmuɦʌɦɾusˈʌ̃ɡ spˈeni wid͡zet̪ˈaɦɾuko sˈamnako pʌɾiɳˈamka ɾˈupma bʱˈʌeko ɦˈo .
बुधबार संयुक्त राज्यको राष्ट्रिय बास्केटबल सङ्गठन nbaले covid-19 को सन्दर्भका चासोहरूका कारणले आफ्नो पेशागत बास्केटबल सिजन निलम्बन गर्दछ।	bˈud̪ʱbaɾ sʌ̃jˈukt̪ʌ ɾˈad͡zjʌko ɾˈasʈɾij baskˈeʈbʌl sˈʌŋɡʌʈʰʌn ˈɛnbiːʲˈeᶦ lˈe kʰˈoᶷvəd ˈunːais kˈo sʌnd̪ˈʌɾbʱʌka t͡sasˈoɦɾuka kaɾˈʌɳle ˈapʰno pˈesaɡʌt̪ baskˈeʈbʌl sˈid͡zʌn nilˈʌmbʌn ɡˈʌɾd̪ʌt͡sʰ .
सूर्योदय हेर्नका लागि इस्टरको रात जागा रहेर उक्त सुर्योदय विशेष बिन्दुमा हेर्ने परम्परा छ	sˈuɾjod̪ʌj ɦˈeɾnʌka lˈaɡi isʈˈʌɾko ɾˈat̪ d͡zˈaɡa ɾˈʌɦeɾ ˈukt̪ʌ sˈuɾjod̪ʌj wˈises bˈind̪uma ɦˈeɾne pʌɾˈʌmpʌɾa t͡sʰˈʌ
युद्धको सुरुवातमा तिनीहरू प्राय समुद्रको टुप्पोमा यात्रा गर्थे तर राडरको विकास हुन सुरु भएपछि र अझ यथार्थ हुन थालेपछि पनडुब्बीहरूलाई नदेखिने बनाउनका लागि पानी मुनि जान बाध्य बनाइएका थिए	jˈud̪ʱːʌko suɾuwˈat̪ma t̪inˈiɦɾu pɾˈaj sʌmˈud̪ɾʌko ʈˈupːoma jˈat̪ɾa ɡˈʌɾt̪ʰe t̪ˈʌɾ ɾaɖˈʌɾko wˈikas ɦˈun sˈuɾu bʱʌˈept͡sʰi ɾˈʌ ˈʌd͡zʱ jʌt̪ʰˈaɾt̪ʰʌ ɦˈun t̪ʰalˈept͡sʰi pʌnɖubːˈiɦɾulai nˈʌd̪ekʰine bʌnaˈunka lˈaɡi pˈani mˈuni d͡zˈan bˈad̪ʱjʌ bˈʌnaieka t̪ʰˈie
उहाँ तिनीहरूसँग सन् 1945 मा सामेल हुनुभयो र उहाँ सन् 1958 सम्म बस्नुभयो	ˈuɦã t̪iniɦɾusˈʌ̃ɡ sˈʌn ˈek ɦˈʌd͡zaɾ nˈʌu sˈʌj pʌˈĩn̪t̪alis mˈa sˈamel ɦunˈubʱjo ɾˈʌ ˈuɦã sˈʌn ˈek ɦˈʌd͡zaɾ nˈʌu sˈʌj ˈʌnʈʰaunːʌ sˈʌmːʌ bʌsnˈubʱjo
अन्तर-जिल्ला प्रस्थान गर्ने बसहरू प्राय भरि हुने भएकाले केही दिनअघि नै टिकट काट्न सल्लाह दिइन्छ	ˈʌnt̪ʌɾ d͡zˈilːa pɾˈʌst̪ʰan ɡˈʌɾne bʌsˈʌɦɾu pɾˈaj bʱˈʌɾi ɦˈune bʱˈʌekale kˈeɦi d̪ˈinʌʌɡʱi nˈʌi ʈˈikʌʈ kˈaʈnʌ sˈʌlːaɦ d̪iˈint͡sʰʌ
उदाहरणका लागि लोइर उपत्यका राइन उपत्यकामा भएका महलहरू यात्रा गर्ने वा डान्युबको चाखलाग्दा साइटहरूका लागि क्रुज लिने वा एरी नहरमा डुङ्गा खियाउने	ud̪aɦɾˈʌɳka lˈaɡi lˈoiɾ upˈʌt̪jʌka ɾˈain upˈʌt̪jʌkama bʱˈʌeka mʌɦlˈʌɦɾu jˈat̪ɾa ɡˈʌɾne wˈa ɖanjˈubko t͡sakʰlˈaɡd̪a saiʈˈʌɦɾuka lˈaɡi kɾˈud͡z lˈine wˈa ˈeɾi nʌɦˈʌɾma ɖˈuŋɡa kʰˈijaune
प्रायः ती क्षेत्रहरूमा गर्मीमा केही चार दर्जन अड्‍डाहरूमा केही हजार जोडी कर्मचारीहरू बस्छन्; थोरै संख्या जाडोभरि बस्छन्।	pɾˈajʌh t̪ˈi kset̪ɾˈʌɦɾuma ɡˈʌɾmima kˈeɦi t͡sˈaɾ d̪ˈʌɾd͡zʌn ʌɖɖˈaɦɾuma kˈeɦi ɦˈʌd͡zaɾ d͡zˈoɖi kʌɾmʌt͡saɾˈiɦɾu bˈʌst͡sʰʌn , t̪ʰˈoɾʌi sˈʌ̃ŋkʰja d͡zaɖˈobʱɾi bˈʌst͡sʰʌn .
यसले उनीहरूलाई शिकारीहरूबाट लुक्न साना फराकिलो दायरा भएका ठाउँहरू दिन्छ	jˈʌsle unˈiɦɾulai sikaɾˈiɦɾubaʈ lˈuknʌ sˈana pʰˈʌɾakilo d̪ˈajɾa bʱˈʌeka ʈʰaˈũɦɾu d̪ˈint͡sʰʌ
समस्या यो हो कि हिउँ टाँसिने खालको हुन्छ त्यसैले यसलाई तल झर्न केही ट्रिगर गर्न आवश्यक पर्दछ र केही हिउँ तल झर्नु बाँकीका लागि ट्रिगर गर्ने घटना हुन सक्दछ	sʌmˈʌsja jˈo ɦˈo kˈi ɦˈiũ ʈˈãsine kʰˈalko ɦˈunt͡sʰʌ t̪jˈʌsʌile jˈʌslai t̪ˈʌl d͡zʱˈʌɾnʌ kˈeɦi ʈɾˈiɡʌɾ ɡˈʌɾnʌ awˈʌsjʌk pˈʌɾd̪ʌt͡sʰ ɾˈʌ kˈeɦi ɦˈiũ t̪ˈʌl d͡zʱˈʌɾnu bˈãkika lˈaɡi ʈɾˈiɡʌɾ ɡˈʌɾne ɡʱˈʌʈna ɦˈun sˈʌkd̪ʌt͡sʰ
यद्यपि यो समाधान गर्न धेरै गाह्रो समस्या हो र हामीले उपयोगी फ्यूजन रिएक्टरहरू निर्माण भएको देख्न धेरै वर्ष लाग्ने छ	jˈʌd̪jʌpi jˈo sˈʌmad̪ʱan ɡˈʌɾnʌ d̪ʱˈeɾʌi ɡˈaɦɾo sʌmˈʌsja ɦˈo ɾˈʌ ɦˈamile ˈupjoɡi pʰjˈud͡zʌn ɾiekʈʌɾˈʌɦɾu nˈiɾmaɳ bʱˈʌeko d̪ˈekʰnʌ d̪ʱˈeɾʌi wˈʌɾsʌ lˈaɡne t͡sʰˈʌ
बढ्दै गरेका सुपरमार्केटहरूले तयारी खानाका थप विविध खण्ड राखिरहेका छन् केहीले त खाना तताउन माइक्रोवेव ओभन वा अन्य साधनहरू पनि उपलब्ध गराउँछन्	bˈʌɖʱd̪ʌi ɡˈʌɾeka supʌɾmaɾkeʈˈʌɦɾule t̪ˈʌjaɾi kʰˈanaka t̪ʰˈʌp wˈiwid̪ʱ kʰˈʌɳɖʌ ɾakʰˈiɾɦeka t͡sʰˈʌn kˈeɦile t̪ˈʌ kʰˈana t̪ˈʌt̪aun maˈikɾowew ˈobʱʌn wˈa ˈʌnjʌ sad̪ʱnˈʌɦɾu pˈʌni uplˈʌbd̪ʱʌ ɡʌɾaˈũt͡sʰʌn
डीएनए आनुवंशिक सामग्री थियो भनेर hershey र chase प्रयोग अग्रणी सुझाव थिए	ɖˈienʌe anuwˈʌ̃sik samˈʌɡɾi t̪ʰˈijo bʱˈʌneɾ hˈɝʃi ɾˈʌ t͡ʃˈeᶦs pɾˈʌjoɡ ˈʌɡɾʌɳi sˈud͡zʱaw t̪ʰˈie
तोकिएको विषका लागि विशेष प्राथमिक उपचारको निर्देशनहरूका लागि लेबल हेर्नुहोस्‌।	t̪ˈokieko wˈiska lˈaɡi wˈises pɾˈat̪ʰmik upt͡sˈaɾko niɾd̪esnˈʌɦɾuka lˈaɡi lˈebʌl ɦˈeɾnuɦos .
सेनामा पनि यही भइरहेको थियो किनकि सेनाको श्रेणीकरण वर्गमा आधारित भएतापनि उनीहरू हालमा कइलाबरमा आधारितथिए	sˈenama pˈʌni jˈʌɦi bʱʌˈiɾɦeko t̪ʰˈijo kˈinki sˈenako sɾeɳˈikɾʌɳ wˈʌɾɡʌma ˈad̪ʱaɾit̪ bʱʌet̪ˈapni unˈiɦɾu ɦˈalma kʌilabˈʌɾma ad̪ʱaɾˈit̪t̪ʰie
हामीले सूर्यलाई हेर्दा देखिने बाहिरी भागलाई फोटोस्फियर भनिन्छ जसको अर्थ प्रकाशको बल हो	ɦˈamile sˈuɾjʌlai ɦˈeɾd̪a d̪ˈekʰine bˈaɦiɾi bʱˈaɡlai pʰoʈˈospʰijʌɾ bʱʌnˈint͡sʰʌ d͡zˈʌsko ˈʌɾt̪ʰʌ pɾʌkˈasko bˈʌl ɦˈo
उनले 1998 को किताबमा आफैंलाई उल्लेखित गरे	ˈunle ˈek ɦˈʌd͡zaɾ nˈʌu sˈʌj ˈʌnʈʰanʌbːe kˈo kit̪ˈabma apʰʌˈĩlai ˈulːekʰit̪ ɡˈʌɾe
ज्ञान प्राप्त गर्ने र सिक्ने क्षमतामाथि उल्लेख गरिएको अनुसारको तरिकाले परिवर्तन भएको कारणले ज्ञान प्राप्त गरिने आधार दर परिवर्तन भयो	d͡zɲˈan pɾˈapt̪ʌ ɡˈʌɾne ɾˈʌ sˈikne ksˈʌmt̪amat̪ʰi ˈulːekʰ ɡˈʌɾieko ʌnusˈaɾko t̪ˈʌɾikale pʌɾiwˈʌɾt̪ʌn bʱˈʌeko kaɾˈʌɳle d͡zɲˈan pɾˈapt̪ʌ ɡˈʌɾine ˈad̪ʱaɾ d̪ˈʌɾ pʌɾiwˈʌɾt̪ʌn bʱˈʌjo
बाइनरी नम्बरहरूको रूपमा कोड गरिएका प्रयोगमा रहेका सबै कम्प्युटरहरू जानकारीको हेरफेरमा आधारित छन्	baˈinɾi nʌmbʌɾˈʌɦɾuko ɾˈupma kˈoɖ ɡˈʌɾieka pɾʌjˈoɡma ɾˈʌɦeka sˈʌbʌi kˈʌmpjuʈɾʌɦɾu d͡zˈankaɾiko ɦeɾpʰˈeɾma ˈad̪ʱaɾit̪ t͡sʰˈʌn
हामी यसका बारेमा पूर्वाभ्यास गर्थ्यौँ म मेरो धेरै भावुक हुन्थेँ	ɦˈami jˈʌska bˈaɾema puɾwˈabʱjas ɡˈʌɾt̪ʰjʌũ mˈʌ mˈeɾo d̪ʱˈeɾʌi bʱˈawuk ɦˈunt̪ʰẽ
यसको मतलब तपाईंले फर्किने क्रममा पूरै दुई दिनसम्म ऐतिहासिक सहरको भ्रमण गर्न र राति जहाजमा सुत्न सक्नुहुन्छ	jˈʌsko mˈʌt̪lʌb t̪ʌpaˈĩle pʰˈʌɾkine kɾˈʌmma pˈuɾʌi d̪ˈui d̪ˈinsʌmːʌ ˈʌit̪iɦasik sʌɦˈʌɾko bʱɾˈʌmʌɳ ɡˈʌɾnʌ ɾˈʌ ɾˈat̪i d͡zʌɦˈad͡zma sˈut̪nʌ sʌknuɦˈunt͡sʰʌ
पृथ्वीमा खसेको भनेर थाहा भएका करिब 24,000 वटा उल्का पिण्डमध्ये केवल 34 वटा मात्रै मंगल ग्रहबाट आएको पुष्टि भएको छ	pɾˈɪt̪ʰwima kʰˈʌseko bʱˈʌneɾ t̪ʰˈaɦa bʱˈʌeka kˈʌɾib t͡sˈʌubis ɦˈʌd͡zaɾ wˈʌʈa ˈulka piɳɖʌmˈʌd̪ʱje kˈewʌl t͡sʌˈũn̪t̪is wˈʌʈa mˈat̪ɾʌi mˈʌ̃ŋɡʌl ɡɾˈʌɦbaʈ ˈaeko pˈusʈi bʱˈʌeko t͡sʰˈʌ
त्यो मानिसले कथित रूपमा विस्फोटक पदार्थहरू भएको तीन-पाङ्ग्रे सवारीलाई भिडमा लग्यो	t̪jˈo manˈisle kˈʌt̪ʰit̪ ɾˈupma wˈispʰoʈʌk pʌd̪aɾt̪ʰˈʌɦɾu bʱˈʌeko t̪ˈin pˈaŋɡɾe sˈʌwaɾilai bʱˈiɖma lˈʌɡjo
अर्को उदाहरण पानी हो यौगिक पानी दुई हाइड्रोजन र एक अक्सिजन परमाणु मिलेर बनेको छ	ˈʌɾko ud̪ˈaɦɾʌɳ pˈani ɦˈo jˈʌuɡik pˈani d̪ˈui ɦaˈiɖɾod͡zʌn ɾˈʌ ˈek ˈʌksid͡zʌn pˈʌɾmaɳu mˈileɾ bˈʌneko t͡sʰˈʌ
तपाईंसँग कार्बन जस्ता गैर धातु तत्त्वहरूको सानो मात्रा समावेश गर्ने मिश्रित धातु पनि हुन सक्छ	t̪ʌpaĩsˈʌ̃ɡ kˈaɾbʌn d͡zˈʌst̪a ɡˈʌiɾ d̪ʱˈat̪u t̪ʌt̪ːwˈʌɦɾuko sˈano mˈat̪ɾa sˈʌmawes ɡˈʌɾne mˈisɾit̪ d̪ʱˈat̪u pˈʌni ɦˈun sˈʌkt͡sʰʌ
सर्वप्रथम प्रकाश स्थिरताको लागि स्विच बन्द गर्नु वा तार विच्छेद गर्नु जरुरी हुन्छ	sʌɾwˈʌpɾʌt̪ʰʌm pɾˈʌkas st̪ʰˈiɾt̪ako lˈaɡi swˈit͡s bˈʌnd̪ʌ ɡˈʌɾnu wˈa t̪ˈaɾ wˈit͡st͡sʰed̪ ɡˈʌɾnu d͡zˈʌɾuɾi ɦˈunt͡sʰʌ
आयुक्तले भने हामीले अहिलेसम्म उत्पत्तिका नियमहरू र शुल्कदर रियायतहरू स्वीकार गरेका छैनौँ तर हामीसँग भएको रूपरेखा जुलाई 1 2020 मा व्यापार सुरु गर्न पर्याप्त छ	ajˈukt̪ʌle bʱˈʌne ɦˈamile ˈʌɦilesʌmːʌ ˈut̪pʌt̪ːika nijmˈʌɦɾu ɾˈʌ sˈulkʌd̪ʌɾ ɾijajt̪ˈʌɦɾu swˈikaɾ ɡˈʌɾeka t͡sʰˈʌinʌũ t̪ˈʌɾ ɦamisˈʌ̃ɡ bʱˈʌeko ɾˈupɾekʰa d͡zˈulai ˈek d̪ˈui ɦˈʌd͡zaɾ bˈis mˈa wjˈapaɾ sˈuɾu ɡˈʌɾnʌ pʌɾjˈapt̪ʌ t͡sʰˈʌ
चिकित्सकहरूलाई सम्राट् अगस्टसद्वारा भर्ती गर्न सुरु गरियो र लडाईपछि प्रयोगको लागि पहिलो रोमन मेडिकल कर्प्स समेत गठन गरियो	t͡sikit̪sʌkˈʌɦɾulai sˈʌmɾaʈ ʌɡʌsʈʌsˈʌd̪waɾa bʱˈʌɾt̪i ɡˈʌɾnʌ sˈuɾu ɡˈʌɾijo ɾˈʌ lʌɖaˈipt͡sʰi pɾʌjˈoɡko lˈaɡi pˈʌɦilo ɾˈomʌn mˈeɖikʌl kˈʌɾpsʌ sˈʌmet̪ ɡˈʌʈʰʌn ɡˈʌɾijo
टीका-टिप्पणीहरू टेलिभिजनमा प्रत्यक्ष पहिलो पटक थिए कि वरिष्ठ ईरानी सुत्रहरूले प्रतिबन्धको कुनै असर भइरहेको स्वीकार गरे	ʈˈika ʈipːʌɳˈiɦɾu ʈelibʱid͡zˈʌnma pɾʌt̪jˈʌksʌ pˈʌɦilo pˈʌʈʌk t̪ʰˈie kˈi wʌɾˈisʈʰʌ ˈiɾani sut̪ɾˈʌɦɾule pɾʌt̪ibˈʌnd̪ʱʌko kˈunʌi ˈʌsʌɾ bʱʌˈiɾɦeko swˈikaɾ ɡˈʌɾe
मानिसहरूले देवताहरूलाई बलिहरू ल्याउँथे र पुजारीहरूले धर्मक्रिया र चाडपर्वहरूमार्फत् देवताहरूको आवश्यकताहरू पूरा गर्ने प्रयास गर्दथे	manisˈʌɦɾule d̪ewt̪ˈaɦɾulai bʌlˈiɦɾu ljaˈũt̪ʰe ɾˈʌ pud͡zaɾˈiɦɾule d̪ʱʌɾmˈʌkɾija ɾˈʌ t͡saɖpʌɾwʌɦɾumˈaɾpʰʌt̪ d̪ewt̪ˈaɦɾuko awʌsjʌkt̪ˈaɦɾu pˈuɾa ɡˈʌɾne pɾˈʌjas ɡˈʌɾd̪ʌt̪ʰe
बम विस्फोट गराएको शंका गरिएको व्यक्तिलाई बम विष्फोटबाट घाइते बनाएपछि पक्राउ गरिएको थियो	bˈʌm wˈispʰoʈ ɡˈʌɾaeko sˈʌ̃ŋka ɡˈʌɾieko wjˈʌkt̪ilai bˈʌm wispʰˈoʈbaʈ ɡʱˈait̪e bʌnaˈept͡sʰi pˈʌkɾau ɡˈʌɾieko t̪ʰˈijo
यसले पहिला नै फैलिएको सिद्धान्त कम्तीमा केही डायनासोरहरूका प्वाँखहरू थिए भन्ने कुरालाई मात्र पुष्टि गर्दैन बरु जीवाश्महरूले सामान्यतया सक्दैनन् भन्ने सक्दैन भन्ने विवरणहरू प्रदान गर्दछ जस्तो कि रङ्ग र त्रि-आयामिक व्यवस्था	jˈʌsle pˈʌɦila nˈʌi pʰˈʌilieko sid̪ʱːˈant̪ʌ kˈʌmt̪ima kˈeɦi ɖajnasoɾˈʌɦɾuka pwãkʰˈʌɦɾu t̪ʰˈie bʱˈʌnːe kˈuɾalai mˈat̪ɾʌ pˈusʈi ɡˈʌɾd̪ʌin bˈʌɾu d͡ziwasmˈʌɦɾule samanjˈʌt̪ja sˈʌkd̪ʌinʌn bʱˈʌnːe sˈʌkd̪ʌin bʱˈʌnːe wiwʌɾɳˈʌɦɾu pɾˈʌd̪an ɡˈʌɾd̪ʌt͡sʰ d͡zˈʌst̪o kˈi ɾˈʌŋɡʌ ɾˈʌ t̪ɾˈi ˈajamik wjʌwˈʌst̪ʰa
यो अन्य विभिन्न तरिकाले गर्न सम्भव छ तर धेरैजसो मानिसहरू डिज्नी वर्ल्डमा घुम्न जाने भन्दा यही भन्न खोजेका हुन्छन्	jˈo ˈʌnjʌ wˈibʱinːʌ t̪ˈʌɾikale ɡˈʌɾnʌ sˈʌmbʱʌw t͡sʰˈʌ t̪ˈʌɾ d̪ʱeɾʌˈid͡zso manisˈʌɦɾu ɖˈid͡zni wˈʌɾlɖʌma ɡʱˈumnʌ d͡zˈane bʱˈʌnd̪a jˈʌɦi bʱˈʌnːʌ kʰˈod͡zeka ɦˈunt͡sʰʌn
चाखलाग्दो के हो भने उहाँलाई प्राचीन समयमा एकदमै महत्त्वपूर्ण मानिँदैनथ्यो र धेरैजसो प्राचीन राजाका सुचीहरूमा रेकर्ड गरिएको थिएन	t͡sakʰlˈaɡd̪o kˈe ɦˈo bʱˈʌne uɦˈãlai pɾˈat͡sin sʌmˈʌjma ekˈʌd̪mʌi mʌɦʌt̪ːwʌpˈuɾɳʌ manĩd̪ʌinˈʌt̪ʰjo ɾˈʌ d̪ʱeɾʌˈid͡zso pɾˈat͡sin ɾˈad͡zaka sut͡sˈiɦɾuma ɾekˈʌɾɖʌ ɡˈʌɾieko t̪ʰˈien
