सोमवार को, स्टैनफ़ोर्ड यूनिवर्सिटी स्कूल ऑफ़ मेडिसिन के वैज्ञानिकों ने एक नए डायग्नोस्टिक उपकरण के आविष्कार की घोषणा की जो कोशिकाओं को उनके प्रकार के आधार पर छांट सकता है: एक छोटी प्रिंट करने योग्य चिप जिसे स्टैण्डर्ड इंकजेट प्रिंटर का उपयोग करके लगभग एक अमेरिकी सेंट के लिए निर्मित किया जा सकता है.	sˈomwaɾ kˈo , sʈɔinpˈoɾɖ juniwˈɔɾsiʈi skˈul ˈæp mˈeɖisin kˈe wɔˈid͡zɲanikõ nˈe ˈek nˈɔe ɖajɔɡnˈosʈik upˈɔkɾɔn kˈe awˈiʃkaɾ kˈi ɡʱˈoʃna kˈi d͡zˈo kˈoʃikaõ kˈo ˈunke pɾˈɔkaɾ kˈe ˈad̪ʱaɾ pˈɔɾ sˈãɳʈ sˈɔkt̪a ɦˈɔi , ˈek sˈoʈi pɾˈĩɳʈ kˈɔɾne jˈoɡj sˈip d͡zˈise sʈɔinɖˈɔɾɖ ˈĩŋkɔd͡zeʈ pɾˈĩɳʈɔɾ kˈa ˈupjoɡ kˈɔɾke lˈɔɡbʱɔɡ ˈek ˈɔmeɾiki sˈẽɳʈ kˈe lˈie nˈiɾmit̪ kˈija d͡zˈa sˈɔkt̪a ɦˈɔi .
11:20 पर, पुलिस ने प्रदर्शनकारियों को यह कहते हुए फ़ुटपाथ पर वापस जाने के लिए कहा कि उन्हें भीड़ इकट्ठा करने के साथ विरोध करने के अधिकार को संतुलित करने की ज़रूरत है.	ˈeɡaɾo bˈɔd͡zkɔɾ bˈis mˈinɔʈ pˈɔɾ , pˈulis nˈe pɾɔd̪ɔɾʃˈɔnkaɾijõ kˈo jˈɔɦ kˈɔɦt̪e ɦˈue pʰˈuʈpat̪ pˈɔɾ wˈapɔs d͡zˈane kˈe lˈie kˈɔɦa kˈi ˈunɦẽ bʱˈiɽ ˈikɔʈːa kˈɔɾne kˈe sˈat̪ wˈiɾod̪ʱ kˈɔɾne kˈe ˈɔd̪ʱikaɾ kˈo sˈɔ̃n̪t̪ulit̪ kˈɔɾne kˈi d͡zˈɔɾuɾɔt̪ ɦˈɔi .
एक नियमित फायर-कमांड सिस्टम परीक्षण के चलते बिजली चले जाने से रिलीफ वाल्व खुल गए और फोर्ट ग्रीली पंप स्टेशन 9 के पास कच्चा तेल बह गया	ˈek nˈijmit̪ pʰˈajɔɾ kɔmˈãɳɖ sˈisʈɔm pɔɾˈikʃɔn kˈe sˈɔlt̪e bˈid͡zli sˈɔle d͡zˈane sˈe ɾˈilip wˈalw kʰˈul ɡˈɔe ˈɔuɾ pʰˈoɾʈ ɡɾˈili pˈɔ̃mp sʈˈeʃɔn nˈɔj kˈe pˈas kˈɔsːa t̪ˈel bˈɔɦ ɡˈɔja
पुलिस ने कहा कि उन्हें हमले के लिए ज़िम्मेदार कथित डाएश (आईएसआईएल) लड़ाकों पर संदेह है.	pˈulis nˈe kˈɔɦa kˈi ˈunɦẽ ɦˈɔmle kˈe lˈie d͡zˈimːed̪aɾ kˈɔt̪it̪ ɖˈaeʃ ˈaiesɔaiel lˈɔɽakõ pˈɔɾ sˈɔ̃n̪d̪eɦ ɦˈɔi .
वैटिकन सिटी अपने कानूनी और आधिकारिक संचार में इतालवी का उपयोग करता है	wˈɔiʈikɔn sˈiʈi ˈɔpne kˈanuni ˈɔuɾ ˈad̪ʱikaɾik sˈɔ̃saɾ mˈẽ it̪ˈalwi kˈa ˈupjoɡ kˈɔɾt̪a ɦˈɔi
वैटिकन सिटी अपने कानूनी और आधिकारिक संचार में इतालवी का उपयोग करता है	wˈɔiʈikɔn sˈiʈi ˈɔpne kˈanuni ˈɔuɾ ˈad̪ʱikaɾik sˈɔ̃saɾ mˈẽ it̪ˈalwi kˈa ˈupjoɡ kˈɔɾt̪a ɦˈɔi
फ़ोटोग्राफ़र को रोनाल्ड रीगन यूसीएलए मेडिकल सेंटर ले जाया गया, जहां बाद में उसकी मौत हो गई.	pʰoʈˈoɡɾapɔɾ kˈo ɾonˈalɖ ɾˈiɡɔn jˈusielɔe mˈeɖikɔl sˈẽɳʈɔɾ lˈe d͡zˈaja ɡˈɔja , d͡zˈɔɦã bˈad̪ mˈẽ ˈuski mˈɔut̪ ɦˈo ɡˈɔi .
साथ ही, r और rr का अलग-अलग तरीके से ही करें: caro का मतलब है प्रिय, जबकि carro का मतलब है रथ.	sˈat̪ ɦˈi , ˈɑːɹ ˈɔuɾ ˈɑːɹɑːɹ kˈa ˈɔlɔɡ ˈɔlɔɡ t̪ˈɔɾike sˈe ɦˈi kˈɔɾẽ , kʰˈɑːɹoᶷ kˈa mˈɔt̪lɔb ɦˈɔi pɾˈij , d͡zˈɔbki kʰˈɑːɹoᶷ kˈa mˈɔt̪lɔb ɦˈɔi ɾˈɔt̪ .
यह बहुत समय से ज्ञात है कि विभिन्न प्रकार के मस्तिष्क घाव, ट्रॉमा, चोट और ट्यूमर कुछ मानसिक व्यवहार को प्रभावित करते हैं और कुछ मानसिक कार्यों में परिवर्तन का कारण बनते हैं.	jˈɔɦ bˈɔɦut̪ sˈɔmɔj sˈe d͡zɲˈat̪ ɦˈɔi kˈi wˈibʱinː pɾˈɔkaɾ kˈe mɔst̪ˈiʃk ɡʱˈaw , ʈɾˈæma , sˈoʈ ˈɔuɾ ʈjˈumɔɾ kˈus mˈansik wjˈɔwɦaɾ kˈo pɾˈɔbʱawit̪ kˈɔɾt̪e ɦˈɔĩ ˈɔuɾ kˈus mˈansik kˈaɾjõ mˈẽ pɔɾiwˈɔɾt̪ɔn kˈa kˈaɾɔn bˈɔnt̪e ɦˈɔĩ .
आजकल एआई सिस्टम का इस्तेमाल अक्सर अर्थशास्त्र, दवाइयों, इंजीनियरिंग और सैन्य क्षेत्रों में किया जाता है, जैसा कि कई होम कंप्यूटर और वीडियो गेम सॉफ़्टवेयर ऐप्लिकेशन में बनाया गया है.	ˈad͡zkɔl ˈeai sˈisʈɔm kˈa ˈist̪emal ˈɔksɔɾ ɔɾt̪ɔʃˈast̪ɾ , d̪ˈɔwaijõ , ĩd͡zinijɾˈĩŋɡ ˈɔuɾ sɔˈinj kʃˈet̪ɾõ mˈẽ kˈija d͡zˈat̪a ɦˈɔi , d͡zˈɔisa kˈi kˈɔi ɦˈom kˈɔ̃mpjuʈɔɾ ˈɔuɾ wˈiɖijo ɡˈem sˈæpʈɔwejɔɾ ɔˈiplikeʃɔn mˈẽ bˈɔnaja ɡˈɔja ɦˈɔi .
आजकल एआई सिस्टम का इस्तेमाल अक्सर अर्थशास्त्र, दवाइयों, इंजीनियरिंग और सैन्य क्षेत्रों में किया जाता है, जैसा कि कई होम कंप्यूटर और वीडियो गेम सॉफ़्टवेयर ऐप्लिकेशन में बनाया गया है.	ˈad͡zkɔl ˈeai sˈisʈɔm kˈa ˈist̪emal ˈɔksɔɾ ɔɾt̪ɔʃˈast̪ɾ , d̪ˈɔwaijõ , ĩd͡zinijɾˈĩŋɡ ˈɔuɾ sɔˈinj kʃˈet̪ɾõ mˈẽ kˈija d͡zˈat̪a ɦˈɔi , d͡zˈɔisa kˈi kˈɔi ɦˈom kˈɔ̃mpjuʈɔɾ ˈɔuɾ wˈiɖijo ɡˈem sˈæpʈɔwejɔɾ ɔˈiplikeʃɔn mˈẽ bˈɔnaja ɡˈɔja ɦˈɔi .
प्रत्येक मंदिर में मंदिर का एक खुला प्रांगण था और फिर एक आंतरिक गर्भगृह था जिसमें केवल पुजारी ही प्रवेश कर सकते थे	pɾˈɔt̪jek mˈɔ̃n̪d̪iɾ mˈẽ mˈɔ̃n̪d̪iɾ kˈa ˈek kʰˈula pɾˈãŋɡɔn t̪ʰˈa ˈɔuɾ pʰˈiɾ ˈek ˈãn̪t̪ɔɾik ɡɔɾbʱˈɔɡɾiɦ t̪ʰˈa d͡zˈismẽ kˈewɔl pˈud͡zaɾi ɦˈi pɾˈɔweʃ kˈɔɾ sˈɔkt̪e t̪ʰˈe
सेट में एक-एक सर्विस दोनों पुरुषों के पास रहने के बाद मरे टाई ब्रेकर में पहला सेट हार गया.	sˈeʈ mˈẽ ˈek ˈek sˈɔɾwis d̪ˈonõ pˈuɾuʃõ kˈe pˈas ɾˈɔɦne kˈe bˈad̪ mˈɔɾe ʈˈai bɾˈekɔɾ mˈẽ pˈɔɦla sˈeʈ ɦˈaɾ ɡˈɔja .
सेट में एक-एक सर्विस दोनों पुरुषों के पास रहने के बाद मरे टाई ब्रेकर में पहला सेट हार गया.	sˈeʈ mˈẽ ˈek ˈek sˈɔɾwis d̪ˈonõ pˈuɾuʃõ kˈe pˈas ɾˈɔɦne kˈe bˈad̪ mˈɔɾe ʈˈai bɾˈekɔɾ mˈẽ pˈɔɦla sˈeʈ ɦˈaɾ ɡˈɔja .
इसे तेज़ी से प्राप्त करने का एकमात्र तरीका इसे चेक किए गए सामान के रूप में भेजना था एयरलाइन के नियम उन्हें बिना यात्री के सामान भेजने की अनुमति नहीं देंगे, और यहीं पर आप काम आएंगे	ˈise t̪ˈed͡zi sˈe pɾˈapt̪ kˈɔɾne kˈa ekmˈat̪ɾ t̪ˈɔɾika ˈise sˈek kˈie ɡˈɔe sˈaman kˈe ɾˈup mˈẽ bʱˈed͡zna t̪ʰˈa ejˈɔɾlain kˈe nˈijɔm ˈunɦẽ bˈina jˈat̪ɾi kˈe sˈaman bʱˈed͡zne kˈi ɔnˈumt̪i nˈɔɦĩ d̪ˈẽŋɡe , ˈɔuɾ jˈɔɦĩ pˈɔɾ ˈap kˈam aˈẽŋɡe
वाल्व छिद्र से प्रणाली का दबाव कम हुआ और तेल एक पैड से एक टैंक में गया जिसमें 55,000 बैरल (23 लाख गैलन) आ सकता है।	wˈalw sˈid̪ɾ sˈe pɾˈɔnali kˈa d̪ˈɔbaw kˈɔm ɦˈua ˈɔuɾ t̪ˈel ˈek pˈɔiɖ sˈe ˈek ʈɔˈĩŋk mˈẽ ɡˈɔja d͡zˈismẽ pˈãs pˈɔsas ɦˈad͡zaɾ bˈɔiɾɔl t̪ˈin bˈis lˈak ɡˈɔilɔn ˈa sˈɔkt̪a ɦˈɔi .
अगस्त में ऐम्स स्ट्रॉ पोल को जीतने वाली बेकमन ने अपना कैंपेन खत्म करने का फ़ैसला लिया.	ɔɡˈɔst̪ mˈẽ ɔˈims sʈɾˈæ pˈol kˈo d͡zˈit̪ne wˈali bˈekmɔn nˈe ˈɔpna kɔˈĩmpen kʰˈɔt̪m kˈɔɾne kˈa pʰɔˈisla lˈija .
अगस्त में ऐम्स स्ट्रॉ पोल को जीतने वाली बेकमन ने अपना कैंपेन खत्म करने का फ़ैसला लिया.	ɔɡˈɔst̪ mˈẽ ɔˈims sʈɾˈæ pˈol kˈo d͡zˈit̪ne wˈali bˈekmɔn nˈe ˈɔpna kɔˈĩmpen kʰˈɔt̪m kˈɔɾne kˈa pʰɔˈisla lˈija .
यहां कई तरह की फ़्रेंच वाइन मिलती हैं, लेकिन शायद न्यूज़ीलैंड और ऑस्ट्रेलिया की वाइन बेहतर होगी.	jˈɔɦã kˈɔi t̪ˈɔɾɔɦ kˈi pʰɾˈẽs wˈain mˈilt̪i ɦˈɔĩ , lˈekin ʃˈajɔd̪ njud͡zilɔˈĩɳɖ ˈɔuɾ ˈæsʈɾelija kˈi wˈain bˈeɦt̪ɔɾ ɦˈoɡi .
यहां कई तरह की फ़्रेंच वाइन मिलती हैं, लेकिन शायद न्यूज़ीलैंड और ऑस्ट्रेलिया की वाइन बेहतर होगी.	jˈɔɦã kˈɔi t̪ˈɔɾɔɦ kˈi pʰɾˈẽs wˈain mˈilt̪i ɦˈɔĩ , lˈekin ʃˈajɔd̪ njud͡zilɔˈĩɳɖ ˈɔuɾ ˈæsʈɾelija kˈi wˈain bˈeɦt̪ɔɾ ɦˈoɡi .
इन्फ़्रारेड चित्र दिखाते हैं कि रात और दिन के बदले तापमान से वे कुछ-कुछ गुफ़ाएं जैसी हैं.	ˈinpɾaɾeɖ sˈit̪ɾ d̪ˈikat̪e ɦˈɔĩ kˈi ɾˈat̪ ˈɔuɾ d̪ˈin kˈe bˈɔd̪le t̪ˈapman sˈe wˈe kˈus kˈus ɡˈupaẽ d͡zˈɔisi ɦˈɔĩ .
इन्फ़्रारेड चित्र दिखाते हैं कि रात और दिन के बदले तापमान से वे कुछ-कुछ गुफ़ाएं जैसी हैं.	ˈinpɾaɾeɖ sˈit̪ɾ d̪ˈikat̪e ɦˈɔĩ kˈi ɾˈat̪ ˈɔuɾ d̪ˈin kˈe bˈɔd̪le t̪ˈapman sˈe wˈe kˈus kˈus ɡˈupaẽ d͡zˈɔisi ɦˈɔĩ .
कुल 17,000 द्वीपों में से, इंडोनेशियाई भोजन एक व्यापक शब्द है, जो देश भर में पाए जाने वाले विभिन्न प्रकार के क्षेत्रीय व्यंजनों को अपने भीतर समाहित करता है	kˈul sˈɔt̪aɾo ɦˈad͡zaɾ d̪wˈipõ mˈẽ sˈe , ˈĩɳɖoneʃijai bʱˈod͡zɔn ˈek wjˈapɔk ʃˈɔbd̪ ɦˈɔi , d͡zˈo d̪ˈeʃ bʱˈɔɾ mˈẽ pˈae d͡zˈane wˈale wˈibʱinː pɾˈɔkaɾ kˈe kʃˈet̪ɾij wjˈɔ̃d͡znõ kˈo ˈɔpne bʱˈit̪ɔɾ sˈɔmaɦit̪ kˈɔɾt̪a ɦˈɔi
कुल 17,000 द्वीपों में से, इंडोनेशियाई भोजन एक व्यापक शब्द है, जो देश भर में पाए जाने वाले विभिन्न प्रकार के क्षेत्रीय व्यंजनों को अपने भीतर समाहित करता है	kˈul sˈɔt̪aɾo ɦˈad͡zaɾ d̪wˈipõ mˈẽ sˈe , ˈĩɳɖoneʃijai bʱˈod͡zɔn ˈek wjˈapɔk ʃˈɔbd̪ ɦˈɔi , d͡zˈo d̪ˈeʃ bʱˈɔɾ mˈẽ pˈae d͡zˈane wˈale wˈibʱinː pɾˈɔkaɾ kˈe kʃˈet̪ɾij wjˈɔ̃d͡znõ kˈo ˈɔpne bʱˈit̪ɔɾ sˈɔmaɦit̪ kˈɔɾt̪a ɦˈɔi
भूकंप डिलन के उत्तर-उत्तर पूर्व में लगभग 20 किमी (15 मील) और ब्यूट के दक्षिण में लगभग 65 किमी (40 मील) की दूरी पर केंद्रित था.	bʱukˈɔ̃mp ɖˈilɔn kˈe ˈut̪ːɔɾ ˈut̪ːɔɾ pˈuɾw mˈẽ lˈɔɡbʱɔɡ bˈis kˈilomiʈɔɾ pˈɔnd̪ɾ mˈil ˈɔuɾ bjˈuʈ kˈe d̪ˈɔkʃin mˈẽ lˈɔɡbʱɔɡ pˈãs ʃˈaiʈ kˈilomiʈɔɾ sˈailis mˈil kˈi d̪ˈuɾi pˈɔɾ kˈẽn̪d̪ɾit̪ t̪ʰˈa .
भूकंप डिलन के उत्तर-उत्तर पूर्व में लगभग 20 किमी (15 मील) और ब्यूट के दक्षिण में लगभग 65 किमी (40 मील) की दूरी पर केंद्रित था.	bʱukˈɔ̃mp ɖˈilɔn kˈe ˈut̪ːɔɾ ˈut̪ːɔɾ pˈuɾw mˈẽ lˈɔɡbʱɔɡ bˈis kˈilomiʈɔɾ pˈɔnd̪ɾ mˈil ˈɔuɾ bjˈuʈ kˈe d̪ˈɔkʃin mˈẽ lˈɔɡbʱɔɡ pˈãs ʃˈaiʈ kˈilomiʈɔɾ sˈailis mˈil kˈi d̪ˈuɾi pˈɔɾ kˈẽn̪d̪ɾit̪ t̪ʰˈa .
नासा के शटल कार्यक्रम के प्रमुख एन. वेन हेल जूनियर ने कहा कि “जिस समय की हम चिंता कर रहे थे”, उसके बाद फोम गिरा था	nˈasa kˈe ʃˈɔʈɔl kaɾjˈɔkɾɔm kˈe pɾˈɔmuk ˈen . wˈen ɦˈel d͡zˈunijɔɾ nˈe kˈɔɦa kˈi d͡zˈis sˈɔmɔj kˈi ɦˈɔm sˈĩn̪t̪a kˈɔɾ ɾˈɔɦe t̪ʰˈe , ˈuske bˈad̪ pʰˈom ɡˈiɾa t̪ʰˈa
नासा के शटल कार्यक्रम के प्रमुख एन. वेन हेल जूनियर ने कहा कि “जिस समय की हम चिंता कर रहे थे”, उसके बाद फोम गिरा था	nˈasa kˈe ʃˈɔʈɔl kaɾjˈɔkɾɔm kˈe pɾˈɔmuk ˈen . wˈen ɦˈel d͡zˈunijɔɾ nˈe kˈɔɦa kˈi d͡zˈis sˈɔmɔj kˈi ɦˈɔm sˈĩn̪t̪a kˈɔɾ ɾˈɔɦe t̪ʰˈe , ˈuske bˈad̪ pʰˈom ɡˈiɾa t̪ʰˈa
परमाणु अविश्वसनीय रूप से इतने छोटे हैं कि वे खरबों की संख्या में वाक्य के अंत में लगने वाले बिंदु में फिट हो सकते हैं	pˈɔɾmanu ɔwiʃwˈɔsnij ɾˈup sˈe ˈit̪ne sˈoʈe ɦˈɔĩ kˈi wˈe kʰˈɔɾbõ kˈi sˈɔ̃ŋkja mˈẽ wˈakj kˈe ˈɔ̃n̪t̪ mˈẽ lˈɔɡne wˈale bˈĩn̪d̪u mˈẽ pʰˈiʈ ɦˈo sˈɔkt̪e ɦˈɔĩ
16 सितंबर तक रॉक बैंड को अमेरिका और कनाडा की यात्रा करनी थी.	ʃˈol sit̪ˈɔ̃mbɔɾ t̪ˈɔk ɾˈæk bɔˈĩɳɖ kˈo ˈɔmeɾika ˈɔuɾ kˈɔnaɖa kˈi jˈat̪ɾa kˈɔɾni t̪ʰˈi .
16 सितंबर तक रॉक बैंड को अमेरिका और कनाडा की यात्रा करनी थी.	ʃˈol sit̪ˈɔ̃mbɔɾ t̪ˈɔk ɾˈæk bɔˈĩɳɖ kˈo ˈɔmeɾika ˈɔuɾ kˈɔnaɖa kˈi jˈat̪ɾa kˈɔɾni t̪ʰˈi .
आम तौर पर, ट्रैवल एजेंट ऐसे पैकेज ऑफ़र करते हैं, जिनमें नाश्ता, हवाई अड्डे आने-जाने की व्यवस्था या हवाई यात्रा की टिकट के साथ-साथ होटल का किराया भी शामिल होता है.	ˈam t̪ˈɔuɾ pˈɔɾ , ʈɾˈɔiwɔl ed͡zˈẽɳʈ ˈɔise pˈɔiked͡z ˈæpɔɾ kˈɔɾt̪e ɦˈɔĩ , d͡zˈinmẽ nˈaʃt̪a , ɦˈɔwai ˈɔɖːe ˈane d͡zˈane kˈi wjɔwˈɔst̪a jˈa ɦˈɔwai jˈat̪ɾa kˈi ʈˈikɔʈ kˈe sˈat̪ sˈat̪ ɦˈoʈɔl kˈa kˈiɾaja bʱˈi ʃˈamil ɦˈot̪a ɦˈɔi .
आम तौर पर, ट्रैवल एजेंट ऐसे पैकेज ऑफ़र करते हैं, जिनमें नाश्ता, हवाई अड्डे आने-जाने की व्यवस्था या हवाई यात्रा की टिकट के साथ-साथ होटल का किराया भी शामिल होता है.	ˈam t̪ˈɔuɾ pˈɔɾ , ʈɾˈɔiwɔl ed͡zˈẽɳʈ ˈɔise pˈɔiked͡z ˈæpɔɾ kˈɔɾt̪e ɦˈɔĩ , d͡zˈinmẽ nˈaʃt̪a , ɦˈɔwai ˈɔɖːe ˈane d͡zˈane kˈi wjɔwˈɔst̪a jˈa ɦˈɔwai jˈat̪ɾa kˈi ʈˈikɔʈ kˈe sˈat̪ sˈat̪ ɦˈoʈɔl kˈa kˈiɾaja bʱˈi ʃˈamil ɦˈot̪a ɦˈɔi .
उनके अंतर्गत अधिक मध्यम आकार की बिल्लियां होती हैं जो खरगोशों से लेकर मृगों और हिरणों तक के मध्यम आकार के शिकार खाती हैं.	ˈunke ˈɔ̃n̪t̪ɔɾɡɔt̪ ˈɔd̪ʱik mˈɔd̪ʱjɔm ˈakaɾ kˈi bˈilːijã ɦˈot̪i ɦˈɔĩ d͡zˈo kʰˈɔɾɡoʃõ sˈe lˈekɔɾ mɾˈiɡõ ˈɔuɾ ɦˈiɾnõ t̪ˈɔk kˈe mˈɔd̪ʱjɔm ˈakaɾ kˈe ʃˈikaɾ kʰˈat̪i ɦˈɔĩ .
उनके अंतर्गत अधिक मध्यम आकार की बिल्लियां होती हैं जो खरगोशों से लेकर मृगों और हिरणों तक के मध्यम आकार के शिकार खाती हैं.	ˈunke ˈɔ̃n̪t̪ɔɾɡɔt̪ ˈɔd̪ʱik mˈɔd̪ʱjɔm ˈakaɾ kˈi bˈilːijã ɦˈot̪i ɦˈɔĩ d͡zˈo kʰˈɔɾɡoʃõ sˈe lˈekɔɾ mɾˈiɡõ ˈɔuɾ ɦˈiɾnõ t̪ˈɔk kˈe mˈɔd̪ʱjɔm ˈakaɾ kˈe ʃˈikaɾ kʰˈat̪i ɦˈɔĩ .
बुधवार की दोपहर तक टैंक के अंदर थर्मल एक्सपेंशन से शायद अभी भी टैंक वेंट लीक हो रहे थे	bˈud̪ʱwaɾ kˈi d̪ˈopɦɔɾ t̪ˈɔk ʈɔˈĩŋk kˈe ˈɔ̃n̪d̪ɔɾ t̪ʰˈɔɾmɔl eksɔpˈẽʃɔn sˈe ʃˈajɔd̪ ˈɔbʱi bʱˈi ʈɔˈĩŋk wˈẽɳʈ lˈik ɦˈo ɾˈɔɦe t̪ʰˈe
चैंबर्स ने “व्यापक मौत, विनाश और पृथ्वी के लाखों निवासी पर आतंक के लिए भगवान पर मुकदमा चलाया था	sɔĩmbˈɔɾs nˈe wjˈapɔk mˈɔut̪ , wˈinaʃ ˈɔuɾ pɾˈit̪wi kˈe lˈakõ nˈiwasi pˈɔɾ at̪ˈɔ̃ŋk kˈe lˈie bʱˈɔɡwan pˈɔɾ mukˈɔd̪ma sˈɔlaja t̪ʰˈa
चैंबर्स ने “व्यापक मौत, विनाश और पृथ्वी के लाखों निवासी पर आतंक के लिए भगवान पर मुकदमा चलाया था	sɔĩmbˈɔɾs nˈe wjˈapɔk mˈɔut̪ , wˈinaʃ ˈɔuɾ pɾˈit̪wi kˈe lˈakõ nˈiwasi pˈɔɾ at̪ˈɔ̃ŋk kˈe lˈie bʱˈɔɡwan pˈɔɾ mukˈɔd̪ma sˈɔlaja t̪ʰˈa
कीट भोजन को ख़राब कर सकते हैं, जलन पैदा कर सकते हैं, या इससे भी बदतर स्थिति में एलर्जी पैदा कर सकते हैं, विष फैला सकते हैं या संक्रमण फैला सकते हैं.	kˈiʈ bʱˈod͡zɔn kˈo kʰˈɔɾab kˈɔɾ sˈɔkt̪e ɦˈɔĩ , d͡zˈɔlɔn pˈɔid̪a kˈɔɾ sˈɔkt̪e ɦˈɔĩ , jˈa ˈisse bʱˈi bˈɔd̪t̪ɔɾ st̪ˈit̪i mˈẽ elˈɔɾd͡zi pˈɔid̪a kˈɔɾ sˈɔkt̪e ɦˈɔĩ , wˈiʃ pʰˈɔila sˈɔkt̪e ɦˈɔĩ jˈa sˈɔ̃ŋkɾɔmɔn pʰˈɔila sˈɔkt̪e ɦˈɔĩ .
कीट भोजन को ख़राब कर सकते हैं, जलन पैदा कर सकते हैं, या इससे भी बदतर स्थिति में एलर्जी पैदा कर सकते हैं, विष फैला सकते हैं या संक्रमण फैला सकते हैं.	kˈiʈ bʱˈod͡zɔn kˈo kʰˈɔɾab kˈɔɾ sˈɔkt̪e ɦˈɔĩ , d͡zˈɔlɔn pˈɔid̪a kˈɔɾ sˈɔkt̪e ɦˈɔĩ , jˈa ˈisse bʱˈi bˈɔd̪t̪ɔɾ st̪ˈit̪i mˈẽ elˈɔɾd͡zi pˈɔid̪a kˈɔɾ sˈɔkt̪e ɦˈɔĩ , wˈiʃ pʰˈɔila sˈɔkt̪e ɦˈɔĩ jˈa sˈɔ̃ŋkɾɔmɔn pʰˈɔila sˈɔkt̪e ɦˈɔĩ .
टोक्यो, जिसने 1964 में खेलों की मेजबानी की थी, दो ग्रीष्मकालीन खेलों की मेजबानी करने वाला एकमात्र एशियाई शहर होगा	ʈˈokjo , d͡zˈisne ˈek ɦˈad͡zaɾ nˈɔj sˈɔj sˈaiɾ ʃˈaiʈ mˈẽ kʰˈelõ kˈi mˈed͡zbani kˈi t̪ʰˈi , d̪ˈo ɡɾˈiʃmɔkalin kʰˈelõ kˈi mˈed͡zbani kˈɔɾne wˈala ekmˈat̪ɾ ˈeʃijai ʃˈɔɦɔɾ ɦˈoɡa
टोक्यो, जिसने 1964 में खेलों की मेजबानी की थी, दो ग्रीष्मकालीन खेलों की मेजबानी करने वाला एकमात्र एशियाई शहर होगा	ʈˈokjo , d͡zˈisne ˈek ɦˈad͡zaɾ nˈɔj sˈɔj sˈaiɾ ʃˈaiʈ mˈẽ kʰˈelõ kˈi mˈed͡zbani kˈi t̪ʰˈi , d̪ˈo ɡɾˈiʃmɔkalin kʰˈelõ kˈi mˈed͡zbani kˈɔɾne wˈala ekmˈat̪ɾ ˈeʃijai ʃˈɔɦɔɾ ɦˈoɡa
हालांकि, बाढ़ के बाद पानी का स्तर सिर्फ़ कुछ ही फ़ीट बढ़ेगा, लेकिन अधिकारी उम्मीद कर रहे हैं कि यह निचले स्तर के सैंडबार्स को फिर से बहाल करने के लिए काफ़ी होगा.	ɦalˈãŋki , bˈaɽ kˈe bˈad̪ pˈani kˈa st̪ˈɔɾ sˈiɾp kˈus ɦˈi pʰˈiʈ bˈɔɽeɡa , lˈekin ˈɔd̪ʱikaɾi ˈumːid̪ kˈɔɾ ɾˈɔɦe ɦˈɔĩ kˈi jˈɔɦ nˈisle st̪ˈɔɾ kˈe sɔĩɳɖɔbˈaɾs kˈo pʰˈiɾ sˈe bˈɔɦal kˈɔɾne kˈe lˈie kˈapi ɦˈoɡa .
हालांकि, बाढ़ के बाद पानी का स्तर सिर्फ़ कुछ ही फ़ीट बढ़ेगा, लेकिन अधिकारी उम्मीद कर रहे हैं कि यह निचले स्तर के सैंडबार्स को फिर से बहाल करने के लिए काफ़ी होगा.	ɦalˈãŋki , bˈaɽ kˈe bˈad̪ pˈani kˈa st̪ˈɔɾ sˈiɾp kˈus ɦˈi pʰˈiʈ bˈɔɽeɡa , lˈekin ˈɔd̪ʱikaɾi ˈumːid̪ kˈɔɾ ɾˈɔɦe ɦˈɔĩ kˈi jˈɔɦ nˈisle st̪ˈɔɾ kˈe sɔĩɳɖɔbˈaɾs kˈo pʰˈiɾ sˈe bˈɔɦal kˈɔɾne kˈe lˈie kˈapi ɦˈoɡa .
एक तारे की रॉस्बी संख्या, जो प्लाज़्मा फ़्लो से संबंधित है, का पता लगाने के लिए उसकी चमक और रोटेशन का एक साथ इस्तेमाल किया जाता है,	ˈek t̪ˈaɾe kˈi ɾˈæsbi sˈɔ̃ŋkja , d͡zˈo plˈad͡zma pʰlˈo sˈe sɔ̃mbˈɔ̃n̪d̪ʱit̪ ɦˈɔi , kˈa pˈɔt̪a lˈɔɡane kˈe lˈie ˈuski sˈɔmɔk ˈɔuɾ ɾˈoʈeʃɔn kˈa ˈek sˈat̪ ˈist̪emal kˈija d͡zˈat̪a ɦˈɔi ,
फ़ॉस्टर केयर उन सभी तरह की ज़रूरतों को पूरा करने के लिए होते हैं जो उस घर में नहीं मिल रही थीं जहां से उन्हें लाया गया था.	pʰˈæsʈɔɾ kˈejɔɾ ˈun sˈɔbʱi t̪ˈɔɾɔɦ kˈi d͡zɔɾˈuɾt̪õ kˈo pˈuɾa kˈɔɾne kˈe lˈie ɦˈot̪e ɦˈɔĩ d͡zˈo ˈus ɡʱˈɔɾ mˈẽ nˈɔɦĩ mˈil ɾˈɔɦi t̪ʰˈĩ d͡zˈɔɦã sˈe ˈunɦẽ lˈaja ɡˈɔja t̪ʰˈa .
एक रिपोर्ट मे बताया गया है कि इस क्षेत्र 9400 घर पानी की कमी से जूझ रहे है और लगभग 100 बिजली की कमी से	ˈek ɾipˈoɾʈ mˈe bˈɔt̪aja ɡˈɔja ɦˈɔi kˈi ˈis kʃˈet̪ɾ nˈɔj ɦˈad͡zaɾ sˈaiɾ sˈɔj ɡʱˈɔɾ pˈani kˈi kˈɔmi sˈe d͡zˈud͡zʱ ɾˈɔɦe ɦˈɔi ˈɔuɾ lˈɔɡbʱɔɡ ˈek sˈɔj bˈid͡zli kˈi kˈɔmi sˈe
एक रिपोर्ट मे बताया गया है कि इस क्षेत्र 9400 घर पानी की कमी से जूझ रहे है और लगभग 100 बिजली की कमी से	ˈek ɾipˈoɾʈ mˈe bˈɔt̪aja ɡˈɔja ɦˈɔi kˈi ˈis kʃˈet̪ɾ nˈɔj ɦˈad͡zaɾ sˈaiɾ sˈɔj ɡʱˈɔɾ pˈani kˈi kˈɔmi sˈe d͡zˈud͡zʱ ɾˈɔɦe ɦˈɔi ˈɔuɾ lˈɔɡbʱɔɡ ˈek sˈɔj bˈid͡zli kˈi kˈɔmi sˈe
एक और अंतर यह था कि जहां गरीब लोग और महिला कुर्सियों पर बैठकर खाना खाते थे, वहीं अमीर लोग मिलजुल कर दावतें करना पसंद करते थे और भोजन करते वक्त वे मौज मस्ती करते थे.	ˈek ˈɔuɾ ˈɔ̃n̪t̪ɔɾ jˈɔɦ t̪ʰˈa kˈi d͡zˈɔɦã ɡˈɔɾib lˈoɡ ˈɔuɾ mˈɔɦila kˈuɾsijõ pˈɔɾ bɔˈiʈkɔɾ kʰˈana kʰˈat̪e t̪ʰˈe , wˈɔɦĩ ˈɔmiɾ lˈoɡ mˈild͡zul kˈɔɾ d̪ˈawt̪ẽ kˈɔɾna pɔsˈɔ̃n̪d̪ kˈɔɾt̪e t̪ʰˈe ˈɔuɾ bʱˈod͡zɔn kˈɔɾt̪e wˈɔkt̪ wˈe mˈɔud͡z mˈɔst̪i kˈɔɾt̪e t̪ʰˈe .
टंकियों के नीचे दूसरा कंटेनमेंट एरिया 104,500 बैरल की क्षमता रखता है, जिसे अभी तक पूर्ण क्षमता के साथ भरा नहीं गया है.	ʈˈɔ̃ŋkijõ kˈe nˈise d̪ˈusɾa kɔ̃ɳʈenmˈẽɳʈ ˈeɾija ˈek lˈak sˈaiɾ ɦˈad͡zaɾ pˈãs sˈɔj bˈɔiɾɔl kˈi kʃˈɔmt̪a ɾˈɔkt̪a ɦˈɔi , d͡zˈise ˈɔbʱi t̪ˈɔk pˈuɾn kʃˈɔmt̪a kˈe sˈat̪ bʱˈɔɾa nˈɔɦĩ ɡˈɔja ɦˈɔi .
राजनीतिक गतिरोध के बावजूद माल्डोवा के इन दो इलाकों में आर्थिक साझेदारी फिर से स्थापित हुई.	ɾˈad͡znit̪ik ɡˈɔt̪iɾod̪ʱ kˈe bˈawd͡zud̪ mˈalɖowa kˈe ˈin d̪ˈo ˈilakõ mˈẽ ˈaɾt̪ik sˈad͡zʱed̪aɾi pʰˈiɾ sˈe st̪ˈapit̪ ɦˈui .
जापान के पास, द्वीपों के समूह होने के कारण, जापान को भौगोलिक रूप से अक्सर “द्वीपसमूह” के रूप में संदर्भित किया जाता है	d͡zˈapan kˈe pˈas , d̪wˈipõ kˈe sˈɔmuɦ ɦˈone kˈe kˈaɾɔn , d͡zˈapan kˈo bʱˈɔuɡolik ɾˈup sˈe ˈɔksɔɾ d̪wipˈɔsmuɦ kˈe ɾˈup mˈẽ sˈɔ̃n̪d̪ɔɾbʱit̪ kˈija d͡zˈat̪a ɦˈɔi
जिस सड़क पर दुर्घटना हुई उसे कुछ समय के लिए बंद कर दिया गया था, जबकि आपाताकालीन सेवाओं ने ड्राइवर को लाल रंग की Audi TT से निकाल दिया था.	d͡zˈis sˈɔɽɔk pˈɔɾ d̪uɾɡʱˈɔʈna ɦˈui ˈuse kˈus sˈɔmɔj kˈe lˈie bˈɔ̃n̪d̪ kˈɔɾ d̪ˈija ɡˈɔja t̪ʰˈa , d͡zˈɔbki ˈapat̪akalin sˈewaõ nˈe ɖɾˈaiwɔɾ kˈo lˈal ɾˈɔ̃ŋɡ kˈi ˈɔːd̬i tʰˈiː tʰˈiː sˈe nˈikal d̪ˈija t̪ʰˈa .
यहां सूर्योदय देखने की कुछ जगहों पर ईस्टर की पूरी रात जागने की परंपरा है.	jˈɔɦã sˈuɾjod̪ɔj d̪ˈekne kˈi kˈus d͡zˈɔɡɦõ pˈɔɾ ˈisʈɔɾ kˈi pˈuɾi ɾˈat̪ d͡zˈaɡne kˈi pɔɾˈɔ̃mpɔɾa ɦˈɔi .
यहां कोई “बारिश” या “सूखे” का मौसम नहीं होता: बारिश की मात्रा लगभग पूरे साल ही एक जैसी रहती है.	jˈɔɦã kˈoi bˈaɾiʃ jˈa sˈuke kˈa mˈɔusɔm nˈɔɦĩ ɦˈot̪a , bˈaɾiʃ kˈi mˈat̪ɾa lˈɔɡbʱɔɡ pˈuɾe sˈal ɦˈi ˈek d͡zˈɔisi ɾˈɔɦt̪i ɦˈɔi .
यहां कोई “बारिश” या “सूखे” का मौसम नहीं होता: बारिश की मात्रा लगभग पूरे साल ही एक जैसी रहती है.	jˈɔɦã kˈoi bˈaɾiʃ jˈa sˈuke kˈa mˈɔusɔm nˈɔɦĩ ɦˈot̪a , bˈaɾiʃ kˈi mˈat̪ɾa lˈɔɡbʱɔɡ pˈuɾe sˈal ɦˈi ˈek d͡zˈɔisi ɾˈɔɦt̪i ɦˈɔi .
हर्शे और चेस के परीक्षण का एक प्रमुख सुझाव था कि DNA एक जेनेटिक मटेरियल था.	ɦˈɔɾʃe ˈɔuɾ sˈes kˈe pɔɾˈikʃɔn kˈa ˈek pɾˈɔmuk sˈud͡zʱaw t̪ʰˈa kˈi dˈiːʲɛnˈeᶦ ˈek d͡zˈeneʈik mˈɔʈeɾijɔl t̪ʰˈa .
हर्शे और चेस के परीक्षण का एक प्रमुख सुझाव था कि DNA एक जेनेटिक मटेरियल था.	ɦˈɔɾʃe ˈɔuɾ sˈes kˈe pɔɾˈikʃɔn kˈa ˈek pɾˈɔmuk sˈud͡zʱaw t̪ʰˈa kˈi dˈiːʲɛnˈeᶦ ˈek d͡zˈeneʈik mˈɔʈeɾijɔl t̪ʰˈa .
ताज़ा-तरीन बुलेटिन के मुताबिक, समुद्री स्तर की रीडिंग बताती है कि वहां सुनामी आई थी. पागो पागो और नीयू के करीब सुनामी की कुछ गतिविधि पक्के तौर पर रिकॉर्ड की गई थी.	t̪ˈad͡za t̪ˈɔɾin bˈuleʈin kˈe mˈut̪abik , sɔmˈud̪ɾi st̪ˈɔɾ kˈi ɾiɖˈĩŋɡ bˈɔt̪at̪i ɦˈɔi kˈi wˈɔɦã sˈunami ˈai t̪ʰˈi . pˈaɡo pˈaɡo ˈɔuɾ nˈiju kˈe kˈɔɾib sˈunami kˈi kˈus ɡˈɔt̪iwid̪ʱi pˈɔkːe t̪ˈɔuɾ pˈɔɾ ɾikˈæɾɖ kˈi ɡˈɔi t̪ʰˈi .
ताज़ा-तरीन बुलेटिन के मुताबिक, समुद्री स्तर की रीडिंग बताती है कि वहां सुनामी आई थी. पागो पागो और नीयू के करीब सुनामी की कुछ गतिविधि पक्के तौर पर रिकॉर्ड की गई थी.	t̪ˈad͡za t̪ˈɔɾin bˈuleʈin kˈe mˈut̪abik , sɔmˈud̪ɾi st̪ˈɔɾ kˈi ɾiɖˈĩŋɡ bˈɔt̪at̪i ɦˈɔi kˈi wˈɔɦã sˈunami ˈai t̪ʰˈi . pˈaɡo pˈaɡo ˈɔuɾ nˈiju kˈe kˈɔɾib sˈunami kˈi kˈus ɡˈɔt̪iwid̪ʱi pˈɔkːe t̪ˈɔuɾ pˈɔɾ ɾikˈæɾɖ kˈi ɡˈɔi t̪ʰˈi .
टेलीविज़न पर किए गए लाइव कमेंट्स में पहली बार सीनियर इरानियन सूत्रों ने यह माना था कि प्रतिबंधों को कोई प्रभाव हुआ था.	ʈˈeliwid͡zɔn pˈɔɾ kˈie ɡˈɔe lˈaiw kɔmˈẽɳʈs mˈẽ pˈɔɦli bˈaɾ sˈinijɔɾ ˈiɾanijɔn sˈut̪ɾõ nˈe jˈɔɦ mˈana t̪ʰˈa kˈi pɾɔt̪ibˈɔ̃n̪d̪ʱõ kˈo kˈoi pɾˈɔbʱaw ɦˈua t̪ʰˈa .
टेलीविज़न पर किए गए लाइव कमेंट्स में पहली बार सीनियर इरानियन सूत्रों ने यह माना था कि प्रतिबंधों को कोई प्रभाव हुआ था.	ʈˈeliwid͡zɔn pˈɔɾ kˈie ɡˈɔe lˈaiw kɔmˈẽɳʈs mˈẽ pˈɔɦli bˈaɾ sˈinijɔɾ ˈiɾanijɔn sˈut̪ɾõ nˈe jˈɔɦ mˈana t̪ʰˈa kˈi pɾɔt̪ibˈɔ̃n̪d̪ʱõ kˈo kˈoi pɾˈɔbʱaw ɦˈua t̪ʰˈa .
सभी गुफाओं, जिनका नाम “सात बहनें” रखा गया, में घुसने की जगह का डायमीटर कम से कम 100 से 250 मीटर (328 से 820 फ़ीट) है.	sˈɔbʱi ɡˈupaõ , d͡zˈinka nˈam sˈat̪ bˈɔɦnẽ ɾˈɔka ɡˈɔja , mˈẽ ɡʱˈusne kˈi d͡zˈɔɡɔɦ kˈa ɖˈajmiʈɔɾ kˈɔm sˈe kˈɔm ˈek sˈɔj sˈe d̪ˈui sˈɔj pˈɔsas mˈiʈɔɾ t̪ˈin sˈɔj ˈaʈ bˈis sˈe ˈaʈ sˈɔj bˈis pʰˈiʈ ɦˈɔi .
कुछ अन्य विशेषज्ञों की तरह, उन्हें इस बात पर संदेह है कि क्या मधुमेह को ठीक किया जा सकता है, यह देखते हुए कि इन निष्कर्षों की उन लोगों के लिए कोई प्रासंगिकता नहीं है जिन्हें पहले से ही टाइप 1 मधुमेह है.	kˈus ˈɔnj wiʃeʃˈɔd͡zɲõ kˈi t̪ˈɔɾɔɦ , ˈunɦẽ ˈis bˈat̪ pˈɔɾ sˈɔ̃n̪d̪eɦ ɦˈɔi kˈi kjˈa mˈɔd̪ʱumeɦ kˈo ʈʰˈik kˈija d͡zˈa sˈɔkt̪a ɦˈɔi , jˈɔɦ d̪ˈekt̪e ɦˈue kˈi ˈin niʃkˈɔɾʃõ kˈi ˈun lˈoɡõ kˈe lˈie kˈoi pɾasˈɔ̃ŋɡikt̪a nˈɔɦĩ ɦˈɔi d͡zˈinɦẽ pˈɔɦle sˈe ɦˈi ʈˈaip ˈek mˈɔd̪ʱumeɦ ɦˈɔi .
लेकिन प्रधानमंत्री जॉन हॉवर्ड ने कहा है कि यह अधिनियम केवल अस्पताल की सुविधाओं को तस्मानियाई सरकार द्वारा नीचे गिरने से बचाने के लिए अतिरिक्त AUD $45 मिलियन देने के लिए था.	lˈekin pɾɔd̪ʱanmˈɔ̃n̪t̪ɾi d͡zˈæn ɦæwˈɔɾɖ nˈe kˈɔɦa ɦˈɔi kˈi jˈɔɦ ˈɔd̪ʱinijɔm kˈewɔl ˈɔspɔt̪al kˈi sˈuwid̪ʱaõ kˈo t̪ˈɔsmanijai sˈɔɾkaɾ d̪wˈaɾa nˈise ɡˈiɾne sˈe bˈɔsane kˈe lˈie ɔt̪iɾˈikt̪ ˈɔːd pˈãs sˈailis ɖˈælɔɾ mˈilijɔn d̪ˈene kˈe lˈie t̪ʰˈa .
लेकिन प्रधानमंत्री जॉन हॉवर्ड ने कहा है कि यह अधिनियम केवल अस्पताल की सुविधाओं को तस्मानियाई सरकार द्वारा नीचे गिरने से बचाने के लिए अतिरिक्त AUD $45 मिलियन देने के लिए था.	lˈekin pɾɔd̪ʱanmˈɔ̃n̪t̪ɾi d͡zˈæn ɦæwˈɔɾɖ nˈe kˈɔɦa ɦˈɔi kˈi jˈɔɦ ˈɔd̪ʱinijɔm kˈewɔl ˈɔspɔt̪al kˈi sˈuwid̪ʱaõ kˈo t̪ˈɔsmanijai sˈɔɾkaɾ d̪wˈaɾa nˈise ɡˈiɾne sˈe bˈɔsane kˈe lˈie ɔt̪iɾˈikt̪ ˈɔːd pˈãs sˈailis ɖˈælɔɾ mˈilijɔn d̪ˈene kˈe lˈie t̪ʰˈa .
यह क्षेत्र पशु और पक्षी प्रजातियों की एक बहुत व्यापक किस्मों का आवास है	jˈɔɦ kʃˈet̪ɾ pˈɔʃu ˈɔuɾ pˈɔkʃi pɾˈɔd͡zat̪ijõ kˈi ˈek bˈɔɦut̪ wjˈapɔk kˈismõ kˈa ˈawas ɦˈɔi
जिस तरह पेरिस को आज की दुनिया की फ़ैशन राजधानी के रूप में जाना जाता है उसी तरह कॉन्स्टेंटिनोपल को सामंती यूरोप की फैशन राजधानी के रूप में माना जाता था.	d͡zˈis t̪ˈɔɾɔɦ pˈeɾis kˈo ˈad͡z kˈi d̪ˈunija kˈi pʰˈɔiʃɔn ɾˈad͡zd̪ʱani kˈe ɾˈup mˈẽ d͡zˈana d͡zˈat̪a ɦˈɔi ˈusi t̪ˈɔɾɔɦ kænsʈˈẽɳʈinopɔl kˈo samˈɔ̃n̪t̪i jˈuɾop kˈi pʰˈɔiʃɔn ɾˈad͡zd̪ʱani kˈe ɾˈup mˈẽ mˈana d͡zˈat̪a t̪ʰˈa .
सूट मानक व्यावसायिक पहनावा हैं, और सहकर्मी एक-दूसरे को उनके पारिवारिक नामों या पद नामों से पुकारते हैं.	sˈuʈ mˈanɔk wjˈawsajik pˈɔɦnawa ɦˈɔĩ , ˈɔuɾ sɔɦkˈɔɾmi ˈek d̪ˈusɾe kˈo ˈunke pˈaɾiwaɾik nˈamõ jˈa pˈɔd̪ nˈamõ sˈe pukˈaɾt̪e ɦˈɔĩ .
टेक्नोलॉजिकल निर्धारणवाद एक ऐसा शब्द है, जो व्यवहार में विचारों की एक विस्तृत श्रृंखला को शामिल करता है, प्रौद्योगिकी-धक्का या तकनीकी अनिवार्यता से लेकर सख्त अर्थ तक कि मानव नियति वैज्ञानिक कानूनों और प्रौद्योगिकी में उनके प्रदर्शन से जुड़े एक अंतर्निहित तर्क से प्रेरित है	ʈˈeknolæd͡zikɔl niɾd̪ʱaɾˈɔnwad̪ ˈek ˈɔisa ʃˈɔbd̪ ɦˈɔi , d͡zˈo wjˈɔwɦaɾ mˈẽ wˈisaɾõ kˈi ˈek wˈist̪ɾit̪ ʃɾɾˈĩŋkɔla kˈo ʃˈamil kˈɔɾt̪a ɦˈɔi , pɾɔˈud̪joɡiki d̪ʱˈɔkːa jˈa t̪ˈɔkniki ɔniwˈaɾjɔt̪a sˈe lˈekɔɾ sˈɔkt̪ ˈɔɾt̪ t̪ˈɔk kˈi mˈanɔw nˈijt̪i wɔˈid͡zɲanik kˈanunõ ˈɔuɾ pɾɔˈud̪joɡiki mˈẽ ˈunke pɾɔd̪ˈɔɾʃɔn sˈe d͡zˈuɽe ˈek ˈɔ̃n̪t̪ɔɾniɦit̪ t̪ˈɔɾk sˈe pɾˈeɾit̪ ɦˈɔi
फ़्रांसीसी क्रांति ने दूसरे देशों में मौजूद कामगार वर्ग के कई दमित लोगों को भी अपनी-अपनी क्रांतियां शुरू करने की प्रेरणा दी.	pʰɾˈãsisi kɾˈãn̪t̪i nˈe d̪ˈusɾe d̪ˈeʃõ mˈẽ mˈɔud͡zud̪ kˈamɡaɾ wˈɔɾɡ kˈe kˈɔi d̪ˈɔmit̪ lˈoɡõ kˈo bʱˈi ˈɔpni ˈɔpni kɾˈãn̪t̪ijã ʃˈuɾu kˈɔɾne kˈi pɾˈeɾna d̪ˈi .
इनमें वित्तीय प्रतिबंध और कच्चे तेल के निर्यात पर यूरोपीय संघ द्वारा प्रतिबंध शामिल है, जिससे ईरानी अर्थव्यवस्था को उनकी विदेशी आय का 80% प्राप्त होता है	ˈinmẽ wˈit̪ːij pɾɔt̪ibˈɔ̃n̪d̪ʱ ˈɔuɾ kˈɔsːe t̪ˈel kˈe nˈiɾjat̪ pˈɔɾ jˈuɾopij sˈɔ̃ŋɡʱ d̪wˈaɾa pɾɔt̪ibˈɔ̃n̪d̪ʱ ʃˈamil ɦˈɔi , d͡zˈisse ˈiɾani ɔɾt̪ɔwjɔwˈɔst̪a kˈo ˈunki wˈid̪eʃi ˈaj kˈa ˈais pɾˈɔt̪iʃɔt̪ pɾˈapt̪ ɦˈot̪a ɦˈɔi
इनमें वित्तीय प्रतिबंध और कच्चे तेल के निर्यात पर यूरोपीय संघ द्वारा प्रतिबंध शामिल है, जिससे ईरानी अर्थव्यवस्था को उनकी विदेशी आय का 80% प्राप्त होता है	ˈinmẽ wˈit̪ːij pɾɔt̪ibˈɔ̃n̪d̪ʱ ˈɔuɾ kˈɔsːe t̪ˈel kˈe nˈiɾjat̪ pˈɔɾ jˈuɾopij sˈɔ̃ŋɡʱ d̪wˈaɾa pɾɔt̪ibˈɔ̃n̪d̪ʱ ʃˈamil ɦˈɔi , d͡zˈisse ˈiɾani ɔɾt̪ɔwjɔwˈɔst̪a kˈo ˈunki wˈid̪eʃi ˈaj kˈa ˈais pɾˈɔt̪iʃɔt̪ pɾˈapt̪ ɦˈot̪a ɦˈɔi
इन दोनों टावर की ऊंचाई 83 मीटर है. इनकी लंबाई 378 मीटर है और इनमें 3.50 मीटर चौड़ी दो लेन हैं.	ˈin d̪ˈonõ ʈˈawɔɾ kˈi ˈũsai t̪ˈin ˈais mˈiʈɔɾ ɦˈɔi . ˈinki lˈɔ̃mbai t̪ˈin sˈɔj ˈaʈ sˈɔt̪ːɔiɾ mˈiʈɔɾ ɦˈɔi ˈɔuɾ ˈinmẽ t̪ˈin d̪ˈɔʃmik pˈãs ʃˈunj mˈiʈɔɾ sˈɔuɽi d̪ˈo lˈen ɦˈɔĩ .
जापान के अर्थव्यवस्था, व्यापार और उद्योग मंत्रालय (METI) ने कहा कि उसे उपकरणों से संबंधित 27 दुर्घटनाओं की जानकारी थी.	d͡zˈapan kˈe ɔɾt̪ɔwjɔwˈɔst̪a , wjˈapaɾ ˈɔuɾ ˈud̪joɡ mˈɔ̃n̪t̪ɾalɔj mˈɛt̬i nˈe kˈɔɦa kˈi ˈuse upkˈɔɾnõ sˈe sɔ̃mbˈɔ̃n̪d̪ʱit̪ sˈat̪ bˈis d̪uɾɡʱˈɔʈnaõ kˈi d͡zˈankaɾi t̪ʰˈi .
अन्य बायोरैड-आधारित विकल्पों में सोने से पहले बहुत सारे तरल पदार्थ पीना (विशेष रूप से पानी या चाय, एक प्रचलित मूत्रवर्धक) शामिल है, जिससे व्यक्ति को मूत्र करने के लिए मजबूर होना पड़ता है”.	ˈɔnj bˈajoɾɔiɖ ˈad̪ʱaɾit̪ wikˈɔlpõ mˈẽ sˈone sˈe pˈɔɦle bˈɔɦut̪ sˈaɾe t̪ˈɔɾɔl pɔd̪ˈaɾt̪ pˈina wˈiʃeʃ ɾˈup sˈe pˈani jˈa sˈaj , ˈek pɾˈɔslit̪ mut̪ɾɔwˈɔɾd̪ʱɔk ʃˈamil ɦˈɔi , d͡zˈisse wjˈɔkt̪i kˈo mˈut̪ɾ kˈɔɾne kˈe lˈie mˈɔd͡zbuɾ ɦˈona pˈɔɽt̪a ɦˈɔi .
विदेश में रहने के बाद वापस घर लौटते समय, आप नई संस्कृति को अपना चुके होते हैं और अपनी घरेलू संस्कृति की कई आदतें खो चुके होते हैं.	wˈid̪eʃ mˈẽ ɾˈɔɦne kˈe bˈad̪ wˈapɔs ɡʱˈɔɾ lɔˈuʈt̪e sˈɔmɔj , ˈap nˈɔi sˈɔ̃skɾit̪i kˈo ˈɔpna sˈuke ɦˈot̪e ɦˈɔĩ ˈɔuɾ ˈɔpni ɡʱˈɔɾelu sˈɔ̃skɾit̪i kˈi kˈɔi ˈad̪t̪ẽ kʰˈo sˈuke ɦˈot̪e ɦˈɔĩ .
एक कोर्स आम तौर पर 2 से 5 दिनों का होगा और उसमें भूमिका निभाना, बहुत सारा प्राथमिक उपचार और कभी-कभी हथियारों का प्रशिक्षण भी शामिल होगा.	ˈek kˈoɾs ˈam t̪ˈɔuɾ pˈɔɾ d̪ˈui sˈe pˈãs d̪ˈinõ kˈa ɦˈoɡa ˈɔuɾ ˈusmẽ bʱˈumika nˈibʱana , bˈɔɦut̪ sˈaɾa pɾˈat̪mik ˈupsaɾ ˈɔuɾ kˈɔbʱi kˈɔbʱi ɦˈɔt̪ijaɾõ kˈa pɾɔʃˈikʃɔn bʱˈi ʃˈamil ɦˈoɡa .
एक कोर्स आम तौर पर 2 से 5 दिनों का होगा और उसमें भूमिका निभाना, बहुत सारा प्राथमिक उपचार और कभी-कभी हथियारों का प्रशिक्षण भी शामिल होगा.	ˈek kˈoɾs ˈam t̪ˈɔuɾ pˈɔɾ d̪ˈui sˈe pˈãs d̪ˈinõ kˈa ɦˈoɡa ˈɔuɾ ˈusmẽ bʱˈumika nˈibʱana , bˈɔɦut̪ sˈaɾa pɾˈat̪mik ˈupsaɾ ˈɔuɾ kˈɔbʱi kˈɔbʱi ɦˈɔt̪ijaɾõ kˈa pɾɔʃˈikʃɔn bʱˈi ʃˈamil ɦˈoɡa .
2010 के भूकंप के बाद हैती में पहुंचे संयुक्त राष्ट्र के शांति सैनिकों को उस बीमारी को फैलाने के लिए दोषी ठहराया जा रहा है जो सेना के शिविर के पास शुरू हुई थी.	d̪ˈui ɦˈad͡zaɾ d̪ˈɔs kˈe bʱukˈɔ̃mp kˈe bˈad̪ ɦˈɔit̪i mˈẽ pɔɦˈũse sɔ̃jˈukt̪ ɾˈaʃʈɾ kˈe ʃˈãn̪t̪i sˈɔinikõ kˈo ˈus bˈimaɾi kˈo pʰˈɔilane kˈe lˈie d̪ˈoʃi ʈʰˈɔɦɾaja d͡zˈa ɾˈɔɦa ɦˈɔi d͡zˈo sˈena kˈe ʃˈiwiɾ kˈe pˈas ʃˈuɾu ɦˈui t̪ʰˈi .
2010 के भूकंप के बाद हैती में पहुंचे संयुक्त राष्ट्र के शांति सैनिकों को उस बीमारी को फैलाने के लिए दोषी ठहराया जा रहा है जो सेना के शिविर के पास शुरू हुई थी.	d̪ˈui ɦˈad͡zaɾ d̪ˈɔs kˈe bʱukˈɔ̃mp kˈe bˈad̪ ɦˈɔit̪i mˈẽ pɔɦˈũse sɔ̃jˈukt̪ ɾˈaʃʈɾ kˈe ʃˈãn̪t̪i sˈɔinikõ kˈo ˈus bˈimaɾi kˈo pʰˈɔilane kˈe lˈie d̪ˈoʃi ʈʰˈɔɦɾaja d͡zˈa ɾˈɔɦa ɦˈɔi d͡zˈo sˈena kˈe ʃˈiwiɾ kˈe pˈas ʃˈuɾu ɦˈui t̪ʰˈi .
लेकिन, अगर अतिरिक्त क्वालिफ़ायर के बिना इस्तेमाल किया जाए, तो इस शब्द का मतलब ऐसे खाने से है जो मूल रूप से मुख्य जावा द्वीप के मध्य और पूर्वी हिस्सों से आता है.	lˈekin , ˈɔɡɔɾ ɔt̪iɾˈikt̪ kwˈalipajɔɾ kˈe bˈina ˈist̪emal kˈija d͡zˈae , t̪ˈo ˈis ʃˈɔbd̪ kˈa mˈɔt̪lɔb ˈɔise kʰˈane sˈe ɦˈɔi d͡zˈo mˈul ɾˈup sˈe mˈukj d͡zˈawa d̪wˈip kˈe mˈɔd̪ʱj ˈɔuɾ pˈuɾwi ɦˈisːõ sˈe ˈat̪a ɦˈɔi .
लेकिन, अगर अतिरिक्त क्वालिफ़ायर के बिना इस्तेमाल किया जाए, तो इस शब्द का मतलब ऐसे खाने से है जो मूल रूप से मुख्य जावा द्वीप के मध्य और पूर्वी हिस्सों से आता है.	lˈekin , ˈɔɡɔɾ ɔt̪iɾˈikt̪ kwˈalipajɔɾ kˈe bˈina ˈist̪emal kˈija d͡zˈae , t̪ˈo ˈis ʃˈɔbd̪ kˈa mˈɔt̪lɔb ˈɔise kʰˈane sˈe ɦˈɔi d͡zˈo mˈul ɾˈup sˈe mˈukj d͡zˈawa d̪wˈip kˈe mˈɔd̪ʱj ˈɔuɾ pˈuɾwi ɦˈisːõ sˈe ˈat̪a ɦˈɔi .
पार्क अथॉरिटीज़ के मुताबिक भालुओं और भेड़ियों से कम से कम 100 यार्ड्स/मीटर्स और अन्य जंगली जानवरों से कम से कम 25 यार्डर्स/मीटर्स दूर रहें.	pˈaɾk ˈɔt̪æɾiʈid͡z kˈe mˈut̪abik bʱˈaluõ ˈɔuɾ bʱˈeɽijõ sˈe kˈɔm sˈe kˈɔm ˈek sˈɔj jˈaɾɖs miʈˈɔɾs ˈɔuɾ ˈɔnj d͡zˈɔ̃ŋɡɔli d͡zanˈɔwɾõ sˈe kˈɔm sˈe kˈɔm pˈãs bˈis jaɾɖˈɔɾs miʈˈɔɾs d̪ˈuɾ ɾˈɔɦẽ .
पार्क अथॉरिटीज़ के मुताबिक भालुओं और भेड़ियों से कम से कम 100 यार्ड्स/मीटर्स और अन्य जंगली जानवरों से कम से कम 25 यार्डर्स/मीटर्स दूर रहें.	pˈaɾk ˈɔt̪æɾiʈid͡z kˈe mˈut̪abik bʱˈaluõ ˈɔuɾ bʱˈeɽijõ sˈe kˈɔm sˈe kˈɔm ˈek sˈɔj jˈaɾɖs miʈˈɔɾs ˈɔuɾ ˈɔnj d͡zˈɔ̃ŋɡɔli d͡zanˈɔwɾõ sˈe kˈɔm sˈe kˈɔm pˈãs bˈis jaɾɖˈɔɾs miʈˈɔɾs d̪ˈuɾ ɾˈɔɦẽ .
लिंग के साथ पासपोर्ट जारी करने की सरकारों की इच्छा नहीं बताई गई या नाम और लिंग को मैच करने के लिए अपडेट किए गए डॉक्यूमेंट अलग-अलग हैं.	lˈĩŋɡ kˈe sˈat̪ paspˈoɾʈ d͡zˈaɾi kˈɔɾne kˈi sˈɔɾkaɾõ kˈi ˈisːa nˈɔɦĩ bˈɔt̪ai ɡˈɔi jˈa nˈam ˈɔuɾ lˈĩŋɡ kˈo mˈɔis kˈɔɾne kˈe lˈie ˈɔpɖeʈ kˈie ɡˈɔe ɖækjumˈẽɳʈ ˈɔlɔɡ ˈɔlɔɡ ɦˈɔĩ .
अपनी सबसे हालिया मासिक रिपोर्ट में, ओपेक ने कहा कि कच्चे तेल का निर्यात दो दशकों के लिए 2.8 मिलियन बैरल प्रति दिन के निचले स्तर तक गिर गया था.	ˈɔpni sˈɔbse ɦˈalija mˈasik ɾipˈoɾʈ mˈẽ , ˈopek nˈe kˈɔɦa kˈi kˈɔsːe t̪ˈel kˈa nˈiɾjat̪ d̪ˈo d̪ˈɔʃkõ kˈe lˈie d̪ˈui d̪ˈɔʃmik ˈaʈ mˈilijɔn bˈɔiɾɔl pɾˈɔt̪i d̪ˈin kˈe nˈisle st̪ˈɔɾ t̪ˈɔk ɡˈiɾ ɡˈɔja t̪ʰˈa .
अपनी सबसे हालिया मासिक रिपोर्ट में, ओपेक ने कहा कि कच्चे तेल का निर्यात दो दशकों के लिए 2.8 मिलियन बैरल प्रति दिन के निचले स्तर तक गिर गया था.	ˈɔpni sˈɔbse ɦˈalija mˈasik ɾipˈoɾʈ mˈẽ , ˈopek nˈe kˈɔɦa kˈi kˈɔsːe t̪ˈel kˈa nˈiɾjat̪ d̪ˈo d̪ˈɔʃkõ kˈe lˈie d̪ˈui d̪ˈɔʃmik ˈaʈ mˈilijɔn bˈɔiɾɔl pɾˈɔt̪i d̪ˈin kˈe nˈisle st̪ˈɔɾ t̪ˈɔk ɡˈiɾ ɡˈɔja t̪ʰˈa .
जर्नल साइंस में गुरूवार को प्रकाशित एक अध्ययन ने इक्वाडोरियन गैलापागोस आइलैंड पर एक नई पक्षी प्रजाति के निर्माण की सूचना दी.	d͡zˈɔɾnɔl saˈĩs mˈẽ ɡˈuɾuwaɾ kˈo pɾˈɔkaʃit̪ ˈek ˈɔd̪ʱjɔjɔn nˈe ˈikwaɖoɾijɔn ɡˈɔilapaɡos ailɔˈĩɳɖ pˈɔɾ ˈek nˈɔi pˈɔkʃi pɾˈɔd͡zat̪i kˈe nˈiɾman kˈi sˈusna d̪ˈi .
पेनिनसुला के दक्षिणी क्षेत्र में एल्सवर्थ लैंड है जो बेल्लिंगशॉसेन समुद्र से घिरा हुआ है.	penˈinsula kˈe d̪ˈɔkʃini kʃˈet̪ɾ mˈẽ elsɔwˈɔɾt̪ lɔˈĩɳɖ ɦˈɔi d͡zˈo belːˈĩŋɡɔʃæsen sɔmˈud̪ɾ sˈe ɡʱˈiɾa ɦˈua ɦˈɔi .
पेनिनसुला के दक्षिणी क्षेत्र में एल्सवर्थ लैंड है जो बेल्लिंगशॉसेन समुद्र से घिरा हुआ है.	penˈinsula kˈe d̪ˈɔkʃini kʃˈet̪ɾ mˈẽ elsɔwˈɔɾt̪ lɔˈĩɳɖ ɦˈɔi d͡zˈo belːˈĩŋɡɔʃæsen sɔmˈud̪ɾ sˈe ɡʱˈiɾa ɦˈua ɦˈɔi .
उदाहरण के लिए, कोई कह सकता है कि मोटर कार आवश्यक रूप से सड़कों के विकास को प्रभावित करती हैं	ud̪ˈaɦɾɔn kˈe lˈie , kˈoi kˈɔɦ sˈɔkt̪a ɦˈɔi kˈi mˈoʈɔɾ kˈaɾ awˈɔʃjɔk ɾˈup sˈe sˈɔɽkõ kˈe wˈikas kˈo pɾˈɔbʱawit̪ kˈɔɾt̪i ɦˈɔĩ
उदाहरण के लिए, कोई कह सकता है कि मोटर कार आवश्यक रूप से सड़कों के विकास को प्रभावित करती हैं	ud̪ˈaɦɾɔn kˈe lˈie , kˈoi kˈɔɦ sˈɔkt̪a ɦˈɔi kˈi mˈoʈɔɾ kˈaɾ awˈɔʃjɔk ɾˈup sˈe sˈɔɽkõ kˈe wˈikas kˈo pɾˈɔbʱawit̪ kˈɔɾt̪i ɦˈɔĩ
ऑस्ट्रेलिया के लोगों के लिए, 'फ्लैट व्हाइट' कॉफी का विचार विदेशी है।शॉर्ट ब्लैक 'एस्प्रेसो' है, कैपेचीनो में क्रीम (झाग नहीं) भरा होता है, और चाय दूध के बिना परोसी जाती है।	ˈæsʈɾelija kˈe lˈoɡõ kˈe lˈie , pʰlˈɔiʈ wɦˈaiʈ kˈæpi kˈa wˈisaɾ wˈid̪eʃi ɦˈɔi . ʃˈæɾʈ blˈɔik ˈespɾeso ɦˈɔi , kˈɔipesino mˈẽ kɾˈim d͡zʱˈaɡ nˈɔɦĩ bʱˈɔɾa ɦˈot̪a ɦˈɔi , ˈɔuɾ sˈaj d̪ˈud̪ʱ kˈe bˈina pˈɔɾosi d͡zˈat̪i ɦˈɔi .
ऑस्ट्रेलिया के लोगों के लिए, 'फ्लैट व्हाइट' कॉफी का विचार विदेशी है।शॉर्ट ब्लैक 'एस्प्रेसो' है, कैपेचीनो में क्रीम (झाग नहीं) भरा होता है, और चाय दूध के बिना परोसी जाती है।	ˈæsʈɾelija kˈe lˈoɡõ kˈe lˈie , pʰlˈɔiʈ wɦˈaiʈ kˈæpi kˈa wˈisaɾ wˈid̪eʃi ɦˈɔi . ʃˈæɾʈ blˈɔik ˈespɾeso ɦˈɔi , kˈɔipesino mˈẽ kɾˈim d͡zʱˈaɡ nˈɔɦĩ bʱˈɔɾa ɦˈot̪a ɦˈɔi , ˈɔuɾ sˈaj d̪ˈud̪ʱ kˈe bˈina pˈɔɾosi d͡zˈat̪i ɦˈɔi .
जबकि उनके अधिकतर व्यंजन हमारे लिए जाने-पहचाने होंगे, रोमनों ने अपने हिस्से को अजीब या असामान्य दावत वस्तुओं में शामिल किया, जिनमें जंगली सूअर, मोर, घोंघे और एक प्रकार का रोडेंट (कृंतक) शामिल है, जिसे डॉर्महाउस कहा जाता है.	d͡zˈɔbki ˈunke ɔd̪ʱˈikt̪ɔɾ wjˈɔ̃d͡zɔn ɦˈɔmaɾe lˈie d͡zˈane pˈɔɦsane ɦˈõŋɡe , ɾˈomnõ nˈe ˈɔpne ɦˈisːe kˈo ˈɔd͡zib jˈa ɔsamˈanj d̪ˈawɔt̪ wˈɔst̪uõ mˈẽ ʃˈamil kˈija , d͡zˈinmẽ d͡zˈɔ̃ŋɡɔli sˈuɔɾ , mˈoɾ , ɡʱˈõŋɡʱe ˈɔuɾ ˈek pɾˈɔkaɾ kˈa ɾoɖˈẽɳʈ kɾˈĩn̪t̪ɔk ʃˈamil ɦˈɔi , d͡zˈise ɖˈæɾmɔɦaus kˈɔɦa d͡zˈat̪a ɦˈɔi .
अच्छी परिस्थितियों में आप चलने से कुछ हद तकअधिक दूरी तय कर पाएंगे लेकिन केवल बहुत कम ही आपको तैयार पटरियों में भारी बैग के बिना क्रॉस कंट्री स्कीइंग की गति मिलेगी	ˈɔsːi pɔɾˈist̪it̪ijõ mˈẽ ˈap sˈɔlne sˈe kˈus ɦˈɔd̪ t̪ˈɔkɔɔd̪ʱik d̪ˈuɾi t̪ˈɔj kˈɔɾ paˈẽŋɡe lˈekin kˈewɔl bˈɔɦut̪ kˈɔm ɦˈi ˈapko t̪ˈɔijaɾ pˈɔʈɾijõ mˈẽ bʱˈaɾi bˈɔiɡ kˈe bˈina kɾˈæs kˈɔ̃ɳʈɾi skiˈĩŋɡ kˈi ɡˈɔt̪i mˈileɡi
लोगों की भीड़ ने राजा और रानी को अपनी गाड़ी की खिड़की खोलने के लिए मजबूर किया.	lˈoɡõ kˈi bʱˈiɽ nˈe ɾˈad͡za ˈɔuɾ ɾˈani kˈo ˈɔpni ɡˈaɽi kˈi kʰˈiɽki kʰˈolne kˈe lˈie mˈɔd͡zbuɾ kˈija .
लोगों की भीड़ ने राजा और रानी को अपनी गाड़ी की खिड़की खोलने के लिए मजबूर किया.	lˈoɡõ kˈi bʱˈiɽ nˈe ɾˈad͡za ˈɔuɾ ɾˈani kˈo ˈɔpni ɡˈaɽi kˈi kʰˈiɽki kʰˈolne kˈe lˈie mˈɔd͡zbuɾ kˈija .
दूरस्थ स्थानों में, सेल फ़ोन कवरेज नहीं होने से, एक सेटेलाइट फ़ोन आपका एकमात्र विकल्प हो सकता है.	d̪uɾˈɔst̪ st̪ˈanõ mˈẽ , sˈel pʰˈon kˈɔwɾed͡z nˈɔɦĩ ɦˈone sˈe , ˈek sˈeʈelaiʈ pʰˈon ˈapka ekmˈat̪ɾ wikˈɔlp ɦˈo sˈɔkt̪a ɦˈɔi .
देश के सुप्रीम लीडर अयातुल्ला अली ख़ामेनी ने तेल पर निर्भरता को एक ऐसे “जाल” के रूप में परिभाषित किया है जो 1979 में इरान के इस्लामिक क्रांति के पहले से बुना जा रहा है और जिससे देश को अपने आपको आज़ाद करना चाहिए.	d̪ˈeʃ kˈe sˈupɾim lˈiɖɔɾ ˈɔjat̪ulːa ˈɔli kʰˈɔmeni nˈe t̪ˈel pˈɔɾ niɾbʱˈɔɾt̪a kˈo ˈek ˈɔise d͡zˈal kˈe ɾˈup mˈẽ pˈɔɾibʱaʃit̪ kˈija ɦˈɔi d͡zˈo ˈek ɦˈad͡zaɾ nˈɔj sˈɔj nˈɔj sˈɔt̪ːɔiɾ mˈẽ ˈiɾan kˈe ˈislamik kɾˈãn̪t̪i kˈe pˈɔɦle sˈe bˈuna d͡zˈa ɾˈɔɦa ɦˈɔi ˈɔuɾ d͡zˈisse d̪ˈeʃ kˈo ˈɔpne ˈapko ˈad͡zad̪ kˈɔɾna sˈaɦie .
इसलिए, व्याकरण की इस प्रथम पुस्तक को पढ़ने से आपको फारसी व्याकरण के बारे में बहुत कुछ जानने और वाक्यांशों को बेहतर ढंग से समझने में मदद मिलेगी	ˈislie , wjˈakɾɔn kˈi ˈis pɾˈɔt̪ɔm pˈust̪ɔk kˈo pˈɔɽne sˈe ˈapko pʰˈaɾsi wjˈakɾɔn kˈe bˈaɾe mˈẽ bˈɔɦut̪ kˈus d͡zˈanne ˈɔuɾ wakjˈãʃõ kˈo bˈeɦt̪ɔɾ ɖʱˈɔ̃ŋɡ sˈe sɔmˈɔd͡zʱne mˈẽ mˈɔd̪ɔd̪ mˈileɡi
इसलिए, व्याकरण की इस प्रथम पुस्तक को पढ़ने से आपको फारसी व्याकरण के बारे में बहुत कुछ जानने और वाक्यांशों को बेहतर ढंग से समझने में मदद मिलेगी	ˈislie , wjˈakɾɔn kˈi ˈis pɾˈɔt̪ɔm pˈust̪ɔk kˈo pˈɔɽne sˈe ˈapko pʰˈaɾsi wjˈakɾɔn kˈe bˈaɾe mˈẽ bˈɔɦut̪ kˈus d͡zˈanne ˈɔuɾ wakjˈãʃõ kˈo bˈeɦt̪ɔɾ ɖʱˈɔ̃ŋɡ sˈe sɔmˈɔd͡zʱne mˈẽ mˈɔd̪ɔd̪ mˈileɡi
अंतर्राष्ट्रीय प्रतिबंधों का मतलब है कि नए विमान नहीं खरीदे जा सकते.	ɔ̃n̪t̪ɔɾɾˈaʃʈɾij pɾɔt̪ibˈɔ̃n̪d̪ʱõ kˈa mˈɔt̪lɔb ɦˈɔi kˈi nˈɔe wˈiman nˈɔɦĩ kʰˈɔɾid̪e d͡zˈa sˈɔkt̪e .
अंतर्राष्ट्रीय प्रतिबंधों का मतलब है कि नए विमान नहीं खरीदे जा सकते.	ɔ̃n̪t̪ɔɾɾˈaʃʈɾij pɾɔt̪ibˈɔ̃n̪d̪ʱõ kˈa mˈɔt̪lɔb ɦˈɔi kˈi nˈɔe wˈiman nˈɔɦĩ kʰˈɔɾid̪e d͡zˈa sˈɔkt̪e .
उन्होंने लोकप्रिय हाइकिंग और साइक्लिंग ट्रैल्स के लिए रूट्स भी तय किए.	unɦˈõne lokˈɔpɾij ɦaikˈĩŋɡ ˈɔuɾ saiklˈĩŋɡ ʈɾɔˈils kˈe lˈie ɾˈuʈs bʱˈi t̪ˈɔj kˈie .
उन्होंने लोकप्रिय हाइकिंग और साइक्लिंग ट्रैल्स के लिए रूट्स भी तय किए.	unɦˈõne lokˈɔpɾij ɦaikˈĩŋɡ ˈɔuɾ saiklˈĩŋɡ ʈɾɔˈils kˈe lˈie ɾˈuʈs bʱˈi t̪ˈɔj kˈie .
क्रोएशिया और डेनमार्क में H5N1 के संदिग्ध मामले अपुष्ट बने हुए हैं.	kɾˈoeʃija ˈɔuɾ ɖenmˈaɾk mˈẽ ˈeᶦt͡ʃ pˈãs ˈɛn ˈek kˈe sɔ̃n̪d̪ˈiɡd̪ʱ mˈamle ɔpˈuʃʈ bˈɔne ɦˈue ɦˈɔĩ .
ग्रीस में मिनोअन सिटीज़ ऑफ़ क्रेटे एंड सांटोरिनी के घरों में सिवेज सिस्टम्स के अवशेष पाए गए हैं.	ɡɾˈis mˈẽ mˈinoɔn sˈiʈid͡z ˈæp kɾˈeʈe ˈẽɳɖ sˈãɳʈoɾini kˈe ɡʱˈɔɾõ mˈẽ sˈiwed͡z sisʈˈɔms kˈe ˈɔwʃeʃ pˈae ɡˈɔe ɦˈɔĩ .
फिल्टर प्रभावशीलता में अलग अलग होते हैं, और आपको पहले इस पर विचार करना चाहिए, फिर आपको एक सम्मानित कंपनी से सील की बोतल में अपना पानी खरीदने पर विचार करना चाहिए	pʰˈilʈɔɾ pɾɔbʱawʃˈilt̪a mˈẽ ˈɔlɔɡ ˈɔlɔɡ ɦˈot̪e ɦˈɔĩ , ˈɔuɾ ˈapko pˈɔɦle ˈis pˈɔɾ wˈisaɾ kˈɔɾna sˈaɦie , pʰˈiɾ ˈapko ˈek sˈɔmːanit̪ kˈɔ̃mpɔni sˈe sˈil kˈi bˈot̪ɔl mˈẽ ˈɔpna pˈani kʰɔɾˈid̪ne pˈɔɾ wˈisaɾ kˈɔɾna sˈaɦie
उनमें से एक जॉर्ज वाशिंगटन को 6 जुलाई को भेजा गया, जिसने कि इसको अपनी सेना के लिए न्यूयॉर्क में 9 जुलाई को पढ़ा उसकी एक कॉपी 10 अगस्त को लंदन पहुंची	ˈunmẽ sˈe ˈek d͡zˈæɾd͡z waʃˈĩŋɡɔʈɔn kˈo sˈɔj d͡zˈulai kˈo bʱˈed͡za ɡˈɔja , d͡zˈisne kˈi ˈisko ˈɔpni sˈena kˈe lˈie njujˈæɾk mˈẽ nˈɔj d͡zˈulai kˈo pˈɔɽa ˈuski ˈek kˈæpi d̪ˈɔs ɔɡˈɔst̪ kˈo lˈɔ̃n̪d̪ɔn pɔɦˈũsi
उनमें से एक जॉर्ज वाशिंगटन को 6 जुलाई को भेजा गया, जिसने कि इसको अपनी सेना के लिए न्यूयॉर्क में 9 जुलाई को पढ़ा उसकी एक कॉपी 10 अगस्त को लंदन पहुंची	ˈunmẽ sˈe ˈek d͡zˈæɾd͡z waʃˈĩŋɡɔʈɔn kˈo sˈɔj d͡zˈulai kˈo bʱˈed͡za ɡˈɔja , d͡zˈisne kˈi ˈisko ˈɔpni sˈena kˈe lˈie njujˈæɾk mˈẽ nˈɔj d͡zˈulai kˈo pˈɔɽa ˈuski ˈek kˈæpi d̪ˈɔs ɔɡˈɔst̪ kˈo lˈɔ̃n̪d̪ɔn pɔɦˈũsi
द सिंपसन के पहले साइमन ने कई शोज़ के कई पोज़िशन्स में काम किया था.	d̪ˈɔ sˈĩmpɔsɔn kˈe pˈɔɦle sˈaimɔn nˈe kˈɔi ʃˈod͡z kˈe kˈɔi pod͡ziʃˈɔns mˈẽ kˈam kˈija t̪ʰˈa .
द सिंपसन के पहले साइमन ने कई शोज़ के कई पोज़िशन्स में काम किया था.	d̪ˈɔ sˈĩmpɔsɔn kˈe pˈɔɦle sˈaimɔn nˈe kˈɔi ʃˈod͡z kˈe kˈɔi pod͡ziʃˈɔns mˈẽ kˈam kˈija t̪ʰˈa .
प्रकोप ने भारत सरकार को गंभीर रूप से प्रभावित क्षेत्रों में सुअर पकड़ने वालों की तैनाती, हज़ारों मच्छरदानी वितरित करने और कीटनाशकों के छिड़काव जैसे उपाय करने के लिए मजबूर कर दिया है.	pɾˈɔkop nˈe bʱˈaɾɔt̪ sˈɔɾkaɾ kˈo ɡˈɔ̃mbʱiɾ ɾˈup sˈe pɾˈɔbʱawit̪ kʃˈet̪ɾõ mˈẽ sˈuɔɾ pɔkˈɔɽne wˈalõ kˈi t̪ˈɔinat̪i , ɦˈɔd͡zaɾõ mɔsːˈɔɾd̪ani wˈit̪ɾit̪ kˈɔɾne ˈɔuɾ kiʈnˈaʃkõ kˈe sˈiɽkaw d͡zˈɔise ˈupaj kˈɔɾne kˈe lˈie mˈɔd͡zbuɾ kˈɔɾ d̪ˈija ɦˈɔi .
यह सिद्धांत बताता है कि आकाशगंगा के आसपास का सबसे गहरा काला पदार्थ प्रभामंडल के रूप में स्थित होता है और यह कई छोटे-छोटे कणों से बना होता है.	jˈɔɦ sid̪ːʱˈãn̪t̪ bˈɔt̪at̪a ɦˈɔi kˈi akaʃɡˈɔ̃ŋɡa kˈe ˈaspas kˈa sˈɔbse ɡˈɔɦɾa kˈala pɔd̪ˈaɾt̪ pɾɔbʱamˈɔ̃ɳɖɔl kˈe ɾˈup mˈẽ st̪ˈit̪ ɦˈot̪a ɦˈɔi ˈɔuɾ jˈɔɦ kˈɔi sˈoʈe sˈoʈe kˈɔnõ sˈe bˈɔna ɦˈot̪a ɦˈɔi .
सुबह लगभग 5 बजे (पूर्वी समय) जब कैप्सूल धरती को छूकर वायुमंडल में प्रवेश करता है, तब उत्तरी कैलिफ़ोर्निया, ऑरेगन, नेवाडा और उटाह के लोगों के लिए एक शानदार लाइट शो पेश करने की अपेक्षा होती है.	sˈubɔɦ lˈɔɡbʱɔɡ pˈãs bˈɔd͡ze pˈuɾwi sˈɔmɔj d͡zˈɔb kɔˈipsul d̪ʱˈɔɾt̪i kˈo sˈukɔɾ wajumˈɔ̃ɳɖɔl mˈẽ pɾˈɔweʃ kˈɔɾt̪a ɦˈɔi , t̪ˈɔb ˈut̪ːɔɾi kɔilipˈoɾnija , ˈæɾeɡɔn , nˈewaɖa ˈɔuɾ ˈuʈaɦ kˈe lˈoɡõ kˈe lˈie ˈek ʃˈand̪aɾ lˈaiʈ ʃˈo pˈeʃ kˈɔɾne kˈi ɔpˈekʃa ɦˈot̪i ɦˈɔi .
सुबह लगभग 5 बजे (पूर्वी समय) जब कैप्सूल धरती को छूकर वायुमंडल में प्रवेश करता है, तब उत्तरी कैलिफ़ोर्निया, ऑरेगन, नेवाडा और उटाह के लोगों के लिए एक शानदार लाइट शो पेश करने की अपेक्षा होती है.	sˈubɔɦ lˈɔɡbʱɔɡ pˈãs bˈɔd͡ze pˈuɾwi sˈɔmɔj d͡zˈɔb kɔˈipsul d̪ʱˈɔɾt̪i kˈo sˈukɔɾ wajumˈɔ̃ɳɖɔl mˈẽ pɾˈɔweʃ kˈɔɾt̪a ɦˈɔi , t̪ˈɔb ˈut̪ːɔɾi kɔilipˈoɾnija , ˈæɾeɡɔn , nˈewaɖa ˈɔuɾ ˈuʈaɦ kˈe lˈoɡõ kˈe lˈie ˈek ʃˈand̪aɾ lˈaiʈ ʃˈo pˈeʃ kˈɔɾne kˈi ɔpˈekʃa ɦˈot̪i ɦˈɔi .
केमिली सेंट-सेंस द्वारा, फ्रेंच ऑपेरा में प्रस्तुत कहानी, एक कलाकार की है “जिसका जीवन ड्रग्स के लिए प्यार और जापान से दर्शाया जाता है	kˈemili sˈẽɳʈ sˈẽs d̪wˈaɾa , pʰɾˈẽs ˈæpeɾa mˈẽ pɾˈɔst̪ut̪ kˈɔɦani , ˈek kˈɔlakaɾ kˈi ɦˈɔi d͡zˈiska d͡zˈiwɔn ɖɾˈɔɡs kˈe lˈie pjˈaɾ ˈɔuɾ d͡zˈapan sˈe d̪ˈɔɾʃaja d͡zˈat̪a ɦˈɔi
केमिली सेंट-सेंस द्वारा, फ्रेंच ऑपेरा में प्रस्तुत कहानी, एक कलाकार की है “जिसका जीवन ड्रग्स के लिए प्यार और जापान से दर्शाया जाता है	kˈemili sˈẽɳʈ sˈẽs d̪wˈaɾa , pʰɾˈẽs ˈæpeɾa mˈẽ pɾˈɔst̪ut̪ kˈɔɦani , ˈek kˈɔlakaɾ kˈi ɦˈɔi d͡zˈiska d͡zˈiwɔn ɖɾˈɔɡs kˈe lˈie pjˈaɾ ˈɔuɾ d͡zˈapan sˈe d̪ˈɔɾʃaja d͡zˈat̪a ɦˈɔi
सुदूर दक्षिण में नियाग्रा जलप्रपात है. साथ ही, उत्तर में मुस्कोका और दूसरी जगहों पर प्राकृतिक सुन्दरता बिखरी पड़ी है.	sˈud̪uɾ d̪ˈɔkʃin mˈẽ nijˈaɡɾa d͡zɔlˈɔpɾɔpat̪ ɦˈɔi . sˈat̪ ɦˈi , ˈut̪ːɔɾ mˈẽ mˈuskoka ˈɔuɾ d̪ˈusɾi d͡zˈɔɡɦõ pˈɔɾ pɾˈakɾit̪ik sund̪ˈɔɾt̪a bˈikɾi pˈɔɽi ɦˈɔi .
सुदूर दक्षिण में नियाग्रा जलप्रपात है. साथ ही, उत्तर में मुस्कोका और दूसरी जगहों पर प्राकृतिक सुन्दरता बिखरी पड़ी है.	sˈud̪uɾ d̪ˈɔkʃin mˈẽ nijˈaɡɾa d͡zɔlˈɔpɾɔpat̪ ɦˈɔi . sˈat̪ ɦˈi , ˈut̪ːɔɾ mˈẽ mˈuskoka ˈɔuɾ d̪ˈusɾi d͡zˈɔɡɦõ pˈɔɾ pɾˈakɾit̪ik sund̪ˈɔɾt̪a bˈikɾi pˈɔɽi ɦˈɔi .
इसे काफ़ी पतला बनाया जा सकता है और दूसरी धातु पर लगाया जा सकता है. इसे इतना पतला बनाया जा सकता है कि इसे कभी-कभी “प्रकाशित पांडुलिपियां” नामक किताबों में हाथ से बनाए गए चित्रों को सजाने के लिए इस्तेमाल किया जाता था.	ˈise kˈapi pˈɔt̪la bˈɔnaja d͡zˈa sˈɔkt̪a ɦˈɔi ˈɔuɾ d̪ˈusɾi d̪ʱˈat̪u pˈɔɾ lˈɔɡaja d͡zˈa sˈɔkt̪a ɦˈɔi . ˈise ˈit̪na pˈɔt̪la bˈɔnaja d͡zˈa sˈɔkt̪a ɦˈɔi kˈi ˈise kˈɔbʱi kˈɔbʱi pɾˈɔkaʃit̪ pˈãɳɖulipijã nˈamɔk kˈit̪abõ mˈẽ ɦˈat̪ sˈe bˈɔnae ɡˈɔe sˈit̪ɾõ kˈo sˈɔd͡zane kˈe lˈie ˈist̪emal kˈija d͡zˈat̪a t̪ʰˈa .
अपनी यात्रा के दौरान, इवासाकी कई मौकों पर परेशानियों में फंस गया था.	ˈɔpni jˈat̪ɾa kˈe d̪ˈɔuɾan , ˈiwasaki kˈɔi mˈɔukõ pˈɔɾ pˈɔɾeʃanijõ mˈẽ pʰˈɔ̃s ɡˈɔja t̪ʰˈa .
अपनी यात्रा के दौरान, इवासाकी कई मौकों पर परेशानियों में फंस गया था.	ˈɔpni jˈat̪ɾa kˈe d̪ˈɔuɾan , ˈiwasaki kˈɔi mˈɔukõ pˈɔɾ pˈɔɾeʃanijõ mˈẽ pʰˈɔ̃s ɡˈɔja t̪ʰˈa .
यह न केवल इसकी पुष्टि करता है कि कम से कम कुछ डायनासोर के पंख थे, एक सिद्धांत पहले से ही प्रचलित है, लेकिन यह ऐसी जानकारी प्रदान करता जो जीवाश्म आमतौर पर नहीं कर सकते, जैसे रंग और तीन आयामी अरेंजमेंट.	jˈɔɦ nˈɔ kˈewɔl ˈiski pˈuʃʈi kˈɔɾt̪a ɦˈɔi kˈi kˈɔm sˈe kˈɔm kˈus ɖˈajnasoɾ kˈe pˈɔ̃ŋk t̪ʰˈe , ˈek sid̪ːʱˈãn̪t̪ pˈɔɦle sˈe ɦˈi pɾˈɔslit̪ ɦˈɔi , lˈekin jˈɔɦ ˈɔisi d͡zˈankaɾi pɾˈɔd̪an kˈɔɾt̪a d͡zˈo d͡ziwˈaʃm ˈamt̪ɔuɾ pˈɔɾ nˈɔɦĩ kˈɔɾ sˈɔkt̪e , d͡zˈɔise ɾˈɔ̃ŋɡ ˈɔuɾ t̪ˈin ˈajami ɔɾẽd͡zmˈẽɳʈ .
यह न केवल इसकी पुष्टि करता है कि कम से कम कुछ डायनासोर के पंख थे, एक सिद्धांत पहले से ही प्रचलित है, लेकिन यह ऐसी जानकारी प्रदान करता जो जीवाश्म आमतौर पर नहीं कर सकते, जैसे रंग और तीन आयामी अरेंजमेंट.	jˈɔɦ nˈɔ kˈewɔl ˈiski pˈuʃʈi kˈɔɾt̪a ɦˈɔi kˈi kˈɔm sˈe kˈɔm kˈus ɖˈajnasoɾ kˈe pˈɔ̃ŋk t̪ʰˈe , ˈek sid̪ːʱˈãn̪t̪ pˈɔɦle sˈe ɦˈi pɾˈɔslit̪ ɦˈɔi , lˈekin jˈɔɦ ˈɔisi d͡zˈankaɾi pɾˈɔd̪an kˈɔɾt̪a d͡zˈo d͡ziwˈaʃm ˈamt̪ɔuɾ pˈɔɾ nˈɔɦĩ kˈɔɾ sˈɔkt̪e , d͡zˈɔise ɾˈɔ̃ŋɡ ˈɔuɾ t̪ˈin ˈajami ɔɾẽd͡zmˈẽɳʈ .
एक मौके पर तो भीड़ में मौजूद किसी व्यक्ति ने घबराई हुई महारानी के सामने ही वर्सेल्स में मारे गए शाही अंगरक्षक का सिर पकड़कर हिला दिया.	ˈek mˈɔuke pˈɔɾ t̪ˈo bʱˈiɽ mˈẽ mˈɔud͡zud̪ kˈisi wjˈɔkt̪i nˈe ɡʱˈɔbɾai ɦˈui mˈɔɦaɾani kˈe sˈamne ɦˈi wɔɾsˈels mˈẽ mˈaɾe ɡˈɔe ʃˈaɦi ˈɔ̃ŋɡɔɾɔkʃɔk kˈa sˈiɾ pɔkˈɔɽkɔɾ ɦˈila d̪ˈija .
चेतावनी हटा लिए जाने के बावजूद हवाई समुद्र तट या उसके निकट स्थित चौदह विद्यालय बुधवार को बंद कर दिए गए	set̪ˈawni ɦˈɔʈa lˈie d͡zˈane kˈe bˈawd͡zud̪ ɦˈɔwai sɔmˈud̪ɾ t̪ˈɔʈ jˈa ˈuske nˈikɔʈ st̪ˈit̪ sˈɔud̪ɔɦ wˈid̪jalɔj bˈud̪ʱwaɾ kˈo bˈɔ̃n̪d̪ kˈɔɾ d̪ˈie ɡˈɔe
बाघों, तेंदुओं, और जगुआर की ही तरह, शेर भी उसी समूह (जीनस पैंथेरा) का है। केवल ये चार ही बिल्लियाँ हैं जो गर्जन कर सकती हैं।	bˈaɡʱõ , t̪ˈẽn̪d̪uõ , ˈɔuɾ d͡zˈɔɡuaɾ kˈi ɦˈi t̪ˈɔɾɔɦ , ʃˈeɾ bʱˈi ˈusi sˈɔmuɦ d͡zˈinɔs pɔˈĩn̪t̪eɾa kˈa ɦˈɔi . kˈewɔl jˈe sˈaɾ ɦˈi bˈilːijã ɦˈɔĩ d͡zˈo ɡˈɔɾd͡zɔn kˈɔɾ sˈɔkt̪i ɦˈɔĩ .
इसे अगले 40 सालों तक चलना था और यह असली में, छद्म सेनाओं द्वारा, अफ़्रीका से लेकर एशिया तक की युद्धभूमियों पर, अफ़गानिस्तान, क्यूबा और दूसरी कई जगहों पर होना था.	ˈise ˈɔɡle sˈailis sˈalõ t̪ˈɔk sˈɔlna t̪ʰˈa ˈɔuɾ jˈɔɦ ˈɔsli mˈẽ , sˈɔd̪m sˈenaõ d̪wˈaɾa , ˈɔpɾika sˈe lˈekɔɾ ˈeʃija t̪ˈɔk kˈi jˈud̪ːʱɔbʱumijõ pˈɔɾ , ɔpɡanˈist̪an , kjˈuba ˈɔuɾ d̪ˈusɾi kˈɔi d͡zˈɔɡɦõ pˈɔɾ ɦˈona t̪ʰˈa .
इसे अगले 40 सालों तक चलना था और यह असली में, छद्म सेनाओं द्वारा, अफ़्रीका से लेकर एशिया तक की युद्धभूमियों पर, अफ़गानिस्तान, क्यूबा और दूसरी कई जगहों पर होना था.	ˈise ˈɔɡle sˈailis sˈalõ t̪ˈɔk sˈɔlna t̪ʰˈa ˈɔuɾ jˈɔɦ ˈɔsli mˈẽ , sˈɔd̪m sˈenaõ d̪wˈaɾa , ˈɔpɾika sˈe lˈekɔɾ ˈeʃija t̪ˈɔk kˈi jˈud̪ːʱɔbʱumijõ pˈɔɾ , ɔpɡanˈist̪an , kjˈuba ˈɔuɾ d̪ˈusɾi kˈɔi d͡zˈɔɡɦõ pˈɔɾ ɦˈona t̪ʰˈa .
यदि प्रेस उपलब्ध नहीं है, या यदि आप प्रेस किए गए मोजे पहनने की इच्छा नहीं रखते हैं, तो आप यदि उपलब्ध हो तो हेयरड्रायर के इस्तेमाल पर विचार कर सकते हैं.	jˈɔd̪i pɾˈes uplˈɔbd̪ʱ nˈɔɦĩ ɦˈɔi , jˈa jˈɔd̪i ˈap pɾˈes kˈie ɡˈɔe mˈod͡ze pɔɦˈɔnne kˈi ˈisːa nˈɔɦĩ ɾˈɔkt̪e ɦˈɔĩ , t̪ˈo ˈap jˈɔd̪i uplˈɔbd̪ʱ ɦˈo t̪ˈo ɦejɾˈɔɖɾajɔɾ kˈe ˈist̪emal pˈɔɾ wˈisaɾ kˈɔɾ sˈɔkt̪e ɦˈɔĩ .
यदि प्रेस उपलब्ध नहीं है, या यदि आप प्रेस किए गए मोजे पहनने की इच्छा नहीं रखते हैं, तो आप यदि उपलब्ध हो तो हेयरड्रायर के इस्तेमाल पर विचार कर सकते हैं.	jˈɔd̪i pɾˈes uplˈɔbd̪ʱ nˈɔɦĩ ɦˈɔi , jˈa jˈɔd̪i ˈap pɾˈes kˈie ɡˈɔe mˈod͡ze pɔɦˈɔnne kˈi ˈisːa nˈɔɦĩ ɾˈɔkt̪e ɦˈɔĩ , t̪ˈo ˈap jˈɔd̪i uplˈɔbd̪ʱ ɦˈo t̪ˈo ɦejɾˈɔɖɾajɔɾ kˈe ˈist̪emal pˈɔɾ wˈisaɾ kˈɔɾ sˈɔkt̪e ɦˈɔĩ .
कैप्सूल बहुत हद तक आसमान में एक उल्का की तरह दिखाई देगा.	kɔˈipsul bˈɔɦut̪ ɦˈɔd̪ t̪ˈɔk ˈasman mˈẽ ˈek ˈulka kˈi t̪ˈɔɾɔɦ d̪ˈikai d̪ˈeɡa .
2011 के बाद से, कभी-कभी चुनाव कराने में रहने की वजह से हिंसक विरोध शुरू हो गया था.	d̪ˈui ɦˈad͡zaɾ ˈeɡaɾo kˈe bˈad̪ sˈe , kˈɔbʱi kˈɔbʱi sˈunaw kˈɔɾane mˈẽ ɾˈɔɦne kˈi wˈɔd͡zɔɦ sˈe ɦˈĩsɔk wˈiɾod̪ʱ ʃˈuɾu ɦˈo ɡˈɔja t̪ʰˈa .
2011 के बाद से, कभी-कभी चुनाव कराने में रहने की वजह से हिंसक विरोध शुरू हो गया था.	d̪ˈui ɦˈad͡zaɾ ˈeɡaɾo kˈe bˈad̪ sˈe , kˈɔbʱi kˈɔbʱi sˈunaw kˈɔɾane mˈẽ ɾˈɔɦne kˈi wˈɔd͡zɔɦ sˈe ɦˈĩsɔk wˈiɾod̪ʱ ʃˈuɾu ɦˈo ɡˈɔja t̪ʰˈa .
मठों में जाते समय महिलाओं को अपने घुटनों को ढकने के लिए स्कर्ट्स पहनने की ज़रूरत होती है और उन्हें अपने कंधों को भी ढकना होता है.	mˈɔʈõ mˈẽ d͡zˈat̪e sˈɔmɔj mˈɔɦilaõ kˈo ˈɔpne ɡʱˈuʈnõ kˈo ɖʱˈɔkne kˈe lˈie skˈɔɾʈs pɔɦˈɔnne kˈi d͡zˈɔɾuɾɔt̪ ɦˈot̪i ɦˈɔi ˈɔuɾ ˈunɦẽ ˈɔpne kˈɔ̃n̪d̪ʱõ kˈo bʱˈi ɖʱˈɔkna ɦˈot̪a ɦˈɔi .
मठों में जाते समय महिलाओं को अपने घुटनों को ढकने के लिए स्कर्ट्स पहनने की ज़रूरत होती है और उन्हें अपने कंधों को भी ढकना होता है.	mˈɔʈõ mˈẽ d͡zˈat̪e sˈɔmɔj mˈɔɦilaõ kˈo ˈɔpne ɡʱˈuʈnõ kˈo ɖʱˈɔkne kˈe lˈie skˈɔɾʈs pɔɦˈɔnne kˈi d͡zˈɔɾuɾɔt̪ ɦˈot̪i ɦˈɔi ˈɔuɾ ˈunɦẽ ˈɔpne kˈɔ̃n̪d̪ʱõ kˈo bʱˈi ɖʱˈɔkna ɦˈot̪a ɦˈɔi .
इसकी सूक्ष्म जलवायु श्रेणी श्रृंखलाओं, भिन्न मिट्टियों और ऊंचाई के विभिन्न स्तरों के कारण इसमें व्यापक वनस्पति विविधता है	ˈiski sˈukʃm d͡zˈɔlwaju ʃɾˈeni ʃɾɾˈĩŋkɔlaõ , bʱˈinː mˈiʈːijõ ˈɔuɾ ˈũsai kˈe wˈibʱinː st̪ˈɔɾõ kˈe kˈaɾɔn ˈismẽ wjˈapɔk wɔnˈɔspɔt̪i wiwˈid̪ʱt̪a ɦˈɔi
प्रत्येक बिल्ली के पास एक ख़ास काम रहता है जो उसे दूसरों के साथ प्रतिस्पर्धा करने से रोकता है.	pɾˈɔt̪jek bˈilːi kˈe pˈas ˈek kʰˈɔs kˈam ɾˈɔɦt̪a ɦˈɔi d͡zˈo ˈuse d̪ˈusɾõ kˈe sˈat̪ pɾɔt̪ispˈɔɾd̪ʱa kˈɔɾne sˈe ɾˈokt̪a ɦˈɔi .
ज़्यादातर मौतें पानी की धारा के विरुद्ध तैरने से होने वाली थकान की वजह से होती हैं, हो सकता है कि यह नामुमकिन भी हो.	d͡zjˈad̪at̪ɔɾ mˈɔut̪ẽ pˈani kˈi d̪ʱˈaɾa kˈe wˈiɾud̪ːʱ t̪ɔˈiɾne sˈe ɦˈone wˈali t̪ʰˈɔkan kˈi wˈɔd͡zɔɦ sˈe ɦˈot̪i ɦˈɔĩ , ɦˈo sˈɔkt̪a ɦˈɔi kˈi jˈɔɦ namˈumkin bʱˈi ɦˈo .
ज़्यादातर विशिष्ट बाल्किट क्रूज़ ने रूस के सेंट पीटर्सबर्ग में विस्तारित ठहराव पेश किया है.	d͡zjˈad̪at̪ɔɾ wiʃˈiʃʈ bˈalkiʈ kɾˈud͡z nˈe ɾˈus kˈe sˈẽɳʈ piʈɔɾsɔbˈɔɾɡ mˈẽ wˈist̪aɾit̪ ʈʰˈɔɦɾaw pˈeʃ kˈija ɦˈɔi .
ट्रैवल एजेंट के पास अक्सर कुछ खास होटलों की डील होती हैं, हालांकि आप ट्रैवल एजेंट के ज़रिए ठहरने के अन्य विकल्प जैसे कि कैम्पिंग ग्राउंड भी बुक कर सकते हैं	ʈɾˈɔiwɔl ed͡zˈẽɳʈ kˈe pˈas ˈɔksɔɾ kˈus kʰˈas ɦˈoʈlõ kˈi ɖˈil ɦˈot̪i ɦˈɔĩ , ɦalˈãŋki ˈap ʈɾˈɔiwɔl ed͡zˈẽɳʈ kˈe d͡zˈɔɾie ʈʰɔɦˈɔɾne kˈe ˈɔnj wikˈɔlp d͡zˈɔise kˈi kɔimpˈĩŋɡ ɡɾaˈũɳɖ bʱˈi bˈuk kˈɔɾ sˈɔkt̪e ɦˈɔĩ
बिल के अनुसार कैलिफोर्निया राज्य में बेचे जाने वाले हिंसक वीडियो गेम को “18” की डीकैल रीडिंग से लेबल किया जाए और यह उनकी बिक्री नाबालिग को किए जाने को 1000 डॉलर प्रति अपराध के हिसाब से दंड योग्य बनाता है	bˈil kˈe ˈɔnusaɾ kɔilipˈoɾnija ɾˈad͡zj mˈẽ bˈese d͡zˈane wˈale ɦˈĩsɔk wˈiɖijo ɡˈem kˈo ˈaʈaɾo kˈi ɖˈikɔil ɾiɖˈĩŋɡ sˈe lˈebɔl kˈija d͡zˈae ˈɔuɾ jˈɔɦ ˈunki bˈikɾi nˈabaliɡ kˈo kˈie d͡zˈane kˈo ˈek ɦˈad͡zaɾ ɖˈælɔɾ pɾˈɔt̪i ˈɔpɾad̪ʱ kˈe ɦˈisab sˈe d̪ˈɔ̃ɳɖ jˈoɡj bˈɔnat̪a ɦˈɔi
लॉन्च के लगभग 3 मिनट बाद, एक ऑन-बोर्ड कैमरा ने ईंधन टैंक से इन्सुलेशन फ़ोम के कई टुकड़े दिखाए.	lˈæns kˈe lˈɔɡbʱɔɡ t̪ˈin mˈinɔʈ bˈad̪ , ˈek ˈæn bˈoɾɖ kɔˈimɾa nˈe ˈĩn̪d̪ʱɔn ʈɔˈĩŋk sˈe ˈinsuleʃɔn pʰˈom kˈe kˈɔi ʈˈukɽe d̪ˈikae .
लॉन्च के लगभग 3 मिनट बाद, एक ऑन-बोर्ड कैमरा ने ईंधन टैंक से इन्सुलेशन फ़ोम के कई टुकड़े दिखाए.	lˈæns kˈe lˈɔɡbʱɔɡ t̪ˈin mˈinɔʈ bˈad̪ , ˈek ˈæn bˈoɾɖ kɔˈimɾa nˈe ˈĩn̪d̪ʱɔn ʈɔˈĩŋk sˈe ˈinsuleʃɔn pʰˈom kˈe kˈɔi ʈˈukɽe d̪ˈikae .
11:29 बजे के आस-पास, विरोध करने वाले लोग व्हाइटहॉल की ओर बढ़ गए. इसके बाद, वे किनारे-किनारे चलते हुए ट्राफ़ल्गर स्क्वायर, एल्डविच, किंग्सवे से गुजरते हुए होलबर्न की ओर बढ़ गए, जहां कंजरवेटिव पार्टी, ग्रैंड कनॉट रूम होटल में अपने स्प्रिंग फ़ोरम का आयोजन कर रही थी.	ˈeɡaɾo bˈɔd͡zkɔɾ nˈɔj bˈis mˈinɔʈ kˈe ˈas pˈas , wˈiɾod̪ʱ kˈɔɾne wˈale lˈoɡ wɦaˈiʈɦæl kˈi ˈoɾ bˈɔɽ ɡˈɔe . ˈiske bˈad̪ , wˈe kˈinaɾe kˈinaɾe sˈɔlt̪e ɦˈue ʈɾapˈɔlɡɔɾ skwˈajɔɾ , ˈelɖɔwis , kˈĩŋɡsɔwe sˈe ɡud͡zˈɔɾt̪e ɦˈue ɦolbˈɔɾn kˈi ˈoɾ bˈɔɽ ɡˈɔe , d͡zˈɔɦã kɔ̃d͡zˈɔɾweʈiw pˈaɾʈi , ɡɾɔˈĩɳɖ kˈɔnæʈ ɾˈum ɦˈoʈɔl mˈẽ ˈɔpne spɾˈĩŋɡ pʰˈoɾɔm kˈa ˈajod͡zɔn kˈɔɾ ɾˈɔɦi t̪ʰˈi .
11:29 बजे के आस-पास, विरोध करने वाले लोग व्हाइटहॉल की ओर बढ़ गए. इसके बाद, वे किनारे-किनारे चलते हुए ट्राफ़ल्गर स्क्वायर, एल्डविच, किंग्सवे से गुजरते हुए होलबर्न की ओर बढ़ गए, जहां कंजरवेटिव पार्टी, ग्रैंड कनॉट रूम होटल में अपने स्प्रिंग फ़ोरम का आयोजन कर रही थी.	ˈeɡaɾo bˈɔd͡zkɔɾ nˈɔj bˈis mˈinɔʈ kˈe ˈas pˈas , wˈiɾod̪ʱ kˈɔɾne wˈale lˈoɡ wɦaˈiʈɦæl kˈi ˈoɾ bˈɔɽ ɡˈɔe . ˈiske bˈad̪ , wˈe kˈinaɾe kˈinaɾe sˈɔlt̪e ɦˈue ʈɾapˈɔlɡɔɾ skwˈajɔɾ , ˈelɖɔwis , kˈĩŋɡsɔwe sˈe ɡud͡zˈɔɾt̪e ɦˈue ɦolbˈɔɾn kˈi ˈoɾ bˈɔɽ ɡˈɔe , d͡zˈɔɦã kɔ̃d͡zˈɔɾweʈiw pˈaɾʈi , ɡɾɔˈĩɳɖ kˈɔnæʈ ɾˈum ɦˈoʈɔl mˈẽ ˈɔpne spɾˈĩŋɡ pʰˈoɾɔm kˈa ˈajod͡zɔn kˈɔɾ ɾˈɔɦi t̪ʰˈi .
कैप्सूल एक मिनट में सैन फ़्रांसिस्को से लॉस एंजिलस तेज़ी से जाने के लिए लगभग 12.8 किमी या 8 मील प्रति सेकंड की यात्रा करेगा	kɔˈipsul ˈek mˈinɔʈ mˈẽ sˈɔin pʰɾãsˈisko sˈe lˈæs ˈẽd͡zilɔs t̪ˈed͡zi sˈe d͡zˈane kˈe lˈie lˈɔɡbʱɔɡ bˈaɾo d̪ˈɔʃmik ˈaʈ kˈilomiʈɔɾ jˈa ˈaʈ mˈil pɾˈɔt̪i sekˈɔ̃ɳɖ kˈi jˈat̪ɾa kˈɔɾeɡa
कैप्सूल एक मिनट में सैन फ़्रांसिस्को से लॉस एंजिलस तेज़ी से जाने के लिए लगभग 12.8 किमी या 8 मील प्रति सेकंड की यात्रा करेगा	kɔˈipsul ˈek mˈinɔʈ mˈẽ sˈɔin pʰɾãsˈisko sˈe lˈæs ˈẽd͡zilɔs t̪ˈed͡zi sˈe d͡zˈane kˈe lˈie lˈɔɡbʱɔɡ bˈaɾo d̪ˈɔʃmik ˈaʈ kˈilomiʈɔɾ jˈa ˈaʈ mˈil pɾˈɔt̪i sekˈɔ̃ɳɖ kˈi jˈat̪ɾa kˈɔɾeɡa
उका का हथियार तब विफल हो गया जब पांचवें व्यक्ति के सिर पर निशाना लगया. श्नाइडर को दर्द बना हुआ है, एक आंख में अंधापन, खोपड़ी का एक गायब भाग और टाइटेनियम से एक चेहरा फिर से बनाया गया है.	ˈuka kˈa ɦˈɔt̪ijaɾ t̪ˈɔb wˈipɔl ɦˈo ɡˈɔja d͡zˈɔb pˈãswẽ wjˈɔkt̪i kˈe sˈiɾ pˈɔɾ nˈiʃana lˈɔɡja . ʃnˈaiɖɔɾ kˈo d̪ˈɔɾd̪ bˈɔna ɦˈua ɦˈɔi , ˈek ˈãŋk mˈẽ ˈɔ̃n̪d̪ʱapɔn , kʰˈopɽi kˈa ˈek ɡˈajɔb bʱˈaɡ ˈɔuɾ ʈˈaiʈenijɔm sˈe ˈek sˈeɦɾa pʰˈiɾ sˈe bˈɔnaja ɡˈɔja ɦˈɔi .
उका का हथियार तब विफल हो गया जब पांचवें व्यक्ति के सिर पर निशाना लगया. श्नाइडर को दर्द बना हुआ है, एक आंख में अंधापन, खोपड़ी का एक गायब भाग और टाइटेनियम से एक चेहरा फिर से बनाया गया है.	ˈuka kˈa ɦˈɔt̪ijaɾ t̪ˈɔb wˈipɔl ɦˈo ɡˈɔja d͡zˈɔb pˈãswẽ wjˈɔkt̪i kˈe sˈiɾ pˈɔɾ nˈiʃana lˈɔɡja . ʃnˈaiɖɔɾ kˈo d̪ˈɔɾd̪ bˈɔna ɦˈua ɦˈɔi , ˈek ˈãŋk mˈẽ ˈɔ̃n̪d̪ʱapɔn , kʰˈopɽi kˈa ˈek ɡˈajɔb bʱˈaɡ ˈɔuɾ ʈˈaiʈenijɔm sˈe ˈek sˈeɦɾa pʰˈiɾ sˈe bˈɔnaja ɡˈɔja ɦˈɔi .
घरेलू बकरियों को आम तौर पर झुंडों में रखा जाता था जो पहाड़ियों या अन्य चरने वाले क्षेत्रों में घूमती थीं, अक्सर वे बकरियों के झुंड की तरफ जाती थीं जहां अक्सर बच्चे या किशोर होते थे, अधिक व्यापक रूप से ज्ञात चरवाहे के समान झुंडों के ये तरीके आज भी इस्तेमाल किए जाते हैं	ɡʱˈɔɾelu bˈɔkɾijõ kˈo ˈam t̪ˈɔuɾ pˈɔɾ d͡zʱˈũɳɖõ mˈẽ ɾˈɔka d͡zˈat̪a t̪ʰˈa d͡zˈo pˈɔɦaɽijõ jˈa ˈɔnj sˈɔɾne wˈale kʃˈet̪ɾõ mˈẽ ɡʱˈumt̪i t̪ʰˈĩ , ˈɔksɔɾ wˈe bˈɔkɾijõ kˈe d͡zʱˈũɳɖ kˈi t̪ˈɔɾɔp d͡zˈat̪i t̪ʰˈĩ d͡zˈɔɦã ˈɔksɔɾ bˈɔsːe jˈa kˈiʃoɾ ɦˈot̪e t̪ʰˈe , ˈɔd̪ʱik wjˈapɔk ɾˈup sˈe d͡zɲˈat̪ sˈɔɾwaɦe kˈe sˈɔman d͡zʱˈũɳɖõ kˈe jˈe t̪ˈɔɾike ˈad͡z bʱˈi ˈist̪emal kˈie d͡zˈat̪e ɦˈɔĩ
महान पिरामिड फेरो खुफू के सम्मान में बनाया गया था, और कई छोटे पिरामिड, कब्र और मंदिरों का निर्माण खुफू की पत्नियों और परिवार के सदस्यों के सम्मान में किया गया था	mˈɔɦan pˈiɾamiɖ pʰˈeɾo kʰˈupu kˈe sˈɔmːan mˈẽ bˈɔnaja ɡˈɔja t̪ʰˈa , ˈɔuɾ kˈɔi sˈoʈe pˈiɾamiɖ , kˈɔbɾ ˈɔuɾ mˈɔ̃n̪d̪iɾõ kˈa nˈiɾman kʰˈupu kˈi pˈɔt̪nijõ ˈɔuɾ pˈɔɾiwaɾ kˈe sɔd̪ˈɔsjõ kˈe sˈɔmːan mˈẽ kˈija ɡˈɔja t̪ʰˈa
महान पिरामिड फेरो खुफू के सम्मान में बनाया गया था, और कई छोटे पिरामिड, कब्र और मंदिरों का निर्माण खुफू की पत्नियों और परिवार के सदस्यों के सम्मान में किया गया था	mˈɔɦan pˈiɾamiɖ pʰˈeɾo kʰˈupu kˈe sˈɔmːan mˈẽ bˈɔnaja ɡˈɔja t̪ʰˈa , ˈɔuɾ kˈɔi sˈoʈe pˈiɾamiɖ , kˈɔbɾ ˈɔuɾ mˈɔ̃n̪d̪iɾõ kˈa nˈiɾman kʰˈupu kˈi pˈɔt̪nijõ ˈɔuɾ pˈɔɾiwaɾ kˈe sɔd̪ˈɔsjõ kˈe sˈɔmːan mˈẽ kˈija ɡˈɔja t̪ʰˈa
इस बात से कोई फर्क नहीं पड़ता कि वे कितने विनम्र दिखते हैं, बायसन, एल्क, मूस, भालू, और करीब-करीब सारे ही जानवर हमला कर सकते हैं.	ˈis bˈat̪ sˈe kˈoi pʰˈɔɾk nˈɔɦĩ pˈɔɽt̪a kˈi wˈe kˈit̪ne winˈɔmɾ d̪ˈikt̪e ɦˈɔĩ , bˈajsɔn , ˈelk , mˈus , bʱˈalu , ˈɔuɾ kˈɔɾib kˈɔɾib sˈaɾe ɦˈi d͡zˈanwɔɾ ɦˈɔmla kˈɔɾ sˈɔkt̪e ɦˈɔĩ .
इस बात से कोई फर्क नहीं पड़ता कि वे कितने विनम्र दिखते हैं, बायसन, एल्क, मूस, भालू, और करीब-करीब सारे ही जानवर हमला कर सकते हैं.	ˈis bˈat̪ sˈe kˈoi pʰˈɔɾk nˈɔɦĩ pˈɔɽt̪a kˈi wˈe kˈit̪ne winˈɔmɾ d̪ˈikt̪e ɦˈɔĩ , bˈajsɔn , ˈelk , mˈus , bʱˈalu , ˈɔuɾ kˈɔɾib kˈɔɾib sˈaɾe ɦˈi d͡zˈanwɔɾ ɦˈɔmla kˈɔɾ sˈɔkt̪e ɦˈɔĩ .
संयुक्त सेना और अफगान सैनिक समूह साइट को सुरक्षित करने के लिए इलाके में चले गए और दूसरी संयुक्त सेना विमानों को सहायता के लिए भेजा गया.	sɔ̃jˈukt̪ sˈena ˈɔuɾ ˈɔpɡan sˈɔinik sˈɔmuɦ sˈaiʈ kˈo suɾˈɔkʃit̪ kˈɔɾne kˈe lˈie ˈilake mˈẽ sˈɔle ɡˈɔe ˈɔuɾ d̪ˈusɾi sɔ̃jˈukt̪ sˈena wˈimanõ kˈo sɔɦˈajt̪a kˈe lˈie bʱˈed͡za ɡˈɔja .
उच्च मध्य युग आरंभिक मध्य युग से पहले हुआ था और उसके बाद आधुनिक मध्य युग आया जिसका समापन 1500 के आसपास माना जाता है	ˈusː mˈɔd̪ʱj jˈuɡ aɾˈɔ̃mbʱik mˈɔd̪ʱj jˈuɡ sˈe pˈɔɦle ɦˈua t̪ʰˈa ˈɔuɾ ˈuske bˈad̪ ˈad̪ʱunik mˈɔd̪ʱj jˈuɡ ˈaja d͡zˈiska sˈɔmapɔn ˈek ɦˈad͡zaɾ pˈãs sˈɔj kˈe ˈaspas mˈana d͡zˈat̪a ɦˈɔi
उच्च मध्य युग आरंभिक मध्य युग से पहले हुआ था और उसके बाद आधुनिक मध्य युग आया जिसका समापन 1500 के आसपास माना जाता है	ˈusː mˈɔd̪ʱj jˈuɡ aɾˈɔ̃mbʱik mˈɔd̪ʱj jˈuɡ sˈe pˈɔɦle ɦˈua t̪ʰˈa ˈɔuɾ ˈuske bˈad̪ ˈad̪ʱunik mˈɔd̪ʱj jˈuɡ ˈaja d͡zˈiska sˈɔmapɔn ˈek ɦˈad͡zaɾ pˈãs sˈɔj kˈe ˈaspas mˈana d͡zˈat̪a ɦˈɔi
स्टारडस्ट धरती की ओर इतनी तेज़ी से वापस लौटेगा कि अब तक के सारे रिकॉर्ड टूट जाएंगे. फ़िलहाल यह रिकॉर्ड अपोलो X के कमांड मॉड्यूल के नाम है जो मई, 1969 में सबसे तेज़ गति से धरती में वापस लौटा था.	sʈaɾɖˈɔsʈ d̪ʱˈɔɾt̪i kˈi ˈoɾ ˈit̪ni t̪ˈed͡zi sˈe wˈapɔs lˈɔuʈeɡa kˈi ˈɔb t̪ˈɔk kˈe sˈaɾe ɾikˈæɾɖ ʈˈuʈ d͡zaˈẽŋɡe . pʰˈilɦal jˈɔɦ ɾikˈæɾɖ ˈɔpolo ˈɛks kˈe kɔmˈãɳɖ mˈæɖjul kˈe nˈam ɦˈɔi d͡zˈo mˈɔi , ˈek ɦˈad͡zaɾ nˈɔj sˈɔj nˈɔj ʃˈaiʈ mˈẽ sˈɔbse t̪ˈed͡z ɡˈɔt̪i sˈe d̪ʱˈɔɾt̪i mˈẽ wˈapɔs lˈɔuʈa t̪ʰˈa .
हुन और प्राइस को 16 फरवरी को वेस्टमिंस्टर मजिस्ट्रेट कोर्ट में पेश होना है.	ɦˈun ˈɔuɾ pɾˈais kˈo ʃˈol pʰɔɾˈɔwɾi kˈo wesʈɔmˈĩsʈɔɾ mɔd͡zˈisʈɾeʈ kˈoɾʈ mˈẽ pˈeʃ ɦˈona ɦˈɔi .
तब से एडेकोया अपने बेटे की हत्या के आरोप में एडिनबर्ग शेरिफ कोर्ट में है	t̪ˈɔb sˈe ˈeɖekoja ˈɔpne bˈeʈe kˈi ɦˈɔt̪ja kˈe ˈaɾop mˈẽ eɖinbˈɔɾɡ ʃˈeɾip kˈoɾʈ mˈẽ ɦˈɔi
तब से एडेकोया अपने बेटे की हत्या के आरोप में एडिनबर्ग शेरिफ कोर्ट में है	t̪ˈɔb sˈe ˈeɖekoja ˈɔpne bˈeʈe kˈi ɦˈɔt̪ja kˈe ˈaɾop mˈẽ eɖinbˈɔɾɡ ʃˈeɾip kˈoɾʈ mˈẽ ɦˈɔi
जब अधिकारी मतदाता की पहचान की पुष्टि कर लेते हैं, तब मतदाता लिफ़ाफ़े को बैलट बॉक्स में डालता है और वोटिंग रोल पर हस्ताक्षर कर देता है.	d͡zˈɔb ˈɔd̪ʱikaɾi mˈɔt̪d̪at̪a kˈi pˈɔɦsan kˈi pˈuʃʈi kˈɔɾ lˈet̪e ɦˈɔĩ , t̪ˈɔb mˈɔt̪d̪at̪a lˈipape kˈo bˈɔilɔʈ bˈæks mˈẽ ɖˈalt̪a ɦˈɔi ˈɔuɾ woʈˈĩŋɡ ɾˈol pˈɔɾ ɦɔst̪ˈakʃɔɾ kˈɔɾ d̪ˈet̪a ɦˈɔi .
जब अधिकारी मतदाता की पहचान की पुष्टि कर लेते हैं, तब मतदाता लिफ़ाफ़े को बैलट बॉक्स में डालता है और वोटिंग रोल पर हस्ताक्षर कर देता है.	d͡zˈɔb ˈɔd̪ʱikaɾi mˈɔt̪d̪at̪a kˈi pˈɔɦsan kˈi pˈuʃʈi kˈɔɾ lˈet̪e ɦˈɔĩ , t̪ˈɔb mˈɔt̪d̪at̪a lˈipape kˈo bˈɔilɔʈ bˈæks mˈẽ ɖˈalt̪a ɦˈɔi ˈɔuɾ woʈˈĩŋɡ ɾˈol pˈɔɾ ɦɔst̪ˈakʃɔɾ kˈɔɾ d̪ˈet̪a ɦˈɔi .
इस त्यौहार से जुड़ी कई बातें ईसाई देशों और पूरी दुनिया में ईसाई धर्म से अलग दूसरे धर्मों के लोगों ने अपना ली हैं.	ˈis t̪jˈɔuɦaɾ sˈe d͡zˈuɽi kˈɔi bˈat̪ẽ ˈisai d̪ˈeʃõ ˈɔuɾ pˈuɾi d̪ˈunija mˈẽ ˈisai d̪ʱˈɔɾm sˈe ˈɔlɔɡ d̪ˈusɾe d̪ʱˈɔɾmõ kˈe lˈoɡõ nˈe ˈɔpna lˈi ɦˈɔĩ .
इस त्यौहार से जुड़ी कई बातें ईसाई देशों और पूरी दुनिया में ईसाई धर्म से अलग दूसरे धर्मों के लोगों ने अपना ली हैं.	ˈis t̪jˈɔuɦaɾ sˈe d͡zˈuɽi kˈɔi bˈat̪ẽ ˈisai d̪ˈeʃõ ˈɔuɾ pˈuɾi d̪ˈunija mˈẽ ˈisai d̪ʱˈɔɾm sˈe ˈɔlɔɡ d̪ˈusɾe d̪ʱˈɔɾmõ kˈe lˈoɡõ nˈe ˈɔpna lˈi ɦˈɔĩ .
मेडिकल चैरिटी मैंगोला, मेडिसिन सेंस फ़्रंटियर और विश्व स्वास्थ्य संगठन का कहना है कि यह देश में दर्ज सबसे ख़राब प्रकोप है.	mˈeɖikɔl sˈɔiɾiʈi mɔˈĩŋɡola , mˈeɖisin sˈẽs pʰɾˈɔ̃ɳʈijɔɾ ˈɔuɾ wˈiʃw swˈast̪j sˈɔ̃ŋɡɔʈɔn kˈa kˈɔɦna ɦˈɔi kˈi jˈɔɦ d̪ˈeʃ mˈẽ d̪ˈɔɾd͡z sˈɔbse kʰˈɔɾab pɾˈɔkop ɦˈɔi .
मेडिकल चैरिटी मैंगोला, मेडिसिन सेंस फ़्रंटियर और विश्व स्वास्थ्य संगठन का कहना है कि यह देश में दर्ज सबसे ख़राब प्रकोप है.	mˈeɖikɔl sˈɔiɾiʈi mɔˈĩŋɡola , mˈeɖisin sˈẽs pʰɾˈɔ̃ɳʈijɔɾ ˈɔuɾ wˈiʃw swˈast̪j sˈɔ̃ŋɡɔʈɔn kˈa kˈɔɦna ɦˈɔi kˈi jˈɔɦ d̪ˈeʃ mˈẽ d̪ˈɔɾd͡z sˈɔbse kʰˈɔɾab pɾˈɔkop ɦˈɔi .
एक ब्रिटिश क्रूज़र को छोड़कर, सभी जहाज़ डूब गए. करीब 200 अमेरिकी और जर्मन लोगों की मौत हो गई.	ˈek bɾˈiʈiʃ kɾˈud͡zɔɾ kˈo sˈoɽkɔɾ , sˈɔbʱi d͡zˈɔɦad͡z ɖˈub ɡˈɔe . kˈɔɾib d̪ˈui sˈɔj ˈɔmeɾiki ˈɔuɾ d͡zˈɔɾmɔn lˈoɡõ kˈi mˈɔut̪ ɦˈo ɡˈɔi .
एक ब्रिटिश क्रूज़र को छोड़कर, सभी जहाज़ डूब गए. करीब 200 अमेरिकी और जर्मन लोगों की मौत हो गई.	ˈek bɾˈiʈiʃ kɾˈud͡zɔɾ kˈo sˈoɽkɔɾ , sˈɔbʱi d͡zˈɔɦad͡z ɖˈub ɡˈɔe . kˈɔɾib d̪ˈui sˈɔj ˈɔmeɾiki ˈɔuɾ d͡zˈɔɾmɔn lˈoɡõ kˈi mˈɔut̪ ɦˈo ɡˈɔi .
किसी ऐसे स्थान की ओर बढ़ें जहां आप फिर से जाकर न फंसें या फिर अपने कौशल और आप पर किसी का ध्यान गया है या नहीं इसके आधार पर, हो सकता है कि आप बचाव के लिए इंतज़ार करना चाहें.	kˈisi ˈɔise st̪ˈan kˈi ˈoɾ bˈɔɽẽ d͡zˈɔɦã ˈap pʰˈiɾ sˈe d͡zˈakɔɾ nˈɔ pʰˈɔ̃sẽ jˈa pʰˈiɾ ˈɔpne kˈɔuʃɔl ˈɔuɾ ˈap pˈɔɾ kˈisi kˈa d̪ʱjˈan ɡˈɔja ɦˈɔi jˈa nˈɔɦĩ ˈiske ˈad̪ʱaɾ pˈɔɾ , ɦˈo sˈɔkt̪a ɦˈɔi kˈi ˈap bˈɔsaw kˈe lˈie ˈĩn̪t̪ɔd͡zaɾ kˈɔɾna sˈaɦẽ .
वह अधिकारियों को अपनी काली ओल्ड्समोबाइल इंट्रीग की ओर ले गई जो 500 फीट की दूरी पर थी	wˈɔɦ ˈɔd̪ʱikaɾijõ kˈo ˈɔpni kˈali ˈolɖsɔmobail ˈĩɳʈɾiɡ kˈi ˈoɾ lˈe ɡˈɔi d͡zˈo pˈãs sˈɔj pʰˈiʈ kˈi d̪ˈuɾi pˈɔɾ t̪ʰˈi
इनविजिबल टीम वह प्रबंधन टीम है, जिस पर प्रत्येक सदस्य रिपोर्ट करते हैं. इनविजिबल टीम प्रत्येक सदस्य के लिए मानक निर्धारित करती है.	ˈinwid͡zibɔl ʈˈim wˈɔɦ pɾɔbˈɔ̃n̪d̪ʱɔn ʈˈim ɦˈɔi , d͡zˈis pˈɔɾ pɾˈɔt̪jek sɔd̪ˈɔsj ɾipˈoɾʈ kˈɔɾt̪e ɦˈɔĩ . ˈinwid͡zibɔl ʈˈim pɾˈɔt̪jek sɔd̪ˈɔsj kˈe lˈie mˈanɔk nˈiɾd̪ʱaɾit̪ kˈɔɾt̪i ɦˈɔi .
पहाड़ी ढलान वाले बर्फ के खेल, जिसमें स्कीइंग और स्नोबोर्डिंग शामिल हैं, लोकप्रिय खेल हैं जिनमें बर्फ से ढके इलाकों में स्की या आपके पैरों से जुड़े स्नोबोर्ड से फिसलना शामिल है	pˈɔɦaɽi ɖʱˈɔlan wˈale bˈɔɾp kˈe kʰˈel , d͡zˈismẽ skiˈĩŋɡ ˈɔuɾ snoboɾɖˈĩŋɡ ʃˈamil ɦˈɔĩ , lokˈɔpɾij kʰˈel ɦˈɔĩ d͡zˈinmẽ bˈɔɾp sˈe ɖʱˈɔke ˈilakõ mˈẽ skˈi jˈa ˈapke pˈɔiɾõ sˈe d͡zˈuɽe snobˈoɾɖ sˈe pʰisˈɔlna ʃˈamil ɦˈɔi
पहाड़ी ढलान वाले बर्फ के खेल, जिसमें स्कीइंग और स्नोबोर्डिंग शामिल हैं, लोकप्रिय खेल हैं जिनमें बर्फ से ढके इलाकों में स्की या आपके पैरों से जुड़े स्नोबोर्ड से फिसलना शामिल है	pˈɔɦaɽi ɖʱˈɔlan wˈale bˈɔɾp kˈe kʰˈel , d͡zˈismẽ skiˈĩŋɡ ˈɔuɾ snoboɾɖˈĩŋɡ ʃˈamil ɦˈɔĩ , lokˈɔpɾij kʰˈel ɦˈɔĩ d͡zˈinmẽ bˈɔɾp sˈe ɖʱˈɔke ˈilakõ mˈẽ skˈi jˈa ˈapke pˈɔiɾõ sˈe d͡zˈuɽe snobˈoɾɖ sˈe pʰisˈɔlna ʃˈamil ɦˈɔi
श्रमिकों को अक्सर किसी भी निर्णय के लिए अपने वरिष्ठ अधिकारियों की मंजूरी लेनी चाहिए, और उनसे बिना किसी सवाल के अपने वरिष्ठों के निर्देशों का पालन करने की अपेक्षा की जाती है.	ʃɾˈɔmikõ kˈo ˈɔksɔɾ kˈisi bʱˈi nˈiɾnɔj kˈe lˈie ˈɔpne wɔɾˈiʃʈ ˈɔd̪ʱikaɾijõ kˈi mˈɔ̃d͡zuɾi lˈeni sˈaɦie , ˈɔuɾ ˈunse bˈina kˈisi sˈɔwal kˈe ˈɔpne wɔɾˈiʃʈõ kˈe nˈiɾd̪eʃõ kˈa pˈalɔn kˈɔɾne kˈi ɔpˈekʃa kˈi d͡zˈat̪i ɦˈɔi .
श्रमिकों को अक्सर किसी भी निर्णय के लिए अपने वरिष्ठ अधिकारियों की मंजूरी लेनी चाहिए, और उनसे बिना किसी सवाल के अपने वरिष्ठों के निर्देशों का पालन करने की अपेक्षा की जाती है.	ʃɾˈɔmikõ kˈo ˈɔksɔɾ kˈisi bʱˈi nˈiɾnɔj kˈe lˈie ˈɔpne wɔɾˈiʃʈ ˈɔd̪ʱikaɾijõ kˈi mˈɔ̃d͡zuɾi lˈeni sˈaɦie , ˈɔuɾ ˈunse bˈina kˈisi sˈɔwal kˈe ˈɔpne wɔɾˈiʃʈõ kˈe nˈiɾd̪eʃõ kˈa pˈalɔn kˈɔɾne kˈi ɔpˈekʃa kˈi d͡zˈat̪i ɦˈɔi .
सुंदरबन 3,850 वर्ग किलोमीटर में फैला है, जिसमें से करीब एक तिहाई में पानी/दलदल वाला इलाका है.	sˈũn̪d̪ɔɾbɔn t̪ˈin ɦˈad͡zaɾ ˈaʈ sˈɔj pˈɔsas wˈɔɾɡ kˈilomiʈɔɾ mˈẽ pʰˈɔila ɦˈɔi , d͡zˈismẽ sˈe kˈɔɾib ˈek t̪ˈiɦai mˈẽ pˈani d̪ˈɔld̪ɔl wˈala ˈilaka ɦˈɔi .
सुंदरबन 3,850 वर्ग किलोमीटर में फैला है, जिसमें से करीब एक तिहाई में पानी/दलदल वाला इलाका है.	sˈũn̪d̪ɔɾbɔn t̪ˈin ɦˈad͡zaɾ ˈaʈ sˈɔj pˈɔsas wˈɔɾɡ kˈilomiʈɔɾ mˈẽ pʰˈɔila ɦˈɔi , d͡zˈismẽ sˈe kˈɔɾib ˈek t̪ˈiɦai mˈẽ pˈani d̪ˈɔld̪ɔl wˈala ˈilaka ɦˈɔi .
गुप्तघाती कीड़े और खटमल दोनों नीडवासी होते हैं, जो घोसले या होस्ट के घर में बिना किसी परेशानी के रह सकते हैं.	ɡˈupt̪ɔɡʱat̪i kˈiɽe ˈɔuɾ kʰˈɔʈmɔl d̪ˈonõ nˈiɖwasi ɦˈot̪e ɦˈɔĩ , d͡zˈo ɡʱˈosle jˈa ɦˈosʈ kˈe ɡʱˈɔɾ mˈẽ bˈina kˈisi pˈɔɾeʃani kˈe ɾˈɔɦ sˈɔkt̪e ɦˈɔĩ .
इसे प्रवेश द्वार पर रखे स्टॉक से भी लिया जा सकता है लेकिन उन कपड़ों को हर इस्तेमाल के बाद धोया नहीं जाता है इसलिए शायद आपको ये स्कर्ट पहनना सुविधाजनक न लगे. पुरुषों के लिए एक ही साइज़ उपलब्ध है.	ˈise pɾˈɔweʃ d̪wˈaɾ pˈɔɾ ɾˈɔke sʈˈæk sˈe bʱˈi lˈija d͡zˈa sˈɔkt̪a ɦˈɔi lˈekin ˈun kˈɔpɽõ kˈo ɦˈɔɾ ˈist̪emal kˈe bˈad̪ d̪ʱˈoja nˈɔɦĩ d͡zˈat̪a ɦˈɔi ˈislie ʃˈajɔd̪ ˈapko jˈe skˈɔɾʈ pɔɦˈɔnna suwid̪ʱˈad͡znɔk nˈɔ lˈɔɡe . pˈuɾuʃõ kˈe lˈie ˈek ɦˈi sˈaid͡z uplˈɔbd̪ʱ ɦˈɔi .
इसे प्रवेश द्वार पर रखे स्टॉक से भी लिया जा सकता है लेकिन उन कपड़ों को हर इस्तेमाल के बाद धोया नहीं जाता है इसलिए शायद आपको ये स्कर्ट पहनना सुविधाजनक न लगे. पुरुषों के लिए एक ही साइज़ उपलब्ध है.	ˈise pɾˈɔweʃ d̪wˈaɾ pˈɔɾ ɾˈɔke sʈˈæk sˈe bʱˈi lˈija d͡zˈa sˈɔkt̪a ɦˈɔi lˈekin ˈun kˈɔpɽõ kˈo ɦˈɔɾ ˈist̪emal kˈe bˈad̪ d̪ʱˈoja nˈɔɦĩ d͡zˈat̪a ɦˈɔi ˈislie ʃˈajɔd̪ ˈapko jˈe skˈɔɾʈ pɔɦˈɔnna suwid̪ʱˈad͡znɔk nˈɔ lˈɔɡe . pˈuɾuʃõ kˈe lˈie ˈek ɦˈi sˈaid͡z uplˈɔbd̪ʱ ɦˈɔi .
अधिकारियों के अनुमान के अनुसार साइट पर यूरेनियम ईंधन रखने वाले कंटेनर टूट गए होंगे और लीक हो रहे होंगे.	ˈɔd̪ʱikaɾijõ kˈe ˈɔnuman kˈe ˈɔnusaɾ sˈaiʈ pˈɔɾ jˈuɾenijɔm ˈĩn̪d̪ʱɔn ɾˈɔkne wˈale kˈɔ̃ɳʈenɔɾ ʈˈuʈ ɡˈɔe ɦˈõŋɡe ˈɔuɾ lˈik ɦˈo ɾˈɔɦe ɦˈõŋɡe .
अधिकारियों के अनुमान के अनुसार साइट पर यूरेनियम ईंधन रखने वाले कंटेनर टूट गए होंगे और लीक हो रहे होंगे.	ˈɔd̪ʱikaɾijõ kˈe ˈɔnuman kˈe ˈɔnusaɾ sˈaiʈ pˈɔɾ jˈuɾenijɔm ˈĩn̪d̪ʱɔn ɾˈɔkne wˈale kˈɔ̃ɳʈenɔɾ ʈˈuʈ ɡˈɔe ɦˈõŋɡe ˈɔuɾ lˈik ɦˈo ɾˈɔɦe ɦˈõŋɡe .
अमेरिकी राष्ट्रपति जॉर्ज डब्ल्यू बुश एशिया के एक हफ़्ते के दौरे की शुरुआत करते हुए 16 नवंबर की सुबह सिंगापुर पहुंचे.	ˈɔmeɾiki ɾˈaʃʈɾɔpt̪i d͡zˈæɾd͡z ɖˈɔblju bˈuʃ ˈeʃija kˈe ˈek ɦˈɔpt̪e kˈe d̪ˈɔuɾe kˈi ʃˈuɾuat̪ kˈɔɾt̪e ɦˈue ʃˈol nɔwˈɔ̃mbɔɾ kˈi sˈubɔɦ sˈĩŋɡapuɾ pɔɦˈũse .
क्योटो जलवायु समझौते पर हस्ताक्षर करने के श्री रुड के निर्णय ने संयुक्त राज्य अमेरिका को अलग कर दिया है, जो अब एकमात्र विकसित राष्ट्र होगा जिसने समझौते की पुष्टि नहीं की है	kjˈoʈo d͡zˈɔlwaju sˈɔmd͡zʱɔut̪e pˈɔɾ ɦɔst̪ˈakʃɔɾ kˈɔɾne kˈe ʃɾˈi ɾˈuɖ kˈe nˈiɾnɔj nˈe sɔ̃jˈukt̪ ɾˈad͡zj ˈɔmeɾika kˈo ˈɔlɔɡ kˈɔɾ d̪ˈija ɦˈɔi , d͡zˈo ˈɔb ekmˈat̪ɾ wˈiksit̪ ɾˈaʃʈɾ ɦˈoɡa d͡zˈisne sˈɔmd͡zʱɔut̪e kˈi pˈuʃʈi nˈɔɦĩ kˈi ɦˈɔi
क्योटो जलवायु समझौते पर हस्ताक्षर करने के श्री रुड के निर्णय ने संयुक्त राज्य अमेरिका को अलग कर दिया है, जो अब एकमात्र विकसित राष्ट्र होगा जिसने समझौते की पुष्टि नहीं की है	kjˈoʈo d͡zˈɔlwaju sˈɔmd͡zʱɔut̪e pˈɔɾ ɦɔst̪ˈakʃɔɾ kˈɔɾne kˈe ʃɾˈi ɾˈuɖ kˈe nˈiɾnɔj nˈe sɔ̃jˈukt̪ ɾˈad͡zj ˈɔmeɾika kˈo ˈɔlɔɡ kˈɔɾ d̪ˈija ɦˈɔi , d͡zˈo ˈɔb ekmˈat̪ɾ wˈiksit̪ ɾˈaʃʈɾ ɦˈoɡa d͡zˈisne sˈɔmd͡zʱɔut̪e kˈi pˈuʃʈi nˈɔɦĩ kˈi ɦˈɔi
किसी व्यक्ति में जितनी आंतरिक शांति होती है वह उसके शरीर और आत्मा में मौजूद तनाव की मात्रा के विपरीत सहसंबंधित होती है.	kˈisi wjˈɔkt̪i mˈẽ d͡zˈit̪ni ˈãn̪t̪ɔɾik ʃˈãn̪t̪i ɦˈot̪i ɦˈɔi wˈɔɦ ˈuske ʃˈɔɾiɾ ˈɔuɾ ˈat̪ma mˈẽ mˈɔud͡zud̪ t̪ˈɔnaw kˈi mˈat̪ɾa kˈe wˈipɾit̪ sɔɦsɔ̃mbˈɔ̃n̪d̪ʱit̪ ɦˈot̪i ɦˈɔi .
किसी व्यक्ति में जितनी आंतरिक शांति होती है वह उसके शरीर और आत्मा में मौजूद तनाव की मात्रा के विपरीत सहसंबंधित होती है.	kˈisi wjˈɔkt̪i mˈẽ d͡zˈit̪ni ˈãn̪t̪ɔɾik ʃˈãn̪t̪i ɦˈot̪i ɦˈɔi wˈɔɦ ˈuske ʃˈɔɾiɾ ˈɔuɾ ˈat̪ma mˈẽ mˈɔud͡zud̪ t̪ˈɔnaw kˈi mˈat̪ɾa kˈe wˈipɾit̪ sɔɦsɔ̃mbˈɔ̃n̪d̪ʱit̪ ɦˈot̪i ɦˈɔi .
मारियाना में भूकंप का झटका स्थानीय समयानुसार सुबह 07:19 बजे (09:19 बजे जीएमटी शुक्रवार) आया।	mˈaɾijana mˈẽ bʱukˈɔ̃mp kˈa d͡zʱˈɔʈka st̪ˈanij sˈɔmjanusaɾ sˈubɔɦ sˈat̪ bˈɔd͡zkɔɾ ˈunɔis mˈinɔʈ nˈɔj bˈɔd͡zkɔɾ ˈunɔis mˈinɔʈ d͡ziˈemʈi ʃˈukɾɔwaɾ ˈaja .
मारियाना में भूकंप का झटका स्थानीय समयानुसार सुबह 07:19 बजे (09:19 बजे जीएमटी शुक्रवार) आया।	mˈaɾijana mˈẽ bʱukˈɔ̃mp kˈa d͡zʱˈɔʈka st̪ˈanij sˈɔmjanusaɾ sˈubɔɦ sˈat̪ bˈɔd͡zkɔɾ ˈunɔis mˈinɔʈ nˈɔj bˈɔd͡zkɔɾ ˈunɔis mˈinɔʈ d͡ziˈemʈi ʃˈukɾɔwaɾ ˈaja .
जापानी कार्य संस्कृति पश्चिमी लोगों की तुलना में अधिक श्रेणीबद्ध और औपचारिक है.	d͡zˈapani kˈaɾj sˈɔ̃skɾit̪i pˈɔʃsimi lˈoɡõ kˈi t̪ˈulna mˈẽ ˈɔd̪ʱik ʃɾˈenibɔd̪ːʱ ˈɔuɾ ɔˈupsaɾik ɦˈɔi .
मेडिसिनेस सेंस फ्रोंटियर के प्रवक्ता रिचर्ड वीरमन ने कहा: “अंगोला में महामारी फैलने की रफ़्तार अब तक के सबसे बुरे दौर में पहुंच गई है और वहां के हालात बहुत खराब हैं.”	mˈeɖisines sˈẽs pʰɾˈõɳʈijɔɾ kˈe pɾɔwˈɔkt̪a ɾisˈɔɾɖ wˈiɾmɔn nˈe kˈɔɦa , ˈɔ̃ŋɡola mˈẽ mˈɔɦamaɾi pʰɔˈilne kˈi ɾˈɔpt̪aɾ ˈɔb t̪ˈɔk kˈe sˈɔbse bˈuɾe d̪ˈɔuɾ mˈẽ pɔɦˈũs ɡˈɔi ɦˈɔi ˈɔuɾ wˈɔɦã kˈe ɦˈalat̪ bˈɔɦut̪ kʰˈɔɾab ɦˈɔĩ .
मेडिसिनेस सेंस फ्रोंटियर के प्रवक्ता रिचर्ड वीरमन ने कहा: “अंगोला में महामारी फैलने की रफ़्तार अब तक के सबसे बुरे दौर में पहुंच गई है और वहां के हालात बहुत खराब हैं.”	mˈeɖisines sˈẽs pʰɾˈõɳʈijɔɾ kˈe pɾɔwˈɔkt̪a ɾisˈɔɾɖ wˈiɾmɔn nˈe kˈɔɦa , ˈɔ̃ŋɡola mˈẽ mˈɔɦamaɾi pʰɔˈilne kˈi ɾˈɔpt̪aɾ ˈɔb t̪ˈɔk kˈe sˈɔbse bˈuɾe d̪ˈɔuɾ mˈẽ pɔɦˈũs ɡˈɔi ɦˈɔi ˈɔuɾ wˈɔɦã kˈe ɦˈalat̪ bˈɔɦut̪ kʰˈɔɾab ɦˈɔĩ .
चाको क्षेत्र गुइयाकुरो और पेगुआ जैसे स्वदेशी जनजातियों के अन्य समूहों का घर था, जो शिकार करके, चीजों को बीन-बटोर कर और मछली पकड़ कर अपना जीवन जीते थे	sˈako kʃˈet̪ɾ ɡˈuijakuɾo ˈɔuɾ pˈeɡua d͡zˈɔise swˈɔd̪eʃi d͡zˈɔnd͡zat̪ijõ kˈe ˈɔnj sˈɔmuɦõ kˈa ɡʱˈɔɾ t̪ʰˈa , d͡zˈo ʃˈikaɾ kˈɔɾke , sˈid͡zõ kˈo bˈin bˈɔʈoɾ kˈɔɾ ˈɔuɾ mˈɔsli pˈɔkɔɽ kˈɔɾ ˈɔpna d͡zˈiwɔn d͡zˈit̪e t̪ʰˈe
जॉन निक्सन द्वारा डॉक्यूमेंट की पहली पब्लिक रीडिंग 8 जुलाई को इंडिपेंडेंस हॉल के यार्ड में की गई थी.	d͡zˈæn nˈiksɔn d̪wˈaɾa ɖækjumˈẽɳʈ kˈi pˈɔɦli pˈɔblik ɾiɖˈĩŋɡ ˈaʈ d͡zˈulai kˈo ĩɳɖipẽɳɖˈẽs ɦˈæl kˈe jˈaɾɖ mˈẽ kˈi ɡˈɔi t̪ʰˈi .
जॉन निक्सन द्वारा डॉक्यूमेंट की पहली पब्लिक रीडिंग 8 जुलाई को इंडिपेंडेंस हॉल के यार्ड में की गई थी.	d͡zˈæn nˈiksɔn d̪wˈaɾa ɖækjumˈẽɳʈ kˈi pˈɔɦli pˈɔblik ɾiɖˈĩŋɡ ˈaʈ d͡zˈulai kˈo ĩɳɖipẽɳɖˈẽs ɦˈæl kˈe jˈaɾɖ mˈẽ kˈi ɡˈɔi t̪ʰˈi .
