# Persian abjad → IPA SILVER, derived from Tajik cognates (the coverage extension beyond wikipron).
# word = Persian abjad (from the fa frequency wordlist); ipa = Tajik-derived Persian IPA (tajik-align remap,
# ~71% est. quality vs the fa gold — see the divergence analysis). Regenerate: tools/fa-restoration/tajik-align.ts
# machinery over the tgwiki vocabulary. Sources permissive (wikipron/tgwiki CC-BY-SA; IPA is ours). word<TAB>ipa
آبت	ʔabjɒt
آبرو	ʔabru
آبل	ʔabel
آپن	ʔapn
آتل	ʔatal
آتن	jeten
آخت	ʔaχta
آخر	ʔaχjɒr
آدرس	ʔadres
آدم	ʔadam
آذر	ʔazar
آرد	ʔarad
آرزو	ʔarzu
آرس	ʔarse
آرگون	ʔarɡun
آرم	ʔarm
آرمسترانگ	ʔarmstrɒnɡ
آرمن	ʔarman
آرند	ʔaranda
آریتمی	ʔaritmija
آریل	ʔarijel
آرین	ʔarian
آزتک	ʔazteka
آستان	ʔastɒn
آسم	ʔasam
آشتی	ʔaʃti
آفریقا	ʔafriqɒ
آفرین	jefrajn
آکد	ʔakad
آکوستیک	ʔakustika
آلبر	ʔalber
آلبرت	ʔalbert
آلبوم	ʔalbum
آلپ	ʔalp
آلتو	ʔalatau
آلفرد	ʔalfred
آلن	jelan
آما	ʔamɒ
آمپر	ʔamper
آمر	ʔamr
آمریت	ʔamrita
آمریکا	ʔamrikɒ
آمل	ʔamal
آمن	ʔamn
آن	ʔan
آنتی	ʔanti
آنجلا	ʔand͡ʒelɒ
آنجلس	ʔand͡ʒeles
آنژ	ʔanʒe
آنند	ʔanand
آورد	ʔurda
آوند	ʔujand
آونگ	ʔaunɡ
آویو	ʔawiw
آی	ʔi
آیپد	ʔipd
آیدا	ʔidɒ
آیدی	ʔidi
آیدین	ʔajdin
آیراد	ʔirɒda
آیس	ʔis
آیلین	ʔilin
آیمان	ʔimɒn
آین	ʔin
آیند	ʔind
ابد	ʔabad
ابدال	ʔabdɒl
ابدان	ʔabdɒn
ابرا	jebrɒ
ابرار	ʔabrɒr
ابرت	jebert
ابرکوه	ʔabarkuh
ابن	ʔabana
ابهی	ʔabhaj
ابوبکر	ʔabubakr
ابوسعید	ʔabusaʔid
ابوظبی	ʔabuzabi
ابول	ʔabul
اپک	ʔapk
اپیدمی	jepidemija
اپیکور	jepikur
ات	ʔat
اتان	ʔatɒn
اتر	ʔatr
اتم	ʔatm
اتو	jetu
اتیل	jetil
اتیلن	jetilen
اثر	ʔasar
اج	jed͡ʒe
اجل	ʔad͡ʒal
اجی	ʔad͡ʒaj
احد	ʔahd
احرام	jehrɒm
احساس	jehsɒs
احسان	jehsɒn
اخت	ʔaχta
اخیر	ʔaχir
ادب	ʔadab
ادموند	jedmund
ادهم	ʔadham
ادیپ	jedip
ادیت	jedit
ادینبورگ	jedinburɡ
اذیت	ʔazijat
اراب	ʔarɒba
اراد	jerɒd
ارث	ʔarse
ارد	ʔarad
اردبیل	ʔardabil
اردشیر	ʔardaʃir
اردکان	ʔardakɒn
ارس	ʔarse
ارسطو	ʔarastu
ارشد	ʔarʃad
ارشک	ʔarʃak
ارکان	ʔarkɒn
ارگان	ʔaraɡɒn
ارل	ʔaral
ارم	ʔarm
ارنست	jernest
اروس	ʔarus
اروین	jerwin
اریان	ʔariɒn
اریک	jerik
از	ʔaz
ازل	ʔazal
ازم	ʔazm
ازنو	ʔaznaw
اژدها	ʔaʒdahɒ
اس	ʔas
اسارت	ʔasɒrat
اسپارت	jespɒrte
است	ʔast
استان	ʔastɒn
استر	ʔastra
استن	ʔastana
اسد	ʔasad
اسکی	jeski
اسلش	ʔaslaʃ
اسلو	ʔaslu
اسلی	jesli
اسم	ʔasam
اش	ʔaʃjɒ
اشت	ʔaʃt
اشراف	ʔaʃrɒf
اشک	ʔaʃk
اصرار	ʔasrɒr
اصم	ʔasam
اعضا	ʔaʔzɒ
اعظم	ʔaʔzam
اعلا	ʔaʔlɒ
اعلاحضرت	ʔaʔlɒhazrat
اعمال	ʔaʔmɒl
اف	ʔaf
افت	jeft
افتاد	ʔaftɒd
افتد	ʔaftad
افراخت	ʔafrɒχta
افروخت	ʔafruχta
افریقا	ʔafriqɒ
افزار	ʔafzɒr
افزایش	ʔafzɒjiʃ
افشان	ʔafʃɒna
افکند	ʔafkand
افندی	ʔafandi
افول	ʔafula
اقصا	ʔaqsɒ
اقل	ʔaql
اکثرا	ʔaksrɒ
اکس	ʔaks
اکسل	ʔaksel
اکشن	jekʃn
اکو	ʔakajew
اگر	ʔaɡar
ال	ʔal
الا	ʔalɒ
الف	ʔalaf
الک	jelke
الکترا	jelektrɒ
الکتریک	jelektrik
الکس	ʔaleks
الکل	ʔalkala
الگو	jelɡawa
الم	ʔalma
المنت	jelement
الموت	ʔalamut
الن	jelan
النگ	ʔalanɡa
الو	ʔalwa
الوی	ʔalawi
الی	ʔali
الیت	jelita
الیسا	jeliseɒ
الین	ʔalina
ام	ʔam
اما	ʔamɒ
امارت	ʔamɒrat
امام	jemɒm
امانت	ʔamɒnat
امپر	ʔamper
امت	jemt
امرا	ʔamarɒ
امریکا	ʔamrikɒ
امل	ʔamal
امو	jemu
امور	ʔamur
امی	ʔami
امید	ʔamid
امیر	ʔamir
امیل	jemil
ان	ʔan
انبر	ʔanbar
انبوه	ʔanbuh
انت	ʔant
اند	ʔand
انداخت	ʔandɒχta
اندازد	ʔandɒzad
اندازگیری	ʔandɒzaɡiri
اندرز	ʔandarz
اندوخت	ʔanduχta
انرژی	jenerʒi
انس	ʔanas
انفال	ʔanfɒl
انگار	ʔanɡɒra
انگلیس	ʔanɡlis
اهدا	jehdɒ
اهر	ʔahar
اهورامزدا	ʔahurɒmazdɒ
او	ʔu
اوا	jewɒ
اوتار	ʔawtɒr
اوج	ʔawd͡ʒ
اوحد	ʔuhda
اورت	ʔurt
اورد	ʔurda
اورست	jewerest
اورنج	ʔawrand͡ʒ
اورنگ	ʔawranɡ
اوریک	ʔaurik
اوستا	ʔawestɒ
اوسط	ʔust
اوضاع	ʔawzɒʔ
اوقات	ʔawqɒt
اوکراین	ʔukrɒjin
اول	ʔul
اولا	ʔulɒa
اولاد	ʔawlɒd
اولین	jewelin
اومد	ʔumed
اونس	ʔuns
اونو	ʔujunu
اوه	ʔujahjɒ
اوول	ʔawwal
اوی	ʔawaj
اویغور	ʔujɣur
اوین	ʔujejn
ای	ʔi
ایچ	ʔajt͡ʃa
اید	ʔid
ایر	ʔir
ایران	ʔirɒn
ایزد	ʔizd
ایست	ʔist
ایسلند	ʔislend
ایضا	ʔizɒ
ایفل	jejfel
ایکس	ʔajaks
ایم	ʔima
ایمان	ʔimɒn
ایمن	ʔimena
این	ʔin
اینتر	ʔinter
اینترفکس	ʔinterfaks
اینترفیس	ʔinterfejs
اینترنت	ʔinternet
اینجا	ʔind͡ʒɒ
ایندکس	ʔindeks
اینشتین	jejnʃtejn
اینو	ʔinu
ایوا	ʔiwɒ
ایوان	ʔajwɒn
ایوب	ʔiwb
با	bɒ
بابت	bɒbat
باتدبیر	bɒtadbir
باخبر	bɒχabar
باخت	bɒχt
باختر	bɒχtar
باخرز	bɒχarz
بارکش	bɒrkaʃ
بازار	bɒzɒr
بازد	bɒzad
بازدید	bɒzdid
بازگشت	bɒzɡaʃt
بازو	bɒzu
بازی	bɒzi
بازیگر	bɒziɡar
باستانی	bɒstɒni
باسواد	bɒsawɒd
باشت	bɒʃt
باشد	bɒʃad
بافت	bɒfta
بافق	bɒfq
باکس	bɒks
بالشویک	bɒlʃewik
بالغ	bɒlɣa
بامبی	bɒmbaj
بامداد	bɒmdɒd
باند	bɒnd
بانک	bɒnk
بانگ	bɒnɡ
بانگی	bɒnɡi
باور	bɒwar
باید	bɒjd
بایقرا	bɒjqarɒ
ببر	babr
ببری	babri
ببو	babajew
بت	bit
بتان	betɒn
بتر	batareja
بتری	batarejaji
بجا	bed͡ʒɒ
بچگان	bat͡ʃaɡɒna
بچگی	bat͡ʃaɡi
بحال	behɒl
بحرین	bahrajn
بخت	baχt
بخشایش	baχʃɒjiʃ
بخشد	baχʃad
بخشید	baχʃida
بخشیدن	baχʃidan
بدان	bedɒna
بدبخت	badbaχt
بدتر	badtar
بدخشان	badaχʃɒn
بدخشی	badaχʃi
بدفرجام	badfard͡ʒɒm
بدک	bedak
بدل	badal
بدن	badan
بدنام	badnɒm
بده	badeha
بدو	badu
بدوی	badawi
بدیل	bedil
بدین	badin
بذور	bazur
بر	bar
برآرد	barɒrad
برابر	barɒbar
برات	barɒt
برادر	barɒdar
برادرش	barɒdaraʃ
براش	barɒjaʃ
برام	brɒm
براند	barɒjand
براون	brɒwn
برای	barɒji
بربر	barbara
بربط	barbat
برپا	barpɒ
برت	bert
برتر	bartar
برتری	bartari
برجست	bard͡ʒasta
برحق	barhaq
برخاست	barχɒst
برخط	barχat
برخی	barχeji
برد	barad
بررس	barras
بررسی	barrasi
برزخ	barzaχ
برزو	barzu
برزیل	brazil
برس	brjus
برست	brest
برش	baraʃ
برص	brjus
برقصد	barqasd
برقو	barqu
برکات	barakɒt
برکت	barakat
برکلی	berkli
برگ	barɡ
برگر	berɡara
برگشت	barɡaʃt
برلین	berlin
برم	baram
برمک	barmak
برملا	barmalɒ
برمودا	bermudɒ
برن	beren
برنا	barnɒ
برنت	barnet
برند	barand
برهم	barham
بروکلین	bruklin
برون	berun
بریتیش	britiʃ
برید	barid
بریکس	briks
بریل	brejila
بز	bez
بسامد	basɒmad
بست	basta
بستر	baster
بستنی	bastani
بسر	basra
بسطام	bastɒm
بسکتبال	basketbɒl
بسیط	basit
بش	beʃ
بشارت	baʃɒrat
بشر	baʃar
بشن	baʃnja
بشیر	baʃir
بصر	basra
بصل	basel
بصیر	basir
بطر	batareja
بطری	batarejaji
بطلان	batalɒn
بطوط	batuta
بغداد	baɣdɒd
بغل	baɣal
بقع	baqeʔ
بقی	baqija
بکارت	bakɒrat
بکتاش	bektɒʃ
بکر	bakr
بگم	baɡam
بگن	baɡan
بگیم	beɡim
بگین	beɡin
بلا	belɒ
بلاذر	belɒzer
بلاکچین	blɒkt͡ʃejn
بلاگر	blɒɡer
بلد	balad
بلعمی	balʔami
بلغم	balɣam
بلک	blek
بلم	belem
بلند	baland
بلو	beljajew
بلوچ	balut͡ʃ
بلوچی	balut͡ʃi
بلیز	beliz
بن	bajɒn
بنان	banɒn
بنداز	beandɒza
بندد	bandad
بندر	bandar
بندیکت	benedikt
بنزین	benzin
بنگال	banɡɒla
بنگلادش	banɡlɒdeʃ
به	beh
بها	bahɒ
بهار	bahɒr
بهان	bahɒna
بهتر	behtar
بهترین	behtarin
بهداشت	behdɒʃt
بهرام	bahrɒm
بهزاد	behzɒd
بهلول	bahlul
بهمن	bahman
بوانات	bawɒnɒt
بودند	budand
بورت	burjat
بورد	burda
بوردو	burdu
بورس	bursa
بورک	burak
بوز	buz
بوسلیک	busalik
بوشهر	buʃahr
بول	bul
بولت	bulat
بی	bajia
بیت	bajt
بیران	bajrɒn
بیرجند	bird͡ʒand
بیرق	bajraq
بیرم	birma
بیروت	bajrut
بیزنس	biznes
بیس	bis
بیسبال	bejsbɒl
بیشکک	biʃkek
بیض	bize
بیضوی	bajzawi
بیعت	bajʔat
بیک	bik
بیگ	biɡ
بین	bajn
بیند	binad
بینم	binam
بینند	binanda
بینی	bajni
بیهق	bajhaq
پادتن	pɒdtan
پادشاه	pɒdʃɒh
پادکست	pɒdkast
پارت	pɒrt
پارچ	pɒrt͡ʃa
پارس	pɒrs
پارک	pɒrk
پالت	pɒlat
پالتو	pɒltawa
پالس	pɒljusa
پاند	pɒjanda
پانزده	pɒnzdah
پایتخت	pɒjtaχt
پتا	patɒ
پتروس	petrus
پتنت	patent
پچ	pet͡ʃ
پخت	paχta
پخش	paχʃ
پدر	padar
پدرا	pedrɒ
پدرش	padaraʃ
پدریش	padariaʃ
پر	per
پراکسی	prɒksi
پراکند	parɒkanda
پرتاب	partɒb
پرد	pered
پرداخت	pardɒχt
پرداز	pardɒz
پردازد	pardɒzad
پردازند	pardɒzanda
پردیس	pardis
پرز	prez
پرزیدنت	prezident
پرس	peres
پرسپکتیو	perspektiwi
پرسپولیس	perspulis
پرستار	parastɒr
پرستان	prestɒn
پرستو	parastu
پرسد	prasad
پرک	park
پرگار	parɡɒr
پرم	perm
پرمی	premija
پرند	paranda
پرندگان	parandaɡɒn
پرنس	prens
پرو	peru
پروا	perwɒje
پرواز	parwɒz
پروان	parwɒna
پروند	parwanda
پرویز	parwiz
پروین	parwin
پری	pri
پرینت	prinjat
پرینتر	printer
پست	past
پستر	paster
پستک	pestjak
پسم	psm
پشتون	paʃtun
پطروس	petrus
پفک	pfk
پکتین	pektin
پل	pal
پلاتین	plɒtina
پلاس	palɒs
پلت	plate
پلس	pljus
پلم	palma
پلن	plana
پلنگ	palanɡ
پلنگان	palanɡɒn
پلنگی	palanɡi
پلو	palaw
پمپ	pampa
پنتان	panteɒn
پنج	pand͡ʒ
پندار	pandɒra
پنل	panel
پهلوان	pahlawɒn
پهلوی	pahlawi
پوخ	puχ
پورت	pujerta
پورتلند	purtlnd
پولو	paulu
پوینت	pujint
پی	paj
پیت	pit
پیتر	piter
پیج	pejd͡ʒ
پیدا	pajdɒ
پیدایش	pajdɒjiʃ
پیرس	pires
پیرو	pajraw
پیروان	pajrawɒn
پیروی	pajrawi
پیس	pjesa
پیست	pista
پیغمبر	pajɣambar
پیک	pik
پیکان	pajkɒn
پیکر	pajkar
پیکسل	piksel
پیگمنت	piɡment
پیمان	pajmɒn
پینک	pink
پیوست	pajwast
پیوند	pajwand
تأنی	tɒni
تا	tɒ
تارک	tɒrke
تارومار	tɒrumɒr
تاشکند	tɒʃkand
تالیم	tɒlima
تامین	tɒmin
تانک	tɒnk
تانگ	tɒnɡa
تبر	tabar
تبع	tabʔ
تبعیت	tabaʔijat
تبعید	tabʔid
تبق	tabaq
تبم	tbm
تبیعت	tabiʔat
تتر	teatr
تجن	ted͡ʒen
تحری	tehraj
تخت	taχt
تخس	teχas
تخطی	taχti
تخم	taχm
تخماق	taχmɒq
تخمین	taχmin
تخیل	taχajjul
تد	teda
تذرو	tazarw
تذکار	tazkɒr
تر	tar
تراوت	tarɒwat
ترب	tarab
تربیت	tarbijat
ترجم	tard͡ʒama
تردید	tardid
ترک	tark
ترکی	tarki
ترکید	tarkid
ترم	tarma
ترمیم	tarmim
ترن	trajan
ترنس	trans
ترنگ	taranɡ
تریم	tarim
ترین	tarin
تز	tez
تس	tis
تست	taast
تشبه	taʃbeh
تشک	taʃk
تشن	taʃna
تشویش	taʃwiʃ
تشیع	taʃajjuʔ
تعداد	teʔdɒde
تعین	taʔin
تغیر	taɣir
تف	taf
تفتیش	taftiʃ
تفهیم	tafhim
تقویت	taqwijat
تقویم	taqwim
تکان	takɒn
تکرار	takrɒr
تکست	tekst
تکش	tekeʃ
تکنیک	teknika
تکین	tekin
تل	tela
تلف	talaf
تلکام	telekɒm
تله	talha
تلو	talu
تلوق	taaluq
تم	tem
تمام	tamɒm
تمپ	tampa
تمپر	tampere
تمشک	tamaʃk
تمیز	tamiz
تمیم	tamim
تند	tand
تنش	tanaʃ
تنک	tanke
تنور	tanur
ته	tah
تهران	tehrɒn
تهم	tahma
تهمورث	tahmuras
تهمورس	tahmuras
تهی	tahija
تو	taw
توان	tawɒn
توانا	tawɒnɒ
تواند	tawɒnad
توحید	tawhid
تودل	tudela
تورات	tawrɒt
تورب	turb
توست	tust
توسط	tust
توسن	tusjɒn
توصیف	tawsif
تولید	tawlid
تومن	tuman
تون	tuna
توی	tuj
توین	twin
تیتر	titr
تیف	tajf
تیلر	tajler
تیمور	timur
تیون	tajwan
ثانوی	sɒnawija
ثایب	sɒjib
ثبت	sabt
ثرم	saram
ثروت	sarwat
ثری	sari
ثقف	saqf
ثلث	salas
ثمر	samara
ثمن	semjɒn
ثمود	samud
ثنم	sanam
ثوب	sub
ثور	sawr
جا	d͡ʒɒ
جابجا	d͡ʒɒbad͡ʒɒ
جاجرم	d͡ʒɒd͡ʒarm
جادو	d͡ʒɒdu
جانستان	d͡ʒɒnstɒn
جانور	d͡ʒɒnwar
جاه	d͡ʒɒh
جبریل	d͡ʒabrajil
جبل	d͡ʒabal
جبه	d͡ʒabha
جت	d͡ʒt
جدا	d͡ʒdɒ
جدل	d͡ʒadal
جدول	d͡ʒadwal
جدی	d͡ʒadi
جر	d͡ʒar
جراحت	d͡ʒarɒhat
جرش	d͡ʒaraʃ
جری	d͡ʒari
جز	d͡ʒaz
جس	d͡ʒs
جسارت	d͡ʒasɒrat
جسد	d͡ʒasad
جسور	d͡ʒasur
جعفر	d͡ʒaʔfar
جغتای	d͡ʒaɣatɒj
جفر	d͡ʒafr
جلس	d͡ʒalasa
جمع	d͡ʒamʔ
جن	d͡ʒan
جناب	d͡ʒanɒb
جنب	d͡ʒanba
جنت	d͡ʒanata
جنگل	d͡ʒanɡal
جنگی	d͡ʒanɡi
جنگین	d͡ʒanɡijɒn
جنیفر	d͡ʒenifer
جنین	d͡ʒanin
جهالت	d͡ʒahɒlat
جهان	d͡ʒahɒn
جهت	d͡ʒhat
جهد	d͡ʒahd
جو	d͡ʒaw
جواب	d͡ʒawɒb
جوان	d͡ʒawɒn
جودو	d͡ʒudu
جورج	d͡ʒurd͡ʒ
جوز	d͡ʒuz
جوزا	d͡ʒawzɒ
جولین	d͡ʒulian
جوهر	d͡ʒawhar
جوی	d͡ʒuj
جویی	d͡ʒuji
جیحون	d͡ʒajhun
جیران	d͡ʒejrɒn
چابهار	t͡ʃɒbahɒr
چادر	t͡ʃɒdar
چاشت	t͡ʃɒʃt
چاه	t͡ʃɒh
چپش	t͡ʃapaʃ
چچن	t͡ʃet͡ʃen
چرا	t͡ʃarɒ
چراغ	t͡ʃarɒɣ
چرت	t͡ʃerti
چس	t͡ʃasi
چست	t͡ʃast
چستر	t͡ʃester
چش	t͡ʃʃ
چشم	t͡ʃaʃm
چشمان	t͡ʃaʃmɒn
چشمرس	t͡ʃaʃmras
چک	t͡ʃak
چکان	t͡ʃakɒn
چگن	t͡ʃaɡan
چل	t͡ʃel
چلسی	t͡ʃelsi
چلیک	t͡ʃelik
چمن	t͡ʃaman
چنار	t͡ʃanɒr
چندصد	t͡ʃandsad
چنگو	t͡ʃanɡu
چهار	t͡ʃahɒr
چهارده	t͡ʃahɒrdah
چهارمحال	t͡ʃahɒrmahɒl
چهر	t͡ʃehra
چو	t͡ʃu
چوبین	t͡ʃubin
چون	t͡ʃun
چی	t͡ʃi
حا	hɒ
حاتم	hɒtam
حاجت	hɒd͡ʒat
حالا	hɒlɒ
حالت	hɒlat
حتی	hajɒti
حجر	had͡ʒar
حد	had
حدت	hdt
حذر	hazar
حر	har
حرث	hares
حرس	hares
حرص	hares
حرکت	harakat
حرم	haram
حس	hs
حسبی	hasbi
حست	hast
حسد	hasad
حسن	hasan
حسین	hasina
حشرات	haʃarɒt
حصن	hasan
حصین	hasina
حضار	hazɒr
حضر	hazar
حضرت	hazrat
حطی	hajɒti
حکم	hakam
حکیمان	hakimɒn
حلاوت	halɒwat
حلب	halab
حلقوم	halqum
حلقوی	halqawi
حموی	hamawi
حنبل	hanbal
حنفی	hanafi
حوا	hawɒ
حوت	hut
حوز	hawza
حوش	huʃ
حوض	hawza
حوقل	hawqal
حول	hawel
حی	hi
حیث	his
حیدر	hajdar
حیران	hajrɒn
حیرت	hajrat
حیز	hajz
حیض	hajz
حیف	hajifa
حین	hajjɒn
حیوان	hajwɒn
خاتم	χɒtam
خاست	χɒst
خاستن	χɒstan
خاموش	χɒmuʃ
خاندان	χɒnadɒn
خانقاه	χɒnaqɒh
خانواد	χɒnawɒda
خاور	χɒwar
خب	χba
خبر	χabar
ختن	jaχtan
خرت	χart
خرچنگ	χart͡ʃanɡ
خردل	χardal
خرس	χeres
خرسان	χersɒn
خرطوم	χartum
خرک	χarak
خرگوش	χarɡuʃ
خرم	χram
خزد	χezad
خزر	χazar
خسبد	χasbeda
خضر	χazar
خطت	χatte
خطر	χatar
خطم	χatm
خل	χele
خلبان	χalabɒn
خلت	χalta
خلج	χaled͡ʒ
خلط	χalta
خلف	χalaf
خلل	χalal
خمش	χameʃa
خمین	χamin
خواص	χawɒs
خوای	χawɒji
خود	χud
خودرو	χudraw
خورد	χurd
خورسند	χursand
خوشبختان	χuʃbaχtɒna
خوشحال	χuʃhɒl
خوشنود	χuʃnud
خوف	χawf
خیبر	χajber
خیر	χajr
خیران	χirɒna
خیزر	χizr
خیل	χil
خیم	χajjɒm
دادنی	dɒdani
دارد	dɒrad
دارم	dɒram
داستان	dɒstɒn
داشت	dɒʃt
داکت	dɒkt
دالبی	dɒlbi
دامغان	dɒmɣɒn
دامن	dɒman
داند	dɒnad
دانش	dɒnaaʃ
دانگ	dɒnɡ
دانیل	dɒnijɒl
داور	jɒdɒwar
داوطلب	dɒwtalab
داوطلبان	dɒwtalabɒn
دایم	dɒjim
دبی	dabi
دخالت	daχɒlat
دخت	daχte
در	dar
دراز	darɒz
درامد	darɒmad
درخت	daraχt
درختان	daraχtɒn
دردناک	dardnɒk
درر	djurer
درست	darjɒjest
درصد	darsad
درک	dark
درگ	darɡ
درم	drama
درمان	darmɒn
درهم	darham
درو	daru
دروشی	darweʃi
درون	darun
درونسوز	darunsuz
دژ	dʒ
دست	dast
دستان	dastɒn
دستاورد	dastɒward
دستبندی	dastabandi
دستخط	dastχat
دسترس	dastras
دسترسی	dastrasi
دستور	dastur
دش	daʃ
دشنام	daʃnɒm
دعوا	daʔwɒ
دعوت	daʔwat
دغل	daɣal
دق	daq
دل	dlja
دلا	delɒ
دلالت	dalɒlat
دلان	delɒne
دلت	delat
دلر	daler
دلش	dalʃe
دلفین	delfin
دلو	dalw
دمت	dmt
دمن	daman
دنیز	deniz
دنیل	danijel
ده	deha
دهات	dehɒt
دهشت	dahʃat
دهقان	dehqɒn
دهلوی	dehlawi
دهلی	dehli
دهن	dahana
دهنو	dehnaw
دو	du
دوار	dewɒr
دوام	dawɒm
دوبلین	dublin
دوبی	dubaj
دوتا	dutɒ
دوخت	duχta
دوران	dawrɒn
دورپرواز	durparwɒz
دوردست	durdast
دورو	duru
دوزخ	duzaχ
دوزد	duzd
دوست	dust
دوستان	dustɒn
دوستش	dustaʃ
دوستی	dusti
دول	djuwal
دولت	dawlat
دوم	dujum
دونست	dunjɒst
دووم	dwumja
دوید	dewid
دویدن	dawidan
دی	di
دیدار	didɒr
دیز	diaz
دیزل	dizel
دیسک	disk
دیگر	diɡar
دیگربار	diɡarbɒra
دیگری	diɡari
دیلم	dilam
دیلی	dili
دیم	djujm
دیوید	dejwid
ذبح	zabh
ذر	zer
ذرت	zarate
ذری	zeri
ذکاوت	zakɒwat
ذل	zale
ذلت	zlate
ذن	zan
ذهن	zehn
ذوق	zawq
ذیل	zil
را	rɒ
رابر	rɒbar
رابرت	rɒbert
راحت	rɒhat
راحتی	rɒhati
راست	rɒst
راند	rɒnda
رانش	jɒrɒnaʃ
راه	rɒh
راهرو	rɒhraw
راهزن	rɒhzan
راور	rɒwar
رای	rɒj
ربات	rabɒti
رباط	rabɒti
ربع	rabeʔ
رپر	reper
رت	rt
رثا	rasɒ
رجب	rad͡ʒab
رحمان	rahmɒn
رخ	raχ
رخن	raχna
رز	reza
رزم	razm
رزن	rjazan
رزین	rezin
رژ	reʒ
رژیم	reʒim
رس	rs
رسان	rasɒna
رساند	rasɒnd
رستنی	rastenija
رسد	rasad
رسند	resende
رسول	rasul
رسید	rasid
رسیدن	rasidan
رشت	raʃt
رصد	rasad
رضوی	razawi
رغبت	raɣbat
رفاقت	rafɒqat
رفت	rafta
رفسنجان	rafsand͡ʒɒn
رقابت	raqɒbat
رقم	raqam
رک	rk
رکس	reks
رل	real
رمان	ramɒn
رمضان	ramazɒn
رموک	jarmuk
رند	rand
رنگارنگ	ranɡɒranɡ
رنگارنگی	ranɡɒranɡi
ره	rh
رهبر	rahbar
رهم	rahm
رهنما	rahnamɒ
رهنمون	rahnamun
رو	ru
روان	rawɒna
روباه	rubɒh
روبرو	rubaru
روبل	rubl
روحانی	ruhɒni
رود	ruda
رودان	rudɒn
رودبار	rudbɒr
رودکی	rudaki
روزن	rawzana
روزولت	ruzwelt
روژ	ruʒ
روسو	rusu
روش	rujaʃ
روشن	rawʃan
روغن	rawɣan
روغنش	rawɣanaʃ
روکش	rukaʃ
رول	raul
روم	rum
رومان	rumɒn
رومی	rumi
روند	rawand
رونق	rawnaq
رونقی	rawnaqi
روی	ruji
روید	rujida
رویداد	rujdɒd
رویش	rawiʃ
ری	raj
ریب	rib
ریت	rita
ریتم	ritm
ریحان	rajhɒn
ریشو	riʃwa
ریل	ril
ریه	rih
ریو	riu
ریوس	riwas
ریون	riwne
زایر	zɒjir
زایش	zɒjiʃ
زبر	zabar
زبردست	zabardast
زبور	zabur
زحل	zahla
زحمتکشان	zahmatkaʃɒn
زدن	zadan
زدوخورد	zaduχurd
زدی	jazdi
زرت	zarate
زرنگ	zaranɡ
زرین	zerin
زکام	jazikɒm
زل	zale
زمخشری	zamaχʃari
زنت	znat
زنجبیل	zand͡ʒabil
زند	zand
زندی	zandi
زنش	zanaʃ
زنک	znak
زنگبار	zanɡbɒr
زنم	znamja
زنند	zanand
زهاب	zahɒb
زهرا	zahrɒ
زهل	zahla
زهی	zehi
زوج	zawd͡ʒa
زودهضم	zudhazm
زورق	zawraq
زوزن	zuzan
زولال	zulɒl
زونا	zwenɒ
زیتون	zajtun
زید	zijɒda
زیف	zajif
زیگموند	ziɡmund
زینب	zajnab
زینت	zinat
ژرمن	ʒermen
ژل	ʒjul
ژن	ʒan
ژنو	ʒenewa
ساخت	sɒχta
سادگی	sɒdaɡi
ساربان	sɒrbɒn
سازد	sɒzad
ساغر	sɒɣar
سالخورد	sɒlχurda
سالک	sɒlk
سالن	sɒljɒn
سانت	sɒnata
ساید	sɒjida
سایر	sɒjir
سایش	sɒjiʃ
سبح	sabha
سبد	sabad
سبزوار	sabzawɒr
سبقت	sabqat
سبک	sabk
سپار	spɒra
سپس	spas
سپید	spid
ستا	satɒ
ستار	setɒr
ستاک	stɒk
ستان	stɒn
ستد	stad
ستر	str
ستوت	staut
سجاد	sad͡ʒɒd
سحر	sahar
سحری	saharaji
سخاوت	saχɒwat
سخر	saχra
سدر	sadr
سر	sar
سراسر	sarɒsar
سراند	sarɒjanda
سراید	sarɒjida
سرب	serb
سربند	sarband
سرپرست	sarparast
سرپرستان	sarparastɒn
سرت	sarate
سرخس	saraχs
سرزمین	sarzamin
سرش	saraʃ
سرط	sarate
سرطان	saratɒn
سرک	sarak
سرگرم	sarɡarm
سرگون	serɡejewna
سرم	saram
سرنگون	sarnaɡun
سره	sareh
سرهنگی	sarhanɡi
سرو	saru
سرور	serwer
سروکار	sarukɒr
سرویس	serwis
سزاوار	sazɒwɒr
سس	ss
سع	saʔju
سعی	saʔj
سفارت	safɒrat
سفال	safɒl
سفر	safar
سفرا	safrɒ
سفه	safha
سکرتر	sekretar
سکن	skn
سگک	saɡak
سل	sel
سلاح	salɒh
سلامت	salɒmat
سلط	selta
سلطنت	saltanate
سلک	slk
سلمان	salmɒn
سمت	samt
سمر	samara
سمرقند	samarqand
سمن	semjɒn
سمندر	samandar
سمنگان	samanɡɒn
سن	san
سنات	sanɒat
سنت	santa
سنتر	sntr
سنترال	sntrɒl
سنتی	senati
سنجد	sand͡ʒad
سند	sanad
سنقر	sanqar
سنگر	sanɡer
سنگفرش	sanɡfarʃ
سنگین	sanɡin
سنم	sanam
سنن	sennaja
سنی	sanaji
سه	sah
سهو	sahw
سواپ	swɒp
سواد	sawɒd
سوال	sawɒl
سوپر	super
سوخت	suχta
سودا	sawdɒ
سورس	suares
سورن	suren
سورنا	sewernɒje
سوزن	suzan
سوسن	sawsan
سوگند	sawɡand
سولو	sawelewa
سوم	sum
سوهان	suhɒn
سویا	sawiɒ
سوین	sawin
سیحون	sajhun
سید	sajid
سیدنی	sidnej
سیرک	sirk
سیزن	sijɒzan
سیستم	sistema
سیف	sajf
سیل	sil
سیلور	silur
سیم	sim
سیمان	simɒn
سینگر	sinɡer
سینگل	sinɡl
سیه	sijɒh
شاد	ʃɒjad
شارج	ʃɒrd͡ʒa
شانزده	ʃɒnzdah
شاه	ʃɒh
شاهرود	ʃɒhrud
شاهنشاه	ʃɒhanʃɒh
شایست	ʃɒjista
شایگان	ʃɒjɡɒn
شبح	ʃabeh
شبنم	ʃabnam
شبه	ʃabeh
شد	ʃad
شرافت	ʃarɒfat
شربت	ʃarbat
شرت	ʃart
شرشر	ʃarʃara
شرف	ʃaraf
شرک	ʃrek
شرلی	ʃerali
شره	ʃarh
شروان	ʃerwɒn
شرور	ʃarur
شست	ʃast
شش	ʃaʃ
ششصد	ʃaʃsad
ششگان	ʃaʃɡɒna
شطرنج	ʃatrand͡ʒ
شعر	ʃeʔr
شغال	ʃaɣɒl
شغل	ʃaɣal
شفت	ʃaft
شفق	ʃafaq
شکر	ʃakar
شکسپیر	ʃekspir
شکل	ʃakl
شکور	ʃakur
شکی	ʃaki
شمال	ʃamɒl
شمشاد	ʃamʃɒd
شمع	ʃamʔ
شن	ʃan
شنگن	ʃenɡen
شه	ʃah
شهریور	ʃahriwar
شهوانی	ʃahwɒni
شهوت	ʃahwat
شو	ʃu
شوبرت	ʃubert
شود	ʃud
شورا	ʃuarɒ
شوربا	ʃurbɒ
شوروی	ʃurawi
شوق	ʃawq
شوکت	ʃawkat
شوکر	ʃukr
شوکران	ʃukrɒna
شوم	ʃawam
شومان	ʃumɒn
شوند	ʃawand
شوهر	ʃawhar
شوی	ʃuj
شیء	ʃiʔa
شیخ	ʃajχ
شیدا	ʃajdɒ
شیرده	ʃirdeh
شیطان	ʃajtɒn
شیفت	ʃift
شیلم	ʃilm
شیو	ʃiwa
صبح	sabha
صبغ	sabaɣ
صبه	sabha
صبور	sabur
صحت	sajɒhat
صحه	saheh
صحو	sahw
صدا	sadɒ
صداش	sadɒjaʃ
صداقت	sadɒqat
صدای	sadɒji
صدف	sadaf
صدق	sadaqa
صدم	sadama
صراحت	sarɒhat
صرب	serb
صرد	sard
صره	sareh
صفر	safar
صفه	safha
صفوی	safawi
صفین	safina
صل	sel
صمد	samad
صندوق	sanduq
صنعان	sanʔɒn
صنعت	sanʔat
صنم	sanam
صنوبر	sanawbar
صوت	sut
صورت	surat
صوم	sum
صیت	sajt
صید	sajid
صیدا	sajdɒ
صیرف	sirf
صیف	sajf
صیقل	sajqal
ضحی	zehi
ضد	zada
ضراب	zarɒb
ضرباهنگ	zarbɒhanɡ
ضرر	zarar
ضرور	zarur
ضمانت	zamɒnat
ضمن	zeman
ضنت	znat
ضوق	zawq
طارم	teɒrema
طاقت	tɒqat
طب	tab
طبابت	tabɒbat
طبر	tabar
طبس	tabas
طبق	tabaq
طبیبان	tabibɒn
طرب	tarab
طرف	taraf
طرفدار	tarafdɒr
طرفین	tarafajn
طره	tarh
طریق	tariq
طریقت	tariqat
طریقی	tariqi
طلال	talɒl
طلب	talab
طمع	tamaʔ
طه	tah
طهران	tehrɒn
طهمورث	tahmuras
طوبی	tubi
طور	tawr
طی	ti
طیب	tib
طیر	tajjɒr
طیران	tirɒn
طیف	tajf
ظفر	zafar
ظل	zale
ظهر	zahr
غارت	ɣɒrat
غایبان	ɣɒjibɒna
غر	ɣajur
غرد	ɣardaja
غرض	ɣaraz
غرغر	ɣarɣara
غرم	ɣarm
غریبان	ɣaribɒn
غز	ɣaz
غزل	ɣazal
غزنوی	ɣaznawi
غزنی	ɣazni
غزنین	ɣaznin
غزوات	ɣazawɒt
غضب	ɣazab
غفلت	ɣaflat
غفور	ɣafur
غل	ɣal
غلب	ɣalaba
غلط	ɣalat
غمت	ɣamat
غوث	ɣaws
غور	ɣur
غوص	ɣaws
غوغا	ɣawɣɒ
غیب	ɣajb
غیبت	ɣajbat
غیر	ɣajra
غیرت	ɣajrat
فارس	fɒrs
فارست	fɒrest
فاکس	fɒks
فایل	fɒjil
فتن	jɒftan
فر	fr
فراشبند	farɒʃband
فراغت	farɒɣat
فراموش	farɒmuʃ
فرانس	farɒnsa
فرانسوی	farɒnsawi
فرانکفورت	frɒnkfurt
فرایز	farɒjiz
فرایض	farɒjiz
فرج	fard͡ʒ
فرح	farah
فردریک	frederik
فرسایش	farsɒjiʃ
فرسخ	farsaχ
فرم	ferma
فرمان	farmɒn
فرمانده	farmɒndeh
فرمانروا	farmɒnrawɒ
فرمایش	farmɒjiʃ
فرنگ	faranɡ
فرنگیس	faranɡis
فرنی	frant͡sija
فره	farah
فرهنگ	farhanɡ
فرهنگی	farhanɡi
فروردین	farwardin
فریدون	faridun
فریز	friz
فریزر	frejzer
فس	fas
فساد	fasɒd
فصح	faseh
فضیلت	fazilat
فعال	faʔɒl
فعل	feʔl
فقط	faqat
فقه	faqeh
فکل	fakel
فلان	falɒn
فلاورجان	falɒward͡ʒɒn
فلج	falad͡ʒ
فلسطین	falastin
فلسف	falsafa
فلش	fleʃ
فلک	falak
فلگ	flaɡa
فلمینگ	fleminɡ
فلیپ	felipe
فم	fam
فنم	fnm
فهم	fahm
فهمد	fahmad
فواد	fuɒd
فوتون	futuna
فورس	furs
فوری	fawri
فوق	fawq
فون	fauna
فونت	funt
فیتنس	fitnes
فیزیکدان	fizikdɒn
فیسبوک	fejsbuk
فیصل	fajsal
فیض	fajz
فیلتر	filtr
فیلد	fild
فیلم	film
فیلیپس	filips
قامت	qɒmat
قایم	qɒjim
قبح	qabeh
قبض	qabz
قبطی	qabati
قبه	qabeh
قبول	qabul
قدبلند	qadbaland
قدردانی	qadrdɒni
قدش	qadaʃ
قدم	qadam
قر	qara
قرابت	qarɒbat
قرص	qars
قزاق	qazɒq
قسر	qasr
قسم	qasam
قصاص	qasɒs
قضاوت	qazɒwat
قطر	qatar
قطران	qatrɒn
قفس	qafas
قلم	qalam
قلمرو	qalamraw
قم	qm
قمر	qamar
قندهار	qandahɒr
قوت	jɒqut
قوس	qaws
قول	qawl
قوم	qum
قومیس	qumis
قوی	qawi
قی	qaj
قیچی	qajt͡ʃi
قید	qajd
قیس	qijɒs
قیصر	qajsar
قیم	qijɒm
قیماق	qajmɒq
قیمت	qijɒmat
کار	kɒr
کاربر	kɒrbar
کارت	kɒrt
کارد	kɒrd
کاردان	kɒrdɒn
کارفرما	kɒrfarmɒ
کارکرد	kɒrkard
کاروان	kɒrwɒn
کاست	kɒsta
کاسنی	kɒsni
کاشت	kɒʃta
کاغذ	kɒɣaz
کاکول	kɒkul
کامپکت	kɒmpakt
کامران	kɒmrɒn
کانت	kɒnte
کانتر	kɒntr
کانتینر	kɒntejner
کاندر	kɒndara
کاه	kɒh
کاینات	kɒjinɒt
کبود	kabud
کبودرآهنگ	kabudrɒhanɡ
کپک	kapak
کپلر	kepler
کت	kat
کتت	katta
کتک	katak
کثرت	kasrat
کجا	jakd͡ʒɒja
کجک	kad͡ʒak
کد	kd
کدام	kadɒm
کدر	kadr
کدم	kdam
کراتین	karɒtin
کرال	kerɒl
کرام	krɒme
کربلا	karbalɒ
کرج	karad͡ʒ
کردان	kardɒna
کردیت	kredit
کرزی	karzaj
کرست	kresta
کرش	karaʃ
کرفس	karafs
کرک	karak
کرم	karam
کرمان	karmɒna
کرمل	kreml
کرن	karan
کروی	kruje
کریستین	kristian
کریکت	kriket
کس	kase
کسپرسکی	kasperski
کسل	kasal
کش	keʃ
کشاند	kaʃɒnda
کشاندن	kaʃɒndan
کشد	kaʃad
کشمیر	kaʃmir
کشند	kaʃand
کشید	kaʃida
کشیدن	kaʃidan
کشیش	kaʃiʃ
کفالت	kafɒlat
کفر	kfar
کل	kale
کلا	kalaɒ
کلان	kalɒn
کلت	klet
کلر	kalera
کلل	kalla
کلن	kjɒln
کلوین	kalwin
کلی	kali
کلیپ	klip
کلید	kalid
کلیسا	kalisɒ
کلین	klin
کلینیک	klinika
کلیولند	kliwlend
کم	km
کما	kameɒ
کمال	kamɒl
کمبریج	kembrid͡ʒ
کمپین	kampina
کمت	kmt
کمر	kamar
کمربند	kamarband
کمش	kamaʃ
کمیل	kamil
کن	kn
کنا	kanɒ
کنار	kanɒr
کنارک	kanɒrak
کنان	kenɒn
کنت	kant
کنترل	kentral
کنج	kend͡ʒa
کند	kanada
کندر	kndr
کندن	kanadjan
کندی	kanadi
کنش	keneʃ
کنگان	kanɡɒn
کنگو	kanaɡawa
کنن	kann
کنند	kannada
کنی	kenija
کهتر	kehtar
کهربا	kahrabɒ
کهکشان	kahkaʃɒn
کوثر	kawsar
کورد	kurd
کورس	kurs
کورسک	kursk
کوروش	kuruʃ
کوشک	kuʃka
کوفت	kufta
کوکب	kawkab
کولر	kawaler
کولی	kuli
کی	ki
کیست	kist
کیف	kajif
کیک	kajk
کیکاووس	kajkɒwus
کیلومتر	kilumetr
کیهان	kajhɒn
کیو	kijew
کیوان	kajwɒn
کیوسک	kijewskaja
گالف	ɡɒlf
گالیکش	ɡɒlikeʃ
گاه	ɡɒh
گدا	ɡadɒ
گذرا	ɡazrɒ
گر	ɡar
گرا	ɡerɒja
گراس	ɡrɒsa
گراش	ɡerɒʃ
گرام	ɡrɒm
گران	ɡarɒn
گرانبها	ɡarɒnbahɒ
گرایش	ɡarɒjiʃ
گرت	ɡreta
گرد	ɡard
گرداند	ɡardɒnd
گردد	ɡardad
گردنبند	ɡardanband
گردو	ɡardu
گرز	ɡraz
گرگ	ɡreɡ
گرو	ɡaraw
گروید	ɡarawida
گریس	ɡerajis
گریم	ɡrim
گرین	ɡrin
گرینویچ	ɡrinwit͡ʃ
گزک	ɡazak
گشت	ɡaʃt
گل	ɡl
گلاس	ɡelɒs
گلان	ɡelɒn
گلر	ɡalereja
گلک	ɡljuk
گلکسی	ɡalaksi
گلو	ɡlawi
گلوبین	ɡlubina
گم	ɡama
گن	ɡana
گنجوی	ɡand͡ʒawi
گنگ	ɡanɡ
گه	ɡah
گوتنبرگ	ɡutenberɡ
گود	ɡujad
گودرز	ɡudarz
گورخر	ɡurχar
گوزن	ɡawazn
گوشت	ɡuʃt
گون	ɡuna
گوهر	ɡawhar
گویش	ɡujiʃ
گویی	ɡawaji
گیت	ɡita
گیتس	ɡejts
گیتی	ɡajiti
گیرد	ɡirad
گیلبرت	ɡilbert
لآلی	lɒlaji
لاجورد	lɒd͡ʒward
لارنس	lɒrens
لاغر	lɒɣar
لامرد	lɒmerd
لایک	lɒjik
لبت	labat
لبک	ljubek
لبم	ljubim
لپ	lp
لحظ	lahza
لحی	lahi
لخ	leχ
لر	lara
لژ	leʒe
لس	las
لطافت	latɒfat
لعنت	laʔnat
لغو	laɣw
لغوی	laɣwi
لقب	laqab
لمبر	lambare
لنت	lenta
لنج	land͡ʒ
لندن	landan
لنکران	lankarɒn
لنگرود	lanɡrud
لنین	lenin
لنینیزم	leninizm
لو	lew
لوب	luba
لوث	lus
لوح	lawha
لورا	laurɒ
لوز	luz
لوکس	lukas
لوند	lunda
لوور	luwr
لویی	lewij
لیبل	lejbl
لیتر	litr
لیتوانی	litwɒni
لیث	lajs
لیدر	lider
لیدی	lidija
لیل	lila
لیلا	lajlɒ
لیلی	lajli
لینک	link
لیورپول	liwerpul
مآل	mɒl
مأسس	mɒss
مؤدی	mudi
مؤنث	mauajense
ما	mɒ
مابین	mɒbajn
ماتم	mɒtam
ماجرا	mɒd͡ʒarɒ
مادر	mɒdar
مادرش	mɒdaraʃ
مادریش	mɒdariaʃ
مادریشان	mɒdariaʃɒn
مارس	mɒrajes
مازندران	mɒzandarɒn
ماست	mɒst
ماسک	mɒsk
مالد	mɒlde
ماند	meɒjand
مانند	mɒnand
مانوی	mɒnawija
ماه	mɒh
مایل	mɒjil
مبدع	mabdaʔ
مبرم	mebaram
مبل	mebel
مبند	mejɒband
مپل	mpla
متا	matɒ
متانت	matɒnat
متر	metr
مترو	metru
متریک	materik
متکی	metki
متل	metal
متن	matn
متیس	matias
متیل	metil
مثل	misl
مثلی	misli
مثنوی	masnawi
مجاز	mad͡ʒɒz
مجازی	mad͡ʒɒzi
مجبور	mad͡ʒbur
مجلل	mad͡ʒalla
مجید	mad͡ʒid
مچت	met͡ʃet
محدود	mahdud
محراب	mehrɒb
محرمان	mahramɒna
محض	mahz
محکم	mahkam
محل	mahal
محلل	mahalla
محلی	mahali
محمد	mahmad
محمود	mahmud
محنت	mehnat
محو	mahw
محور	mehwar
مخ	meχ
مخصوص	maχsus
مد	mad
مداد	medɒd
مدت	mdt
مدر	madar
مدرس	madrasa
مدل	medal
مدم	madm
مدن	madan
مدنی	madani
مدنیت	madanijat
مدور	madura
مدیر	madejra
مراکش	marɒkaʃ
مربوط	marbut
مرتب	martaba
مرجع	mard͡ʒaʔ
مرحبا	marhabɒ
مرحمت	marhamat
مرد	mard
مرز	marz
مرسدس	mersedes
مرسل	marsel
مرسی	marsija
مرض	marz
مرغزار	marɣzɒr
مرکل	merkel
مرگ	marɡ
مرند	marand
مرهم	marham
مرو	marw
مروارید	marwɒrid
مرود	merawad
مرودشت	marwdaʃt
مروی	marwi
مری	marija
مرید	merida
مریلند	merilend
مریم	mariam
مزد	mezad
مزدا	mazdɒ
مزدک	mazdak
مزن	mezen
مس	mas
مساحت	masɒhat
مساله	masɒleh
مسایل	masɒjil
مستان	mastɒn
مستر	master
مسخر	masχara
مسکن	maskan
مسکو	maskaw
مسیر	masir
مش	maʃ
مشعلی	maʃʔali
مشهور	maʃhur
مشورت	maʃwarat
مشی	miʃi
مصدر	masdar
مصعود	masʔud
مصلی	misli
مضحک	mazhaka
مضمون	mazmun
مطاع	matɒʔ
مطب	matbaa
مطر	metr
مطرح	matrah
مطلب	matlab
مطلع	matlaʔ
معبد	maʔbad
معد	meʔda
معدن	maʔdan
معذب	mʔzab
معراج	meʔrɒd͡ʒ
معروف	maʔruf
معشوق	maʔʃuq
معلول	maʔlul
معمار	meʔmɒr
معنوی	maʔnawi
معنویت	maʔnawijɒt
مغ	meɣ
مغذی	maɣzi
مغز	maɣz
مف	mfa
مفت	mejɒft
مفتون	maftun
مفر	mafra
مکتوب	maktub
مکس	maks
مکن	meken
مکند	makanda
مکید	makida
مگر	maɡar
مگس	mɡs
ملا	malɒje
ملاحت	malɒhat
ملارد	malɒrd
ملامت	malɒmat
ملانی	melɒni
ملبورن	melburn
ملت	malta
ملخ	malaχ
ملک	malaka
ملکا	malekɒ
ملکوت	malakut
ملل	malla
ملنگ	malanɡ
ملی	mali
ملین	malina
ممت	mmt
ممد	mmd
ممسنی	mamasani
مملکت	mamlakat
ممنون	mamnun
من	man
منا	jamnɒje
منافی	manɒfeji
منان	menɒn
منبع	manbaʔ
منت	manta
منجر	mened͡ʒer
منچ	mant͡ʃa
منچستر	mant͡ʃester
مند	mand
منش	menʃe
منشی	manʃaji
منص	manas
منطق	mantaqa
منظور	manzur
منم	mjanma
منو	manu
منوچهر	manut͡ʃehr
مه	mah
مهاباد	mahɒbɒd
مهارت	mahɒrat
مهبل	mahbal
مهتر	mehtar
مهر	mehr
مهراب	mehrɒb
مهسا	mahsɒ
مهستی	mahasti
مهمان	mehmɒn
مهمد	mahmad
مهین	mahin
موبد	mubad
موج	mawd͡ʒ
موجز	mud͡ʒaz
موجود	mawd͡ʒud
مورچ	murt͡ʃ
مورد	murda
موز	muzeja
موس	mus
موسوی	musawi
موسی	musi
موشک	muʃak
موضع	mawzeʔ
موضوع	mawzuʔ
موقع	mawqeʔ
موکب	mukaab
مولانا	mawlɒnɒ
مولوی	mawlawi
مون	mun
مونا	munɒ
مونترال	muntrɒl
مونث	mauajense
مونس	mauajense
موهم	muham
می	maj
میت	majte
میترا	mitrɒ
میخان	majχɒna
میدان	majdɒn
میرزا	mirzɒ
میرس	mijeres
میرو	miru
میزبان	mizbɒn
میسان	mejsɒn
میسر	misr
میشل	miʃel
میکاپ	majkɒp
میکل	majkl
میگ	miɡ
میل	majl
میلک	milk
میمن	majmana
میمون	majmun
مینسک	minsk
مینوی	minuji
نا	nɒ
نابینا	nɒbinɒ
ناپدید	nɒpadid
ناتوان	nɒtawɒn
ناحق	nɒhaq
ناردان	nɒrdɒn
نازنین	nɒzanin
ناگهان	nɒɡahɒn
نام	nɒm
نامد	naɒmad
نامدار	nɒmdɒr
نامزد	nɒmzad
نامور	nɒmwar
ناموس	nɒmus
ناموسی	nɒmusi
نانو	junɒnu
ناهموار	nɒhamwɒr
ناوبری	nɒwbari
ناوسروان	nɒwsarwɒn
نایل	nɒjil
نباشد	nabɒʃad
نبد	najɒbad
نبر	nabera
نبرد	nabard
نبردها	nabardhɒ
نبردهای	nabardhɒji
نبوی	nabawi
نپال	neapɒl
نپتون	neptun
نپر	napr
نت	net
نجات	nad͡ʒɒt
نجاست	nad͡ʒɒsat
نجف	nad͡ʒaf
نچ	nat͡ʃ
نحو	nahw
نحوی	nahwi
نخود	naχud
ندا	nadɒ
ندارم	nadɒram
ندیم	nadim
نراد	narɒda
نرت	nart
نرخ	narχ
نرس	narse
نرسید	narasida
نرفت	narafta
نرو	neruje
نروس	narwajes
نروی	neruji
نریمان	narimɒn
نزاکت	nazɒkat
نزدی	nazdi
نزدیک	nazdik
نژاد	naʒɒd
نسب	nasb
نسبی	nasabi
نسترن	nastaran
نستعلیق	nastaʔliq
نسخ	nasχ
نسف	nasaf
نسک	nsk
نسیم	nasim
نشو	naʃw
نشوند	naʃawand
نشوی	naʃwi
نصرانی	nasrɒni
نصف	nasaf
نظارت	nazɒrat
نظر	nazar
نعمت	neʔmat
نفاست	nafɒsat
نفحات	nafahɒt
نفر	nafar
نفرت	nafrat
نفریت	nefrit
نفرین	nafrin
نفس	nafas
نفسانی	nafsɒni
نق	naq
نقش	naqʃ
نقی	naqi
نکرد	nakard
نکشید	nakaʃid
نکو	neku
نگا	neɡɒ
نگر	neɡra
نگشت	naɡaʃta
نگم	nɡema
نگون	nɡujen
نمام	namɒjem
نمایش	namɒjiʃ
نمد	namad
نمرود	namerawad
نمک	namak
نمو	nemu
نمود	namud
نمودار	namudɒr
نمودم	namudam
نمی	nami
ننت	nant
نه	naha
نهروان	nahrawɒn
نهی	nahj
نو	naw
نواخت	nawɒχta
نواز	nawɒz
نوبت	nawbat
نوجوان	nawd͡ʒawɒn
نود	newada
نوذر	nuzar
نور	janwar
نورس	nawras
نوروز	nawruz
نوزده	nuzdah
نوشید	nuʃida
نوشیدن	nuʃidan
نوشین	nuʃin
نوع	nawʔ
نوک	nauka
نول	newel
نوه	nuh
نوی	nawi
نویس	newis
نویسد	nawised
نویسند	nawisanda
نوین	nawin
نی	ni
نیت	nijat
نیجر	nid͡ʒer
نیر	nir
نیشابور	niʃɒbur
نیشکر	najʃakar
نیکل	nikel
نیی	nat͡sij
ها	hɒ
هاجر	hɒd͡ʒar
هانس	hɒns
های	hɒji
هایتی	hɒjiti
هایی	hɒjiji
هجر	had͡ʒar
هجری	had͡ʒari
هجو	had͡ʒw
هجوی	had͡ʒwi
هد	had
هدف	hadaf
هدفشان	hadafaʃɒn
هدی	hadi
هر	har
هربرت	herbert
هردو	hardu
هرس	hares
هرم	haram
هرمس	hermes
هرمن	herman
هزار	hazɒr
هزج	hazad͡ʒ
هست	hast
هشت	haʃt
هشتاد	haʃtɒd
هشترود	haʃtrud
هفت	haft
هفتاد	haftɒd
هفتصد	haftsad
هق	haq
هکتار	hektɒr
هکر	hkr
هگل	heɡel
هل	hal
هلال	halɒl
هلسینکی	helsinki
هلن	helen
هلنا	helenɒ
هلیکوپتر	hlikuptr
هلیم	halima
هما	hamɒ
هماهنگ	hamɒhanɡ
هماهنگی	hamɒhanɡi
همایش	hamɒjiʃ
همبستگی	hambastaɡi
همجوار	hamd͡ʒawɒr
همچون	hamt͡ʃun
همدان	hamadɒn
همزبان	hamzabɒn
همزمان	hamzamɒn
همسفر	hamsafar
همش	hameʃa
همگانی	hamaɡɒni
همگی	hamaɡi
هملت	hamlet
همید	hamid
همین	hamin
همینجا	hamind͡ʒɒ
همینگوی	heminɡujej
هند	hand
هندبال	handbɒl
هندس	handasa
هنگام	hanɡɒme
هنوز	hanuz
هوا	hawɒ
هواپیما	hawɒpajmɒ
هوز	hawza
هوس	hawas
هوش	huʃ
هوشنگ	huʃanɡ
هوشنگی	huʃanɡi
هول	hawel
هونگ	huanɡ
هوو	huwa
هوی	jɒhuji
هی	hi
هیتلر	hitler
هیثم	hajsam
هیدر	hajdar
هیکل	hajkal
واست	wɒst
والتر	wɒlter
وانمود	wɒnamud
وایت	wɒjit
واین	wɒjni
وب	web
وبر	weber
وتو	t͡swetajew
وثن	wjɒsni
وجه	wad͡ʒh
وحدت	wahdat
وحشت	wahʃat
وحی	wahj
ورث	weres
ورد	werde
ورزد	warzad
ورزقان	warzaqɒn
ورشو	warʃawa
ورق	waraq
ورک	warka
ورل	warela
ورم	wremja
ورمانت	wermɒnt
ورن	wern
ورنی	wraʃt͡ʃenija
ورور	warwara
وز	waz
وزارت	wazɒrat
وزد	wezde
وست	west
وسترن	western
وسط	west
وسع	waseʔ
وسن	wjɒsni
وشو	waʃu
وطن	watan
وقتش	waqtaʃ
وقتی	waqti
وکالت	wakɒlat
ول	wale
ولتر	walter
ولد	walad
ولنگار	walanɡɒr
ولو	wat͡slaw
ولی	wali
وند	jaunde
ونکوور	wankuwer
ونیز	wniz
وه	wah
وهب	wahb
وی	waj
ویرایش	wirɒjiʃ
ویرجین	wird͡ʒin
ویس	wis
ویکنت	wikente
ویکنتس	wikentsa
ویگن	wiɡan
ویلن	wiljuna
ویلهلم	wilhelm
وین	winja
وینسنت	winsent
ویو	wejw
یا	jɒ
یمن	jemen
ین	jena
